# Context trajectories (TVD m below DF, NS/EW m from the package origin). STATUS: definitive = Equinor definitive survey; reconstructed = smooth path through official formation-pick coordinates
WELL,MD,TVD,NS,EW,STATUS
NO 15/9-11,0.0,0.0,-4562.0,360.8,reconstructed
NO 15/9-11,113.0,113.0,-4562.0,360.8,reconstructed
NO 15/9-11,137.9,137.9,-4562.0,360.8,reconstructed
NO 15/9-11,162.8,162.8,-4562.0,360.7,reconstructed
NO 15/9-11,187.7,187.7,-4562.0,360.7,reconstructed
NO 15/9-11,212.6,212.6,-4562.0,360.6,reconstructed
NO 15/9-11,237.5,237.5,-4562.0,360.6,reconstructed
NO 15/9-11,262.4,262.4,-4562.0,360.5,reconstructed
NO 15/9-11,287.3,287.3,-4562.0,360.4,reconstructed
NO 15/9-11,312.2,312.2,-4562.1,360.3,reconstructed
NO 15/9-11,337.1,337.1,-4562.1,360.2,reconstructed
NO 15/9-11,361.9,361.9,-4562.1,360.1,reconstructed
NO 15/9-11,386.8,386.8,-4562.1,360.0,reconstructed
NO 15/9-11,411.7,411.7,-4562.1,359.9,reconstructed
NO 15/9-11,436.6,436.6,-4562.0,359.8,reconstructed
NO 15/9-11,461.5,461.5,-4562.0,359.8,reconstructed
NO 15/9-11,486.4,486.4,-4562.0,359.7,reconstructed
NO 15/9-11,511.3,511.3,-4561.9,359.6,reconstructed
NO 15/9-11,536.2,536.2,-4561.8,359.5,reconstructed
NO 15/9-11,561.1,561.1,-4561.8,359.4,reconstructed
NO 15/9-11,586.0,586.0,-4561.6,359.4,reconstructed
NO 15/9-11,609.9,609.9,-4561.5,359.3,reconstructed
NO 15/9-11,633.8,633.8,-4561.4,359.2,reconstructed
NO 15/9-11,657.7,657.7,-4561.2,359.2,reconstructed
NO 15/9-11,681.6,681.6,-4560.9,359.1,reconstructed
NO 15/9-11,705.5,705.5,-4560.7,359.0,reconstructed
NO 15/9-11,729.4,729.4,-4560.5,358.9,reconstructed
NO 15/9-11,753.3,753.3,-4560.3,358.9,reconstructed
NO 15/9-11,777.2,777.2,-4560.0,358.9,reconstructed
NO 15/9-11,801.1,801.1,-4559.8,359.0,reconstructed
NO 15/9-11,825.0,825.0,-4559.6,359.1,reconstructed
NO 15/9-11,849.9,849.9,-4559.5,359.2,reconstructed
NO 15/9-11,874.8,874.8,-4559.3,359.5,reconstructed
NO 15/9-11,899.7,899.7,-4559.0,359.7,reconstructed
NO 15/9-11,924.6,924.6,-4558.8,360.0,reconstructed
NO 15/9-11,949.5,949.5,-4558.6,360.3,reconstructed
NO 15/9-11,974.5,974.4,-4558.4,360.7,reconstructed
NO 15/9-11,999.4,999.3,-4558.3,361.0,reconstructed
NO 15/9-11,1024.3,1024.2,-4558.1,361.4,reconstructed
NO 15/9-11,1049.2,1049.1,-4558.1,361.7,reconstructed
NO 15/9-11,1074.1,1074.1,-4558.1,362.0,reconstructed
NO 15/9-11,1099.0,1099.0,-4558.1,362.3,reconstructed
NO 15/9-11,1123.8,1123.7,-4558.3,362.5,reconstructed
NO 15/9-11,1148.5,1148.5,-4558.4,362.8,reconstructed
NO 15/9-11,1173.3,1173.3,-4558.6,363.0,reconstructed
NO 15/9-11,1198.1,1198.0,-4558.8,363.3,reconstructed
NO 15/9-11,1222.8,1222.8,-4559.0,363.6,reconstructed
NO 15/9-11,1247.6,1247.6,-4559.2,363.8,reconstructed
NO 15/9-11,1272.4,1272.3,-4559.4,364.1,reconstructed
NO 15/9-11,1297.2,1297.1,-4559.7,364.4,reconstructed
NO 15/9-11,1321.9,1321.8,-4559.9,364.7,reconstructed
NO 15/9-11,1346.7,1346.6,-4560.2,364.9,reconstructed
NO 15/9-11,1371.5,1371.4,-4560.5,365.2,reconstructed
NO 15/9-11,1396.2,1396.1,-4560.8,365.5,reconstructed
NO 15/9-11,1421.0,1420.9,-4561.2,365.8,reconstructed
NO 15/9-11,1445.8,1445.7,-4561.5,366.1,reconstructed
NO 15/9-11,1470.5,1470.4,-4561.8,366.4,reconstructed
NO 15/9-11,1495.3,1495.2,-4562.2,366.7,reconstructed
NO 15/9-11,1520.1,1520.0,-4562.6,367.0,reconstructed
NO 15/9-11,1544.8,1544.7,-4563.0,367.2,reconstructed
NO 15/9-11,1569.6,1569.5,-4563.3,367.5,reconstructed
NO 15/9-11,1594.4,1594.3,-4563.7,367.8,reconstructed
NO 15/9-11,1619.2,1619.0,-4564.1,368.1,reconstructed
NO 15/9-11,1643.9,1643.8,-4564.6,368.4,reconstructed
NO 15/9-11,1668.7,1668.5,-4565.0,368.6,reconstructed
NO 15/9-11,1693.5,1693.3,-4565.4,368.9,reconstructed
NO 15/9-11,1718.2,1718.1,-4565.8,369.2,reconstructed
NO 15/9-11,1743.0,1742.8,-4566.3,369.4,reconstructed
NO 15/9-11,1767.8,1767.6,-4566.7,369.7,reconstructed
NO 15/9-11,1792.5,1792.4,-4567.1,369.9,reconstructed
NO 15/9-11,1817.3,1817.1,-4567.6,370.1,reconstructed
NO 15/9-11,1842.1,1841.9,-4568.0,370.4,reconstructed
NO 15/9-11,1866.8,1866.7,-4568.5,370.6,reconstructed
NO 15/9-11,1891.6,1891.4,-4568.9,370.8,reconstructed
NO 15/9-11,1916.4,1916.2,-4569.4,371.0,reconstructed
NO 15/9-11,1941.2,1940.9,-4569.8,371.2,reconstructed
NO 15/9-11,1965.9,1965.7,-4570.2,371.4,reconstructed
NO 15/9-11,1990.7,1990.5,-4570.7,371.5,reconstructed
NO 15/9-11,2015.5,2015.2,-4571.1,371.7,reconstructed
NO 15/9-11,2040.2,2040.0,-4571.5,371.8,reconstructed
NO 15/9-11,2065.0,2064.8,-4572.0,372.0,reconstructed
NO 15/9-11,2089.8,2089.5,-4572.4,372.1,reconstructed
NO 15/9-11,2114.5,2114.3,-4572.8,372.2,reconstructed
NO 15/9-11,2139.3,2139.1,-4573.2,372.3,reconstructed
NO 15/9-11,2164.1,2163.8,-4573.6,372.4,reconstructed
NO 15/9-11,2188.8,2188.6,-4574.0,372.4,reconstructed
NO 15/9-11,2213.6,2213.4,-4574.4,372.5,reconstructed
NO 15/9-11,2238.4,2238.1,-4574.8,372.5,reconstructed
NO 15/9-11,2263.2,2262.9,-4575.1,372.5,reconstructed
NO 15/9-11,2287.9,2287.6,-4575.5,372.5,reconstructed
NO 15/9-11,2312.7,2312.4,-4575.8,372.5,reconstructed
NO 15/9-11,2337.5,2337.2,-4576.1,372.5,reconstructed
NO 15/9-11,2362.2,2361.9,-4576.4,372.4,reconstructed
NO 15/9-11,2387.0,2386.7,-4576.8,372.4,reconstructed
NO 15/9-11,2410.3,2410.0,-4577.0,372.2,reconstructed
NO 15/9-11,2433.7,2433.4,-4577.3,371.9,reconstructed
NO 15/9-11,2457.0,2456.7,-4577.5,371.6,reconstructed
NO 15/9-11,2480.3,2480.0,-4577.8,371.2,reconstructed
NO 15/9-11,2503.7,2503.4,-4577.9,370.8,reconstructed
NO 15/9-11,2527.0,2526.7,-4578.0,370.4,reconstructed
NO 15/9-11,2551.2,2550.9,-4578.1,370.0,reconstructed
NO 15/9-11,2575.5,2575.2,-4578.0,369.6,reconstructed
NO 15/9-11,2599.8,2599.4,-4577.9,369.1,reconstructed
NO 15/9-11,2624.0,2623.7,-4578.0,368.7,reconstructed
NO 15/9-11,2645.4,2645.1,-4578.0,368.2,reconstructed
NO 15/9-11,2666.8,2666.5,-4578.1,367.8,reconstructed
NO 15/9-11,2688.2,2687.9,-4578.3,367.3,reconstructed
NO 15/9-11,2709.7,2709.3,-4578.5,366.8,reconstructed
NO 15/9-11,2731.1,2730.7,-4578.6,366.3,reconstructed
NO 15/9-11,2752.5,2752.1,-4578.8,365.8,reconstructed
NO 15/9-11,2764.2,2763.9,-4579.0,365.4,reconstructed
NO 15/9-11,2776.0,2775.6,-4579.1,365.1,reconstructed
NO 15/9-11,2794.2,2793.8,-4579.3,364.6,reconstructed
NO 15/9-11,2812.3,2811.9,-4579.4,364.3,reconstructed
NO 15/9-11,2830.5,2830.1,-4579.5,363.9,reconstructed
NO 15/9-17,0.0,0.0,387.7,3552.7,reconstructed
NO 15/9-17,108.0,108.0,387.7,3552.7,reconstructed
NO 15/9-17,132.2,132.2,387.7,3552.7,reconstructed
NO 15/9-17,156.4,156.4,387.7,3552.7,reconstructed
NO 15/9-17,180.6,180.6,387.8,3552.6,reconstructed
NO 15/9-17,204.8,204.8,387.9,3552.6,reconstructed
NO 15/9-17,229.1,229.0,388.0,3552.6,reconstructed
NO 15/9-17,253.3,253.3,388.2,3552.5,reconstructed
NO 15/9-17,277.5,277.5,388.4,3552.5,reconstructed
NO 15/9-17,301.7,301.7,388.5,3552.4,reconstructed
NO 15/9-17,325.9,325.9,388.7,3552.4,reconstructed
NO 15/9-17,350.1,350.1,388.9,3552.3,reconstructed
NO 15/9-17,374.3,374.3,389.2,3552.2,reconstructed
NO 15/9-17,398.5,398.5,389.4,3552.2,reconstructed
NO 15/9-17,422.7,422.7,389.6,3552.1,reconstructed
NO 15/9-17,446.9,446.9,389.8,3552.0,reconstructed
NO 15/9-17,471.2,471.1,390.0,3552.0,reconstructed
NO 15/9-17,495.4,495.4,390.2,3551.9,reconstructed
NO 15/9-17,519.6,519.6,390.4,3551.8,reconstructed
NO 15/9-17,543.8,543.8,390.5,3551.7,reconstructed
NO 15/9-17,568.0,568.0,390.7,3551.7,reconstructed
NO 15/9-17,592.0,592.0,390.8,3551.6,reconstructed
NO 15/9-17,616.0,616.0,390.9,3551.5,reconstructed
NO 15/9-17,640.0,640.0,391.0,3551.4,reconstructed
NO 15/9-17,664.0,664.0,391.1,3551.3,reconstructed
NO 15/9-17,688.0,688.0,391.1,3551.1,reconstructed
NO 15/9-17,712.0,712.0,391.2,3551.0,reconstructed
NO 15/9-17,736.0,736.0,391.3,3550.9,reconstructed
NO 15/9-17,760.0,760.0,391.4,3550.9,reconstructed
NO 15/9-17,784.0,784.0,391.5,3550.8,reconstructed
NO 15/9-17,808.0,808.0,391.6,3550.8,reconstructed
NO 15/9-17,832.0,832.0,391.8,3550.8,reconstructed
NO 15/9-17,855.7,855.6,391.9,3550.8,reconstructed
NO 15/9-17,879.3,879.3,392.0,3550.9,reconstructed
NO 15/9-17,903.0,903.0,392.2,3551.0,reconstructed
NO 15/9-17,926.7,926.6,392.4,3551.2,reconstructed
NO 15/9-17,950.3,950.3,392.5,3551.4,reconstructed
NO 15/9-17,974.0,974.0,392.7,3551.5,reconstructed
NO 15/9-17,997.7,997.6,392.9,3551.7,reconstructed
NO 15/9-17,1021.3,1021.3,393.1,3551.8,reconstructed
NO 15/9-17,1045.0,1045.0,393.2,3552.0,reconstructed
NO 15/9-17,1069.7,1069.7,393.4,3552.1,reconstructed
NO 15/9-17,1094.5,1094.4,393.6,3552.2,reconstructed
NO 15/9-17,1119.2,1119.2,393.8,3552.3,reconstructed
NO 15/9-17,1144.0,1143.9,394.0,3552.5,reconstructed
NO 15/9-17,1168.7,1168.7,394.2,3552.6,reconstructed
NO 15/9-17,1193.5,1193.4,394.4,3552.7,reconstructed
NO 15/9-17,1218.2,1218.2,394.6,3552.8,reconstructed
NO 15/9-17,1243.0,1242.9,394.7,3552.9,reconstructed
NO 15/9-17,1267.7,1267.6,394.9,3553.1,reconstructed
NO 15/9-17,1292.5,1292.4,395.1,3553.2,reconstructed
NO 15/9-17,1317.2,1317.1,395.3,3553.3,reconstructed
NO 15/9-17,1341.9,1341.9,395.4,3553.4,reconstructed
NO 15/9-17,1366.7,1366.6,395.6,3553.5,reconstructed
NO 15/9-17,1391.4,1391.4,395.8,3553.7,reconstructed
NO 15/9-17,1416.2,1416.1,396.0,3553.8,reconstructed
NO 15/9-17,1440.9,1440.8,396.1,3553.9,reconstructed
NO 15/9-17,1465.7,1465.6,396.3,3554.0,reconstructed
NO 15/9-17,1490.4,1490.3,396.5,3554.1,reconstructed
NO 15/9-17,1515.2,1515.1,396.7,3554.2,reconstructed
NO 15/9-17,1539.9,1539.8,396.8,3554.4,reconstructed
NO 15/9-17,1564.6,1564.6,397.0,3554.5,reconstructed
NO 15/9-17,1589.4,1589.3,397.2,3554.6,reconstructed
NO 15/9-17,1614.1,1614.0,397.4,3554.7,reconstructed
NO 15/9-17,1638.9,1638.8,397.6,3554.8,reconstructed
NO 15/9-17,1663.6,1663.5,397.7,3554.9,reconstructed
NO 15/9-17,1688.4,1688.3,397.9,3555.0,reconstructed
NO 15/9-17,1713.1,1713.0,398.1,3555.1,reconstructed
NO 15/9-17,1737.9,1737.8,398.3,3555.2,reconstructed
NO 15/9-17,1762.6,1762.5,398.5,3555.4,reconstructed
NO 15/9-17,1787.3,1787.2,398.7,3555.5,reconstructed
NO 15/9-17,1812.1,1812.0,398.9,3555.6,reconstructed
NO 15/9-17,1836.8,1836.7,399.1,3555.7,reconstructed
NO 15/9-17,1861.6,1861.5,399.3,3555.8,reconstructed
NO 15/9-17,1886.3,1886.2,399.6,3555.9,reconstructed
NO 15/9-17,1911.1,1911.0,399.8,3556.0,reconstructed
NO 15/9-17,1935.8,1935.7,400.0,3556.0,reconstructed
NO 15/9-17,1960.6,1960.4,400.2,3556.1,reconstructed
NO 15/9-17,1985.3,1985.2,400.5,3556.2,reconstructed
NO 15/9-17,2010.1,2009.9,400.7,3556.3,reconstructed
NO 15/9-17,2034.8,2034.7,401.0,3556.4,reconstructed
NO 15/9-17,2059.5,2059.4,401.2,3556.5,reconstructed
NO 15/9-17,2084.3,2084.2,401.5,3556.6,reconstructed
NO 15/9-17,2109.0,2108.9,401.7,3556.7,reconstructed
NO 15/9-17,2133.8,2133.6,402.0,3556.7,reconstructed
NO 15/9-17,2158.5,2158.4,402.3,3556.8,reconstructed
NO 15/9-17,2183.3,2183.1,402.6,3556.9,reconstructed
NO 15/9-17,2208.0,2207.9,402.9,3557.0,reconstructed
NO 15/9-17,2232.8,2232.6,403.2,3557.0,reconstructed
NO 15/9-17,2257.5,2257.3,403.5,3557.1,reconstructed
NO 15/9-17,2282.2,2282.1,403.8,3557.1,reconstructed
NO 15/9-17,2307.0,2306.8,404.1,3557.2,reconstructed
NO 15/9-17,2331.7,2331.6,404.5,3557.3,reconstructed
NO 15/9-17,2356.5,2356.3,404.8,3557.3,reconstructed
NO 15/9-17,2381.2,2381.1,405.2,3557.4,reconstructed
NO 15/9-17,2402.3,2402.1,405.5,3557.4,reconstructed
NO 15/9-17,2423.3,2423.2,405.9,3557.4,reconstructed
NO 15/9-17,2444.4,2444.2,406.4,3557.5,reconstructed
NO 15/9-17,2465.4,2465.2,406.9,3557.4,reconstructed
NO 15/9-17,2486.5,2486.3,407.2,3557.4,reconstructed
NO 15/9-17,2507.4,2507.2,407.6,3557.2,reconstructed
NO 15/9-17,2528.3,2528.1,407.9,3557.0,reconstructed
NO 15/9-17,2549.2,2549.0,408.1,3556.8,reconstructed
NO 15/9-17,2570.2,2570.0,408.4,3556.6,reconstructed
NO 15/9-17,2591.1,2590.9,408.6,3556.4,reconstructed
NO 15/9-17,2612.0,2611.8,408.9,3556.4,reconstructed
NO 15/9-17,2637.0,2636.8,409.1,3556.5,reconstructed
NO 15/9-17,2662.0,2661.8,409.3,3556.7,reconstructed
NO 15/9-17,2687.0,2686.8,409.5,3556.9,reconstructed
NO 15/9-17,2712.0,2711.8,409.7,3557.1,reconstructed
NO 15/9-17,2713.6,2713.4,409.7,3557.1,reconstructed
NO 15/9-17,2715.2,2715.0,409.7,3557.1,reconstructed
NO 15/9-17,2737.5,2737.2,409.7,3557.2,reconstructed
NO 15/9-17,2759.7,2759.5,409.8,3557.3,reconstructed
NO 15/9-17,2781.9,2781.7,409.9,3557.4,reconstructed
NO 15/9-17,2804.1,2803.9,410.0,3557.6,reconstructed
NO 15/9-17,2826.3,2826.1,410.1,3557.8,reconstructed
NO 15/9-17,2848.6,2848.3,410.2,3557.9,reconstructed
NO 15/9-17,2870.8,2870.6,410.2,3558.1,reconstructed
NO 15/9-19 A,0.0,0.0,-676.0,2456.0,reconstructed
NO 15/9-19 A,106.0,106.0,-676.0,2456.0,reconstructed
NO 15/9-19 A,130.7,130.6,-676.1,2456.0,reconstructed
NO 15/9-19 A,155.5,155.2,-676.1,2456.2,reconstructed
NO 15/9-19 A,180.2,179.9,-676.1,2456.4,reconstructed
NO 15/9-19 A,204.9,204.6,-676.2,2456.7,reconstructed
NO 15/9-19 A,229.6,229.4,-676.2,2457.0,reconstructed
NO 15/9-19 A,254.4,254.2,-676.3,2457.3,reconstructed
NO 15/9-19 A,279.1,279.0,-676.3,2457.6,reconstructed
NO 15/9-19 A,303.8,303.9,-676.3,2457.8,reconstructed
NO 15/9-19 A,328.5,328.8,-676.3,2458.0,reconstructed
NO 15/9-19 A,353.3,353.6,-676.2,2458.1,reconstructed
NO 15/9-19 A,378.0,378.5,-676.2,2458.0,reconstructed
NO 15/9-19 A,402.7,403.3,-676.0,2457.8,reconstructed
NO 15/9-19 A,427.4,428.1,-675.9,2457.4,reconstructed
NO 15/9-19 A,452.2,452.9,-675.6,2456.8,reconstructed
NO 15/9-19 A,476.9,477.7,-675.3,2455.9,reconstructed
NO 15/9-19 A,501.6,502.4,-675.0,2454.9,reconstructed
NO 15/9-19 A,526.4,527.1,-674.6,2453.5,reconstructed
NO 15/9-19 A,551.1,551.7,-674.0,2451.8,reconstructed
NO 15/9-19 A,575.8,576.2,-673.5,2449.8,reconstructed
NO 15/9-19 A,600.5,600.7,-672.8,2447.5,reconstructed
NO 15/9-19 A,625.3,625.1,-672.0,2444.8,reconstructed
NO 15/9-19 A,650.0,649.4,-671.1,2441.6,reconstructed
NO 15/9-19 A,674.7,673.6,-670.1,2438.1,reconstructed
NO 15/9-19 A,699.4,697.7,-669.0,2434.0,reconstructed
NO 15/9-19 A,724.2,721.7,-667.8,2429.6,reconstructed
NO 15/9-19 A,748.9,745.6,-666.4,2424.5,reconstructed
NO 15/9-19 A,773.6,769.3,-664.9,2419.0,reconstructed
NO 15/9-19 A,798.3,792.9,-663.3,2412.9,reconstructed
NO 15/9-19 A,823.1,816.4,-661.5,2406.2,reconstructed
NO 15/9-19 A,847.8,839.7,-659.5,2399.0,reconstructed
NO 15/9-19 A,871.4,861.6,-657.5,2390.9,reconstructed
NO 15/9-19 A,895.0,882.9,-655.3,2381.5,reconstructed
NO 15/9-19 A,918.6,903.7,-652.9,2370.9,reconstructed
NO 15/9-19 A,942.2,923.9,-650.3,2359.2,reconstructed
NO 15/9-19 A,965.8,943.8,-647.4,2346.7,reconstructed
NO 15/9-19 A,989.5,963.2,-644.3,2333.5,reconstructed
NO 15/9-19 A,1013.1,982.4,-640.9,2319.8,reconstructed
NO 15/9-19 A,1036.7,1001.3,-637.2,2305.8,reconstructed
NO 15/9-19 A,1060.3,1020.0,-633.2,2291.7,reconstructed
NO 15/9-19 A,1083.9,1038.6,-628.9,2277.7,reconstructed
NO 15/9-19 A,1107.5,1057.1,-624.2,2263.9,reconstructed
NO 15/9-19 A,1132.5,1075.3,-619.5,2250.4,reconstructed
NO 15/9-19 A,1157.5,1093.3,-614.7,2236.6,reconstructed
NO 15/9-19 A,1182.4,1111.2,-609.8,2222.6,reconstructed
NO 15/9-19 A,1207.4,1128.9,-605.0,2208.4,reconstructed
NO 15/9-19 A,1232.4,1146.5,-600.1,2194.0,reconstructed
NO 15/9-19 A,1257.4,1164.0,-595.2,2179.3,reconstructed
NO 15/9-19 A,1282.4,1181.3,-590.2,2164.5,reconstructed
NO 15/9-19 A,1307.3,1198.5,-585.3,2149.4,reconstructed
NO 15/9-19 A,1332.3,1215.6,-580.3,2134.2,reconstructed
NO 15/9-19 A,1357.3,1232.5,-575.2,2118.8,reconstructed
NO 15/9-19 A,1382.3,1249.4,-570.2,2103.2,reconstructed
NO 15/9-19 A,1407.3,1266.1,-565.1,2087.5,reconstructed
NO 15/9-19 A,1432.2,1282.8,-560.0,2071.6,reconstructed
NO 15/9-19 A,1457.2,1299.3,-554.8,2055.6,reconstructed
NO 15/9-19 A,1482.2,1315.7,-549.6,2039.4,reconstructed
NO 15/9-19 A,1507.2,1332.1,-544.4,2023.1,reconstructed
NO 15/9-19 A,1532.2,1348.4,-539.2,2006.7,reconstructed
NO 15/9-19 A,1557.2,1364.5,-533.9,1990.2,reconstructed
NO 15/9-19 A,1582.1,1380.7,-528.6,1973.6,reconstructed
NO 15/9-19 A,1607.1,1396.7,-523.3,1956.8,reconstructed
NO 15/9-19 A,1632.1,1412.7,-517.9,1940.0,reconstructed
NO 15/9-19 A,1657.1,1428.6,-512.5,1923.1,reconstructed
NO 15/9-19 A,1682.1,1444.4,-507.0,1906.1,reconstructed
NO 15/9-19 A,1707.0,1460.2,-501.6,1889.1,reconstructed
NO 15/9-19 A,1732.0,1475.9,-496.0,1872.0,reconstructed
NO 15/9-19 A,1757.0,1491.6,-490.5,1854.9,reconstructed
NO 15/9-19 A,1782.0,1507.3,-484.9,1837.7,reconstructed
NO 15/9-19 A,1807.0,1522.9,-479.3,1820.4,reconstructed
NO 15/9-19 A,1831.9,1538.5,-473.6,1803.2,reconstructed
NO 15/9-19 A,1856.9,1554.0,-467.9,1785.9,reconstructed
NO 15/9-19 A,1881.9,1569.5,-462.2,1768.7,reconstructed
NO 15/9-19 A,1906.9,1585.0,-456.4,1751.4,reconstructed
NO 15/9-19 A,1931.9,1600.5,-450.6,1734.1,reconstructed
NO 15/9-19 A,1956.8,1616.0,-444.7,1716.9,reconstructed
NO 15/9-19 A,1981.8,1631.5,-438.8,1699.6,reconstructed
NO 15/9-19 A,2006.8,1647.0,-432.8,1682.4,reconstructed
NO 15/9-19 A,2031.8,1662.5,-426.9,1665.3,reconstructed
NO 15/9-19 A,2056.8,1678.0,-420.8,1648.2,reconstructed
NO 15/9-19 A,2081.7,1693.5,-414.8,1631.1,reconstructed
NO 15/9-19 A,2106.7,1709.0,-408.7,1614.1,reconstructed
NO 15/9-19 A,2131.7,1724.5,-402.5,1597.2,reconstructed
NO 15/9-19 A,2156.7,1740.1,-396.3,1580.4,reconstructed
NO 15/9-19 A,2181.7,1755.7,-390.1,1563.6,reconstructed
NO 15/9-19 A,2206.6,1771.3,-383.8,1546.9,reconstructed
NO 15/9-19 A,2231.6,1787.0,-377.5,1530.4,reconstructed
NO 15/9-19 A,2256.6,1802.7,-371.1,1513.9,reconstructed
NO 15/9-19 A,2281.6,1818.4,-364.7,1497.6,reconstructed
NO 15/9-19 A,2306.6,1834.2,-358.2,1481.4,reconstructed
NO 15/9-19 A,2331.5,1850.1,-351.7,1465.3,reconstructed
NO 15/9-19 A,2356.5,1866.0,-345.1,1449.4,reconstructed
NO 15/9-19 A,2381.5,1882.0,-338.5,1433.6,reconstructed
NO 15/9-19 A,2406.5,1898.1,-331.9,1418.0,reconstructed
NO 15/9-19 A,2431.5,1914.2,-325.1,1402.6,reconstructed
NO 15/9-19 A,2456.5,1930.5,-318.4,1387.3,reconstructed
NO 15/9-19 A,2481.4,1946.8,-311.6,1372.2,reconstructed
NO 15/9-19 A,2506.4,1963.1,-304.7,1357.3,reconstructed
NO 15/9-19 A,2531.4,1979.6,-297.8,1342.6,reconstructed
NO 15/9-19 A,2556.4,1996.2,-290.9,1328.1,reconstructed
NO 15/9-19 A,2581.4,2012.9,-283.9,1313.9,reconstructed
NO 15/9-19 A,2606.3,2029.7,-276.8,1299.8,reconstructed
NO 15/9-19 A,2631.3,2046.6,-269.7,1286.0,reconstructed
NO 15/9-19 A,2656.3,2063.6,-262.5,1272.4,reconstructed
NO 15/9-19 A,2681.3,2080.7,-255.3,1259.1,reconstructed
NO 15/9-19 A,2706.3,2098.0,-248.1,1246.0,reconstructed
NO 15/9-19 A,2731.2,2115.3,-240.7,1233.2,reconstructed
NO 15/9-19 A,2756.2,2132.8,-233.3,1220.7,reconstructed
NO 15/9-19 A,2781.2,2150.5,-225.9,1208.4,reconstructed
NO 15/9-19 A,2806.2,2168.3,-218.4,1196.4,reconstructed
NO 15/9-19 A,2831.2,2186.2,-210.9,1184.7,reconstructed
NO 15/9-19 A,2856.1,2204.3,-203.3,1173.3,reconstructed
NO 15/9-19 A,2881.1,2222.5,-195.6,1162.3,reconstructed
NO 15/9-19 A,2906.1,2240.9,-187.9,1151.5,reconstructed
NO 15/9-19 A,2931.1,2259.5,-180.1,1141.1,reconstructed
NO 15/9-19 A,2956.1,2278.2,-172.3,1131.0,reconstructed
NO 15/9-19 A,2981.0,2297.2,-164.4,1121.3,reconstructed
NO 15/9-19 A,3006.0,2316.2,-156.5,1111.9,reconstructed
NO 15/9-19 A,3031.0,2335.5,-148.5,1102.9,reconstructed
NO 15/9-19 A,3056.0,2354.9,-140.4,1094.2,reconstructed
NO 15/9-19 A,3081.0,2374.6,-132.3,1085.9,reconstructed
NO 15/9-19 A,3105.9,2394.4,-124.1,1078.0,reconstructed
NO 15/9-19 A,3130.9,2414.5,-115.8,1070.5,reconstructed
NO 15/9-19 A,3155.9,2434.7,-107.5,1063.4,reconstructed
NO 15/9-19 A,3180.9,2455.1,-99.1,1056.7,reconstructed
NO 15/9-19 A,3203.0,2474.9,-90.9,1053.1,reconstructed
NO 15/9-19 A,3225.1,2495.0,-82.3,1053.9,reconstructed
NO 15/9-19 A,3247.2,2515.2,-73.5,1057.6,reconstructed
NO 15/9-19 A,3269.2,2535.5,-64.5,1062.7,reconstructed
NO 15/9-19 A,3291.3,2555.7,-55.5,1067.7,reconstructed
NO 15/9-19 A,3313.4,2575.9,-46.5,1071.3,reconstructed
NO 15/9-19 A,3336.7,2597.0,-37.1,1073.7,reconstructed
NO 15/9-19 A,3359.9,2618.1,-27.6,1076.1,reconstructed
NO 15/9-19 A,3383.2,2639.1,-18.0,1078.4,reconstructed
NO 15/9-19 A,3406.4,2660.2,-8.5,1080.7,reconstructed
NO 15/9-19 A,3429.7,2681.3,1.1,1083.0,reconstructed
NO 15/9-19 A,3452.9,2702.4,10.5,1085.2,reconstructed
NO 15/9-19 A,3476.2,2723.6,19.8,1087.4,reconstructed
NO 15/9-19 A,3500.0,2745.4,29.1,1089.4,reconstructed
NO 15/9-19 A,3523.7,2767.3,38.3,1091.1,reconstructed
NO 15/9-19 A,3547.5,2789.3,47.4,1092.7,reconstructed
NO 15/9-19 A,3571.3,2811.2,56.4,1094.2,reconstructed
NO 15/9-19 A,3595.1,2833.2,65.4,1096.0,reconstructed
NO 15/9-19 A,3618.9,2855.1,74.4,1098.0,reconstructed
NO 15/9-19 A,3642.7,2877.0,83.3,1100.5,reconstructed
NO 15/9-19 A,3666.5,2898.8,92.4,1103.7,reconstructed
NO 15/9-19 A,3686.6,2917.0,100.0,1107.0,reconstructed
NO 15/9-19 A,3706.7,2935.2,107.5,1110.9,reconstructed
NO 15/9-19 A,3726.8,2953.3,115.1,1115.2,reconstructed
NO 15/9-19 A,3746.9,2971.4,122.7,1119.7,reconstructed
NO 15/9-19 A,3767.0,2989.4,130.2,1124.4,reconstructed
NO 15/9-19 A,3782.0,3002.8,136.0,1128.1,reconstructed
NO 15/9-19 A,3797.0,3016.1,141.7,1132.0,reconstructed
NO 15/9-19 A,3809.2,3027.0,146.2,1135.1,reconstructed
NO 15/9-19 A,3821.5,3038.0,150.8,1138.3,reconstructed
NO 15/9-19 A,3846.0,3060.0,159.6,1144.3,reconstructed
NO 15/9-19 A,3870.5,3082.1,168.4,1150.2,reconstructed
NO 15/9-19 A,3895.1,3104.3,177.2,1156.1,reconstructed
NO 15/9-19 A,3919.6,3126.4,186.0,1162.0,reconstructed
NO 15/9-19 A,3942.9,3147.4,194.4,1167.7,reconstructed
NO 15/9-19 A,3966.3,3168.5,202.9,1173.3,reconstructed
NO 15/9-19 A,3988.1,3188.2,210.6,1178.2,reconstructed
NO 15/9-19 A,4009.9,3208.0,218.4,1183.0,reconstructed
NO 15/9-19 A,4031.7,3227.8,226.1,1187.7,reconstructed
NO 15/9-19 A,4053.4,3247.6,233.9,1192.3,reconstructed
NO 15/9-19 A,4075.2,3267.4,241.6,1197.0,reconstructed
NO 15/9-19 A,4097.0,3287.2,249.4,1201.7,reconstructed
NO 15/9-19 B,0.0,0.0,-681.0,2460.0,reconstructed
NO 15/9-19 B,109.0,109.0,-681.0,2460.0,reconstructed
NO 15/9-19 B,133.7,133.6,-681.1,2460.0,reconstructed
NO 15/9-19 B,158.5,158.2,-681.1,2460.2,reconstructed
NO 15/9-19 B,183.2,182.9,-681.1,2460.4,reconstructed
NO 15/9-19 B,207.9,207.6,-681.2,2460.7,reconstructed
NO 15/9-19 B,232.7,232.4,-681.2,2461.0,reconstructed
NO 15/9-19 B,257.4,257.2,-681.2,2461.3,reconstructed
NO 15/9-19 B,282.1,282.1,-681.3,2461.6,reconstructed
NO 15/9-19 B,306.9,306.9,-681.3,2461.8,reconstructed
NO 15/9-19 B,331.6,331.8,-681.2,2461.9,reconstructed
NO 15/9-19 B,356.3,356.7,-681.2,2461.9,reconstructed
NO 15/9-19 B,381.1,381.5,-681.1,2461.8,reconstructed
NO 15/9-19 B,405.8,406.4,-681.0,2461.6,reconstructed
NO 15/9-19 B,430.5,431.2,-680.8,2461.2,reconstructed
NO 15/9-19 B,455.3,456.0,-680.5,2460.5,reconstructed
NO 15/9-19 B,480.0,480.8,-680.2,2459.7,reconstructed
NO 15/9-19 B,504.7,505.5,-679.9,2458.5,reconstructed
NO 15/9-19 B,529.5,530.1,-679.4,2457.1,reconstructed
NO 15/9-19 B,554.2,554.8,-678.9,2455.4,reconstructed
NO 15/9-19 B,578.9,579.3,-678.3,2453.4,reconstructed
NO 15/9-19 B,603.7,603.8,-677.6,2451.0,reconstructed
NO 15/9-19 B,628.4,628.2,-676.8,2448.2,reconstructed
NO 15/9-19 B,653.1,652.4,-675.9,2445.0,reconstructed
NO 15/9-19 B,677.9,676.6,-674.9,2441.4,reconstructed
NO 15/9-19 B,702.6,700.7,-673.8,2437.3,reconstructed
NO 15/9-19 B,727.3,724.7,-672.5,2432.8,reconstructed
NO 15/9-19 B,752.1,748.6,-671.1,2427.7,reconstructed
NO 15/9-19 B,776.8,772.3,-669.6,2422.1,reconstructed
NO 15/9-19 B,801.5,795.9,-668.0,2416.0,reconstructed
NO 15/9-19 B,826.3,819.4,-666.2,2409.2,reconstructed
NO 15/9-19 B,851.0,842.6,-664.2,2401.9,reconstructed
NO 15/9-19 B,874.7,864.6,-661.9,2393.7,reconstructed
NO 15/9-19 B,898.5,885.8,-659.0,2384.1,reconstructed
NO 15/9-19 B,922.2,906.4,-655.5,2373.2,reconstructed
NO 15/9-19 B,945.9,926.4,-651.7,2361.3,reconstructed
NO 15/9-19 B,969.6,946.0,-647.7,2348.6,reconstructed
NO 15/9-19 B,993.4,965.3,-643.7,2335.2,reconstructed
NO 15/9-19 B,1017.1,984.4,-639.8,2321.3,reconstructed
NO 15/9-19 B,1040.8,1003.3,-636.2,2307.1,reconstructed
NO 15/9-19 B,1064.5,1022.2,-633.0,2292.9,reconstructed
NO 15/9-19 B,1088.3,1041.2,-630.5,2278.8,reconstructed
NO 15/9-19 B,1112.0,1060.4,-628.6,2265.1,reconstructed
NO 15/9-19 B,1137.0,1077.6,-627.4,2252.9,reconstructed
NO 15/9-19 B,1161.9,1094.8,-626.3,2240.8,reconstructed
NO 15/9-19 B,1186.9,1112.0,-625.3,2228.6,reconstructed
NO 15/9-19 B,1211.9,1129.2,-624.3,2216.3,reconstructed
NO 15/9-19 B,1236.8,1146.3,-623.4,2204.0,reconstructed
NO 15/9-19 B,1261.8,1163.4,-622.6,2191.7,reconstructed
NO 15/9-19 B,1286.8,1180.5,-621.8,2179.4,reconstructed
NO 15/9-19 B,1311.7,1197.5,-621.1,2167.0,reconstructed
NO 15/9-19 B,1336.7,1214.6,-620.5,2154.5,reconstructed
NO 15/9-19 B,1361.6,1231.6,-619.9,2142.1,reconstructed
NO 15/9-19 B,1386.6,1248.6,-619.5,2129.6,reconstructed
NO 15/9-19 B,1411.6,1265.5,-619.0,2117.1,reconstructed
NO 15/9-19 B,1436.5,1282.4,-618.7,2104.5,reconstructed
NO 15/9-19 B,1461.5,1299.4,-618.4,2091.9,reconstructed
NO 15/9-19 B,1486.5,1316.2,-618.1,2079.3,reconstructed
NO 15/9-19 B,1511.4,1333.1,-617.9,2066.6,reconstructed
NO 15/9-19 B,1536.4,1350.0,-617.8,2053.9,reconstructed
NO 15/9-19 B,1561.4,1366.8,-617.7,2041.2,reconstructed
NO 15/9-19 B,1586.3,1383.6,-617.7,2028.5,reconstructed
NO 15/9-19 B,1611.3,1400.4,-617.7,2015.7,reconstructed
NO 15/9-19 B,1636.2,1417.2,-617.8,2002.9,reconstructed
NO 15/9-19 B,1661.2,1433.9,-618.0,1990.1,reconstructed
NO 15/9-19 B,1686.2,1450.6,-618.1,1977.2,reconstructed
NO 15/9-19 B,1711.1,1467.4,-618.4,1964.3,reconstructed
NO 15/9-19 B,1736.1,1484.1,-618.6,1951.4,reconstructed
NO 15/9-19 B,1761.1,1500.7,-619.0,1938.5,reconstructed
NO 15/9-19 B,1786.0,1517.4,-619.3,1925.6,reconstructed
NO 15/9-19 B,1811.0,1534.1,-619.7,1912.6,reconstructed
NO 15/9-19 B,1836.0,1550.7,-620.2,1899.6,reconstructed
NO 15/9-19 B,1860.9,1567.3,-620.6,1886.6,reconstructed
NO 15/9-19 B,1885.9,1584.0,-621.2,1873.6,reconstructed
NO 15/9-19 B,1910.9,1600.6,-621.7,1860.5,reconstructed
NO 15/9-19 B,1935.8,1617.1,-622.3,1847.5,reconstructed
NO 15/9-19 B,1960.8,1633.7,-622.9,1834.4,reconstructed
NO 15/9-19 B,1985.8,1650.3,-623.6,1821.3,reconstructed
NO 15/9-19 B,2010.7,1666.8,-624.2,1808.2,reconstructed
NO 15/9-19 B,2035.7,1683.4,-624.9,1795.1,reconstructed
NO 15/9-19 B,2060.6,1699.9,-625.7,1781.9,reconstructed
NO 15/9-19 B,2085.6,1716.4,-626.4,1768.8,reconstructed
NO 15/9-19 B,2110.6,1733.0,-627.2,1755.6,reconstructed
NO 15/9-19 B,2135.5,1749.5,-628.0,1742.4,reconstructed
NO 15/9-19 B,2160.5,1766.0,-628.8,1729.2,reconstructed
NO 15/9-19 B,2185.5,1782.5,-629.7,1716.0,reconstructed
NO 15/9-19 B,2210.4,1798.9,-630.5,1702.8,reconstructed
NO 15/9-19 B,2235.4,1815.4,-631.4,1689.6,reconstructed
NO 15/9-19 B,2260.4,1831.9,-632.3,1676.4,reconstructed
NO 15/9-19 B,2285.3,1848.4,-633.2,1663.1,reconstructed
NO 15/9-19 B,2310.3,1864.8,-634.2,1649.9,reconstructed
NO 15/9-19 B,2335.2,1881.3,-635.1,1636.7,reconstructed
NO 15/9-19 B,2360.2,1897.8,-636.0,1623.4,reconstructed
NO 15/9-19 B,2385.2,1914.2,-637.0,1610.2,reconstructed
NO 15/9-19 B,2410.1,1930.7,-638.0,1596.9,reconstructed
NO 15/9-19 B,2435.1,1947.1,-638.9,1583.6,reconstructed
NO 15/9-19 B,2460.1,1963.6,-639.9,1570.4,reconstructed
NO 15/9-19 B,2485.0,1980.0,-640.9,1557.1,reconstructed
NO 15/9-19 B,2510.0,1996.4,-641.8,1543.8,reconstructed
NO 15/9-19 B,2535.0,2012.9,-642.8,1530.6,reconstructed
NO 15/9-19 B,2559.9,2029.3,-643.8,1517.3,reconstructed
NO 15/9-19 B,2584.9,2045.8,-644.8,1504.0,reconstructed
NO 15/9-19 B,2609.9,2062.2,-645.7,1490.8,reconstructed
NO 15/9-19 B,2634.8,2078.7,-646.7,1477.5,reconstructed
NO 15/9-19 B,2659.8,2095.1,-647.6,1464.3,reconstructed
NO 15/9-19 B,2684.8,2111.6,-648.6,1451.0,reconstructed
NO 15/9-19 B,2709.7,2128.1,-649.5,1437.8,reconstructed
NO 15/9-19 B,2734.7,2144.5,-650.4,1424.5,reconstructed
NO 15/9-19 B,2759.6,2161.0,-651.3,1411.3,reconstructed
NO 15/9-19 B,2784.6,2177.5,-652.2,1398.1,reconstructed
NO 15/9-19 B,2809.6,2193.9,-653.1,1384.8,reconstructed
NO 15/9-19 B,2834.5,2210.4,-654.0,1371.6,reconstructed
NO 15/9-19 B,2859.5,2226.9,-654.8,1358.4,reconstructed
NO 15/9-19 B,2884.5,2243.4,-655.7,1345.2,reconstructed
NO 15/9-19 B,2909.4,2259.9,-656.5,1332.1,reconstructed
NO 15/9-19 B,2934.4,2276.5,-657.2,1318.9,reconstructed
NO 15/9-19 B,2959.4,2293.0,-658.0,1305.7,reconstructed
NO 15/9-19 B,2984.3,2309.5,-658.7,1292.6,reconstructed
NO 15/9-19 B,3009.3,2326.1,-659.4,1279.5,reconstructed
NO 15/9-19 B,3034.2,2342.6,-660.1,1266.4,reconstructed
NO 15/9-19 B,3059.2,2359.2,-660.8,1253.3,reconstructed
NO 15/9-19 B,3084.2,2375.8,-661.4,1240.2,reconstructed
NO 15/9-19 B,3109.1,2392.3,-662.0,1227.1,reconstructed
NO 15/9-19 B,3134.1,2408.9,-662.5,1214.1,reconstructed
NO 15/9-19 B,3159.1,2425.6,-663.0,1201.1,reconstructed
NO 15/9-19 B,3184.0,2442.2,-663.5,1188.1,reconstructed
NO 15/9-19 B,3209.0,2458.8,-664.0,1175.1,reconstructed
NO 15/9-19 BT2,0.0,0.0,-676.0,2456.0,reconstructed
NO 15/9-19 BT2,106.0,106.0,-676.0,2456.0,reconstructed
NO 15/9-19 BT2,130.7,130.6,-676.1,2456.0,reconstructed
NO 15/9-19 BT2,155.5,155.2,-676.1,2456.2,reconstructed
NO 15/9-19 BT2,180.2,179.9,-676.1,2456.4,reconstructed
NO 15/9-19 BT2,204.9,204.6,-676.2,2456.7,reconstructed
NO 15/9-19 BT2,229.6,229.4,-676.2,2457.0,reconstructed
NO 15/9-19 BT2,254.4,254.2,-676.3,2457.3,reconstructed
NO 15/9-19 BT2,279.1,279.0,-676.3,2457.6,reconstructed
NO 15/9-19 BT2,303.8,303.9,-676.3,2457.8,reconstructed
NO 15/9-19 BT2,328.5,328.8,-676.3,2458.0,reconstructed
NO 15/9-19 BT2,353.3,353.6,-676.2,2458.1,reconstructed
NO 15/9-19 BT2,378.0,378.5,-676.2,2458.0,reconstructed
NO 15/9-19 BT2,402.7,403.3,-676.0,2457.8,reconstructed
NO 15/9-19 BT2,427.4,428.1,-675.9,2457.4,reconstructed
NO 15/9-19 BT2,452.2,452.9,-675.6,2456.8,reconstructed
NO 15/9-19 BT2,476.9,477.7,-675.3,2455.9,reconstructed
NO 15/9-19 BT2,501.6,502.4,-675.0,2454.9,reconstructed
NO 15/9-19 BT2,526.4,527.1,-674.6,2453.5,reconstructed
NO 15/9-19 BT2,551.1,551.7,-674.0,2451.8,reconstructed
NO 15/9-19 BT2,575.8,576.2,-673.5,2449.8,reconstructed
NO 15/9-19 BT2,600.5,600.7,-672.8,2447.5,reconstructed
NO 15/9-19 BT2,625.3,625.1,-672.0,2444.8,reconstructed
NO 15/9-19 BT2,650.0,649.4,-671.1,2441.6,reconstructed
NO 15/9-19 BT2,674.7,673.6,-670.1,2438.1,reconstructed
NO 15/9-19 BT2,699.4,697.7,-669.0,2434.0,reconstructed
NO 15/9-19 BT2,724.2,721.7,-667.8,2429.6,reconstructed
NO 15/9-19 BT2,748.9,745.6,-666.4,2424.5,reconstructed
NO 15/9-19 BT2,773.6,769.3,-664.9,2419.0,reconstructed
NO 15/9-19 BT2,798.3,792.9,-663.3,2412.9,reconstructed
NO 15/9-19 BT2,823.1,816.4,-661.5,2406.2,reconstructed
NO 15/9-19 BT2,847.8,839.7,-659.5,2399.0,reconstructed
NO 15/9-19 BT2,871.4,861.6,-657.3,2390.9,reconstructed
NO 15/9-19 BT2,895.0,882.7,-654.3,2381.4,reconstructed
NO 15/9-19 BT2,918.6,903.3,-650.9,2370.7,reconstructed
NO 15/9-19 BT2,942.2,923.3,-647.1,2359.0,reconstructed
NO 15/9-19 BT2,965.8,942.9,-643.2,2346.4,reconstructed
NO 15/9-19 BT2,989.5,962.1,-639.2,2333.1,reconstructed
NO 15/9-19 BT2,1013.1,981.2,-635.4,2319.4,reconstructed
NO 15/9-19 BT2,1036.7,1000.1,-631.8,2305.4,reconstructed
NO 15/9-19 BT2,1060.3,1019.0,-628.6,2291.4,reconstructed
NO 15/9-19 BT2,1083.9,1038.0,-626.1,2277.5,reconstructed
NO 15/9-19 BT2,1107.5,1057.1,-624.2,2263.9,reconstructed
NO 15/9-19 BT2,1132.3,1074.2,-623.0,2251.9,reconstructed
NO 15/9-19 BT2,1157.0,1091.2,-621.7,2239.7,reconstructed
NO 15/9-19 BT2,1181.8,1108.1,-620.3,2227.2,reconstructed
NO 15/9-19 BT2,1206.6,1124.9,-618.9,2214.6,reconstructed
NO 15/9-19 BT2,1231.3,1141.6,-617.4,2201.7,reconstructed
NO 15/9-19 BT2,1256.1,1158.2,-616.0,2188.7,reconstructed
NO 15/9-19 BT2,1280.9,1174.8,-614.5,2175.5,reconstructed
NO 15/9-19 BT2,1305.6,1191.3,-612.9,2162.1,reconstructed
NO 15/9-19 BT2,1330.4,1207.7,-611.4,2148.5,reconstructed
NO 15/9-19 BT2,1355.2,1224.0,-609.8,2134.8,reconstructed
NO 15/9-19 BT2,1380.0,1240.2,-608.2,2120.9,reconstructed
NO 15/9-19 BT2,1404.7,1256.4,-606.5,2106.8,reconstructed
NO 15/9-19 BT2,1429.5,1272.6,-604.9,2092.6,reconstructed
NO 15/9-19 BT2,1454.3,1288.6,-603.3,2078.3,reconstructed
NO 15/9-19 BT2,1479.0,1304.6,-601.6,2063.9,reconstructed
NO 15/9-19 BT2,1503.8,1320.6,-600.0,2049.3,reconstructed
NO 15/9-19 BT2,1528.6,1336.5,-598.3,2034.6,reconstructed
NO 15/9-19 BT2,1553.3,1352.4,-596.7,2019.9,reconstructed
NO 15/9-19 BT2,1578.1,1368.2,-595.0,2005.0,reconstructed
NO 15/9-19 BT2,1602.9,1384.0,-593.4,1990.0,reconstructed
NO 15/9-19 BT2,1627.6,1399.7,-591.8,1975.0,reconstructed
NO 15/9-19 BT2,1652.4,1415.4,-590.2,1959.8,reconstructed
NO 15/9-19 BT2,1677.2,1431.1,-588.6,1944.7,reconstructed
NO 15/9-19 BT2,1701.9,1446.7,-587.0,1929.4,reconstructed
NO 15/9-19 BT2,1726.7,1462.3,-585.5,1914.1,reconstructed
NO 15/9-19 BT2,1751.5,1477.9,-584.0,1898.7,reconstructed
NO 15/9-19 BT2,1776.3,1493.5,-582.5,1883.4,reconstructed
NO 15/9-19 BT2,1801.0,1509.0,-581.0,1867.9,reconstructed
NO 15/9-19 BT2,1825.8,1524.6,-579.6,1852.5,reconstructed
NO 15/9-19 BT2,1850.6,1540.1,-578.2,1837.1,reconstructed
NO 15/9-19 BT2,1875.3,1555.6,-576.9,1821.6,reconstructed
NO 15/9-19 BT2,1900.1,1571.1,-575.6,1806.1,reconstructed
NO 15/9-19 BT2,1924.9,1586.6,-574.4,1790.7,reconstructed
NO 15/9-19 BT2,1949.6,1602.1,-573.2,1775.2,reconstructed
NO 15/9-19 BT2,1974.4,1617.6,-572.1,1759.8,reconstructed
NO 15/9-19 BT2,1999.2,1633.1,-571.0,1744.4,reconstructed
NO 15/9-19 BT2,2023.9,1648.7,-570.0,1729.1,reconstructed
NO 15/9-19 BT2,2048.7,1664.2,-569.1,1713.8,reconstructed
NO 15/9-19 BT2,2073.5,1679.7,-568.2,1698.5,reconstructed
NO 15/9-19 BT2,2098.2,1695.3,-567.4,1683.3,reconstructed
NO 15/9-19 BT2,2123.0,1710.9,-566.7,1668.2,reconstructed
NO 15/9-19 BT2,2147.8,1726.5,-566.0,1653.1,reconstructed
NO 15/9-19 BT2,2172.5,1742.2,-565.4,1638.1,reconstructed
NO 15/9-19 BT2,2197.3,1757.8,-565.0,1623.2,reconstructed
NO 15/9-19 BT2,2222.1,1773.5,-564.6,1608.4,reconstructed
NO 15/9-19 BT2,2246.9,1789.3,-564.2,1593.7,reconstructed
NO 15/9-19 BT2,2271.6,1805.0,-564.0,1579.2,reconstructed
NO 15/9-19 BT2,2296.4,1820.9,-563.9,1564.7,reconstructed
NO 15/9-19 BT2,2321.2,1836.7,-563.9,1550.4,reconstructed
NO 15/9-19 BT2,2345.9,1852.6,-564.0,1536.2,reconstructed
NO 15/9-19 BT2,2370.7,1868.6,-564.1,1522.1,reconstructed
NO 15/9-19 BT2,2395.5,1884.6,-564.4,1508.2,reconstructed
NO 15/9-19 BT2,2420.2,1900.7,-564.8,1494.4,reconstructed
NO 15/9-19 BT2,2445.0,1916.8,-565.4,1480.8,reconstructed
NO 15/9-19 BT2,2469.8,1933.0,-566.0,1467.4,reconstructed
NO 15/9-19 BT2,2494.5,1949.3,-566.8,1454.1,reconstructed
NO 15/9-19 BT2,2519.3,1965.6,-567.6,1441.1,reconstructed
NO 15/9-19 BT2,2544.1,1982.0,-568.6,1428.2,reconstructed
NO 15/9-19 BT2,2568.8,1998.5,-569.8,1415.5,reconstructed
NO 15/9-19 BT2,2593.6,2015.0,-571.1,1403.1,reconstructed
NO 15/9-19 BT2,2618.4,2031.6,-572.5,1390.8,reconstructed
NO 15/9-19 BT2,2643.2,2048.3,-574.0,1378.8,reconstructed
NO 15/9-19 BT2,2667.9,2065.1,-575.7,1367.0,reconstructed
NO 15/9-19 BT2,2692.7,2082.0,-577.5,1355.4,reconstructed
NO 15/9-19 BT2,2717.5,2099.0,-579.5,1344.1,reconstructed
NO 15/9-19 BT2,2742.2,2116.1,-581.6,1333.0,reconstructed
NO 15/9-19 BT2,2767.0,2133.3,-583.9,1322.2,reconstructed
NO 15/9-19 BT2,2791.8,2150.6,-586.4,1311.7,reconstructed
NO 15/9-19 BT2,2816.5,2167.9,-589.0,1301.4,reconstructed
NO 15/9-19 BT2,2841.3,2185.4,-591.8,1291.4,reconstructed
NO 15/9-19 BT2,2866.1,2203.0,-594.7,1281.7,reconstructed
NO 15/9-19 BT2,2890.8,2220.7,-597.8,1272.3,reconstructed
NO 15/9-19 BT2,2915.6,2238.6,-601.1,1263.2,reconstructed
NO 15/9-19 BT2,2940.4,2256.5,-604.6,1254.4,reconstructed
NO 15/9-19 BT2,2965.1,2274.6,-608.2,1245.9,reconstructed
NO 15/9-19 BT2,2989.9,2292.8,-612.0,1237.8,reconstructed
NO 15/9-19 BT2,3014.7,2311.1,-616.0,1230.0,reconstructed
NO 15/9-19 BT2,3039.4,2329.6,-620.2,1222.5,reconstructed
NO 15/9-19 BT2,3064.2,2348.1,-624.6,1215.4,reconstructed
NO 15/9-19 BT2,3089.0,2366.9,-629.2,1208.6,reconstructed
NO 15/9-19 BT2,3113.8,2385.7,-634.0,1202.2,reconstructed
NO 15/9-19 BT2,3138.5,2404.7,-639.0,1196.2,reconstructed
NO 15/9-19 BT2,3163.3,2423.9,-644.1,1190.5,reconstructed
NO 15/9-19 BT2,3188.1,2443.2,-649.5,1185.2,reconstructed
NO 15/9-19 BT2,3212.8,2462.7,-655.1,1180.4,reconstructed
NO 15/9-19 BT2,3236.1,2484.0,-662.7,1177.8,reconstructed
NO 15/9-19 BT2,3259.4,2504.6,-672.2,1179.6,reconstructed
NO 15/9-19 BT2,3282.7,2524.6,-683.2,1184.8,reconstructed
NO 15/9-19 BT2,3306.0,2544.2,-695.1,1192.1,reconstructed
NO 15/9-19 BT2,3329.2,2563.6,-707.3,1200.4,reconstructed
NO 15/9-19 BT2,3352.5,2583.0,-719.5,1208.5,reconstructed
NO 15/9-19 BT2,3375.8,2602.5,-731.0,1215.4,reconstructed
NO 15/9-19 BT2,3398.5,2621.5,-741.6,1221.3,reconstructed
NO 15/9-19 BT2,3421.1,2640.4,-752.4,1227.7,reconstructed
NO 15/9-19 BT2,3443.8,2659.1,-763.2,1234.3,reconstructed
NO 15/9-19 BT2,3466.4,2677.8,-774.0,1241.2,reconstructed
NO 15/9-19 BT2,3489.1,2696.5,-784.9,1248.0,reconstructed
NO 15/9-19 BT2,3511.7,2715.2,-795.7,1254.6,reconstructed
NO 15/9-19 BT2,3534.4,2734.1,-806.4,1261.0,reconstructed
NO 15/9-19 BT2,3557.0,2753.1,-817.1,1267.0,reconstructed
NO 15/9-19 BT2,3580.4,2772.9,-828.2,1272.7,reconstructed
NO 15/9-19 BT2,3603.9,2792.7,-839.4,1278.3,reconstructed
NO 15/9-19 BT2,3627.3,2812.6,-850.5,1283.6,reconstructed
NO 15/9-19 BT2,3650.8,2832.5,-861.6,1288.8,reconstructed
NO 15/9-19 BT2,3674.2,2852.5,-872.7,1293.8,reconstructed
NO 15/9-19 BT2,3697.7,2872.6,-883.7,1298.6,reconstructed
NO 15/9-19 BT2,3721.1,2892.9,-894.5,1303.4,reconstructed
NO 15/9-19 BT2,3744.6,2913.2,-905.1,1308.0,reconstructed
NO 15/9-19 BT2,3768.0,2933.6,-915.5,1312.6,reconstructed
NO 15/9-19 BT2,3790.2,2953.2,-925.2,1316.7,reconstructed
NO 15/9-19 BT2,3812.5,2972.9,-934.7,1320.7,reconstructed
NO 15/9-19 BT2,3834.8,2992.8,-944.0,1324.5,reconstructed
NO 15/9-19 BT2,3857.0,3012.7,-953.2,1328.2,reconstructed
NO 15/9-19 BT2,3879.2,3032.7,-962.2,1331.8,reconstructed
NO 15/9-19 BT2,3901.5,3052.8,-971.2,1335.4,reconstructed
NO 15/9-19 BT2,3923.8,3072.8,-980.2,1339.1,reconstructed
NO 15/9-19 BT2,3946.0,3092.8,-989.1,1342.9,reconstructed
NO 15/9-19 BT2,3970.0,3114.4,-998.7,1347.1,reconstructed
NO 15/9-19 BT2,3994.0,3136.1,-1008.1,1351.3,reconstructed
NO 15/9-19 BT2,4014.9,3155.1,-1016.2,1354.7,reconstructed
NO 15/9-19 BT2,4035.8,3173.9,-1024.5,1358.4,reconstructed
NO 15/9-19 BT2,4059.6,3195.1,-1034.2,1362.9,reconstructed
NO 15/9-19 BT2,4083.4,3216.2,-1044.2,1367.5,reconstructed
NO 15/9-19 BT2,4107.2,3237.2,-1054.2,1372.3,reconstructed
NO 15/9-19 BT2,4131.0,3258.2,-1064.5,1377.2,reconstructed
NO 15/9-19 BT2,4154.8,3279.0,-1074.8,1382.2,reconstructed
NO 15/9-19 BT2,4178.6,3299.7,-1085.3,1387.4,reconstructed
NO 15/9-19 BT2,4196.3,3314.9,-1093.5,1391.4,reconstructed
NO 15/9-19 BT2,4214.0,3330.0,-1101.8,1395.6,reconstructed
NO 15/9-19 SR,0.0,0.0,-676.0,2456.0,reconstructed
NO 15/9-19 SR,106.0,106.0,-676.0,2456.0,reconstructed
NO 15/9-19 SR,130.7,130.6,-676.1,2456.0,reconstructed
NO 15/9-19 SR,155.5,155.2,-676.1,2456.2,reconstructed
NO 15/9-19 SR,180.2,179.9,-676.1,2456.4,reconstructed
NO 15/9-19 SR,204.9,204.6,-676.2,2456.7,reconstructed
NO 15/9-19 SR,229.6,229.4,-676.2,2457.0,reconstructed
NO 15/9-19 SR,254.4,254.2,-676.3,2457.3,reconstructed
NO 15/9-19 SR,279.1,279.0,-676.3,2457.6,reconstructed
NO 15/9-19 SR,303.8,303.9,-676.3,2457.8,reconstructed
NO 15/9-19 SR,328.5,328.8,-676.3,2458.0,reconstructed
NO 15/9-19 SR,353.3,353.6,-676.2,2458.1,reconstructed
NO 15/9-19 SR,378.0,378.5,-676.2,2458.0,reconstructed
NO 15/9-19 SR,402.7,403.3,-676.0,2457.8,reconstructed
NO 15/9-19 SR,427.4,428.1,-675.9,2457.4,reconstructed
NO 15/9-19 SR,452.2,452.9,-675.6,2456.8,reconstructed
NO 15/9-19 SR,476.9,477.7,-675.3,2455.9,reconstructed
NO 15/9-19 SR,501.6,502.4,-675.0,2454.9,reconstructed
NO 15/9-19 SR,526.4,527.1,-674.6,2453.5,reconstructed
NO 15/9-19 SR,551.1,551.7,-674.0,2451.8,reconstructed
NO 15/9-19 SR,575.8,576.2,-673.5,2449.8,reconstructed
NO 15/9-19 SR,600.5,600.7,-672.8,2447.5,reconstructed
NO 15/9-19 SR,625.3,625.1,-672.0,2444.8,reconstructed
NO 15/9-19 SR,650.0,649.4,-671.1,2441.6,reconstructed
NO 15/9-19 SR,674.7,673.6,-670.1,2438.1,reconstructed
NO 15/9-19 SR,699.4,697.7,-669.0,2434.0,reconstructed
NO 15/9-19 SR,724.2,721.7,-667.8,2429.6,reconstructed
NO 15/9-19 SR,748.9,745.6,-666.4,2424.5,reconstructed
NO 15/9-19 SR,773.6,769.3,-664.9,2419.0,reconstructed
NO 15/9-19 SR,798.3,792.9,-663.3,2412.9,reconstructed
NO 15/9-19 SR,823.1,816.4,-661.5,2406.2,reconstructed
NO 15/9-19 SR,847.8,839.7,-659.5,2399.0,reconstructed
NO 15/9-19 SR,871.4,861.8,-657.5,2391.1,reconstructed
NO 15/9-19 SR,895.0,883.5,-655.1,2382.3,reconstructed
NO 15/9-19 SR,918.6,904.8,-652.4,2372.3,reconstructed
NO 15/9-19 SR,942.2,925.7,-649.4,2361.5,reconstructed
NO 15/9-19 SR,965.8,946.1,-646.3,2349.7,reconstructed
NO 15/9-19 SR,989.5,966.0,-642.9,2337.1,reconstructed
NO 15/9-19 SR,1013.1,985.4,-639.4,2323.8,reconstructed
NO 15/9-19 SR,1036.7,1004.2,-635.7,2309.7,reconstructed
NO 15/9-19 SR,1060.3,1022.5,-632.0,2295.0,reconstructed
NO 15/9-19 SR,1083.9,1040.1,-628.1,2279.7,reconstructed
NO 15/9-19 SR,1107.5,1057.1,-624.2,2263.9,reconstructed
NO 15/9-19 SR,1132.3,1074.6,-620.1,2246.9,reconstructed
NO 15/9-19 SR,1157.1,1091.9,-615.9,2229.7,reconstructed
NO 15/9-19 SR,1182.0,1109.1,-611.7,2212.5,reconstructed
NO 15/9-19 SR,1206.8,1126.0,-607.4,2195.1,reconstructed
NO 15/9-19 SR,1231.6,1142.8,-603.1,2177.6,reconstructed
NO 15/9-19 SR,1256.4,1159.5,-598.7,2159.9,reconstructed
NO 15/9-19 SR,1281.2,1176.0,-594.2,2142.2,reconstructed
NO 15/9-19 SR,1306.0,1192.3,-589.8,2124.3,reconstructed
NO 15/9-19 SR,1330.9,1208.5,-585.2,2106.3,reconstructed
NO 15/9-19 SR,1355.7,1224.5,-580.7,2088.2,reconstructed
NO 15/9-19 SR,1380.5,1240.4,-576.1,2070.0,reconstructed
NO 15/9-19 SR,1405.3,1256.2,-571.4,2051.6,reconstructed
NO 15/9-19 SR,1430.1,1271.8,-566.8,2033.2,reconstructed
NO 15/9-19 SR,1454.9,1287.3,-562.0,2014.7,reconstructed
NO 15/9-19 SR,1479.8,1302.6,-557.3,1996.0,reconstructed
NO 15/9-19 SR,1504.6,1317.8,-552.5,1977.3,reconstructed
NO 15/9-19 SR,1529.4,1332.9,-547.7,1958.4,reconstructed
NO 15/9-19 SR,1554.2,1347.8,-542.8,1939.5,reconstructed
NO 15/9-19 SR,1579.0,1362.7,-537.9,1920.4,reconstructed
NO 15/9-19 SR,1603.8,1377.4,-533.0,1901.3,reconstructed
NO 15/9-19 SR,1628.7,1391.9,-528.1,1882.1,reconstructed
NO 15/9-19 SR,1653.5,1406.4,-523.1,1862.7,reconstructed
NO 15/9-19 SR,1678.3,1420.8,-518.1,1843.3,reconstructed
NO 15/9-19 SR,1703.1,1435.0,-513.1,1823.8,reconstructed
NO 15/9-19 SR,1727.9,1449.2,-508.1,1804.3,reconstructed
NO 15/9-19 SR,1752.7,1463.2,-503.0,1784.6,reconstructed
NO 15/9-19 SR,1777.6,1477.1,-497.9,1764.9,reconstructed
NO 15/9-19 SR,1802.4,1491.0,-492.8,1745.1,reconstructed
NO 15/9-19 SR,1827.2,1504.7,-487.7,1725.2,reconstructed
NO 15/9-19 SR,1852.0,1518.4,-482.6,1705.2,reconstructed
NO 15/9-19 SR,1876.8,1531.9,-477.4,1685.2,reconstructed
NO 15/9-19 SR,1901.6,1545.4,-472.2,1665.1,reconstructed
NO 15/9-19 SR,1926.5,1558.8,-467.1,1644.9,reconstructed
NO 15/9-19 SR,1951.3,1572.1,-461.9,1624.6,reconstructed
NO 15/9-19 SR,1976.1,1585.3,-456.7,1604.3,reconstructed
NO 15/9-19 SR,2000.9,1598.5,-451.5,1584.0,reconstructed
NO 15/9-19 SR,2025.7,1611.6,-446.2,1563.5,reconstructed
NO 15/9-19 SR,2050.5,1624.6,-441.0,1543.1,reconstructed
NO 15/9-19 SR,2075.4,1637.5,-435.8,1522.5,reconstructed
NO 15/9-19 SR,2100.2,1650.4,-430.5,1501.9,reconstructed
NO 15/9-19 SR,2125.0,1663.2,-425.3,1481.3,reconstructed
NO 15/9-19 SR,2149.8,1675.9,-420.1,1460.6,reconstructed
NO 15/9-19 SR,2174.6,1688.6,-414.8,1439.9,reconstructed
NO 15/9-19 SR,2199.4,1701.3,-409.6,1419.1,reconstructed
NO 15/9-19 SR,2224.3,1713.9,-404.3,1398.2,reconstructed
NO 15/9-19 SR,2249.1,1726.4,-399.1,1377.4,reconstructed
NO 15/9-19 SR,2273.9,1738.9,-393.9,1356.5,reconstructed
NO 15/9-19 SR,2298.7,1751.3,-388.7,1335.5,reconstructed
NO 15/9-19 SR,2323.5,1763.8,-383.4,1314.5,reconstructed
NO 15/9-19 SR,2348.3,1776.1,-378.2,1293.5,reconstructed
NO 15/9-19 SR,2373.2,1788.5,-373.0,1272.5,reconstructed
NO 15/9-19 SR,2398.0,1800.8,-367.9,1251.4,reconstructed
NO 15/9-19 SR,2422.8,1813.1,-362.7,1230.3,reconstructed
NO 15/9-19 SR,2447.6,1825.3,-357.5,1209.1,reconstructed
NO 15/9-19 SR,2472.4,1837.5,-352.4,1188.0,reconstructed
NO 15/9-19 SR,2497.2,1849.7,-347.3,1166.8,reconstructed
NO 15/9-19 SR,2522.1,1861.9,-342.2,1145.6,reconstructed
NO 15/9-19 SR,2546.9,1874.1,-337.1,1124.4,reconstructed
NO 15/9-19 SR,2571.7,1886.3,-332.0,1103.2,reconstructed
NO 15/9-19 SR,2596.5,1898.4,-326.9,1081.9,reconstructed
NO 15/9-19 SR,2621.3,1910.6,-321.9,1060.7,reconstructed
NO 15/9-19 SR,2646.1,1922.7,-316.9,1039.4,reconstructed
NO 15/9-19 SR,2671.0,1934.9,-311.9,1018.1,reconstructed
NO 15/9-19 SR,2695.8,1947.0,-307.0,996.9,reconstructed
NO 15/9-19 SR,2720.6,1959.2,-302.1,975.6,reconstructed
NO 15/9-19 SR,2745.4,1971.3,-297.2,954.3,reconstructed
NO 15/9-19 SR,2770.2,1983.5,-292.3,933.0,reconstructed
NO 15/9-19 SR,2795.0,1995.7,-287.5,911.7,reconstructed
NO 15/9-19 SR,2819.9,2007.9,-282.7,890.5,reconstructed
NO 15/9-19 SR,2844.7,2020.1,-277.9,869.2,reconstructed
NO 15/9-19 SR,2869.5,2032.3,-273.2,847.9,reconstructed
NO 15/9-19 SR,2894.3,2044.6,-268.5,826.7,reconstructed
NO 15/9-19 SR,2919.1,2056.9,-263.8,805.5,reconstructed
NO 15/9-19 SR,2943.9,2069.2,-259.2,784.3,reconstructed
NO 15/9-19 SR,2968.8,2081.5,-254.6,763.0,reconstructed
NO 15/9-19 SR,2993.6,2093.9,-250.1,741.9,reconstructed
NO 15/9-19 SR,3018.4,2106.3,-245.6,720.7,reconstructed
NO 15/9-19 SR,3043.2,2118.8,-241.2,699.6,reconstructed
NO 15/9-19 SR,3068.0,2131.3,-236.8,678.4,reconstructed
NO 15/9-19 SR,3092.8,2143.8,-232.4,657.4,reconstructed
NO 15/9-19 SR,3117.7,2156.4,-228.1,636.3,reconstructed
NO 15/9-19 SR,3142.5,2169.1,-223.8,615.3,reconstructed
NO 15/9-19 SR,3167.3,2181.8,-219.6,594.3,reconstructed
NO 15/9-19 SR,3192.1,2194.6,-215.5,573.3,reconstructed
NO 15/9-19 SR,3216.9,2207.4,-211.4,552.4,reconstructed
NO 15/9-19 SR,3241.7,2220.3,-207.3,531.5,reconstructed
NO 15/9-19 SR,3266.6,2233.2,-203.4,510.7,reconstructed
NO 15/9-19 SR,3291.4,2246.2,-199.4,489.9,reconstructed
NO 15/9-19 SR,3316.2,2259.3,-195.5,469.1,reconstructed
NO 15/9-19 SR,3341.0,2272.5,-191.7,448.4,reconstructed
NO 15/9-19 SR,3365.8,2285.7,-188.0,427.7,reconstructed
NO 15/9-19 SR,3390.6,2299.1,-184.3,407.1,reconstructed
NO 15/9-19 SR,3415.5,2312.5,-180.6,386.6,reconstructed
NO 15/9-19 SR,3440.3,2326.0,-177.1,366.1,reconstructed
NO 15/9-19 SR,3465.1,2339.5,-173.6,345.6,reconstructed
NO 15/9-19 SR,3489.9,2353.2,-170.2,325.2,reconstructed
NO 15/9-19 SR,3514.7,2367.0,-166.8,304.9,reconstructed
NO 15/9-19 SR,3539.5,2380.8,-163.5,284.7,reconstructed
NO 15/9-19 SR,3564.4,2394.8,-160.3,264.5,reconstructed
NO 15/9-19 SR,3589.2,2408.8,-157.1,244.3,reconstructed
NO 15/9-19 SR,3614.0,2423.0,-154.0,224.3,reconstructed
NO 15/9-19 SR,3637.7,2436.6,-151.4,205.2,reconstructed
NO 15/9-19 SR,3661.3,2450.4,-149.2,186.1,reconstructed
NO 15/9-19 SR,3685.0,2464.3,-147.4,167.1,reconstructed
NO 15/9-19 SR,3708.7,2478.4,-145.9,148.1,reconstructed
NO 15/9-19 SR,3732.3,2492.6,-144.8,129.2,reconstructed
NO 15/9-19 SR,3756.0,2506.9,-143.8,110.4,reconstructed
NO 15/9-19 SR,3779.7,2521.3,-143.1,91.6,reconstructed
NO 15/9-19 SR,3803.3,2535.9,-142.5,73.0,reconstructed
NO 15/9-19 SR,3827.0,2550.6,-142.0,54.5,reconstructed
NO 15/9-19 SR,3849.5,2564.6,-141.6,36.9,reconstructed
NO 15/9-19 SR,3872.0,2578.8,-141.5,19.4,reconstructed
NO 15/9-19 SR,3894.5,2593.0,-141.6,1.9,reconstructed
NO 15/9-19 SR,3917.1,2607.3,-141.9,-15.4,reconstructed
NO 15/9-19 SR,3939.6,2621.8,-142.4,-32.7,reconstructed
NO 15/9-19 SR,3962.1,2636.3,-142.9,-49.9,reconstructed
NO 15/9-19 SR,3984.6,2651.0,-143.4,-66.9,reconstructed
NO 15/9-19 SR,4007.1,2665.9,-144.0,-83.8,reconstructed
NO 15/9-19 SR,4029.6,2681.0,-144.5,-100.5,reconstructed
NO 15/9-19 SR,4052.1,2696.3,-144.8,-117.0,reconstructed
NO 15/9-19 SR,4075.0,2712.0,-145.2,-133.6,reconstructed
NO 15/9-19 SR,4097.9,2728.0,-145.5,-150.0,reconstructed
NO 15/9-19 SR,4120.8,2744.0,-145.8,-166.3,reconstructed
NO 15/9-19 SR,4143.7,2760.3,-146.2,-182.4,reconstructed
NO 15/9-19 SR,4166.6,2776.7,-146.5,-198.4,reconstructed
NO 15/9-19 SR,4189.5,2793.2,-146.9,-214.2,reconstructed
NO 15/9-19 SR,4212.4,2809.8,-147.3,-230.0,reconstructed
NO 15/9-19 SR,4235.3,2826.5,-147.6,-245.6,reconstructed
NO 15/9-19 SR,4258.2,2843.3,-148.0,-261.1,reconstructed
NO 15/9-19 SR,4281.1,2860.1,-148.4,-276.6,reconstructed
NO 15/9-19 SR,4304.0,2877.0,-148.8,-292.0,reconstructed
NO 15/9-19 SR,4306.8,2879.1,-148.8,-293.8,reconstructed
NO 15/9-19 SR,4309.5,2881.2,-148.8,-295.6,reconstructed
NO 15/9-19 SR,4312.1,2883.3,-148.9,-297.3,reconstructed
NO 15/9-19 SR,4314.8,2885.3,-149.0,-299.0,reconstructed
NO 15/9-19 SR,4327.4,2895.0,-149.4,-307.1,reconstructed
NO 15/9-19 SR,4340.0,2904.7,-149.8,-315.1,reconstructed
NO 15/9-19 SR,4363.9,2922.9,-150.6,-330.5,reconstructed
NO 15/9-19 SR,4387.8,2941.1,-151.6,-346.0,reconstructed
NO 15/9-19 SR,4411.7,2959.3,-152.6,-361.4,reconstructed
NO 15/9-19 SR,4435.6,2977.5,-153.7,-376.9,reconstructed
NO 15/9-19 SR,4459.5,2995.6,-154.8,-392.4,reconstructed
NO 15/9-19 SR,4483.4,3013.8,-155.9,-407.9,reconstructed
NO 15/9-19 SR,4507.3,3031.9,-157.0,-423.4,reconstructed
NO 15/9-19 SR,4531.2,3050.1,-158.2,-438.9,reconstructed
NO 15/9-19 SR,4555.1,3068.2,-159.3,-454.4,reconstructed
NO 15/9-19 SR,4579.0,3086.4,-160.3,-469.9,reconstructed
NO 15/9-4,0.0,0.0,-4521.6,-6051.0,reconstructed
NO 15/9-4,127.0,127.0,-4521.6,-6051.0,reconstructed
NO 15/9-4,151.8,151.8,-4521.6,-6051.0,reconstructed
NO 15/9-4,176.6,176.6,-4521.6,-6051.0,reconstructed
NO 15/9-4,201.4,201.4,-4521.6,-6051.0,reconstructed
NO 15/9-4,226.2,226.2,-4521.5,-6051.0,reconstructed
NO 15/9-4,251.0,251.0,-4521.5,-6050.9,reconstructed
NO 15/9-4,275.8,275.8,-4521.4,-6050.9,reconstructed
NO 15/9-4,300.6,300.5,-4521.3,-6050.8,reconstructed
NO 15/9-4,325.3,325.3,-4521.2,-6050.7,reconstructed
NO 15/9-4,350.1,350.1,-4521.1,-6050.7,reconstructed
NO 15/9-4,374.9,374.9,-4521.0,-6050.6,reconstructed
NO 15/9-4,399.7,399.7,-4520.9,-6050.5,reconstructed
NO 15/9-4,424.5,424.5,-4520.7,-6050.4,reconstructed
NO 15/9-4,449.3,449.3,-4520.6,-6050.3,reconstructed
NO 15/9-4,474.1,474.1,-4520.5,-6050.2,reconstructed
NO 15/9-4,498.9,498.9,-4520.3,-6050.2,reconstructed
NO 15/9-4,523.7,523.7,-4520.1,-6050.1,reconstructed
NO 15/9-4,548.5,548.5,-4520.0,-6050.0,reconstructed
NO 15/9-4,573.3,573.3,-4519.8,-6049.9,reconstructed
NO 15/9-4,598.1,598.1,-4519.6,-6049.8,reconstructed
NO 15/9-4,622.9,622.9,-4519.5,-6049.7,reconstructed
NO 15/9-4,647.7,647.6,-4519.3,-6049.6,reconstructed
NO 15/9-4,672.4,672.4,-4519.1,-6049.5,reconstructed
NO 15/9-4,697.2,697.2,-4518.9,-6049.4,reconstructed
NO 15/9-4,722.0,722.0,-4518.7,-6049.3,reconstructed
NO 15/9-4,746.8,746.8,-4518.6,-6049.2,reconstructed
NO 15/9-4,771.6,771.6,-4518.4,-6049.1,reconstructed
NO 15/9-4,796.4,796.4,-4518.2,-6049.0,reconstructed
NO 15/9-4,821.2,821.2,-4518.0,-6048.9,reconstructed
NO 15/9-4,846.0,846.0,-4517.8,-6048.8,reconstructed
NO 15/9-4,870.2,870.2,-4517.7,-6048.7,reconstructed
NO 15/9-4,894.4,894.3,-4517.5,-6048.6,reconstructed
NO 15/9-4,918.5,918.5,-4517.3,-6048.5,reconstructed
NO 15/9-4,942.7,942.7,-4517.1,-6048.4,reconstructed
NO 15/9-4,966.9,966.9,-4516.9,-6048.3,reconstructed
NO 15/9-4,991.1,991.1,-4516.6,-6048.1,reconstructed
NO 15/9-4,1015.3,1015.2,-4516.4,-6048.1,reconstructed
NO 15/9-4,1039.5,1039.4,-4516.2,-6048.0,reconstructed
NO 15/9-4,1063.6,1063.6,-4516.0,-6048.0,reconstructed
NO 15/9-4,1087.8,1087.8,-4515.8,-6048.0,reconstructed
NO 15/9-4,1112.0,1112.0,-4515.5,-6048.0,reconstructed
NO 15/9-4,1136.9,1136.8,-4515.3,-6048.1,reconstructed
NO 15/9-4,1161.7,1161.7,-4515.1,-6048.2,reconstructed
NO 15/9-4,1186.6,1186.6,-4514.9,-6048.4,reconstructed
NO 15/9-4,1211.5,1211.4,-4514.7,-6048.5,reconstructed
NO 15/9-4,1236.3,1236.3,-4514.4,-6048.7,reconstructed
NO 15/9-4,1261.2,1261.1,-4514.2,-6048.9,reconstructed
NO 15/9-4,1286.1,1286.0,-4514.0,-6049.0,reconstructed
NO 15/9-4,1310.9,1310.9,-4513.7,-6049.2,reconstructed
NO 15/9-4,1335.8,1335.7,-4513.5,-6049.4,reconstructed
NO 15/9-4,1360.7,1360.6,-4513.3,-6049.7,reconstructed
NO 15/9-4,1385.5,1385.5,-4513.0,-6049.9,reconstructed
NO 15/9-4,1410.4,1410.3,-4512.8,-6050.1,reconstructed
NO 15/9-4,1435.3,1435.2,-4512.5,-6050.4,reconstructed
NO 15/9-4,1460.1,1460.0,-4512.3,-6050.6,reconstructed
NO 15/9-4,1485.0,1484.9,-4512.0,-6050.9,reconstructed
NO 15/9-4,1509.9,1509.8,-4511.8,-6051.2,reconstructed
NO 15/9-4,1534.7,1534.6,-4511.5,-6051.4,reconstructed
NO 15/9-4,1559.6,1559.5,-4511.3,-6051.7,reconstructed
NO 15/9-4,1584.4,1584.4,-4511.0,-6052.0,reconstructed
NO 15/9-4,1609.3,1609.2,-4510.7,-6052.3,reconstructed
NO 15/9-4,1634.2,1634.1,-4510.5,-6052.6,reconstructed
NO 15/9-4,1659.0,1658.9,-4510.2,-6052.9,reconstructed
NO 15/9-4,1683.9,1683.8,-4510.0,-6053.3,reconstructed
NO 15/9-4,1708.8,1708.7,-4509.7,-6053.6,reconstructed
NO 15/9-4,1733.6,1733.5,-4509.5,-6053.9,reconstructed
NO 15/9-4,1758.5,1758.4,-4509.2,-6054.2,reconstructed
NO 15/9-4,1783.4,1783.2,-4508.9,-6054.6,reconstructed
NO 15/9-4,1808.2,1808.1,-4508.7,-6054.9,reconstructed
NO 15/9-4,1833.1,1833.0,-4508.4,-6055.3,reconstructed
NO 15/9-4,1858.0,1857.8,-4508.2,-6055.6,reconstructed
NO 15/9-4,1882.8,1882.7,-4507.9,-6055.9,reconstructed
NO 15/9-4,1907.7,1907.6,-4507.7,-6056.3,reconstructed
NO 15/9-4,1932.6,1932.4,-4507.4,-6056.6,reconstructed
NO 15/9-4,1957.4,1957.3,-4507.2,-6057.0,reconstructed
NO 15/9-4,1982.3,1982.1,-4507.0,-6057.3,reconstructed
NO 15/9-4,2007.2,2007.0,-4506.7,-6057.7,reconstructed
NO 15/9-4,2032.0,2031.9,-4506.5,-6058.0,reconstructed
NO 15/9-4,2056.9,2056.7,-4506.2,-6058.4,reconstructed
NO 15/9-4,2081.8,2081.6,-4506.0,-6058.7,reconstructed
NO 15/9-4,2106.6,2106.4,-4505.8,-6059.0,reconstructed
NO 15/9-4,2131.5,2131.3,-4505.6,-6059.4,reconstructed
NO 15/9-4,2156.4,2156.2,-4505.3,-6059.7,reconstructed
NO 15/9-4,2181.2,2181.0,-4505.1,-6060.1,reconstructed
NO 15/9-4,2206.1,2205.9,-4504.9,-6060.4,reconstructed
NO 15/9-4,2231.0,2230.8,-4504.7,-6060.7,reconstructed
NO 15/9-4,2255.8,2255.6,-4504.5,-6061.0,reconstructed
NO 15/9-4,2280.7,2280.5,-4504.3,-6061.3,reconstructed
NO 15/9-4,2305.6,2305.3,-4504.1,-6061.6,reconstructed
NO 15/9-4,2330.4,2330.2,-4503.9,-6061.9,reconstructed
NO 15/9-4,2355.3,2355.1,-4503.8,-6062.2,reconstructed
NO 15/9-4,2380.1,2379.9,-4503.6,-6062.5,reconstructed
NO 15/9-4,2405.0,2404.8,-4503.4,-6062.8,reconstructed
NO 15/9-4,2429.9,2429.6,-4503.2,-6063.1,reconstructed
NO 15/9-4,2454.7,2454.5,-4503.1,-6063.3,reconstructed
NO 15/9-4,2479.6,2479.4,-4502.9,-6063.6,reconstructed
NO 15/9-4,2504.5,2504.2,-4502.8,-6063.8,reconstructed
NO 15/9-4,2529.3,2529.1,-4502.6,-6064.1,reconstructed
NO 15/9-4,2554.2,2554.0,-4502.5,-6064.3,reconstructed
NO 15/9-4,2579.1,2578.8,-4502.4,-6064.5,reconstructed
NO 15/9-4,2603.9,2603.7,-4502.3,-6064.7,reconstructed
NO 15/9-4,2628.8,2628.5,-4502.2,-6064.9,reconstructed
NO 15/9-4,2653.7,2653.4,-4502.0,-6065.1,reconstructed
NO 15/9-4,2678.5,2678.3,-4502.0,-6065.3,reconstructed
NO 15/9-4,2703.4,2703.1,-4501.9,-6065.4,reconstructed
NO 15/9-4,2728.3,2728.0,-4501.8,-6065.6,reconstructed
NO 15/9-4,2753.1,2752.9,-4501.7,-6065.7,reconstructed
NO 15/9-4,2778.0,2777.7,-4501.6,-6065.8,reconstructed
NO 15/9-4,2799.8,2799.5,-4501.6,-6065.9,reconstructed
NO 15/9-4,2821.6,2821.3,-4501.7,-6065.8,reconstructed
NO 15/9-4,2843.4,2843.1,-4501.8,-6065.8,reconstructed
NO 15/9-4,2865.2,2864.9,-4501.9,-6065.7,reconstructed
NO 15/9-4,2887.0,2886.7,-4502.0,-6065.6,reconstructed
NO 15/9-4,2911.2,2910.9,-4502.2,-6065.6,reconstructed
NO 15/9-4,2935.4,2935.1,-4502.3,-6065.5,reconstructed
NO 15/9-4,2959.6,2959.3,-4502.4,-6065.5,reconstructed
NO 15/9-4,2983.8,2983.5,-4502.5,-6065.4,reconstructed
NO 15/9-4,3007.9,3007.7,-4502.6,-6065.4,reconstructed
NO 15/9-4,3032.1,3031.9,-4502.7,-6065.3,reconstructed
NO 15/9-4,3056.3,3056.0,-4502.8,-6065.3,reconstructed
NO 15/9-4,3080.5,3080.2,-4502.9,-6065.2,reconstructed
NO 15/9-4,3104.7,3104.4,-4503.0,-6065.2,reconstructed
NO 15/9-4,3128.9,3128.6,-4503.1,-6065.1,reconstructed
NO 15/9-4,3153.1,3152.8,-4503.3,-6065.1,reconstructed
NO 15/9-4,3177.2,3177.0,-4503.4,-6065.0,reconstructed
NO 15/9-4,3201.4,3201.2,-4503.5,-6065.0,reconstructed
NO 15/9-4,3225.6,3225.3,-4503.6,-6065.0,reconstructed
NO 15/9-4,3249.8,3249.5,-4503.7,-6064.9,reconstructed
NO 15/9-4,3274.0,3273.7,-4503.8,-6064.9,reconstructed
NO 15/9-4,3298.5,3298.2,-4504.0,-6064.9,reconstructed
NO 15/9-4,3323.0,3322.7,-4504.1,-6064.9,reconstructed
NO 15/9-4,3347.5,3347.2,-4504.2,-6064.9,reconstructed
NO 15/9-4,3372.0,3371.7,-4504.4,-6064.9,reconstructed
NO 15/9-4,3396.5,3396.2,-4504.5,-6064.9,reconstructed
NO 15/9-4,3421.0,3420.7,-4504.6,-6065.0,reconstructed
NO 15/9-4,3443.8,3443.5,-4504.8,-6065.2,reconstructed
NO 15/9-4,3466.5,3466.2,-4504.9,-6065.3,reconstructed
NO 15/9-4,3489.3,3489.0,-4505.0,-6065.5,reconstructed
NO 15/9-4,3512.0,3511.7,-4505.1,-6065.8,reconstructed
NO 15/9-4,3534.8,3534.5,-4505.2,-6066.1,reconstructed
NO 15/9-4,3557.5,3557.2,-4505.3,-6066.4,reconstructed
NO 15/9-4,3580.3,3580.0,-4505.5,-6066.7,reconstructed
NO 15/9-4,3593.2,3592.9,-4505.5,-6067.0,reconstructed
NO 15/9-4,3606.0,3605.7,-4505.5,-6067.3,reconstructed
NO 15/9-4,3620.7,3620.4,-4505.6,-6067.7,reconstructed
NO 15/9-4,3635.3,3635.0,-4505.8,-6068.0,reconstructed
NO 15/9-8,0.0,0.0,-6503.5,-6714.1,reconstructed
NO 15/9-8,128.0,128.0,-6503.5,-6714.1,reconstructed
NO 15/9-8,152.5,152.5,-6503.4,-6714.1,reconstructed
NO 15/9-8,177.0,177.0,-6503.4,-6714.2,reconstructed
NO 15/9-8,201.5,201.5,-6503.3,-6714.2,reconstructed
NO 15/9-8,226.0,226.0,-6503.2,-6714.3,reconstructed
NO 15/9-8,250.5,250.5,-6503.0,-6714.3,reconstructed
NO 15/9-8,275.0,275.0,-6502.8,-6714.4,reconstructed
NO 15/9-8,299.5,299.5,-6502.6,-6714.5,reconstructed
NO 15/9-8,324.0,324.0,-6502.3,-6714.6,reconstructed
NO 15/9-8,348.5,348.5,-6502.1,-6714.8,reconstructed
NO 15/9-8,373.0,373.0,-6501.8,-6714.9,reconstructed
NO 15/9-8,397.5,397.5,-6501.5,-6715.0,reconstructed
NO 15/9-8,422.0,422.0,-6501.1,-6715.2,reconstructed
NO 15/9-8,446.5,446.5,-6500.8,-6715.3,reconstructed
NO 15/9-8,471.0,471.0,-6500.4,-6715.5,reconstructed
NO 15/9-8,495.5,495.5,-6500.1,-6715.7,reconstructed
NO 15/9-8,520.0,520.0,-6499.7,-6715.9,reconstructed
NO 15/9-8,544.5,544.5,-6499.3,-6716.0,reconstructed
NO 15/9-8,569.0,569.0,-6498.9,-6716.2,reconstructed
NO 15/9-8,593.5,593.5,-6498.5,-6716.4,reconstructed
NO 15/9-8,618.0,618.0,-6498.1,-6716.6,reconstructed
NO 15/9-8,642.5,642.4,-6497.7,-6716.8,reconstructed
NO 15/9-8,667.0,666.9,-6497.3,-6717.0,reconstructed
NO 15/9-8,691.5,691.4,-6496.9,-6717.2,reconstructed
NO 15/9-8,716.0,715.9,-6496.5,-6717.4,reconstructed
NO 15/9-8,740.5,740.4,-6496.1,-6717.6,reconstructed
NO 15/9-8,765.0,764.9,-6495.7,-6717.7,reconstructed
NO 15/9-8,789.5,789.4,-6495.4,-6717.9,reconstructed
NO 15/9-8,814.0,813.9,-6495.0,-6718.1,reconstructed
NO 15/9-8,838.5,838.4,-6494.7,-6718.3,reconstructed
NO 15/9-8,863.0,862.9,-6494.3,-6718.4,reconstructed
NO 15/9-8,887.1,887.0,-6494.0,-6718.6,reconstructed
NO 15/9-8,911.2,911.1,-6493.7,-6718.8,reconstructed
NO 15/9-8,935.2,935.1,-6493.4,-6719.0,reconstructed
NO 15/9-8,959.3,959.2,-6493.1,-6719.2,reconstructed
NO 15/9-8,983.4,983.3,-6492.8,-6719.4,reconstructed
NO 15/9-8,1007.5,1007.4,-6492.5,-6719.6,reconstructed
NO 15/9-8,1031.5,1031.4,-6492.2,-6719.8,reconstructed
NO 15/9-8,1055.6,1055.5,-6491.9,-6720.0,reconstructed
NO 15/9-8,1079.7,1079.6,-6491.6,-6720.2,reconstructed
NO 15/9-8,1103.8,1103.7,-6491.2,-6720.3,reconstructed
NO 15/9-8,1127.8,1127.7,-6490.9,-6720.5,reconstructed
NO 15/9-8,1151.9,1151.8,-6490.6,-6720.6,reconstructed
NO 15/9-8,1176.0,1175.9,-6490.2,-6720.7,reconstructed
NO 15/9-8,1200.8,1200.7,-6489.9,-6720.8,reconstructed
NO 15/9-8,1225.6,1225.5,-6489.6,-6720.9,reconstructed
NO 15/9-8,1250.4,1250.3,-6489.2,-6721.0,reconstructed
NO 15/9-8,1275.2,1275.1,-6488.9,-6721.0,reconstructed
NO 15/9-8,1300.0,1299.9,-6488.5,-6721.1,reconstructed
NO 15/9-8,1324.8,1324.7,-6488.1,-6721.2,reconstructed
NO 15/9-8,1349.6,1349.4,-6487.8,-6721.2,reconstructed
NO 15/9-8,1374.4,1374.2,-6487.4,-6721.2,reconstructed
NO 15/9-8,1399.2,1399.0,-6487.1,-6721.3,reconstructed
NO 15/9-8,1424.0,1423.8,-6486.7,-6721.3,reconstructed
NO 15/9-8,1448.8,1448.6,-6486.3,-6721.3,reconstructed
NO 15/9-8,1473.6,1473.4,-6486.0,-6721.3,reconstructed
NO 15/9-8,1498.4,1498.2,-6485.6,-6721.3,reconstructed
NO 15/9-8,1523.2,1523.0,-6485.2,-6721.4,reconstructed
NO 15/9-8,1548.0,1547.8,-6484.8,-6721.4,reconstructed
NO 15/9-8,1572.8,1572.6,-6484.5,-6721.3,reconstructed
NO 15/9-8,1597.6,1597.4,-6484.1,-6721.3,reconstructed
NO 15/9-8,1622.4,1622.2,-6483.7,-6721.3,reconstructed
NO 15/9-8,1647.2,1647.0,-6483.3,-6721.3,reconstructed
NO 15/9-8,1672.0,1671.8,-6483.0,-6721.3,reconstructed
NO 15/9-8,1696.8,1696.6,-6482.6,-6721.3,reconstructed
NO 15/9-8,1721.6,1721.4,-6482.2,-6721.2,reconstructed
NO 15/9-8,1746.4,1746.2,-6481.8,-6721.2,reconstructed
NO 15/9-8,1771.2,1771.0,-6481.4,-6721.2,reconstructed
NO 15/9-8,1796.0,1795.8,-6481.0,-6721.1,reconstructed
NO 15/9-8,1820.8,1820.5,-6480.7,-6721.1,reconstructed
NO 15/9-8,1845.6,1845.3,-6480.3,-6721.1,reconstructed
NO 15/9-8,1870.4,1870.1,-6479.9,-6721.0,reconstructed
NO 15/9-8,1895.2,1894.9,-6479.5,-6721.0,reconstructed
NO 15/9-8,1920.0,1919.7,-6479.1,-6721.0,reconstructed
NO 15/9-8,1944.8,1944.5,-6478.8,-6720.9,reconstructed
NO 15/9-8,1969.6,1969.3,-6478.4,-6720.9,reconstructed
NO 15/9-8,1994.4,1994.1,-6478.0,-6720.8,reconstructed
NO 15/9-8,2019.2,2018.9,-6477.6,-6720.8,reconstructed
NO 15/9-8,2044.0,2043.7,-6477.2,-6720.8,reconstructed
NO 15/9-8,2068.8,2068.5,-6476.9,-6720.7,reconstructed
NO 15/9-8,2093.6,2093.3,-6476.5,-6720.7,reconstructed
NO 15/9-8,2118.4,2118.1,-6476.1,-6720.7,reconstructed
NO 15/9-8,2143.2,2142.9,-6475.7,-6720.6,reconstructed
NO 15/9-8,2168.0,2167.7,-6475.4,-6720.6,reconstructed
NO 15/9-8,2192.8,2192.5,-6475.0,-6720.6,reconstructed
NO 15/9-8,2217.6,2217.3,-6474.6,-6720.5,reconstructed
NO 15/9-8,2242.4,2242.1,-6474.3,-6720.5,reconstructed
NO 15/9-8,2267.2,2266.9,-6473.9,-6720.5,reconstructed
NO 15/9-8,2292.0,2291.7,-6473.5,-6720.5,reconstructed
NO 15/9-8,2316.8,2316.4,-6473.2,-6720.5,reconstructed
NO 15/9-8,2341.6,2341.2,-6472.8,-6720.5,reconstructed
NO 15/9-8,2366.4,2366.0,-6472.5,-6720.5,reconstructed
NO 15/9-8,2391.2,2390.8,-6472.1,-6720.5,reconstructed
NO 15/9-8,2416.0,2415.6,-6471.8,-6720.5,reconstructed
NO 15/9-8,2440.8,2440.4,-6471.4,-6720.5,reconstructed
NO 15/9-8,2465.6,2465.2,-6471.1,-6720.5,reconstructed
NO 15/9-8,2490.4,2490.0,-6470.7,-6720.5,reconstructed
NO 15/9-8,2515.2,2514.8,-6470.4,-6720.6,reconstructed
NO 15/9-8,2540.0,2539.6,-6470.1,-6720.6,reconstructed
NO 15/9-8,2564.8,2564.4,-6469.7,-6720.6,reconstructed
NO 15/9-8,2589.6,2589.2,-6469.4,-6720.7,reconstructed
NO 15/9-8,2614.4,2614.0,-6469.1,-6720.7,reconstructed
NO 15/9-8,2639.2,2638.8,-6468.8,-6720.8,reconstructed
NO 15/9-8,2664.0,2663.6,-6468.5,-6720.9,reconstructed
NO 15/9-8,2688.8,2688.4,-6468.1,-6720.9,reconstructed
NO 15/9-8,2713.6,2713.2,-6467.8,-6721.0,reconstructed
NO 15/9-8,2738.4,2738.0,-6467.5,-6721.1,reconstructed
NO 15/9-8,2763.2,2762.8,-6467.2,-6721.2,reconstructed
NO 15/9-8,2788.0,2787.6,-6467.0,-6721.3,reconstructed
NO 15/9-8,2811.6,2811.1,-6466.7,-6721.5,reconstructed
NO 15/9-8,2835.1,2834.7,-6466.4,-6721.6,reconstructed
NO 15/9-8,2858.7,2858.2,-6466.2,-6721.8,reconstructed
NO 15/9-8,2882.2,2881.8,-6465.9,-6722.1,reconstructed
NO 15/9-8,2905.8,2905.3,-6465.7,-6722.3,reconstructed
NO 15/9-8,2929.3,2928.9,-6465.5,-6722.6,reconstructed
NO 15/9-8,2952.9,2952.4,-6465.4,-6722.8,reconstructed
NO 15/9-8,2976.4,2976.0,-6465.2,-6723.0,reconstructed
NO 15/9-8,3000.0,2999.5,-6465.0,-6723.2,reconstructed
NO 15/9-8,3024.2,3023.7,-6464.9,-6723.4,reconstructed
NO 15/9-8,3048.3,3047.9,-6464.8,-6723.6,reconstructed
NO 15/9-8,3072.5,3072.0,-6464.7,-6723.8,reconstructed
NO 15/9-8,3096.7,3096.2,-6464.6,-6724.1,reconstructed
NO 15/9-8,3120.8,3120.4,-6464.5,-6724.3,reconstructed
NO 15/9-8,3145.0,3144.5,-6464.4,-6724.5,reconstructed
NO 15/9-8,3169.2,3168.7,-6464.3,-6724.7,reconstructed
NO 15/9-8,3193.3,3192.9,-6464.3,-6724.8,reconstructed
NO 15/9-8,3217.5,3217.0,-6464.3,-6725.0,reconstructed
NO 15/9-8,3241.7,3241.2,-6464.3,-6725.2,reconstructed
NO 15/9-8,3265.8,3265.4,-6464.4,-6725.3,reconstructed
NO 15/9-8,3290.0,3289.5,-6464.5,-6725.4,reconstructed
NO 15/9-8,3312.8,3312.4,-6464.6,-6725.5,reconstructed
NO 15/9-8,3335.7,3335.2,-6464.8,-6725.5,reconstructed
NO 15/9-8,3358.5,3358.0,-6465.1,-6725.5,reconstructed
NO 15/9-8,3381.3,3380.8,-6465.4,-6725.5,reconstructed
NO 15/9-8,3404.2,3403.7,-6465.7,-6725.5,reconstructed
NO 15/9-8,3427.0,3426.5,-6466.0,-6725.6,reconstructed
NO 15/9-8,3449.7,3449.2,-6466.2,-6725.8,reconstructed
NO 15/9-8,3472.4,3471.9,-6466.4,-6726.0,reconstructed
NO 15/9-8,3495.1,3494.6,-6466.7,-6726.3,reconstructed
NO 15/9-8,3517.8,3517.3,-6466.9,-6726.6,reconstructed
NO 15/9-8,3540.5,3540.0,-6467.1,-6726.9,reconstructed
NO 15/9-8,3563.2,3562.7,-6467.3,-6727.1,reconstructed
NO 15/9-8,3585.9,3585.4,-6467.5,-6727.4,reconstructed
NO 15/9-8,3605.4,3604.9,-6467.7,-6727.7,reconstructed
NO 15/9-8,3625.0,3624.5,-6467.8,-6727.9,reconstructed
NO 15/9-8,3642.0,3641.5,-6468.0,-6728.1,reconstructed
NO 15/9-8,3659.0,3658.5,-6468.2,-6728.3,reconstructed
NO 15/9-8,3676.0,3675.5,-6468.3,-6728.5,reconstructed
NO 15/9-A-15,0.0,0.0,-8283.5,1088.3,reconstructed
NO 15/9-A-15,160.0,160.0,-8283.5,1088.3,reconstructed
NO 15/9-A-15,184.8,183.0,-8283.2,1088.3,reconstructed
NO 15/9-A-15,209.7,205.9,-8282.5,1088.3,reconstructed
NO 15/9-A-15,234.5,228.5,-8281.3,1088.4,reconstructed
NO 15/9-A-15,259.3,251.0,-8279.7,1088.5,reconstructed
NO 15/9-A-15,284.2,273.3,-8277.6,1088.7,reconstructed
NO 15/9-A-15,309.0,295.3,-8275.1,1088.9,reconstructed
NO 15/9-A-15,333.8,317.2,-8272.1,1089.1,reconstructed
NO 15/9-A-15,358.7,338.9,-8268.6,1089.3,reconstructed
NO 15/9-A-15,383.5,360.4,-8264.8,1089.6,reconstructed
NO 15/9-A-15,408.3,381.7,-8260.5,1089.9,reconstructed
NO 15/9-A-15,433.2,402.8,-8255.8,1090.2,reconstructed
NO 15/9-A-15,458.0,423.8,-8250.6,1090.5,reconstructed
NO 15/9-A-15,482.8,444.6,-8245.1,1090.9,reconstructed
NO 15/9-A-15,507.7,465.2,-8239.1,1091.3,reconstructed
NO 15/9-A-15,532.5,485.6,-8232.7,1091.8,reconstructed
NO 15/9-A-15,557.3,505.8,-8226.0,1092.2,reconstructed
NO 15/9-A-15,582.2,525.9,-8218.8,1092.7,reconstructed
NO 15/9-A-15,607.0,545.8,-8211.3,1093.3,reconstructed
NO 15/9-A-15,631.8,565.6,-8203.3,1093.8,reconstructed
NO 15/9-A-15,656.7,585.1,-8195.0,1094.4,reconstructed
NO 15/9-A-15,681.5,604.6,-8186.3,1095.0,reconstructed
NO 15/9-A-15,706.3,623.8,-8177.2,1095.6,reconstructed
NO 15/9-A-15,731.2,642.9,-8167.8,1096.2,reconstructed
NO 15/9-A-15,756.0,661.9,-8158.0,1096.9,reconstructed
NO 15/9-A-15,780.8,680.7,-8147.9,1097.6,reconstructed
NO 15/9-A-15,805.7,699.3,-8137.4,1098.3,reconstructed
NO 15/9-A-15,830.5,717.8,-8126.6,1099.1,reconstructed
NO 15/9-A-15,855.3,736.2,-8115.4,1099.8,reconstructed
NO 15/9-A-15,880.2,754.4,-8103.9,1100.6,reconstructed
NO 15/9-A-15,905.0,772.4,-8092.0,1101.4,reconstructed
NO 15/9-A-15,929.8,790.4,-8079.9,1102.2,reconstructed
NO 15/9-A-15,954.6,808.1,-8067.4,1103.1,reconstructed
NO 15/9-A-15,979.5,825.8,-8054.6,1103.9,reconstructed
NO 15/9-A-15,1004.3,843.3,-8041.5,1104.8,reconstructed
NO 15/9-A-15,1029.1,860.7,-8028.1,1105.7,reconstructed
NO 15/9-A-15,1054.0,878.0,-8014.4,1106.7,reconstructed
NO 15/9-A-15,1078.8,895.1,-8000.4,1107.6,reconstructed
NO 15/9-A-15,1103.6,912.1,-7986.1,1108.6,reconstructed
NO 15/9-A-15,1128.5,929.0,-7971.6,1109.5,reconstructed
NO 15/9-A-15,1153.3,945.8,-7956.7,1110.5,reconstructed
NO 15/9-A-15,1178.1,962.5,-7941.6,1111.6,reconstructed
NO 15/9-A-15,1203.0,979.0,-7926.2,1112.6,reconstructed
NO 15/9-A-15,1227.8,995.4,-7910.6,1113.6,reconstructed
NO 15/9-A-15,1252.6,1011.8,-7894.7,1114.7,reconstructed
NO 15/9-A-15,1277.5,1028.0,-7878.5,1115.8,reconstructed
NO 15/9-A-15,1302.3,1044.1,-7862.1,1116.9,reconstructed
NO 15/9-A-15,1327.1,1060.1,-7845.5,1118.0,reconstructed
NO 15/9-A-15,1352.0,1076.0,-7828.6,1119.1,reconstructed
NO 15/9-A-15,1376.8,1091.8,-7811.5,1120.2,reconstructed
NO 15/9-A-15,1401.6,1107.5,-7794.2,1121.4,reconstructed
NO 15/9-A-15,1426.5,1123.1,-7776.6,1122.6,reconstructed
NO 15/9-A-15,1451.3,1138.6,-7758.8,1123.7,reconstructed
NO 15/9-A-15,1476.1,1154.0,-7740.8,1124.9,reconstructed
NO 15/9-A-15,1501.0,1169.4,-7722.6,1126.1,reconstructed
NO 15/9-A-15,1525.8,1184.6,-7704.2,1127.3,reconstructed
NO 15/9-A-15,1550.6,1199.8,-7685.6,1128.6,reconstructed
NO 15/9-A-15,1575.5,1214.9,-7666.8,1129.8,reconstructed
NO 15/9-A-15,1600.3,1229.9,-7647.9,1131.0,reconstructed
NO 15/9-A-15,1625.1,1244.8,-7628.7,1132.3,reconstructed
NO 15/9-A-15,1650.0,1259.7,-7609.4,1133.6,reconstructed
NO 15/9-A-15,1674.8,1274.4,-7589.9,1134.8,reconstructed
NO 15/9-A-15,1699.6,1289.1,-7570.2,1136.1,reconstructed
NO 15/9-A-15,1724.5,1303.8,-7550.4,1137.4,reconstructed
NO 15/9-A-15,1749.3,1318.4,-7530.4,1138.7,reconstructed
NO 15/9-A-15,1774.1,1332.9,-7510.3,1140.0,reconstructed
NO 15/9-A-15,1799.0,1347.3,-7490.0,1141.3,reconstructed
NO 15/9-A-15,1823.8,1361.7,-7469.6,1142.6,reconstructed
NO 15/9-A-15,1848.6,1376.0,-7449.0,1143.9,reconstructed
NO 15/9-A-15,1873.5,1390.3,-7428.3,1145.3,reconstructed
NO 15/9-A-15,1898.3,1404.5,-7407.5,1146.6,reconstructed
NO 15/9-A-15,1923.1,1418.7,-7386.6,1147.9,reconstructed
NO 15/9-A-15,1948.0,1432.8,-7365.5,1149.3,reconstructed
NO 15/9-A-15,1972.8,1446.9,-7344.4,1150.6,reconstructed
NO 15/9-A-15,1997.6,1460.9,-7323.1,1152.0,reconstructed
NO 15/9-A-15,2022.5,1474.9,-7301.7,1153.3,reconstructed
NO 15/9-A-15,2047.3,1488.9,-7280.3,1154.7,reconstructed
NO 15/9-A-15,2072.1,1502.8,-7258.7,1156.1,reconstructed
NO 15/9-A-15,2097.0,1516.7,-7237.1,1157.4,reconstructed
NO 15/9-A-15,2121.8,1530.5,-7215.4,1158.8,reconstructed
NO 15/9-A-15,2146.6,1544.3,-7193.6,1160.2,reconstructed
NO 15/9-A-15,2171.5,1558.1,-7171.7,1161.5,reconstructed
NO 15/9-A-15,2196.3,1571.9,-7149.8,1162.9,reconstructed
NO 15/9-A-15,2221.1,1585.6,-7127.8,1164.3,reconstructed
NO 15/9-A-15,2246.0,1599.3,-7105.8,1165.6,reconstructed
NO 15/9-A-15,2270.8,1613.0,-7083.7,1167.0,reconstructed
NO 15/9-A-15,2295.6,1626.7,-7061.6,1168.4,reconstructed
NO 15/9-A-15,2320.5,1640.3,-7039.4,1169.7,reconstructed
NO 15/9-A-15,2345.3,1654.0,-7017.2,1171.1,reconstructed
NO 15/9-A-15,2370.1,1667.6,-6995.0,1172.5,reconstructed
NO 15/9-A-15,2394.9,1681.3,-6972.7,1173.8,reconstructed
NO 15/9-A-15,2419.8,1694.9,-6950.5,1175.2,reconstructed
NO 15/9-A-15,2444.6,1708.5,-6928.2,1176.5,reconstructed
NO 15/9-A-15,2469.4,1722.1,-6905.9,1177.9,reconstructed
NO 15/9-A-15,2494.3,1735.7,-6883.6,1179.2,reconstructed
NO 15/9-A-15,2519.1,1749.3,-6861.3,1180.6,reconstructed
NO 15/9-A-15,2543.9,1762.9,-6839.0,1181.9,reconstructed
NO 15/9-A-15,2568.8,1776.6,-6816.7,1183.2,reconstructed
NO 15/9-A-15,2593.6,1790.2,-6794.5,1184.5,reconstructed
NO 15/9-A-15,2618.4,1803.8,-6772.3,1185.8,reconstructed
NO 15/9-A-15,2643.3,1817.5,-6750.0,1187.2,reconstructed
NO 15/9-A-15,2668.1,1831.2,-6727.9,1188.5,reconstructed
NO 15/9-A-15,2692.9,1844.9,-6705.7,1189.8,reconstructed
NO 15/9-A-15,2717.8,1858.6,-6683.6,1191.0,reconstructed
NO 15/9-A-15,2742.6,1872.3,-6661.6,1192.3,reconstructed
NO 15/9-A-15,2767.4,1886.1,-6639.6,1193.6,reconstructed
NO 15/9-A-15,2792.3,1899.8,-6617.7,1194.8,reconstructed
NO 15/9-A-15,2817.1,1913.7,-6595.8,1196.1,reconstructed
NO 15/9-A-15,2841.9,1927.5,-6574.0,1197.3,reconstructed
NO 15/9-A-15,2866.8,1941.4,-6552.2,1198.6,reconstructed
NO 15/9-A-15,2891.6,1955.3,-6530.6,1199.8,reconstructed
NO 15/9-A-15,2916.4,1969.2,-6509.0,1201.0,reconstructed
NO 15/9-A-15,2941.3,1983.2,-6487.5,1202.2,reconstructed
NO 15/9-A-15,2966.1,1997.3,-6466.1,1203.4,reconstructed
NO 15/9-A-15,2990.9,2011.3,-6444.8,1204.6,reconstructed
NO 15/9-A-15,3015.8,2025.4,-6423.7,1205.7,reconstructed
NO 15/9-A-15,3040.6,2039.6,-6402.6,1206.9,reconstructed
NO 15/9-A-15,3065.4,2053.8,-6381.6,1208.0,reconstructed
NO 15/9-A-15,3090.3,2068.1,-6360.8,1209.1,reconstructed
NO 15/9-A-15,3115.1,2082.4,-6340.0,1210.2,reconstructed
NO 15/9-A-15,3139.9,2096.8,-6319.4,1211.3,reconstructed
NO 15/9-A-15,3164.8,2111.3,-6299.0,1212.4,reconstructed
NO 15/9-A-15,3189.6,2125.8,-6278.7,1213.4,reconstructed
NO 15/9-A-15,3214.4,2140.3,-6258.5,1214.5,reconstructed
NO 15/9-A-15,3239.3,2155.0,-6238.5,1215.5,reconstructed
NO 15/9-A-15,3264.1,2169.7,-6218.6,1216.5,reconstructed
NO 15/9-A-15,3288.9,2184.5,-6198.9,1217.5,reconstructed
NO 15/9-A-15,3313.8,2199.3,-6179.3,1218.5,reconstructed
NO 15/9-A-15,3338.6,2214.2,-6159.9,1219.4,reconstructed
NO 15/9-A-15,3363.4,2229.2,-6140.7,1220.4,reconstructed
NO 15/9-A-15,3388.3,2244.3,-6121.7,1221.3,reconstructed
NO 15/9-A-15,3413.1,2259.5,-6102.9,1222.2,reconstructed
NO 15/9-A-15,3437.9,2274.7,-6084.2,1223.1,reconstructed
NO 15/9-A-15,3462.8,2290.0,-6065.8,1223.9,reconstructed
NO 15/9-A-15,3487.6,2305.5,-6047.5,1224.8,reconstructed
NO 15/9-A-15,3512.4,2321.0,-6029.5,1225.6,reconstructed
NO 15/9-A-15,3537.3,2336.6,-6011.6,1226.4,reconstructed
NO 15/9-A-15,3562.1,2352.3,-5994.0,1227.2,reconstructed
NO 15/9-A-15,3586.9,2368.1,-5976.6,1227.9,reconstructed
NO 15/9-A-15,3611.8,2384.0,-5959.4,1228.7,reconstructed
NO 15/9-A-15,3636.6,2400.0,-5942.5,1229.4,reconstructed
NO 15/9-A-15,3661.4,2416.1,-5925.8,1230.1,reconstructed
NO 15/9-A-15,3682.8,2431.0,-5910.5,1230.6,reconstructed
NO 15/9-A-15,3704.1,2446.0,-5895.3,1231.0,reconstructed
NO 15/9-A-15,3725.5,2461.0,-5880.2,1231.3,reconstructed
NO 15/9-A-15,3746.8,2476.1,-5865.1,1231.5,reconstructed
NO 15/9-A-15,3768.2,2491.2,-5849.9,1231.7,reconstructed
NO 15/9-A-15,3789.5,2506.2,-5834.8,1232.0,reconstructed
NO 15/9-A-15,3813.0,2522.6,-5818.0,1232.3,reconstructed
NO 15/9-A-15,3836.5,2539.0,-5801.1,1232.5,reconstructed
NO 15/9-A-15,3860.0,2555.4,-5784.3,1232.8,reconstructed
NO 15/9-A-15,3883.5,2571.8,-5767.4,1233.0,reconstructed
NO 15/9-A-15,3907.0,2588.2,-5750.6,1233.2,reconstructed
NO 15/9-A-15,3930.5,2604.8,-5733.9,1233.4,reconstructed
NO 15/9-A-15,3954.0,2621.5,-5717.3,1233.7,reconstructed
NO 15/9-A-15,3975.5,2636.8,-5702.3,1233.9,reconstructed
NO 15/9-A-15,3997.0,2652.2,-5687.4,1234.1,reconstructed
NO 15/9-A-15,4018.5,2667.8,-5672.5,1234.3,reconstructed
NO 15/9-A-15,4040.0,2683.4,-5657.7,1234.5,reconstructed
NO 15/9-A-15,4061.5,2699.1,-5643.1,1234.7,reconstructed
NO 15/9-A-15,4083.0,2714.9,-5628.5,1235.0,reconstructed
NO 15/9-A-15,4103.5,2730.2,-5614.9,1235.2,reconstructed
NO 15/9-A-15,4124.0,2745.6,-5601.4,1235.5,reconstructed
NO 15/9-A-15,4144.5,2761.2,-5588.0,1235.9,reconstructed
NO 15/9-A-15,4165.0,2776.6,-5574.5,1236.2,reconstructed
NO 15/9-B-6,0.0,0.0,-2458.0,-9954.5,reconstructed
NO 15/9-B-6,156.0,156.0,-2458.0,-9954.5,reconstructed
NO 15/9-B-6,180.7,180.6,-2458.1,-9954.5,reconstructed
NO 15/9-B-6,205.5,205.3,-2458.4,-9954.3,reconstructed
NO 15/9-B-6,230.2,230.1,-2458.7,-9954.0,reconstructed
NO 15/9-B-6,255.0,255.0,-2459.1,-9953.6,reconstructed
NO 15/9-B-6,279.7,279.9,-2459.5,-9953.2,reconstructed
NO 15/9-B-6,304.4,304.9,-2459.9,-9952.6,reconstructed
NO 15/9-B-6,329.2,329.9,-2460.3,-9952.1,reconstructed
NO 15/9-B-6,353.9,354.9,-2460.7,-9951.4,reconstructed
NO 15/9-B-6,378.7,380.0,-2460.9,-9950.7,reconstructed
NO 15/9-B-6,403.4,405.0,-2461.0,-9950.0,reconstructed
NO 15/9-B-6,428.2,430.0,-2461.0,-9949.3,reconstructed
NO 15/9-B-6,452.9,455.1,-2460.7,-9948.6,reconstructed
NO 15/9-B-6,477.6,480.0,-2460.2,-9947.8,reconstructed
NO 15/9-B-6,502.4,505.0,-2459.5,-9947.1,reconstructed
NO 15/9-B-6,527.1,529.8,-2458.4,-9946.4,reconstructed
NO 15/9-B-6,551.9,554.6,-2457.0,-9945.8,reconstructed
NO 15/9-B-6,576.6,579.4,-2455.3,-9945.2,reconstructed
NO 15/9-B-6,601.3,604.0,-2453.1,-9944.6,reconstructed
NO 15/9-B-6,626.1,628.5,-2450.5,-9944.1,reconstructed
NO 15/9-B-6,650.8,652.9,-2447.4,-9943.7,reconstructed
NO 15/9-B-6,675.6,677.2,-2443.8,-9943.4,reconstructed
NO 15/9-B-6,700.3,701.4,-2439.7,-9943.2,reconstructed
NO 15/9-B-6,725.1,725.4,-2435.0,-9943.1,reconstructed
NO 15/9-B-6,749.8,749.2,-2429.7,-9943.1,reconstructed
NO 15/9-B-6,774.5,772.9,-2423.7,-9943.3,reconstructed
NO 15/9-B-6,799.3,796.3,-2417.1,-9943.6,reconstructed
NO 15/9-B-6,824.0,819.6,-2409.8,-9944.0,reconstructed
NO 15/9-B-6,848.8,842.7,-2401.7,-9944.6,reconstructed
NO 15/9-B-6,873.5,865.6,-2392.8,-9945.4,reconstructed
NO 15/9-B-6,898.3,888.3,-2383.3,-9946.4,reconstructed
NO 15/9-B-6,923.1,910.8,-2373.4,-9947.4,reconstructed
NO 15/9-B-6,947.9,933.0,-2363.1,-9948.4,reconstructed
NO 15/9-B-6,972.7,955.0,-2352.3,-9949.6,reconstructed
NO 15/9-B-6,997.5,976.8,-2341.2,-9950.8,reconstructed
NO 15/9-B-6,1022.3,998.3,-2329.7,-9952.1,reconstructed
NO 15/9-B-6,1047.1,1019.6,-2317.9,-9953.4,reconstructed
NO 15/9-B-6,1072.0,1040.8,-2305.7,-9954.8,reconstructed
NO 15/9-B-6,1096.8,1061.7,-2293.2,-9956.3,reconstructed
NO 15/9-B-6,1121.6,1082.4,-2280.3,-9957.8,reconstructed
NO 15/9-B-6,1146.4,1102.9,-2267.1,-9959.4,reconstructed
NO 15/9-B-6,1171.2,1123.2,-2253.6,-9961.0,reconstructed
NO 15/9-B-6,1196.0,1143.4,-2239.8,-9962.7,reconstructed
NO 15/9-B-6,1220.8,1163.4,-2225.7,-9964.4,reconstructed
NO 15/9-B-6,1245.6,1183.2,-2211.4,-9966.2,reconstructed
NO 15/9-B-6,1270.4,1202.9,-2196.8,-9968.1,reconstructed
NO 15/9-B-6,1295.2,1222.4,-2181.9,-9969.9,reconstructed
NO 15/9-B-6,1320.0,1241.8,-2166.8,-9971.9,reconstructed
NO 15/9-B-6,1344.8,1261.0,-2151.5,-9973.8,reconstructed
NO 15/9-B-6,1369.6,1280.1,-2135.9,-9975.8,reconstructed
NO 15/9-B-6,1394.4,1299.1,-2120.2,-9977.9,reconstructed
NO 15/9-B-6,1419.3,1317.9,-2104.2,-9980.0,reconstructed
NO 15/9-B-6,1444.1,1336.7,-2088.1,-9982.1,reconstructed
NO 15/9-B-6,1468.9,1355.3,-2071.8,-9984.2,reconstructed
NO 15/9-B-6,1493.7,1373.9,-2055.3,-9986.4,reconstructed
NO 15/9-B-6,1518.5,1392.3,-2038.7,-9988.6,reconstructed
NO 15/9-B-6,1543.3,1410.7,-2021.9,-9990.8,reconstructed
NO 15/9-B-6,1568.1,1429.0,-2005.0,-9993.1,reconstructed
NO 15/9-B-6,1592.9,1447.2,-1988.0,-9995.3,reconstructed
NO 15/9-B-6,1617.7,1465.3,-1970.9,-9997.6,reconstructed
NO 15/9-B-6,1642.5,1483.4,-1953.7,-9999.9,reconstructed
NO 15/9-B-6,1667.3,1501.4,-1936.4,-10002.3,reconstructed
NO 15/9-B-6,1692.1,1519.4,-1919.0,-10004.6,reconstructed
NO 15/9-B-6,1716.9,1537.4,-1901.6,-10007.0,reconstructed
NO 15/9-B-6,1741.7,1555.3,-1884.1,-10009.3,reconstructed
NO 15/9-B-6,1766.6,1573.2,-1866.6,-10011.7,reconstructed
NO 15/9-B-6,1791.4,1591.0,-1849.0,-10014.1,reconstructed
NO 15/9-B-6,1816.2,1608.9,-1831.4,-10016.5,reconstructed
NO 15/9-B-6,1841.0,1626.8,-1813.8,-10018.9,reconstructed
NO 15/9-B-6,1865.8,1644.6,-1796.3,-10021.3,reconstructed
NO 15/9-B-6,1890.6,1662.5,-1778.7,-10023.7,reconstructed
NO 15/9-B-6,1915.4,1680.3,-1761.1,-10026.1,reconstructed
NO 15/9-B-6,1940.2,1698.2,-1743.6,-10028.5,reconstructed
NO 15/9-B-6,1965.0,1716.1,-1726.2,-10030.9,reconstructed
NO 15/9-B-6,1989.8,1734.1,-1708.8,-10033.2,reconstructed
NO 15/9-B-6,2014.6,1752.1,-1691.5,-10035.6,reconstructed
NO 15/9-B-6,2039.4,1770.1,-1674.2,-10038.0,reconstructed
NO 15/9-B-6,2064.2,1788.2,-1657.1,-10040.3,reconstructed
NO 15/9-B-6,2089.0,1806.3,-1640.0,-10042.6,reconstructed
NO 15/9-B-6,2113.9,1824.6,-1623.1,-10044.9,reconstructed
NO 15/9-B-6,2138.7,1842.8,-1606.3,-10047.2,reconstructed
NO 15/9-B-6,2163.5,1861.2,-1589.6,-10049.5,reconstructed
NO 15/9-B-6,2188.3,1879.7,-1573.1,-10051.7,reconstructed
NO 15/9-B-6,2213.1,1898.2,-1556.7,-10053.9,reconstructed
NO 15/9-B-6,2237.9,1916.8,-1540.5,-10056.1,reconstructed
NO 15/9-B-6,2262.7,1935.6,-1524.5,-10058.3,reconstructed
NO 15/9-B-6,2287.5,1954.5,-1508.6,-10060.4,reconstructed
NO 15/9-B-6,2312.1,1973.3,-1492.9,-10062.5,reconstructed
NO 15/9-B-6,2336.7,1992.0,-1477.2,-10064.7,reconstructed
NO 15/9-B-6,2361.3,2010.7,-1461.3,-10066.8,reconstructed
NO 15/9-B-6,2385.9,2029.4,-1445.4,-10069.0,reconstructed
NO 15/9-B-6,2410.6,2047.9,-1429.4,-10071.2,reconstructed
NO 15/9-B-6,2435.2,2066.5,-1413.3,-10073.3,reconstructed
NO 15/9-B-6,2459.8,2085.0,-1397.2,-10075.5,reconstructed
NO 15/9-B-6,2484.4,2103.4,-1381.1,-10077.8,reconstructed
NO 15/9-B-6,2509.0,2121.8,-1364.9,-10080.0,reconstructed
NO 15/9-B-6,2533.6,2140.2,-1348.6,-10082.2,reconstructed
NO 15/9-B-6,2558.2,2158.6,-1332.4,-10084.4,reconstructed
NO 15/9-B-6,2582.8,2176.9,-1316.1,-10086.7,reconstructed
NO 15/9-B-6,2607.5,2195.2,-1299.7,-10088.9,reconstructed
NO 15/9-B-6,2632.1,2213.5,-1283.4,-10091.2,reconstructed
NO 15/9-B-6,2656.7,2231.8,-1267.1,-10093.4,reconstructed
NO 15/9-B-6,2681.3,2250.1,-1250.7,-10095.7,reconstructed
NO 15/9-B-6,2705.9,2268.4,-1234.3,-10098.0,reconstructed
NO 15/9-B-6,2730.5,2286.7,-1218.0,-10100.2,reconstructed
NO 15/9-B-6,2755.1,2304.9,-1201.6,-10102.5,reconstructed
NO 15/9-B-6,2779.8,2323.2,-1185.3,-10104.8,reconstructed
NO 15/9-B-6,2804.4,2341.5,-1169.0,-10107.1,reconstructed
NO 15/9-B-6,2829.0,2359.9,-1152.7,-10109.3,reconstructed
NO 15/9-B-6,2853.6,2378.2,-1136.4,-10111.6,reconstructed
NO 15/9-B-6,2878.2,2396.6,-1120.2,-10113.9,reconstructed
NO 15/9-B-6,2902.8,2415.0,-1104.0,-10116.1,reconstructed
NO 15/9-B-6,2927.4,2433.4,-1087.8,-10118.4,reconstructed
NO 15/9-B-6,2952.0,2451.9,-1071.7,-10120.7,reconstructed
NO 15/9-B-6,2976.6,2470.4,-1055.6,-10122.9,reconstructed
NO 15/9-B-6,3001.3,2489.0,-1039.6,-10125.2,reconstructed
NO 15/9-B-6,3025.9,2507.6,-1023.7,-10127.4,reconstructed
NO 15/9-B-6,3050.5,2526.2,-1007.8,-10129.6,reconstructed
NO 15/9-B-6,3075.1,2545.0,-992.0,-10131.8,reconstructed
NO 15/9-B-6,3099.7,2563.7,-976.3,-10134.1,reconstructed
NO 15/9-B-6,3124.3,2582.6,-960.7,-10136.3,reconstructed
NO 15/9-B-6,3148.9,2601.5,-945.1,-10138.4,reconstructed
NO 15/9-B-6,3173.6,2620.5,-929.7,-10140.6,reconstructed
NO 15/9-B-6,3198.2,2639.6,-914.3,-10142.8,reconstructed
NO 15/9-B-6,3222.8,2658.7,-899.0,-10144.9,reconstructed
NO 15/9-B-6,3247.4,2678.0,-883.9,-10147.1,reconstructed
NO 15/9-B-6,3272.0,2697.3,-868.9,-10149.2,reconstructed
NO 15/9-B-6,3296.6,2716.8,-853.9,-10151.3,reconstructed
NO 15/9-B-6,3321.2,2736.3,-839.2,-10153.4,reconstructed
NO 15/9-B-6,3345.8,2755.9,-824.5,-10155.5,reconstructed
NO 15/9-B-6,3370.4,2775.7,-810.0,-10157.5,reconstructed
NO 15/9-B-6,3394.3,2794.9,-796.0,-10159.5,reconstructed
NO 15/9-B-6,3418.1,2814.2,-782.2,-10161.4,reconstructed
NO 15/9-B-6,3441.9,2833.6,-768.6,-10163.4,reconstructed
NO 15/9-B-6,3465.7,2853.2,-755.1,-10165.3,reconstructed
NO 15/9-B-6,3489.5,2873.0,-741.9,-10167.1,reconstructed
NO 15/9-B-6,3513.3,2892.9,-729.0,-10169.0,reconstructed
NO 15/9-B-6,3537.1,2913.0,-716.4,-10170.8,reconstructed
NO 15/9-B-6,3560.9,2933.4,-704.2,-10172.5,reconstructed
NO 15/9-B-6,3584.7,2953.9,-692.3,-10174.3,reconstructed
NO 15/9-B-6,3608.5,2974.7,-680.9,-10176.0,reconstructed
NO 15/9-B-6,3632.3,2995.8,-670.0,-10177.6,reconstructed
NO 15/9-B-6,3656.1,3017.1,-659.5,-10179.2,reconstructed
NO 15/9-B-6,3680.0,3038.7,-649.5,-10180.8,reconstructed
NO 15/9-B-6,3704.0,3060.4,-639.8,-10182.4,reconstructed
NO 15/9-B-6,3728.0,3082.3,-630.5,-10184.0,reconstructed
NO 15/9-B-6,3751.9,3104.4,-621.4,-10185.5,reconstructed
NO 15/9-B-6,3775.9,3126.5,-612.7,-10187.0,reconstructed
NO 15/9-B-6,3799.9,3148.8,-604.2,-10188.6,reconstructed
NO 15/9-B-6,3823.9,3171.2,-596.0,-10190.0,reconstructed
NO 15/9-B-6,3847.8,3193.7,-588.0,-10191.5,reconstructed
NO 15/9-B-6,3871.8,3216.3,-580.3,-10192.9,reconstructed
NO 15/9-B-6,3895.8,3239.0,-572.8,-10194.3,reconstructed
NO 15/9-B-6,3919.7,3261.8,-565.6,-10195.7,reconstructed
NO 15/9-B-6,3943.7,3284.6,-558.5,-10197.0,reconstructed
NO 15/9-B-6,3967.7,3307.5,-551.7,-10198.3,reconstructed
NO 15/9-B-6,3991.6,3330.5,-545.1,-10199.5,reconstructed
NO 15/9-B-6,4015.6,3353.5,-538.6,-10200.7,reconstructed
NO 15/9-B-6,4039.6,3376.6,-532.3,-10201.8,reconstructed
NO 15/9-B-6,4063.6,3399.6,-526.1,-10202.9,reconstructed
NO 15/9-B-6,4087.5,3422.8,-520.1,-10203.9,reconstructed
NO 15/9-B-6,4111.5,3445.9,-514.2,-10204.8,reconstructed
NO 15/9-B-6,4136.3,3470.2,-509.3,-10205.5,reconstructed
NO 15/9-B-6,4161.2,3494.8,-505.6,-10205.9,reconstructed
NO 15/9-B-6,4186.0,3519.3,-502.0,-10206.3,reconstructed
NO 15/9-B-6,4210.4,3543.4,-497.9,-10206.9,reconstructed
NO 15/9-B-6,4234.8,3567.4,-493.8,-10207.4,reconstructed
NO 15/9-B-6,4259.2,3591.4,-489.7,-10207.9,reconstructed
NO 15/9-B-6,4283.5,3615.5,-485.6,-10208.5,reconstructed
NO 15/9-B-6,4307.9,3639.5,-481.5,-10209.1,reconstructed
NO 15/9-B-6,4332.3,3663.5,-477.3,-10209.6,reconstructed
NO 15/9-B-6,4356.7,3687.5,-473.2,-10210.2,reconstructed
NO 15/9-B-6,4381.1,3711.6,-469.0,-10210.8,reconstructed
NO 15/9-B-6,4398.8,3729.0,-466.0,-10211.3,reconstructed
NO 15/9-B-6,4416.5,3746.5,-463.0,-10211.8,reconstructed
NO 15/9-B-6,4434.2,3763.9,-460.0,-10212.2,reconstructed
NO 15/9-B-6,4444.5,3774.0,-458.2,-10212.5,reconstructed
NO 15/9-B-6,4454.8,3784.2,-456.5,-10212.7,reconstructed
NO 15/9-C-2 AH,0.0,0.0,-674.0,2448.9,reconstructed
NO 15/9-C-2 AH,109.0,109.0,-674.0,2448.9,reconstructed
NO 15/9-C-2 AH,133.2,133.0,-674.0,2448.9,reconstructed
NO 15/9-C-2 AH,157.5,157.0,-673.8,2449.0,reconstructed
NO 15/9-C-2 AH,181.7,181.0,-673.5,2449.2,reconstructed
NO 15/9-C-2 AH,205.9,205.1,-673.0,2449.5,reconstructed
NO 15/9-C-2 AH,230.1,229.3,-672.3,2450.0,reconstructed
NO 15/9-C-2 AH,254.4,253.4,-671.5,2450.5,reconstructed
NO 15/9-C-2 AH,278.6,277.6,-670.6,2451.1,reconstructed
NO 15/9-C-2 AH,302.8,301.7,-669.4,2451.9,reconstructed
NO 15/9-C-2 AH,327.0,325.9,-668.1,2452.8,reconstructed
NO 15/9-C-2 AH,351.3,350.1,-666.6,2453.9,reconstructed
NO 15/9-C-2 AH,375.5,374.2,-665.0,2455.1,reconstructed
NO 15/9-C-2 AH,399.7,398.3,-663.1,2456.4,reconstructed
NO 15/9-C-2 AH,423.9,422.4,-661.0,2458.0,reconstructed
NO 15/9-C-2 AH,448.2,446.4,-658.7,2459.7,reconstructed
NO 15/9-C-2 AH,472.4,470.4,-656.2,2461.6,reconstructed
NO 15/9-C-2 AH,496.6,494.4,-653.5,2463.7,reconstructed
NO 15/9-C-2 AH,520.8,518.2,-650.5,2465.9,reconstructed
NO 15/9-C-2 AH,545.1,542.0,-647.3,2468.4,reconstructed
NO 15/9-C-2 AH,569.3,565.8,-643.9,2471.1,reconstructed
NO 15/9-C-2 AH,593.5,589.4,-640.2,2474.1,reconstructed
NO 15/9-C-2 AH,617.7,612.9,-636.3,2477.2,reconstructed
NO 15/9-C-2 AH,642.0,636.4,-632.1,2480.6,reconstructed
NO 15/9-C-2 AH,666.2,659.7,-627.6,2484.3,reconstructed
NO 15/9-C-2 AH,690.4,682.9,-622.9,2488.2,reconstructed
NO 15/9-C-2 AH,714.6,706.0,-617.9,2492.3,reconstructed
NO 15/9-C-2 AH,738.9,728.9,-612.6,2496.8,reconstructed
NO 15/9-C-2 AH,763.1,751.8,-607.0,2501.5,reconstructed
NO 15/9-C-2 AH,787.3,774.4,-601.1,2506.5,reconstructed
NO 15/9-C-2 AH,811.5,796.9,-595.0,2511.8,reconstructed
NO 15/9-C-2 AH,835.8,819.3,-588.5,2517.4,reconstructed
NO 15/9-C-2 AH,860.0,841.4,-581.6,2523.3,reconstructed
NO 15/9-C-2 AH,884.7,864.0,-574.3,2529.6,reconstructed
NO 15/9-C-2 AH,909.5,886.4,-566.7,2536.3,reconstructed
NO 15/9-C-2 AH,934.2,908.6,-558.9,2543.2,reconstructed
NO 15/9-C-2 AH,958.9,930.5,-550.7,2550.3,reconstructed
NO 15/9-C-2 AH,983.7,952.3,-542.4,2557.7,reconstructed
NO 15/9-C-2 AH,1008.4,973.8,-533.7,2565.4,reconstructed
NO 15/9-C-2 AH,1033.1,995.2,-524.8,2573.2,reconstructed
NO 15/9-C-2 AH,1057.8,1016.4,-515.7,2581.3,reconstructed
NO 15/9-C-2 AH,1082.6,1037.4,-506.4,2589.6,reconstructed
NO 15/9-C-2 AH,1107.3,1058.3,-496.8,2598.1,reconstructed
NO 15/9-C-2 AH,1132.0,1078.9,-487.0,2606.9,reconstructed
NO 15/9-C-2 AH,1156.8,1099.5,-477.0,2615.8,reconstructed
NO 15/9-C-2 AH,1181.5,1119.8,-466.9,2624.9,reconstructed
NO 15/9-C-2 AH,1206.2,1140.0,-456.5,2634.2,reconstructed
NO 15/9-C-2 AH,1231.0,1160.1,-445.9,2643.7,reconstructed
NO 15/9-C-2 AH,1255.7,1180.1,-435.2,2653.3,reconstructed
NO 15/9-C-2 AH,1280.4,1199.9,-424.3,2663.1,reconstructed
NO 15/9-C-2 AH,1305.2,1219.6,-413.2,2673.0,reconstructed
NO 15/9-C-2 AH,1329.9,1239.1,-402.0,2683.1,reconstructed
NO 15/9-C-2 AH,1354.6,1258.6,-390.6,2693.4,reconstructed
NO 15/9-C-2 AH,1379.3,1277.9,-379.1,2703.7,reconstructed
NO 15/9-C-2 AH,1404.1,1297.1,-367.5,2714.2,reconstructed
NO 15/9-C-2 AH,1428.8,1316.3,-355.7,2724.8,reconstructed
NO 15/9-C-2 AH,1453.5,1335.3,-343.9,2735.5,reconstructed
NO 15/9-C-2 AH,1478.3,1354.3,-331.9,2746.3,reconstructed
NO 15/9-C-2 AH,1503.0,1373.2,-319.8,2757.2,reconstructed
NO 15/9-C-2 AH,1527.7,1392.0,-307.6,2768.2,reconstructed
NO 15/9-C-2 AH,1552.5,1410.8,-295.3,2779.3,reconstructed
NO 15/9-C-2 AH,1577.2,1429.5,-283.0,2790.5,reconstructed
NO 15/9-C-2 AH,1601.9,1448.1,-270.5,2801.7,reconstructed
NO 15/9-C-2 AH,1626.7,1466.7,-258.0,2812.9,reconstructed
NO 15/9-C-2 AH,1651.4,1485.2,-245.5,2824.3,reconstructed
NO 15/9-C-2 AH,1676.1,1503.7,-232.9,2835.6,reconstructed
NO 15/9-C-2 AH,1700.8,1522.2,-220.2,2847.0,reconstructed
NO 15/9-C-2 AH,1725.6,1540.6,-207.6,2858.5,reconstructed
NO 15/9-C-2 AH,1750.3,1559.1,-194.8,2869.9,reconstructed
NO 15/9-C-2 AH,1775.0,1577.5,-182.1,2881.4,reconstructed
NO 15/9-C-2 AH,1799.8,1595.9,-169.4,2892.9,reconstructed
NO 15/9-C-2 AH,1824.5,1614.3,-156.6,2904.4,reconstructed
NO 15/9-C-2 AH,1849.2,1632.6,-143.9,2915.8,reconstructed
NO 15/9-C-2 AH,1874.0,1651.0,-131.1,2927.3,reconstructed
NO 15/9-C-2 AH,1898.7,1669.5,-118.4,2938.8,reconstructed
NO 15/9-C-2 AH,1923.4,1687.9,-105.7,2950.2,reconstructed
NO 15/9-C-2 AH,1948.2,1706.4,-93.0,2961.5,reconstructed
NO 15/9-C-2 AH,1972.9,1724.8,-80.4,2972.9,reconstructed
NO 15/9-C-2 AH,1997.6,1743.4,-67.8,2984.2,reconstructed
NO 15/9-C-2 AH,2022.3,1761.9,-55.3,2995.4,reconstructed
NO 15/9-C-2 AH,2047.1,1780.6,-42.8,3006.6,reconstructed
NO 15/9-C-2 AH,2071.8,1799.2,-30.4,3017.7,reconstructed
NO 15/9-C-2 AH,2096.5,1818.0,-18.0,3028.7,reconstructed
NO 15/9-C-2 AH,2121.3,1836.8,-5.8,3039.6,reconstructed
NO 15/9-C-2 AH,2146.0,1855.6,6.4,3050.4,reconstructed
NO 15/9-C-2 AH,2170.7,1874.6,18.4,3061.2,reconstructed
NO 15/9-C-2 AH,2195.5,1893.6,30.4,3071.8,reconstructed
NO 15/9-C-2 AH,2220.2,1912.7,42.3,3082.3,reconstructed
NO 15/9-C-2 AH,2244.9,1931.9,54.0,3092.7,reconstructed
NO 15/9-C-2 AH,2269.7,1951.2,65.6,3103.0,reconstructed
NO 15/9-C-2 AH,2294.4,1970.6,77.1,3113.1,reconstructed
NO 15/9-C-2 AH,2319.1,1990.2,88.4,3123.1,reconstructed
NO 15/9-C-2 AH,2343.8,2009.8,99.6,3132.9,reconstructed
NO 15/9-C-2 AH,2368.6,2029.6,110.6,3142.6,reconstructed
NO 15/9-C-2 AH,2393.3,2049.5,121.5,3152.1,reconstructed
NO 15/9-C-2 AH,2418.0,2069.5,132.1,3161.4,reconstructed
NO 15/9-C-2 AH,2442.8,2089.7,142.7,3170.6,reconstructed
NO 15/9-C-2 AH,2467.5,2110.0,153.0,3179.5,reconstructed
NO 15/9-C-2 AH,2492.2,2130.5,163.1,3188.3,reconstructed
NO 15/9-C-2 AH,2517.0,2151.1,173.0,3196.9,reconstructed
NO 15/9-C-2 AH,2541.7,2171.9,182.8,3205.2,reconstructed
NO 15/9-C-2 AH,2566.4,2192.9,192.3,3213.4,reconstructed
NO 15/9-C-2 AH,2591.2,2214.0,201.6,3221.3,reconstructed
NO 15/9-C-2 AH,2615.9,2235.3,210.6,3229.0,reconstructed
NO 15/9-C-2 AH,2640.6,2256.8,219.4,3236.4,reconstructed
NO 15/9-C-2 AH,2665.3,2278.5,228.0,3243.7,reconstructed
NO 15/9-C-2 AH,2690.1,2300.4,236.3,3250.6,reconstructed
NO 15/9-C-2 AH,2714.8,2322.5,244.4,3257.3,reconstructed
NO 15/9-C-2 AH,2739.5,2344.8,252.2,3263.7,reconstructed
NO 15/9-C-2 AH,2764.3,2367.3,259.7,3269.9,reconstructed
NO 15/9-C-2 AH,2789.0,2390.1,267.0,3275.8,reconstructed
NO 15/9-C-2 AH,2811.4,2411.4,272.2,3279.8,reconstructed
NO 15/9-C-2 AH,2833.8,2433.4,275.5,3282.0,reconstructed
NO 15/9-C-2 AH,2856.2,2455.9,277.5,3282.7,reconstructed
NO 15/9-C-2 AH,2878.6,2478.5,278.8,3282.7,reconstructed
NO 15/9-C-2 AH,2901.0,2501.1,280.0,3282.4,reconstructed
NO 15/9-C-2 AH,2922.8,2522.8,281.3,3281.9,reconstructed
NO 15/9-C-2 AH,2944.7,2544.6,282.4,3281.0,reconstructed
NO 15/9-C-2 AH,2966.5,2566.4,283.1,3279.6,reconstructed
NO 15/9-C-2 AH,2988.3,2588.2,283.2,3277.6,reconstructed
NO 15/9-C-2 AH,3010.2,2609.8,282.3,3275.1,reconstructed
NO 15/9-C-2 AH,3032.0,2631.2,280.2,3271.9,reconstructed
NO 15/9-C-2 AH,3053.7,2652.2,276.7,3268.1,reconstructed
NO 15/9-C-2 AH,3075.4,2672.8,272.2,3263.8,reconstructed
NO 15/9-C-2 AH,3097.1,2693.2,266.9,3258.9,reconstructed
NO 15/9-C-2 AH,3118.9,2713.4,260.9,3253.7,reconstructed
NO 15/9-C-2 AH,3140.6,2733.3,254.4,3248.0,reconstructed
NO 15/9-C-2 AH,3162.3,2753.1,247.7,3242.0,reconstructed
NO 15/9-C-2 AH,3184.0,2772.7,241.0,3235.7,reconstructed
NO 15/9-C-2 AH,3204.2,2790.6,234.4,3229.1,reconstructed
NO 15/9-C-2 AH,3224.5,2808.1,227.2,3221.8,reconstructed
NO 15/9-C-2 AH,3244.8,2825.4,219.8,3214.2,reconstructed
NO 15/9-C-2 AH,3265.0,2842.8,212.5,3206.8,reconstructed
NO 15/9-C-2 AH,3287.7,2862.5,204.7,3198.7,reconstructed
NO 15/9-C-2 AH,3310.5,2882.2,196.9,3190.6,reconstructed
NO 15/9-C-2 AH,3333.2,2902.0,189.1,3182.5,reconstructed
NO 15/9-C-2 AH,3355.9,2921.7,181.3,3174.4,reconstructed
NO 15/9-C-2 AH,3378.6,2941.5,173.5,3166.3,reconstructed
NO 15/9-C-2 AH,3401.4,2961.3,165.8,3158.2,reconstructed
NO 15/9-C-2 AHT2,0.0,0.0,-674.0,2448.9,reconstructed
NO 15/9-C-2 AHT2,109.0,109.0,-674.0,2448.9,reconstructed
NO 15/9-C-2 AHT2,133.8,133.0,-673.9,2449.0,reconstructed
NO 15/9-C-2 AHT2,158.6,156.9,-673.3,2449.5,reconstructed
NO 15/9-C-2 AHT2,183.4,180.6,-672.4,2450.4,reconstructed
NO 15/9-C-2 AHT2,208.2,204.2,-671.1,2451.5,reconstructed
NO 15/9-C-2 AHT2,233.0,227.6,-669.5,2453.0,reconstructed
NO 15/9-C-2 AHT2,257.7,250.9,-667.5,2454.8,reconstructed
NO 15/9-C-2 AHT2,282.5,274.1,-665.2,2456.9,reconstructed
NO 15/9-C-2 AHT2,307.3,297.2,-662.6,2459.3,reconstructed
NO 15/9-C-2 AHT2,332.1,320.1,-659.6,2462.0,reconstructed
NO 15/9-C-2 AHT2,356.9,343.0,-656.3,2464.9,reconstructed
NO 15/9-C-2 AHT2,381.7,365.7,-652.7,2468.2,reconstructed
NO 15/9-C-2 AHT2,406.5,388.3,-648.8,2471.7,reconstructed
NO 15/9-C-2 AHT2,431.3,410.7,-644.5,2475.5,reconstructed
NO 15/9-C-2 AHT2,456.1,433.1,-640.0,2479.6,reconstructed
NO 15/9-C-2 AHT2,480.9,455.4,-635.2,2484.0,reconstructed
NO 15/9-C-2 AHT2,505.6,477.5,-630.1,2488.6,reconstructed
NO 15/9-C-2 AHT2,530.4,499.5,-624.7,2493.4,reconstructed
NO 15/9-C-2 AHT2,555.2,521.5,-619.1,2498.5,reconstructed
NO 15/9-C-2 AHT2,580.0,543.3,-613.1,2503.9,reconstructed
NO 15/9-C-2 AHT2,604.8,565.1,-607.0,2509.4,reconstructed
NO 15/9-C-2 AHT2,629.6,586.7,-600.5,2515.3,reconstructed
NO 15/9-C-2 AHT2,654.4,608.3,-593.8,2521.3,reconstructed
NO 15/9-C-2 AHT2,679.2,629.7,-586.9,2527.5,reconstructed
NO 15/9-C-2 AHT2,704.0,651.1,-579.7,2534.0,reconstructed
NO 15/9-C-2 AHT2,728.8,672.4,-572.3,2540.7,reconstructed
NO 15/9-C-2 AHT2,753.5,693.6,-564.7,2547.5,reconstructed
NO 15/9-C-2 AHT2,778.3,714.8,-556.8,2554.6,reconstructed
NO 15/9-C-2 AHT2,803.1,735.8,-548.8,2561.9,reconstructed
NO 15/9-C-2 AHT2,827.9,756.8,-540.5,2569.3,reconstructed
NO 15/9-C-2 AHT2,852.7,777.7,-532.0,2576.9,reconstructed
NO 15/9-C-2 AHT2,877.5,798.6,-523.3,2584.7,reconstructed
NO 15/9-C-2 AHT2,902.3,819.3,-514.5,2592.7,reconstructed
NO 15/9-C-2 AHT2,927.1,840.1,-505.4,2600.8,reconstructed
NO 15/9-C-2 AHT2,951.9,860.7,-496.2,2609.1,reconstructed
NO 15/9-C-2 AHT2,976.7,881.3,-486.8,2617.6,reconstructed
NO 15/9-C-2 AHT2,1001.4,901.8,-477.2,2626.2,reconstructed
NO 15/9-C-2 AHT2,1026.2,922.3,-467.5,2634.9,reconstructed
NO 15/9-C-2 AHT2,1051.0,942.7,-457.6,2643.8,reconstructed
NO 15/9-C-2 AHT2,1075.8,963.1,-447.5,2652.8,reconstructed
NO 15/9-C-2 AHT2,1100.6,983.4,-437.4,2661.9,reconstructed
NO 15/9-C-2 AHT2,1125.4,1003.7,-427.0,2671.1,reconstructed
NO 15/9-C-2 AHT2,1150.2,1023.9,-416.6,2680.5,reconstructed
NO 15/9-C-2 AHT2,1175.0,1044.1,-406.0,2690.0,reconstructed
NO 15/9-C-2 AHT2,1199.8,1064.3,-395.3,2699.5,reconstructed
NO 15/9-C-2 AHT2,1224.6,1084.4,-384.5,2709.2,reconstructed
NO 15/9-C-2 AHT2,1249.3,1104.5,-373.6,2719.0,reconstructed
NO 15/9-C-2 AHT2,1274.1,1124.6,-362.6,2728.8,reconstructed
NO 15/9-C-2 AHT2,1298.9,1144.6,-351.5,2738.7,reconstructed
NO 15/9-C-2 AHT2,1323.7,1164.6,-340.3,2748.7,reconstructed
NO 15/9-C-2 AHT2,1348.5,1184.6,-329.0,2758.8,reconstructed
NO 15/9-C-2 AHT2,1373.3,1204.5,-317.6,2769.0,reconstructed
NO 15/9-C-2 AHT2,1398.1,1224.5,-306.2,2779.2,reconstructed
NO 15/9-C-2 AHT2,1422.9,1244.4,-294.7,2789.4,reconstructed
NO 15/9-C-2 AHT2,1447.7,1264.3,-283.1,2799.7,reconstructed
NO 15/9-C-2 AHT2,1472.5,1284.2,-271.5,2810.1,reconstructed
NO 15/9-C-2 AHT2,1497.3,1304.1,-259.8,2820.4,reconstructed
NO 15/9-C-2 AHT2,1522.0,1324.0,-248.1,2830.8,reconstructed
NO 15/9-C-2 AHT2,1546.8,1343.9,-236.3,2841.3,reconstructed
NO 15/9-C-2 AHT2,1571.6,1363.8,-224.6,2851.7,reconstructed
NO 15/9-C-2 AHT2,1596.4,1383.6,-212.8,2862.2,reconstructed
NO 15/9-C-2 AHT2,1621.2,1403.5,-200.9,2872.7,reconstructed
NO 15/9-C-2 AHT2,1646.0,1423.4,-189.1,2883.2,reconstructed
NO 15/9-C-2 AHT2,1670.8,1443.3,-177.3,2893.7,reconstructed
NO 15/9-C-2 AHT2,1695.6,1463.2,-165.4,2904.2,reconstructed
NO 15/9-C-2 AHT2,1720.4,1483.2,-153.6,2914.6,reconstructed
NO 15/9-C-2 AHT2,1745.2,1503.1,-141.8,2925.1,reconstructed
NO 15/9-C-2 AHT2,1769.9,1523.1,-130.0,2935.5,reconstructed
NO 15/9-C-2 AHT2,1794.7,1543.0,-118.2,2945.9,reconstructed
NO 15/9-C-2 AHT2,1819.5,1563.0,-106.4,2956.3,reconstructed
NO 15/9-C-2 AHT2,1844.3,1583.1,-94.7,2966.6,reconstructed
NO 15/9-C-2 AHT2,1869.1,1603.1,-83.0,2976.9,reconstructed
NO 15/9-C-2 AHT2,1893.9,1623.2,-71.4,2987.1,reconstructed
NO 15/9-C-2 AHT2,1918.7,1643.3,-59.8,2997.3,reconstructed
NO 15/9-C-2 AHT2,1943.5,1663.5,-48.3,3007.4,reconstructed
NO 15/9-C-2 AHT2,1968.3,1683.7,-36.8,3017.5,reconstructed
NO 15/9-C-2 AHT2,1993.1,1703.9,-25.4,3027.5,reconstructed
NO 15/9-C-2 AHT2,2017.8,1724.2,-14.1,3037.3,reconstructed
NO 15/9-C-2 AHT2,2042.6,1744.5,-2.9,3047.2,reconstructed
NO 15/9-C-2 AHT2,2067.4,1764.9,8.3,3056.9,reconstructed
NO 15/9-C-2 AHT2,2092.2,1785.3,19.3,3066.5,reconstructed
NO 15/9-C-2 AHT2,2117.0,1805.8,30.3,3076.0,reconstructed
NO 15/9-C-2 AHT2,2141.8,1826.3,41.1,3085.5,reconstructed
NO 15/9-C-2 AHT2,2166.6,1846.9,51.9,3094.8,reconstructed
NO 15/9-C-2 AHT2,2191.4,1867.6,62.5,3104.0,reconstructed
NO 15/9-C-2 AHT2,2216.2,1888.3,73.0,3113.1,reconstructed
NO 15/9-C-2 AHT2,2241.0,1909.1,83.3,3122.0,reconstructed
NO 15/9-C-2 AHT2,2265.7,1929.9,93.6,3130.8,reconstructed
NO 15/9-C-2 AHT2,2290.5,1950.8,103.6,3139.5,reconstructed
NO 15/9-C-2 AHT2,2315.3,1971.8,113.6,3148.0,reconstructed
NO 15/9-C-2 AHT2,2340.1,1992.9,123.4,3156.4,reconstructed
NO 15/9-C-2 AHT2,2364.9,2014.0,133.0,3164.6,reconstructed
NO 15/9-C-2 AHT2,2389.7,2035.2,142.4,3172.7,reconstructed
NO 15/9-C-2 AHT2,2414.5,2056.5,151.7,3180.6,reconstructed
NO 15/9-C-2 AHT2,2439.3,2077.9,160.8,3188.3,reconstructed
NO 15/9-C-2 AHT2,2464.1,2099.4,169.8,3195.9,reconstructed
NO 15/9-C-2 AHT2,2488.9,2120.9,178.5,3203.3,reconstructed
NO 15/9-C-2 AHT2,2513.6,2142.6,187.0,3210.4,reconstructed
NO 15/9-C-2 AHT2,2538.4,2164.3,195.4,3217.4,reconstructed
NO 15/9-C-2 AHT2,2563.2,2186.1,203.5,3224.2,reconstructed
NO 15/9-C-2 AHT2,2588.0,2208.1,211.4,3230.8,reconstructed
NO 15/9-C-2 AHT2,2612.8,2230.1,219.2,3237.2,reconstructed
NO 15/9-C-2 AHT2,2637.6,2252.3,226.6,3243.3,reconstructed
NO 15/9-C-2 AHT2,2662.4,2274.5,233.9,3249.3,reconstructed
NO 15/9-C-2 AHT2,2687.2,2296.9,240.9,3255.0,reconstructed
NO 15/9-C-2 AHT2,2712.0,2319.4,247.7,3260.5,reconstructed
NO 15/9-C-2 AHT2,2736.8,2341.9,254.2,3265.7,reconstructed
NO 15/9-C-2 AHT2,2761.5,2364.6,260.4,3270.7,reconstructed
NO 15/9-C-2 AHT2,2786.3,2387.5,266.5,3275.5,reconstructed
NO 15/9-C-2 AHT2,2809.5,2409.8,271.3,3279.1,reconstructed
NO 15/9-C-2 AHT2,2832.6,2432.5,274.6,3281.2,reconstructed
NO 15/9-C-2 AHT2,2855.7,2455.6,277.0,3282.3,reconstructed
NO 15/9-C-2 AHT2,2878.9,2478.9,278.7,3282.5,reconstructed
NO 15/9-C-2 AHT2,2902.0,2502.0,280.0,3282.4,reconstructed
NO 15/9-C-2 AHT2,2923.7,2523.6,281.3,3281.8,reconstructed
NO 15/9-C-2 AHT2,2945.3,2545.3,282.5,3280.8,reconstructed
NO 15/9-C-2 AHT2,2967.0,2566.9,283.2,3279.2,reconstructed
NO 15/9-C-2 AHT2,2988.7,2588.4,283.2,3277.1,reconstructed
NO 15/9-C-2 AHT2,3010.3,2609.9,282.3,3274.7,reconstructed
NO 15/9-C-2 AHT2,3032.0,2631.2,280.2,3271.9,reconstructed
NO 15/9-C-2 AHT2,3056.0,2654.4,276.1,3268.2,reconstructed
NO 15/9-C-2 AHT2,3080.0,2677.2,270.6,3263.8,reconstructed
NO 15/9-C-2 AHT2,3104.0,2699.8,264.1,3259.1,reconstructed
NO 15/9-C-2 AHT2,3128.0,2722.2,257.0,3254.1,reconstructed
NO 15/9-C-2 AHT2,3152.0,2744.6,250.0,3249.1,reconstructed
NO 15/9-C-2 AHT2,3176.0,2767.1,243.5,3244.4,reconstructed
NO 15/9-C-2 H,0.0,0.0,-674.0,2448.9,reconstructed
NO 15/9-C-2 H,106.0,106.0,-674.0,2448.9,reconstructed
NO 15/9-C-2 H,130.3,130.1,-674.0,2448.9,reconstructed
NO 15/9-C-2 H,154.6,154.2,-673.8,2449.0,reconstructed
NO 15/9-C-2 H,179.0,178.3,-673.4,2449.2,reconstructed
NO 15/9-C-2 H,203.3,202.5,-672.9,2449.4,reconstructed
NO 15/9-C-2 H,227.6,226.7,-672.2,2449.8,reconstructed
NO 15/9-C-2 H,251.9,251.0,-671.4,2450.3,reconstructed
NO 15/9-C-2 H,276.3,275.3,-670.4,2450.9,reconstructed
NO 15/9-C-2 H,300.6,299.5,-669.2,2451.6,reconstructed
NO 15/9-C-2 H,324.9,323.8,-667.9,2452.4,reconstructed
NO 15/9-C-2 H,349.2,348.0,-666.3,2453.4,reconstructed
NO 15/9-C-2 H,373.5,372.3,-664.6,2454.5,reconstructed
NO 15/9-C-2 H,397.9,396.5,-662.7,2455.8,reconstructed
NO 15/9-C-2 H,422.2,420.7,-660.6,2457.3,reconstructed
NO 15/9-C-2 H,446.5,444.8,-658.2,2458.9,reconstructed
NO 15/9-C-2 H,470.8,468.9,-655.7,2460.8,reconstructed
NO 15/9-C-2 H,495.2,492.9,-652.9,2462.8,reconstructed
NO 15/9-C-2 H,519.5,516.9,-649.9,2465.0,reconstructed
NO 15/9-C-2 H,543.8,540.8,-646.7,2467.5,reconstructed
NO 15/9-C-2 H,568.1,564.6,-643.3,2470.2,reconstructed
NO 15/9-C-2 H,592.5,588.4,-639.6,2473.1,reconstructed
NO 15/9-C-2 H,616.8,612.0,-635.7,2476.2,reconstructed
NO 15/9-C-2 H,641.1,635.5,-631.5,2479.7,reconstructed
NO 15/9-C-2 H,665.4,659.0,-627.0,2483.3,reconstructed
NO 15/9-C-2 H,689.7,682.3,-622.3,2487.3,reconstructed
NO 15/9-C-2 H,714.1,705.5,-617.4,2491.5,reconstructed
NO 15/9-C-2 H,738.4,728.5,-612.1,2496.0,reconstructed
NO 15/9-C-2 H,762.7,751.4,-606.6,2500.8,reconstructed
NO 15/9-C-2 H,787.0,774.2,-600.8,2506.0,reconstructed
NO 15/9-C-2 H,811.4,796.7,-594.7,2511.4,reconstructed
NO 15/9-C-2 H,835.7,819.2,-588.3,2517.2,reconstructed
NO 15/9-C-2 H,860.0,841.4,-581.6,2523.3,reconstructed
NO 15/9-C-2 H,883.8,862.9,-574.3,2530.1,reconstructed
NO 15/9-C-2 H,907.6,883.6,-565.9,2538.0,reconstructed
NO 15/9-C-2 H,931.5,903.5,-556.7,2546.8,reconstructed
NO 15/9-C-2 H,955.3,922.8,-546.7,2556.4,reconstructed
NO 15/9-C-2 H,979.1,941.7,-536.2,2566.6,reconstructed
NO 15/9-C-2 H,1002.9,960.2,-525.2,2577.1,reconstructed
NO 15/9-C-2 H,1026.7,978.6,-514.0,2587.9,reconstructed
NO 15/9-C-2 H,1050.5,996.8,-502.6,2598.8,reconstructed
NO 15/9-C-2 H,1074.4,1015.1,-491.3,2609.5,reconstructed
NO 15/9-C-2 H,1098.2,1033.6,-480.1,2620.0,reconstructed
NO 15/9-C-2 H,1122.0,1052.4,-469.3,2630.0,reconstructed
NO 15/9-C-2 H,1146.8,1072.2,-458.3,2640.1,reconstructed
NO 15/9-C-2 H,1171.6,1091.9,-447.3,2650.2,reconstructed
NO 15/9-C-2 H,1196.4,1111.6,-436.2,2660.3,reconstructed
NO 15/9-C-2 H,1221.2,1131.3,-425.0,2670.3,reconstructed
NO 15/9-C-2 H,1246.0,1151.0,-413.9,2680.4,reconstructed
NO 15/9-C-2 H,1270.8,1170.7,-402.7,2690.5,reconstructed
NO 15/9-C-2 H,1295.6,1190.4,-391.5,2700.6,reconstructed
NO 15/9-C-2 H,1320.4,1210.1,-380.3,2710.6,reconstructed
NO 15/9-C-2 H,1345.1,1229.7,-369.0,2720.7,reconstructed
NO 15/9-C-2 H,1369.9,1249.4,-357.7,2730.7,reconstructed
NO 15/9-C-2 H,1394.7,1269.0,-346.4,2740.8,reconstructed
NO 15/9-C-2 H,1419.5,1288.6,-335.1,2750.8,reconstructed
NO 15/9-C-2 H,1444.3,1308.3,-323.8,2760.8,reconstructed
NO 15/9-C-2 H,1469.1,1327.9,-312.4,2770.9,reconstructed
NO 15/9-C-2 H,1493.9,1347.5,-301.0,2780.9,reconstructed
NO 15/9-C-2 H,1518.7,1367.0,-289.6,2790.9,reconstructed
NO 15/9-C-2 H,1543.5,1386.6,-278.2,2800.9,reconstructed
NO 15/9-C-2 H,1568.3,1406.2,-266.7,2811.0,reconstructed
NO 15/9-C-2 H,1593.1,1425.7,-255.3,2821.0,reconstructed
NO 15/9-C-2 H,1617.9,1445.3,-243.8,2831.0,reconstructed
NO 15/9-C-2 H,1642.7,1464.8,-232.3,2841.0,reconstructed
NO 15/9-C-2 H,1667.5,1484.4,-220.8,2851.0,reconstructed
NO 15/9-C-2 H,1692.3,1503.9,-209.3,2861.0,reconstructed
NO 15/9-C-2 H,1717.1,1523.4,-197.8,2871.1,reconstructed
NO 15/9-C-2 H,1741.9,1543.0,-186.3,2881.1,reconstructed
NO 15/9-C-2 H,1766.6,1562.5,-174.7,2891.1,reconstructed
NO 15/9-C-2 H,1791.4,1582.0,-163.2,2901.1,reconstructed
NO 15/9-C-2 H,1816.2,1601.5,-151.6,2911.1,reconstructed
NO 15/9-C-2 H,1841.0,1621.0,-140.1,2921.2,reconstructed
NO 15/9-C-2 H,1865.8,1640.5,-128.5,2931.2,reconstructed
NO 15/9-C-2 H,1890.6,1660.0,-117.0,2941.2,reconstructed
NO 15/9-C-2 H,1915.4,1679.4,-105.4,2951.3,reconstructed
NO 15/9-C-2 H,1940.2,1698.9,-93.8,2961.3,reconstructed
NO 15/9-C-2 H,1965.0,1718.4,-82.2,2971.3,reconstructed
NO 15/9-C-2 H,1989.8,1737.9,-70.7,2981.4,reconstructed
NO 15/9-C-2 H,2014.6,1757.4,-59.1,2991.4,reconstructed
NO 15/9-C-2 H,2039.4,1776.8,-47.5,3001.5,reconstructed
NO 15/9-C-2 H,2064.2,1796.3,-35.9,3011.5,reconstructed
NO 15/9-C-2 H,2089.0,1815.8,-24.4,3021.6,reconstructed
NO 15/9-C-2 H,2113.8,1835.3,-12.8,3031.7,reconstructed
NO 15/9-C-2 H,2138.6,1854.7,-1.3,3041.7,reconstructed
NO 15/9-C-2 H,2163.4,1874.2,10.3,3051.8,reconstructed
NO 15/9-C-2 H,2188.1,1893.7,21.8,3061.9,reconstructed
NO 15/9-C-2 H,2212.9,1913.1,33.4,3072.0,reconstructed
NO 15/9-C-2 H,2237.7,1932.6,44.9,3082.1,reconstructed
NO 15/9-C-2 H,2262.5,1952.1,56.4,3092.2,reconstructed
NO 15/9-C-2 H,2287.3,1971.6,67.9,3102.4,reconstructed
NO 15/9-C-2 H,2312.1,1991.0,79.4,3112.5,reconstructed
NO 15/9-C-2 H,2336.9,2010.5,90.9,3122.6,reconstructed
NO 15/9-C-2 H,2361.7,2030.0,102.4,3132.8,reconstructed
NO 15/9-C-2 H,2386.5,2049.5,113.8,3143.0,reconstructed
NO 15/9-C-2 H,2411.3,2069.0,125.3,3153.1,reconstructed
NO 15/9-C-2 H,2436.1,2088.5,136.7,3163.3,reconstructed
NO 15/9-C-2 H,2460.9,2108.0,148.1,3173.5,reconstructed
NO 15/9-C-2 H,2485.7,2127.5,159.5,3183.7,reconstructed
NO 15/9-C-2 H,2510.5,2147.0,170.8,3193.9,reconstructed
NO 15/9-C-2 H,2535.3,2166.5,182.2,3204.2,reconstructed
NO 15/9-C-2 H,2560.1,2186.0,193.5,3214.4,reconstructed
NO 15/9-C-2 H,2584.9,2205.5,204.8,3224.7,reconstructed
NO 15/9-C-2 H,2609.6,2225.1,216.1,3235.0,reconstructed
NO 15/9-C-2 H,2634.4,2244.6,227.3,3245.2,reconstructed
NO 15/9-C-2 H,2659.2,2264.1,238.6,3255.5,reconstructed
NO 15/9-C-2 H,2684.0,2283.7,249.8,3265.9,reconstructed
NO 15/9-C-2 H,2708.8,2303.2,260.9,3276.2,reconstructed
NO 15/9-C-2 H,2733.6,2322.8,272.1,3286.5,reconstructed
NO 15/9-C-2 H,2758.4,2342.4,283.2,3296.9,reconstructed
NO 15/9-C-2 H,2783.2,2362.0,294.3,3307.3,reconstructed
NO 15/9-C-2 H,2808.0,2381.6,305.4,3317.7,reconstructed
NO 15/9-C-2 H,2831.4,2400.1,315.7,3327.6,reconstructed
NO 15/9-C-2 H,2854.8,2418.6,325.8,3337.6,reconstructed
NO 15/9-C-2 H,2878.2,2437.2,335.9,3347.8,reconstructed
NO 15/9-C-2 H,2901.7,2455.8,345.9,3357.9,reconstructed
NO 15/9-C-2 H,2925.1,2474.3,355.9,3368.1,reconstructed
NO 15/9-C-2 H,2948.5,2492.9,366.0,3378.3,reconstructed
NO 15/9-F-1,145.90,145.90,3.14,-3.54,definitive
NO 15/9-F-1,150.15,150.15,3.14,-3.54,definitive
NO 15/9-F-1,160.45,160.45,3.14,-3.54,definitive
NO 15/9-F-1,170.04,170.04,3.14,-3.54,definitive
NO 15/9-F-1,179.79,179.79,3.14,-3.54,definitive
NO 15/9-F-1,189.74,189.74,3.14,-3.54,definitive
NO 15/9-F-1,198.50,198.50,3.14,-3.54,definitive
NO 15/9-F-1,210.70,210.70,3.14,-3.54,definitive
NO 15/9-F-1,237.60,237.60,3.37,-3.91,definitive
NO 15/9-F-1,251.10,251.09,3.61,-4.28,definitive
NO 15/9-F-1,264.90,264.88,3.92,-4.71,definitive
NO 15/9-F-1,279.20,279.17,4.25,-5.16,definitive
NO 15/9-F-1,292.70,292.66,4.51,-5.53,definitive
NO 15/9-F-1,302.80,302.76,4.69,-5.71,definitive
NO 15/9-F-1,315.50,315.45,4.94,-5.84,definitive
NO 15/9-F-1,332.20,332.14,5.36,-6.18,definitive
NO 15/9-F-1,342.20,342.13,5.63,-6.54,definitive
NO 15/9-F-1,358.50,358.41,6.02,-7.31,definitive
NO 15/9-F-1,378.00,377.88,6.49,-8.29,definitive
NO 15/9-F-1,414.80,414.62,7.39,-10.12,definitive
NO 15/9-F-1,455.40,455.16,8.28,-12.19,definitive
NO 15/9-F-1,495.40,495.11,9.04,-14.11,definitive
NO 15/9-F-1,535.60,535.26,9.76,-15.94,definitive
NO 15/9-F-1,575.80,575.41,10.46,-17.86,definitive
NO 15/9-F-1,616.50,616.03,11.60,-20.05,definitive
NO 15/9-F-1,656.80,656.17,14.01,-22.65,definitive
NO 15/9-F-1,697.10,696.15,17.96,-25.76,definitive
NO 15/9-F-1,720.00,718.78,20.80,-27.87,definitive
NO 15/9-F-1,737.40,735.91,23.20,-29.78,definitive
NO 15/9-F-1,756.80,754.98,25.94,-32.03,definitive
NO 15/9-F-1,798.90,796.42,31.64,-36.76,definitive
NO 15/9-F-1,838.30,835.23,36.71,-41.31,definitive
NO 15/9-F-1,868.00,864.42,40.40,-45.32,definitive
NO 15/9-F-1,878.20,874.43,41.67,-46.84,definitive
NO 15/9-F-1,918.00,913.50,46.84,-52.38,definitive
NO 15/9-F-1,999.00,993.32,57.01,-61.65,definitive
NO 15/9-F-1,1079.80,1073.13,66.68,-69.74,definitive
NO 15/9-F-1,1120.40,1113.08,71.83,-74.75,definitive
NO 15/9-F-1,1160.80,1152.65,77.04,-80.99,definitive
NO 15/9-F-1,1201.00,1192.01,82.05,-87.48,definitive
NO 15/9-F-1,1241.40,1231.51,87.31,-94.08,definitive
NO 15/9-F-1,1281.80,1270.99,92.76,-100.69,definitive
NO 15/9-F-1,1322.40,1310.79,97.93,-106.87,definitive
NO 15/9-F-1,1335.60,1323.76,99.47,-108.72,definitive
NO 15/9-F-1,1387.10,1374.65,105.33,-113.96,definitive
NO 15/9-F-1,1428.00,1415.04,111.29,-116.24,definitive
NO 15/9-F-1,1468.30,1454.57,119.06,-116.67,definitive
NO 15/9-F-1,1508.70,1493.96,127.69,-114.37,definitive
NO 15/9-F-1,1551.30,1535.20,137.25,-109.61,definitive
NO 15/9-F-1,1589.10,1571.41,146.49,-103.98,definitive
NO 15/9-F-1,1629.50,1609.60,157.51,-96.78,definitive
NO 15/9-F-1,1663.40,1641.07,168.00,-89.78,definitive
NO 15/9-F-1,1710.40,1683.64,184.53,-78.74,definitive
NO 15/9-F-1,1750.30,1718.87,199.84,-67.95,definitive
NO 15/9-F-1,1790.40,1753.70,215.80,-56.15,definitive
NO 15/9-F-1,1831.10,1788.94,232.14,-44.02,definitive
NO 15/9-F-1,1871.10,1823.57,248.20,-32.06,definitive
NO 15/9-F-1,1911.60,1858.66,264.53,-20.15,definitive
NO 15/9-F-1,1952.20,1893.89,281.04,-8.55,definitive
NO 15/9-F-1,1992.80,1929.10,297.58,3.05,definitive
NO 15/9-F-1,2027.30,1959.01,311.63,12.95,definitive
NO 15/9-F-1,2066.30,1992.82,327.56,24.09,definitive
NO 15/9-F-1,2113.70,2033.92,346.83,37.71,definitive
NO 15/9-F-1,2154.70,2069.49,363.47,49.47,definitive
NO 15/9-F-1,2194.30,2103.84,379.43,61.02,definitive
NO 15/9-F-1,2234.70,2138.89,395.33,73.28,definitive
NO 15/9-F-1,2275.10,2173.92,411.24,85.62,definitive
NO 15/9-F-1,2305.90,2200.60,423.61,94.77,definitive
NO 15/9-F-1,2396.50,2279.05,460.50,121.06,definitive
NO 15/9-F-1,2436.70,2313.82,476.92,132.76,definitive
NO 15/9-F-1,2470.80,2343.29,490.76,142.89,definitive
NO 15/9-F-1,2517.20,2383.38,509.48,156.86,definitive
NO 15/9-F-1,2557.90,2418.55,526.12,168.79,definitive
NO 15/9-F-1,2587.00,2443.70,538.26,176.95,definitive
NO 15/9-F-1,2653.20,2501.87,566.41,191.13,definitive
NO 15/9-F-1,2693.70,2538.04,583.79,196.53,definitive
NO 15/9-F-1,2733.90,2574.04,601.35,199.79,definitive
NO 15/9-F-1,2774.30,2610.23,619.28,200.22,definitive
NO 15/9-F-1,2814.80,2646.50,637.15,198.00,definitive
NO 15/9-F-1,2855.30,2682.71,654.72,193.58,definitive
NO 15/9-F-1,2895.10,2717.86,672.01,186.65,definitive
NO 15/9-F-1,2935.60,2752.95,689.69,176.87,definitive
NO 15/9-F-1,2975.90,2787.03,707.37,164.65,definitive
NO 15/9-F-1,3016.30,2820.02,725.12,149.56,definitive
NO 15/9-F-1,3056.60,2851.95,742.10,131.81,definitive
NO 15/9-F-1,3097.10,2883.15,757.90,111.42,definitive
NO 15/9-F-1,3136.90,2912.15,772.80,88.63,definitive
NO 15/9-F-1,3177.30,2939.43,788.41,63.27,definitive
NO 15/9-F-1,3217.80,2966.98,803.84,37.94,definitive
NO 15/9-F-1,3257.90,2996.44,818.00,14.74,definitive
NO 15/9-F-1,3298.50,3028.18,831.31,-6.77,definitive
NO 15/9-F-1,3338.70,3061.24,843.55,-26.07,definitive
NO 15/9-F-1,3379.00,3095.93,854.70,-43.26,definitive
NO 15/9-F-1,3419.20,3132.06,864.31,-57.98,definitive
NO 15/9-F-1,3459.70,3169.52,872.71,-70.87,definitive
NO 15/9-F-1,3499.90,3207.03,880.42,-83.08,definitive
NO 15/9-F-1,3540.50,3244.93,888.07,-95.48,definitive
NO 15/9-F-1,3580.50,3282.28,895.59,-107.64,definitive
NO 15/9-F-1,3620.30,3319.47,903.16,-119.64,definitive
NO 15/9-F-1,3632.00,3330.40,905.39,-123.16,definitive
NO 15/9-F-1 A,145.90,145.90,3.14,-3.54,definitive
NO 15/9-F-1 A,150.15,150.15,3.14,-3.54,definitive
NO 15/9-F-1 A,160.45,160.45,3.14,-3.54,definitive
NO 15/9-F-1 A,170.04,170.04,3.14,-3.54,definitive
NO 15/9-F-1 A,179.79,179.79,3.14,-3.54,definitive
NO 15/9-F-1 A,189.74,189.74,3.14,-3.54,definitive
NO 15/9-F-1 A,198.50,198.50,3.14,-3.54,definitive
NO 15/9-F-1 A,210.70,210.70,3.14,-3.54,definitive
NO 15/9-F-1 A,237.60,237.60,3.37,-3.91,definitive
NO 15/9-F-1 A,251.10,251.09,3.61,-4.28,definitive
NO 15/9-F-1 A,264.90,264.88,3.92,-4.71,definitive
NO 15/9-F-1 A,279.20,279.17,4.25,-5.16,definitive
NO 15/9-F-1 A,292.70,292.66,4.51,-5.53,definitive
NO 15/9-F-1 A,302.80,302.76,4.69,-5.71,definitive
NO 15/9-F-1 A,315.50,315.45,4.94,-5.84,definitive
NO 15/9-F-1 A,332.20,332.14,5.36,-6.18,definitive
NO 15/9-F-1 A,342.20,342.13,5.63,-6.54,definitive
NO 15/9-F-1 A,358.50,358.41,6.02,-7.31,definitive
NO 15/9-F-1 A,378.00,377.88,6.49,-8.29,definitive
NO 15/9-F-1 A,414.80,414.62,7.39,-10.12,definitive
NO 15/9-F-1 A,455.40,455.16,8.28,-12.19,definitive
NO 15/9-F-1 A,495.40,495.11,9.04,-14.11,definitive
NO 15/9-F-1 A,535.60,535.26,9.76,-15.94,definitive
NO 15/9-F-1 A,575.80,575.41,10.46,-17.86,definitive
NO 15/9-F-1 A,616.50,616.03,11.60,-20.05,definitive
NO 15/9-F-1 A,656.80,656.17,14.01,-22.65,definitive
NO 15/9-F-1 A,697.10,696.15,17.96,-25.76,definitive
NO 15/9-F-1 A,720.00,718.78,20.80,-27.87,definitive
NO 15/9-F-1 A,737.40,735.91,23.20,-29.78,definitive
NO 15/9-F-1 A,756.80,754.98,25.94,-32.03,definitive
NO 15/9-F-1 A,798.90,796.42,31.64,-36.76,definitive
NO 15/9-F-1 A,838.30,835.23,36.71,-41.31,definitive
NO 15/9-F-1 A,868.00,864.42,40.40,-45.32,definitive
NO 15/9-F-1 A,878.20,874.43,41.67,-46.84,definitive
NO 15/9-F-1 A,918.00,913.50,46.84,-52.38,definitive
NO 15/9-F-1 A,999.00,993.32,57.01,-61.65,definitive
NO 15/9-F-1 A,1079.80,1073.13,66.68,-69.74,definitive
NO 15/9-F-1 A,1120.40,1113.08,71.83,-74.75,definitive
NO 15/9-F-1 A,1160.80,1152.65,77.04,-80.99,definitive
NO 15/9-F-1 A,1201.00,1192.01,82.05,-87.48,definitive
NO 15/9-F-1 A,1241.40,1231.51,87.31,-94.08,definitive
NO 15/9-F-1 A,1281.80,1270.99,92.76,-100.69,definitive
NO 15/9-F-1 A,1322.40,1310.79,97.93,-106.87,definitive
NO 15/9-F-1 A,1335.60,1323.76,99.47,-108.72,definitive
NO 15/9-F-1 A,1387.10,1374.65,105.33,-113.96,definitive
NO 15/9-F-1 A,1428.00,1415.04,111.29,-116.24,definitive
NO 15/9-F-1 A,1468.30,1454.57,119.06,-116.67,definitive
NO 15/9-F-1 A,1508.70,1493.96,127.69,-114.37,definitive
NO 15/9-F-1 A,1551.30,1535.20,137.25,-109.61,definitive
NO 15/9-F-1 A,1589.10,1571.41,146.49,-103.98,definitive
NO 15/9-F-1 A,1629.50,1609.60,157.51,-96.78,definitive
NO 15/9-F-1 A,1663.40,1641.07,168.00,-89.78,definitive
NO 15/9-F-1 A,1710.40,1683.64,184.53,-78.74,definitive
NO 15/9-F-1 A,1750.30,1718.87,199.84,-67.95,definitive
NO 15/9-F-1 A,1790.40,1753.70,215.80,-56.15,definitive
NO 15/9-F-1 A,1831.10,1788.94,232.14,-44.02,definitive
NO 15/9-F-1 A,1871.10,1823.57,248.20,-32.06,definitive
NO 15/9-F-1 A,1911.60,1858.66,264.53,-20.15,definitive
NO 15/9-F-1 A,1952.20,1893.89,281.04,-8.55,definitive
NO 15/9-F-1 A,1992.80,1929.10,297.58,3.05,definitive
NO 15/9-F-1 A,2027.30,1959.01,311.63,12.95,definitive
NO 15/9-F-1 A,2066.30,1992.82,327.56,24.09,definitive
NO 15/9-F-1 A,2113.70,2033.92,346.83,37.71,definitive
NO 15/9-F-1 A,2154.70,2069.49,363.47,49.47,definitive
NO 15/9-F-1 A,2194.30,2103.84,379.43,61.02,definitive
NO 15/9-F-1 A,2234.70,2138.89,395.33,73.28,definitive
NO 15/9-F-1 A,2275.10,2173.92,411.24,85.62,definitive
NO 15/9-F-1 A,2305.90,2200.60,423.61,94.77,definitive
NO 15/9-F-1 A,2396.50,2279.05,460.50,121.06,definitive
NO 15/9-F-1 A,2436.70,2313.82,476.92,132.76,definitive
NO 15/9-F-1 A,2470.80,2343.29,490.76,142.89,definitive
NO 15/9-F-1 A,2517.20,2383.38,509.48,156.86,definitive
NO 15/9-F-1 A,2557.90,2418.55,526.12,168.79,definitive
NO 15/9-F-1 A,2587.00,2443.70,538.26,176.95,definitive
NO 15/9-F-1 A,2621.10,2473.23,553.14,185.26,definitive
NO 15/9-F-1 A,2647.40,2496.17,565.03,190.11,definitive
NO 15/9-F-1 A,2688.10,2532.15,583.37,195.05,definitive
NO 15/9-F-1 A,2727.50,2567.26,601.10,197.28,definitive
NO 15/9-F-1 A,2768.60,2603.94,619.60,196.77,definitive
NO 15/9-F-1 A,2809.10,2639.89,637.86,193.11,definitive
NO 15/9-F-1 A,2849.40,2675.10,656.07,185.95,definitive
NO 15/9-F-1 A,2889.60,2709.52,673.56,174.83,definitive
NO 15/9-F-1 A,2930.40,2743.57,690.47,160.06,definitive
NO 15/9-F-1 A,2970.70,2775.93,706.92,142.59,definitive
NO 15/9-F-1 A,3010.90,2806.56,723.03,122.18,definitive
NO 15/9-F-1 A,3051.00,2835.56,738.09,98.96,definitive
NO 15/9-F-1 A,3091.40,2863.29,751.91,73.07,definitive
NO 15/9-F-1 A,3130.50,2887.98,764.75,45.64,definitive
NO 15/9-F-1 A,3171.20,2911.05,777.12,14.50,definitive
NO 15/9-F-1 A,3212.10,2931.63,787.59,-19.22,definitive
NO 15/9-F-1 A,3251.60,2949.80,795.67,-53.33,definitive
NO 15/9-F-1 A,3292.00,2969.53,802.59,-87.87,definitive
NO 15/9-F-1 A,3333.10,2992.70,809.68,-121.04,definitive
NO 15/9-F-1 A,3373.40,3018.61,817.67,-150.81,definitive
NO 15/9-F-1 A,3413.80,3046.88,825.73,-178.51,definitive
NO 15/9-F-1 A,3454.10,3075.90,832.63,-205.59,definitive
NO 15/9-F-1 A,3494.30,3104.89,839.04,-232.68,definitive
NO 15/9-F-1 A,3534.60,3133.83,845.39,-259.99,definitive
NO 15/9-F-1 A,3574.30,3162.33,851.73,-286.88,definitive
NO 15/9-F-1 A,3615.20,3191.70,858.49,-314.51,definitive
NO 15/9-F-1 A,3655.40,3220.59,865.52,-341.56,definitive
NO 15/9-F-1 A,3671.10,3231.87,868.39,-352.09,definitive
NO 15/9-F-1 A,3682.00,3239.71,870.41,-359.40,definitive
NO 15/9-F-1 B,145.90,145.90,3.14,-3.54,definitive
NO 15/9-F-1 B,150.15,150.15,3.14,-3.54,definitive
NO 15/9-F-1 B,160.45,160.45,3.14,-3.54,definitive
NO 15/9-F-1 B,170.04,170.04,3.14,-3.54,definitive
NO 15/9-F-1 B,179.79,179.79,3.14,-3.54,definitive
NO 15/9-F-1 B,189.74,189.74,3.14,-3.54,definitive
NO 15/9-F-1 B,198.50,198.50,3.14,-3.54,definitive
NO 15/9-F-1 B,210.70,210.70,3.14,-3.54,definitive
NO 15/9-F-1 B,237.60,237.60,3.37,-3.91,definitive
NO 15/9-F-1 B,251.10,251.09,3.61,-4.28,definitive
NO 15/9-F-1 B,264.90,264.88,3.92,-4.71,definitive
NO 15/9-F-1 B,279.20,279.17,4.25,-5.16,definitive
NO 15/9-F-1 B,292.70,292.66,4.51,-5.53,definitive
NO 15/9-F-1 B,302.80,302.76,4.69,-5.71,definitive
NO 15/9-F-1 B,315.50,315.45,4.94,-5.84,definitive
NO 15/9-F-1 B,332.20,332.14,5.36,-6.18,definitive
NO 15/9-F-1 B,342.20,342.13,5.63,-6.54,definitive
NO 15/9-F-1 B,358.50,358.41,6.02,-7.31,definitive
NO 15/9-F-1 B,378.00,377.88,6.49,-8.29,definitive
NO 15/9-F-1 B,414.80,414.62,7.39,-10.12,definitive
NO 15/9-F-1 B,455.40,455.16,8.28,-12.19,definitive
NO 15/9-F-1 B,495.40,495.11,9.04,-14.11,definitive
NO 15/9-F-1 B,535.60,535.26,9.76,-15.94,definitive
NO 15/9-F-1 B,575.80,575.41,10.46,-17.86,definitive
NO 15/9-F-1 B,616.50,616.03,11.60,-20.05,definitive
NO 15/9-F-1 B,656.80,656.17,14.01,-22.65,definitive
NO 15/9-F-1 B,697.10,696.15,17.96,-25.76,definitive
NO 15/9-F-1 B,720.00,718.78,20.80,-27.87,definitive
NO 15/9-F-1 B,737.40,735.91,23.20,-29.78,definitive
NO 15/9-F-1 B,756.80,754.98,25.94,-32.03,definitive
NO 15/9-F-1 B,798.90,796.42,31.64,-36.76,definitive
NO 15/9-F-1 B,838.30,835.23,36.71,-41.31,definitive
NO 15/9-F-1 B,868.00,864.42,40.40,-45.32,definitive
NO 15/9-F-1 B,878.20,874.43,41.67,-46.84,definitive
NO 15/9-F-1 B,918.00,913.50,46.84,-52.38,definitive
NO 15/9-F-1 B,999.00,993.32,57.01,-61.65,definitive
NO 15/9-F-1 B,1079.80,1073.13,66.68,-69.74,definitive
NO 15/9-F-1 B,1120.40,1113.08,71.83,-74.75,definitive
NO 15/9-F-1 B,1160.80,1152.65,77.04,-80.99,definitive
NO 15/9-F-1 B,1201.00,1192.01,82.05,-87.48,definitive
NO 15/9-F-1 B,1241.40,1231.51,87.31,-94.08,definitive
NO 15/9-F-1 B,1281.80,1270.99,92.76,-100.69,definitive
NO 15/9-F-1 B,1322.40,1310.79,97.93,-106.87,definitive
NO 15/9-F-1 B,1335.60,1323.76,99.47,-108.72,definitive
NO 15/9-F-1 B,1387.10,1374.65,105.33,-113.96,definitive
NO 15/9-F-1 B,1428.00,1415.04,111.29,-116.24,definitive
NO 15/9-F-1 B,1468.30,1454.57,119.06,-116.67,definitive
NO 15/9-F-1 B,1508.70,1493.96,127.69,-114.37,definitive
NO 15/9-F-1 B,1551.30,1535.20,137.25,-109.61,definitive
NO 15/9-F-1 B,1589.10,1571.41,146.49,-103.98,definitive
NO 15/9-F-1 B,1629.50,1609.60,157.51,-96.78,definitive
NO 15/9-F-1 B,1663.40,1641.07,168.00,-89.78,definitive
NO 15/9-F-1 B,1710.40,1683.64,184.53,-78.74,definitive
NO 15/9-F-1 B,1750.30,1718.87,199.84,-67.95,definitive
NO 15/9-F-1 B,1790.40,1753.70,215.80,-56.15,definitive
NO 15/9-F-1 B,1831.10,1788.94,232.14,-44.02,definitive
NO 15/9-F-1 B,1871.10,1823.57,248.20,-32.06,definitive
NO 15/9-F-1 B,1911.60,1858.66,264.53,-20.15,definitive
NO 15/9-F-1 B,1952.20,1893.89,281.04,-8.55,definitive
NO 15/9-F-1 B,1992.80,1929.10,297.58,3.05,definitive
NO 15/9-F-1 B,2027.30,1959.01,311.63,12.95,definitive
NO 15/9-F-1 B,2066.30,1992.82,327.56,24.09,definitive
NO 15/9-F-1 B,2113.70,2033.92,346.83,37.71,definitive
NO 15/9-F-1 B,2154.70,2069.49,363.47,49.47,definitive
NO 15/9-F-1 B,2194.30,2103.84,379.43,61.02,definitive
NO 15/9-F-1 B,2234.70,2138.89,395.33,73.28,definitive
NO 15/9-F-1 B,2275.10,2173.92,411.24,85.62,definitive
NO 15/9-F-1 B,2305.90,2200.60,423.61,94.77,definitive
NO 15/9-F-1 B,2396.50,2279.05,460.50,121.06,definitive
NO 15/9-F-1 B,2436.70,2313.82,476.92,132.76,definitive
NO 15/9-F-1 B,2470.80,2343.29,490.76,142.89,definitive
NO 15/9-F-1 B,2517.20,2383.38,509.48,156.86,definitive
NO 15/9-F-1 B,2557.90,2418.55,526.12,168.79,definitive
NO 15/9-F-1 B,2587.00,2443.70,538.26,176.95,definitive
NO 15/9-F-1 B,2620.50,2472.84,551.93,186.22,definitive
NO 15/9-F-1 B,2644.10,2493.62,560.90,192.91,definitive
NO 15/9-F-1 B,2684.70,2529.82,574.73,205.00,definitive
NO 15/9-F-1 B,2725.10,2566.11,586.64,218.14,definitive
NO 15/9-F-1 B,2764.90,2601.85,597.23,232.06,definitive
NO 15/9-F-1 B,2805.70,2638.53,608.03,246.29,definitive
NO 15/9-F-1 B,2845.80,2674.63,618.61,260.17,definitive
NO 15/9-F-1 B,2886.60,2711.39,628.54,274.81,definitive
NO 15/9-F-1 B,2926.70,2747.52,637.73,289.59,definitive
NO 15/9-F-1 B,2967.10,2783.92,647.31,304.24,definitive
NO 15/9-F-1 B,3007.70,2820.52,657.77,318.35,definitive
NO 15/9-F-1 B,3047.90,2856.83,668.52,331.83,definitive
NO 15/9-F-1 B,3073.60,2880.12,675.21,340.40,definitive
NO 15/9-F-1 B,3131.10,2933.10,688.73,358.14,definitive
NO 15/9-F-1 B,3171.20,2970.71,697.71,368.76,definitive
NO 15/9-F-1 B,3211.50,3009.03,706.63,377.41,definitive
NO 15/9-F-1 B,3252.10,3048.33,714.12,384.31,definitive
NO 15/9-F-1 B,3292.20,3087.73,719.03,389.80,definitive
NO 15/9-F-1 B,3332.30,3127.57,721.62,393.47,definitive
NO 15/9-F-1 B,3372.80,3167.95,723.41,396.02,definitive
NO 15/9-F-1 B,3413.20,3208.24,725.17,398.50,definitive
NO 15/9-F-1 B,3453.80,3248.72,726.79,401.09,definitive
NO 15/9-F-1 B,3465.00,3259.89,727.22,401.82,definitive
NO 15/9-F-10,145.90,145.90,-3.94,2.22,definitive
NO 15/9-F-10,150.00,150.00,-3.94,2.22,definitive
NO 15/9-F-10,160.00,160.00,-3.93,2.22,definitive
NO 15/9-F-10,170.00,170.00,-3.92,2.22,definitive
NO 15/9-F-10,180.00,180.00,-3.92,2.23,definitive
NO 15/9-F-10,190.00,190.00,-3.91,2.23,definitive
NO 15/9-F-10,200.00,200.00,-3.91,2.24,definitive
NO 15/9-F-10,210.00,210.00,-3.90,2.24,definitive
NO 15/9-F-10,220.00,220.00,-3.90,2.26,definitive
NO 15/9-F-10,230.00,230.00,-3.91,2.29,definitive
NO 15/9-F-10,240.00,240.00,-3.93,2.32,definitive
NO 15/9-F-10,250.00,250.00,-3.95,2.36,definitive
NO 15/9-F-10,260.00,260.00,-3.99,2.40,definitive
NO 15/9-F-10,270.00,270.00,-4.02,2.44,definitive
NO 15/9-F-10,280.00,280.00,-4.05,2.48,definitive
NO 15/9-F-10,290.00,290.00,-4.09,2.52,definitive
NO 15/9-F-10,300.00,300.00,-4.13,2.57,definitive
NO 15/9-F-10,310.00,310.00,-4.18,2.64,definitive
NO 15/9-F-10,320.00,320.00,-4.24,2.75,definitive
NO 15/9-F-10,330.00,330.00,-4.33,2.90,definitive
NO 15/9-F-10,340.00,339.99,-4.43,3.11,definitive
NO 15/9-F-10,350.00,349.99,-4.57,3.40,definitive
NO 15/9-F-10,360.00,359.98,-4.75,3.77,definitive
NO 15/9-F-10,370.00,369.97,-4.98,4.20,definitive
NO 15/9-F-10,380.00,379.95,-5.25,4.68,definitive
NO 15/9-F-10,390.00,389.93,-5.54,5.27,definitive
NO 15/9-F-10,400.00,399.90,-5.86,5.93,definitive
NO 15/9-F-10,410.00,409.87,-6.19,6.62,definitive
NO 15/9-F-10,420.00,419.84,-6.55,7.35,definitive
NO 15/9-F-10,430.00,429.81,-6.92,8.12,definitive
NO 15/9-F-10,440.00,439.77,-7.30,8.91,definitive
NO 15/9-F-10,450.00,449.73,-7.69,9.73,definitive
NO 15/9-F-10,460.00,459.68,-8.10,10.61,definitive
NO 15/9-F-10,470.00,469.62,-8.54,11.55,definitive
NO 15/9-F-10,480.00,479.57,-8.99,12.52,definitive
NO 15/9-F-10,490.00,489.50,-9.45,13.55,definitive
NO 15/9-F-10,500.00,499.43,-9.93,14.63,definitive
NO 15/9-F-10,510.00,509.36,-10.43,15.75,definitive
NO 15/9-F-10,520.00,519.28,-10.94,16.91,definitive
NO 15/9-F-10,530.00,529.19,-11.48,18.11,definitive
NO 15/9-F-10,540.00,539.09,-12.06,19.40,definitive
NO 15/9-F-10,550.00,548.98,-12.69,20.76,definitive
NO 15/9-F-10,560.00,558.85,-13.34,22.19,definitive
NO 15/9-F-10,570.00,568.71,-14.04,23.69,definitive
NO 15/9-F-10,580.00,578.56,-14.77,25.25,definitive
NO 15/9-F-10,590.00,588.40,-15.54,26.88,definitive
NO 15/9-F-10,600.00,598.22,-16.34,28.60,definitive
NO 15/9-F-10,610.00,608.01,-17.20,30.41,definitive
NO 15/9-F-10,620.00,617.80,-18.10,32.29,definitive
NO 15/9-F-10,630.00,627.57,-19.02,34.20,definitive
NO 15/9-F-10,640.00,637.33,-19.99,36.15,definitive
NO 15/9-F-10,650.00,647.07,-21.01,38.14,definitive
NO 15/9-F-10,660.00,656.81,-22.07,40.16,definitive
NO 15/9-F-10,670.00,666.54,-23.17,42.20,definitive
NO 15/9-F-10,680.00,676.26,-24.32,44.25,definitive
NO 15/9-F-10,690.00,685.97,-25.53,46.30,definitive
NO 15/9-F-10,700.00,695.67,-26.80,48.35,definitive
NO 15/9-F-10,710.00,705.37,-28.12,50.40,definitive
NO 15/9-F-10,720.00,715.06,-29.49,52.46,definitive
NO 15/9-F-10,730.00,724.74,-30.94,54.52,definitive
NO 15/9-F-10,740.00,734.40,-32.45,56.59,definitive
NO 15/9-F-10,750.00,744.06,-34.01,58.68,definitive
NO 15/9-F-10,760.00,753.69,-35.65,60.81,definitive
NO 15/9-F-10,770.00,763.30,-37.36,62.98,definitive
NO 15/9-F-10,780.00,772.88,-39.14,65.21,definitive
NO 15/9-F-10,790.00,782.44,-40.99,67.51,definitive
NO 15/9-F-10,800.00,791.95,-42.93,69.91,definitive
NO 15/9-F-10,810.00,801.42,-44.94,72.42,definitive
NO 15/9-F-10,820.00,810.85,-47.01,75.01,definitive
NO 15/9-F-10,830.00,820.26,-49.11,77.68,definitive
NO 15/9-F-10,840.00,829.63,-51.24,80.42,definitive
NO 15/9-F-10,850.00,838.98,-53.39,83.25,definitive
NO 15/9-F-10,860.00,848.30,-55.55,86.16,definitive
NO 15/9-F-10,870.00,857.60,-57.69,89.14,definitive
NO 15/9-F-10,880.00,866.90,-59.81,92.16,definitive
NO 15/9-F-10,890.00,876.19,-61.90,95.21,definitive
NO 15/9-F-10,900.00,885.49,-63.96,98.24,definitive
NO 15/9-F-10,910.00,894.84,-65.94,101.19,definitive
NO 15/9-F-10,920.00,904.23,-67.83,104.06,definitive
NO 15/9-F-10,930.00,913.65,-69.67,106.86,definitive
NO 15/9-F-10,940.00,923.10,-71.47,109.61,definitive
NO 15/9-F-10,950.00,932.56,-73.22,112.34,definitive
NO 15/9-F-10,960.00,942.02,-74.92,115.07,definitive
NO 15/9-F-10,970.00,951.49,-76.58,117.83,definitive
NO 15/9-F-10,980.00,960.96,-78.19,120.62,definitive
NO 15/9-F-10,990.00,970.42,-79.75,123.44,definitive
NO 15/9-F-10,1000.00,979.88,-81.28,126.30,definitive
NO 15/9-F-10,1010.00,989.34,-82.77,129.18,definitive
NO 15/9-F-10,1020.00,998.79,-84.24,132.10,definitive
NO 15/9-F-10,1030.00,1008.23,-85.67,135.06,definitive
NO 15/9-F-10,1040.00,1017.65,-87.06,138.12,definitive
NO 15/9-F-10,1050.00,1027.05,-88.42,141.25,definitive
NO 15/9-F-10,1060.00,1036.43,-89.79,144.44,definitive
NO 15/9-F-10,1070.00,1045.79,-91.18,147.66,definitive
NO 15/9-F-10,1080.00,1055.15,-92.58,150.89,definitive
NO 15/9-F-10,1090.00,1064.50,-94.04,154.13,definitive
NO 15/9-F-10,1100.00,1073.83,-95.60,157.38,definitive
NO 15/9-F-10,1110.00,1083.13,-97.32,160.62,definitive
NO 15/9-F-10,1120.00,1092.39,-99.22,163.87,definitive
NO 15/9-F-10,1130.00,1101.62,-101.27,167.14,definitive
NO 15/9-F-10,1140.00,1110.81,-103.42,170.43,definitive
NO 15/9-F-10,1150.00,1119.96,-105.66,173.80,definitive
NO 15/9-F-10,1160.00,1129.05,-107.97,177.26,definitive
NO 15/9-F-10,1170.00,1138.08,-110.33,180.83,definitive
NO 15/9-F-10,1180.00,1147.07,-112.71,184.51,definitive
NO 15/9-F-10,1190.00,1156.02,-115.09,188.29,definitive
NO 15/9-F-10,1200.00,1164.92,-117.46,192.18,definitive
NO 15/9-F-10,1210.00,1173.78,-119.83,196.16,definitive
NO 15/9-F-10,1220.00,1182.60,-122.19,200.23,definitive
NO 15/9-F-10,1230.00,1191.37,-124.58,204.40,definitive
NO 15/9-F-10,1240.00,1200.09,-127.00,208.66,definitive
NO 15/9-F-10,1250.00,1208.75,-129.46,213.01,definitive
NO 15/9-F-10,1260.00,1217.37,-131.95,217.43,definitive
NO 15/9-F-10,1270.00,1225.96,-134.46,221.89,definitive
NO 15/9-F-10,1280.00,1234.56,-136.96,226.34,definitive
NO 15/9-F-10,1290.00,1243.18,-139.43,230.75,definitive
NO 15/9-F-10,1300.00,1251.86,-141.88,235.08,definitive
NO 15/9-F-10,1310.00,1260.58,-144.28,239.33,definitive
NO 15/9-F-10,1320.00,1269.34,-146.67,243.53,definitive
NO 15/9-F-10,1330.00,1278.11,-149.05,247.69,definitive
NO 15/9-F-10,1340.00,1286.93,-151.42,251.78,definitive
NO 15/9-F-10,1350.00,1295.79,-153.73,255.78,definitive
NO 15/9-F-10,1360.00,1304.68,-156.01,259.75,definitive
NO 15/9-F-10,1370.00,1313.58,-158.29,263.71,definitive
NO 15/9-F-10,1380.00,1322.46,-160.57,267.69,definitive
NO 15/9-F-10,1390.00,1331.33,-162.84,271.71,definitive
NO 15/9-F-10,1400.00,1340.18,-165.13,275.77,definitive
NO 15/9-F-10,1410.00,1349.00,-167.44,279.86,definitive
NO 15/9-F-10,1420.00,1357.82,-169.75,283.98,definitive
NO 15/9-F-10,1430.00,1366.64,-172.05,288.09,definitive
NO 15/9-F-10,1440.00,1375.48,-174.32,292.17,definitive
NO 15/9-F-10,1450.00,1384.34,-176.58,296.22,definitive
NO 15/9-F-10,1460.00,1393.21,-178.82,300.24,definitive
NO 15/9-F-10,1470.00,1402.10,-181.05,304.26,definitive
NO 15/9-F-10,1480.00,1410.99,-183.26,308.26,definitive
NO 15/9-F-10,1490.00,1419.89,-185.46,312.26,definitive
NO 15/9-F-10,1500.00,1428.80,-187.63,316.24,definitive
NO 15/9-F-10,1510.00,1437.72,-189.79,320.21,definitive
NO 15/9-F-10,1520.00,1446.64,-191.92,324.19,definitive
NO 15/9-F-10,1530.00,1455.57,-194.03,328.16,definitive
NO 15/9-F-10,1540.00,1464.52,-196.13,332.11,definitive
NO 15/9-F-10,1550.00,1473.46,-198.21,336.06,definitive
NO 15/9-F-10,1560.00,1482.41,-200.28,340.01,definitive
NO 15/9-F-10,1570.00,1491.37,-202.33,343.94,definitive
NO 15/9-F-10,1580.00,1500.34,-204.37,347.87,definitive
NO 15/9-F-10,1590.00,1509.32,-206.40,351.78,definitive
NO 15/9-F-10,1600.00,1518.30,-208.41,355.69,definitive
NO 15/9-F-10,1610.00,1527.29,-210.41,359.59,definitive
NO 15/9-F-10,1620.00,1536.28,-212.39,363.48,definitive
NO 15/9-F-10,1630.00,1545.29,-214.35,367.37,definitive
NO 15/9-F-10,1640.00,1554.29,-216.29,371.25,definitive
NO 15/9-F-10,1650.00,1563.31,-218.22,375.12,definitive
NO 15/9-F-10,1660.00,1572.34,-220.13,378.98,definitive
NO 15/9-F-10,1670.00,1581.37,-222.02,382.83,definitive
NO 15/9-F-10,1680.00,1590.40,-223.91,386.69,definitive
NO 15/9-F-10,1690.00,1599.43,-225.79,390.55,definitive
NO 15/9-F-10,1700.00,1608.44,-227.70,394.44,definitive
NO 15/9-F-10,1710.00,1617.42,-229.64,398.38,definitive
NO 15/9-F-10,1720.00,1626.36,-231.63,402.39,definitive
NO 15/9-F-10,1730.00,1635.26,-233.68,406.47,definitive
NO 15/9-F-10,1740.00,1644.11,-235.80,410.62,definitive
NO 15/9-F-10,1750.00,1652.92,-237.96,414.83,definitive
NO 15/9-F-10,1760.00,1661.68,-240.17,419.09,definitive
NO 15/9-F-10,1770.00,1670.41,-242.45,423.41,definitive
NO 15/9-F-10,1780.00,1679.11,-244.78,427.76,definitive
NO 15/9-F-10,1790.00,1687.76,-247.19,432.16,definitive
NO 15/9-F-10,1800.00,1696.37,-249.65,436.59,definitive
NO 15/9-F-10,1810.00,1704.95,-252.18,441.07,definitive
NO 15/9-F-10,1820.00,1713.49,-254.76,445.58,definitive
NO 15/9-F-10,1830.00,1721.99,-257.42,450.14,definitive
NO 15/9-F-10,1840.00,1730.44,-260.15,454.73,definitive
NO 15/9-F-10,1850.00,1738.84,-262.97,459.37,definitive
NO 15/9-F-10,1860.00,1747.18,-265.88,464.05,definitive
NO 15/9-F-10,1870.00,1755.46,-268.90,468.77,definitive
NO 15/9-F-10,1880.00,1763.68,-272.03,473.53,definitive
NO 15/9-F-10,1890.00,1771.83,-275.29,478.32,definitive
NO 15/9-F-10,1900.00,1779.91,-278.64,483.16,definitive
NO 15/9-F-10,1910.00,1787.92,-282.09,488.04,definitive
NO 15/9-F-10,1920.00,1795.86,-285.64,492.98,definitive
NO 15/9-F-10,1930.00,1803.72,-289.28,497.98,definitive
NO 15/9-F-10,1940.00,1811.50,-293.02,503.02,definitive
NO 15/9-F-10,1950.00,1819.20,-296.85,508.12,definitive
NO 15/9-F-10,1960.00,1826.80,-300.79,513.28,definitive
NO 15/9-F-10,1970.00,1834.32,-304.81,518.51,definitive
NO 15/9-F-10,1980.00,1841.74,-308.89,523.82,definitive
NO 15/9-F-10,1990.00,1849.09,-313.02,529.20,definitive
NO 15/9-F-10,2000.00,1856.35,-317.19,534.66,definitive
NO 15/9-F-10,2010.00,1863.54,-321.39,540.20,definitive
NO 15/9-F-10,2020.00,1870.65,-325.61,545.82,definitive
NO 15/9-F-10,2030.00,1877.72,-329.83,551.49,definitive
NO 15/9-F-10,2040.00,1884.79,-334.02,557.18,definitive
NO 15/9-F-10,2050.00,1891.88,-338.19,562.87,definitive
NO 15/9-F-10,2060.00,1898.96,-342.36,568.56,definitive
NO 15/9-F-10,2070.00,1906.04,-346.52,574.27,definitive
NO 15/9-F-10,2080.00,1913.11,-350.67,579.99,definitive
NO 15/9-F-10,2090.00,1920.18,-354.82,585.71,definitive
NO 15/9-F-10,2100.00,1927.25,-358.97,591.43,definitive
NO 15/9-F-10,2110.00,1934.32,-363.11,597.17,definitive
NO 15/9-F-10,2120.00,1941.39,-367.23,602.92,definitive
NO 15/9-F-10,2130.00,1948.46,-371.34,608.67,definitive
NO 15/9-F-10,2140.00,1955.51,-375.46,614.43,definitive
NO 15/9-F-10,2150.00,1962.56,-379.57,620.21,definitive
NO 15/9-F-10,2160.00,1969.63,-383.67,625.97,definitive
NO 15/9-F-10,2170.00,1976.71,-387.76,631.72,definitive
NO 15/9-F-10,2180.00,1983.78,-391.87,637.48,definitive
NO 15/9-F-10,2190.00,1990.85,-395.96,643.24,definitive
NO 15/9-F-10,2200.00,1997.92,-400.04,649.01,definitive
NO 15/9-F-10,2210.00,2004.99,-404.11,654.80,definitive
NO 15/9-F-10,2220.00,2012.05,-408.16,660.60,definitive
NO 15/9-F-10,2230.00,2019.11,-412.19,666.43,definitive
NO 15/9-F-10,2240.00,2026.15,-416.21,672.28,definitive
NO 15/9-F-10,2250.00,2033.18,-420.21,678.16,definitive
NO 15/9-F-10,2260.00,2040.22,-424.19,684.04,definitive
NO 15/9-F-10,2270.00,2047.29,-428.16,689.89,definitive
NO 15/9-F-10,2280.00,2054.37,-432.13,695.73,definitive
NO 15/9-F-10,2290.00,2061.44,-436.09,701.57,definitive
NO 15/9-F-10,2300.00,2068.52,-440.05,707.42,definitive
NO 15/9-F-10,2310.00,2075.59,-444.02,713.28,definitive
NO 15/9-F-10,2320.00,2082.62,-448.00,719.16,definitive
NO 15/9-F-10,2330.00,2089.63,-452.00,725.07,definitive
NO 15/9-F-10,2340.00,2096.66,-455.98,730.96,definitive
NO 15/9-F-10,2350.00,2103.73,-459.94,736.82,definitive
NO 15/9-F-10,2360.00,2110.80,-463.89,742.67,definitive
NO 15/9-F-10,2370.00,2117.86,-467.86,748.53,definitive
NO 15/9-F-10,2380.00,2124.93,-471.83,754.39,definitive
NO 15/9-F-10,2390.00,2132.01,-475.80,760.23,definitive
NO 15/9-F-10,2400.00,2139.07,-479.79,766.08,definitive
NO 15/9-F-10,2410.00,2146.10,-483.81,771.93,definitive
NO 15/9-F-10,2420.00,2153.14,-487.85,777.77,definitive
NO 15/9-F-10,2430.00,2160.20,-491.91,783.57,definitive
NO 15/9-F-10,2440.00,2167.26,-495.97,789.37,definitive
NO 15/9-F-10,2450.00,2174.32,-500.04,795.16,definitive
NO 15/9-F-10,2460.00,2181.40,-504.09,800.95,definitive
NO 15/9-F-10,2470.00,2188.47,-508.13,806.74,definitive
NO 15/9-F-10,2480.00,2195.56,-512.17,812.53,definitive
NO 15/9-F-10,2490.00,2202.64,-516.21,818.31,definitive
NO 15/9-F-10,2500.00,2209.73,-520.26,824.08,definitive
NO 15/9-F-10,2510.00,2216.84,-524.30,829.84,definitive
NO 15/9-F-10,2520.00,2223.96,-528.34,835.58,definitive
NO 15/9-F-10,2530.00,2231.08,-532.39,841.31,definitive
NO 15/9-F-10,2540.00,2238.19,-536.45,847.05,definitive
NO 15/9-F-10,2550.00,2245.30,-540.51,852.79,definitive
NO 15/9-F-10,2560.00,2252.41,-544.58,858.52,definitive
NO 15/9-F-10,2570.00,2259.51,-548.68,864.25,definitive
NO 15/9-F-10,2580.00,2266.59,-552.79,869.98,definitive
NO 15/9-F-10,2590.00,2273.68,-556.91,875.71,definitive
NO 15/9-F-10,2600.00,2280.77,-561.03,881.42,definitive
NO 15/9-F-10,2610.00,2287.90,-565.15,887.10,definitive
NO 15/9-F-10,2620.00,2295.04,-569.26,892.76,definitive
NO 15/9-F-10,2630.00,2302.16,-573.38,898.45,definitive
NO 15/9-F-10,2640.00,2309.25,-577.51,904.15,definitive
NO 15/9-F-10,2650.00,2316.33,-581.65,909.88,definitive
NO 15/9-F-10,2660.00,2323.40,-585.79,915.61,definitive
NO 15/9-F-10,2670.00,2330.45,-589.95,921.35,definitive
NO 15/9-F-10,2680.00,2337.50,-594.12,927.09,definitive
NO 15/9-F-10,2690.00,2344.53,-598.29,932.84,definitive
NO 15/9-F-10,2700.00,2351.55,-602.49,938.59,definitive
NO 15/9-F-10,2710.00,2358.54,-606.71,944.36,definitive
NO 15/9-F-10,2720.00,2365.51,-610.94,950.14,definitive
NO 15/9-F-10,2730.00,2372.47,-615.18,955.93,definitive
NO 15/9-F-10,2740.00,2379.42,-619.44,961.72,definitive
NO 15/9-F-10,2750.00,2386.35,-623.71,967.52,definitive
NO 15/9-F-10,2760.00,2393.27,-628.00,973.33,definitive
NO 15/9-F-10,2770.00,2400.18,-632.30,979.14,definitive
NO 15/9-F-10,2780.00,2407.07,-636.63,984.94,definitive
NO 15/9-F-10,2790.00,2413.94,-640.97,990.78,definitive
NO 15/9-F-10,2800.00,2420.77,-645.33,996.63,definitive
NO 15/9-F-10,2810.00,2427.59,-649.71,1002.49,definitive
NO 15/9-F-10,2820.00,2434.38,-654.10,1008.36,definitive
NO 15/9-F-10,2830.00,2441.11,-658.52,1014.29,definitive
NO 15/9-F-10,2840.00,2447.73,-662.97,1020.31,definitive
NO 15/9-F-10,2850.00,2454.21,-667.48,1026.45,definitive
NO 15/9-F-10,2860.00,2460.58,-672.03,1032.68,definitive
NO 15/9-F-10,2870.00,2466.88,-676.60,1038.95,definitive
NO 15/9-F-10,2880.00,2473.16,-681.16,1045.26,definitive
NO 15/9-F-10,2890.00,2479.37,-685.71,1051.63,definitive
NO 15/9-F-10,2900.00,2485.45,-690.28,1058.12,definitive
NO 15/9-F-10,2910.00,2491.41,-694.88,1064.70,definitive
NO 15/9-F-10,2920.00,2497.27,-699.49,1071.36,definitive
NO 15/9-F-10,2930.00,2503.02,-704.12,1078.10,definitive
NO 15/9-F-10,2940.00,2508.66,-708.78,1084.92,definitive
NO 15/9-F-10,2950.00,2514.17,-713.45,1091.83,definitive
NO 15/9-F-10,2960.00,2519.59,-718.13,1098.80,definitive
NO 15/9-F-10,2970.00,2524.91,-722.83,1105.84,definitive
NO 15/9-F-10,2980.00,2530.09,-727.54,1112.98,definitive
NO 15/9-F-10,2990.00,2535.14,-732.26,1120.20,definitive
NO 15/9-F-10,3000.00,2540.10,-736.97,1127.49,definitive
NO 15/9-F-10,3010.00,2544.97,-741.68,1134.85,definitive
NO 15/9-F-10,3020.00,2549.70,-746.37,1142.30,definitive
NO 15/9-F-10,3030.00,2554.30,-751.04,1149.85,definitive
NO 15/9-F-10,3040.00,2558.80,-755.72,1157.45,definitive
NO 15/9-F-10,3050.00,2563.17,-760.42,1165.11,definitive
NO 15/9-F-10,3060.00,2567.40,-765.11,1172.86,definitive
NO 15/9-F-10,3070.00,2571.49,-769.82,1180.67,definitive
NO 15/9-F-10,3080.00,2575.48,-774.53,1188.54,definitive
NO 15/9-F-10,3090.00,2579.33,-779.23,1196.47,definitive
NO 15/9-F-10,3100.00,2583.00,-783.94,1204.49,definitive
NO 15/9-F-10,3110.00,2586.53,-788.65,1212.58,definitive
NO 15/9-F-10,3120.00,2589.94,-793.36,1220.71,definitive
NO 15/9-F-10,3130.00,2593.21,-798.08,1228.89,definitive
NO 15/9-F-10,3140.00,2596.35,-802.84,1237.10,definitive
NO 15/9-F-10,3150.00,2599.45,-807.60,1245.33,definitive
NO 15/9-F-10,3160.00,2602.46,-812.36,1253.59,definitive
NO 15/9-F-10,3170.00,2605.38,-817.12,1261.88,definitive
NO 15/9-F-10,3180.00,2608.25,-821.89,1270.18,definitive
NO 15/9-F-10,3190.00,2611.08,-826.67,1278.50,definitive
NO 15/9-F-10,3200.00,2613.82,-831.46,1286.83,definitive
NO 15/9-F-10,3210.00,2616.41,-836.27,1295.20,definitive
NO 15/9-F-10,3220.00,2618.92,-841.10,1303.58,definitive
NO 15/9-F-10,3230.00,2621.32,-845.96,1311.98,definitive
NO 15/9-F-10,3240.00,2623.56,-850.84,1320.42,definitive
NO 15/9-F-10,3250.00,2625.67,-855.72,1328.88,definitive
NO 15/9-F-10,3260.00,2627.72,-860.60,1337.36,definitive
NO 15/9-F-10,3270.00,2629.74,-865.48,1345.85,definitive
NO 15/9-F-10,3280.00,2631.64,-870.36,1354.37,definitive
NO 15/9-F-10,3290.00,2633.38,-875.27,1362.90,definitive
NO 15/9-F-10,3300.00,2635.05,-880.20,1371.43,definitive
NO 15/9-F-10,3310.00,2636.67,-885.14,1379.97,definitive
NO 15/9-F-10,3320.00,2638.15,-890.08,1388.53,definitive
NO 15/9-F-10,3330.00,2639.52,-895.06,1397.09,definitive
NO 15/9-F-10,3340.00,2640.82,-900.10,1405.63,definitive
NO 15/9-F-10,3350.00,2642.01,-905.18,1414.15,definitive
NO 15/9-F-10,3360.00,2643.07,-910.28,1422.69,definitive
NO 15/9-F-10,3370.00,2644.03,-915.39,1431.22,definitive
NO 15/9-F-10,3380.00,2644.94,-920.52,1439.76,definitive
NO 15/9-F-10,3390.00,2645.73,-925.66,1448.30,definitive
NO 15/9-F-10,3400.00,2646.44,-930.79,1456.84,definitive
NO 15/9-F-10,3410.00,2647.18,-935.94,1465.38,definitive
NO 15/9-F-10,3420.00,2647.95,-941.11,1473.90,definitive
NO 15/9-F-10,3430.00,2648.68,-946.33,1482.39,definitive
NO 15/9-F-10,3440.00,2649.38,-951.60,1490.86,definitive
NO 15/9-F-10,3450.00,2650.07,-956.88,1499.32,definitive
NO 15/9-F-10,3460.00,2650.72,-962.17,1507.77,definitive
NO 15/9-F-10,3470.00,2651.36,-967.45,1516.24,definitive
NO 15/9-F-10,3480.00,2652.05,-972.72,1524.71,definitive
NO 15/9-F-10,3490.00,2652.77,-978.04,1533.14,definitive
NO 15/9-F-10,3500.00,2653.50,-983.42,1541.54,definitive
NO 15/9-F-10,3510.00,2654.20,-988.82,1549.92,definitive
NO 15/9-F-10,3520.00,2654.90,-994.22,1558.30,definitive
NO 15/9-F-10,3530.00,2655.64,-999.64,1566.67,definitive
NO 15/9-F-10,3540.00,2656.33,-1005.06,1575.04,definitive
NO 15/9-F-10,3550.00,2657.00,-1010.50,1583.40,definitive
NO 15/9-F-10,3560.00,2657.70,-1015.94,1591.76,definitive
NO 15/9-F-10,3570.00,2658.42,-1021.39,1600.11,definitive
NO 15/9-F-10,3580.00,2659.10,-1026.85,1608.45,definitive
NO 15/9-F-10,3590.00,2659.76,-1032.32,1616.80,definitive
NO 15/9-F-10,3600.00,2660.44,-1037.79,1625.14,definitive
NO 15/9-F-10,3610.00,2661.12,-1043.25,1633.48,definitive
NO 15/9-F-10,3620.00,2661.81,-1048.71,1641.83,definitive
NO 15/9-F-10,3630.00,2662.48,-1054.15,1650.18,definitive
NO 15/9-F-10,3640.00,2663.16,-1059.58,1658.55,definitive
NO 15/9-F-10,3650.00,2663.86,-1065.01,1666.91,definitive
NO 15/9-F-10,3660.00,2664.53,-1070.42,1675.29,definitive
NO 15/9-F-10,3670.00,2665.21,-1075.80,1683.69,definitive
NO 15/9-F-10,3680.00,2665.95,-1081.12,1692.12,definitive
NO 15/9-F-10,3690.00,2666.66,-1086.34,1700.61,definitive
NO 15/9-F-10,3700.00,2667.33,-1091.50,1709.16,definitive
NO 15/9-F-10,3710.00,2668.00,-1096.57,1717.74,definitive
NO 15/9-F-10,3720.00,2668.67,-1101.53,1726.40,definitive
NO 15/9-F-10,3730.00,2669.29,-1106.38,1735.11,definitive
NO 15/9-F-10,3740.00,2669.90,-1111.18,1743.86,definitive
NO 15/9-F-10,3750.00,2670.57,-1115.96,1752.62,definitive
NO 15/9-F-10,3760.00,2671.32,-1120.72,1761.37,definitive
NO 15/9-F-10,3770.00,2672.07,-1125.52,1770.11,definitive
NO 15/9-F-10,3780.00,2672.78,-1130.41,1778.80,definitive
NO 15/9-F-10,3790.00,2673.53,-1135.36,1787.45,definitive
NO 15/9-F-10,3800.00,2674.28,-1140.36,1796.08,definitive
NO 15/9-F-10,3810.00,2675.02,-1145.37,1804.69,definitive
NO 15/9-F-10,3820.00,2675.78,-1150.41,1813.29,definitive
NO 15/9-F-10,3830.00,2676.59,-1155.50,1821.86,definitive
NO 15/9-F-10,3840.00,2677.39,-1160.68,1830.37,definitive
NO 15/9-F-10,3850.00,2678.15,-1165.98,1838.81,definitive
NO 15/9-F-10,3860.00,2678.93,-1171.36,1847.21,definitive
NO 15/9-F-10,3870.00,2679.74,-1176.78,1855.56,definitive
NO 15/9-F-10,3880.00,2680.51,-1182.26,1863.89,definitive
NO 15/9-F-10,3890.00,2681.23,-1187.77,1872.20,definitive
NO 15/9-F-10,3900.00,2681.94,-1193.29,1880.50,definitive
NO 15/9-F-10,3910.00,2682.66,-1198.82,1888.80,definitive
NO 15/9-F-10,3920.00,2683.38,-1204.38,1897.08,definitive
NO 15/9-F-10,3930.00,2684.11,-1209.94,1905.35,definitive
NO 15/9-F-10,3940.00,2684.85,-1215.52,1913.61,definitive
NO 15/9-F-10,3950.00,2685.60,-1221.12,1921.86,definitive
NO 15/9-F-10,3960.00,2686.35,-1226.74,1930.09,definitive
NO 15/9-F-10,3970.00,2687.13,-1232.39,1938.30,definitive
NO 15/9-F-10,3980.00,2687.94,-1238.07,1946.49,definitive
NO 15/9-F-10,3990.00,2688.71,-1243.79,1954.65,definitive
NO 15/9-F-10,4000.00,2689.42,-1249.56,1962.78,definitive
NO 15/9-F-10,4010.00,2690.14,-1255.33,1970.91,definitive
NO 15/9-F-10,4020.00,2690.92,-1261.10,1979.04,definitive
NO 15/9-F-10,4030.00,2691.69,-1266.89,1987.15,definitive
NO 15/9-F-10,4040.00,2692.47,-1272.70,1995.25,definitive
NO 15/9-F-10,4050.00,2693.28,-1278.58,2003.30,definitive
NO 15/9-F-10,4060.00,2694.09,-1284.53,2011.29,definitive
NO 15/9-F-10,4070.00,2694.80,-1290.55,2019.24,definitive
NO 15/9-F-10,4080.00,2695.42,-1296.58,2027.18,definitive
NO 15/9-F-10,4090.00,2696.04,-1302.44,2035.26,definitive
NO 15/9-F-10,4100.00,2696.66,-1308.01,2043.53,definitive
NO 15/9-F-10,4110.00,2697.28,-1313.33,2051.97,definitive
NO 15/9-F-10,4120.00,2697.91,-1318.38,2060.58,definitive
NO 15/9-F-10,4130.00,2698.58,-1323.12,2069.35,definitive
NO 15/9-F-10,4140.00,2699.24,-1327.59,2078.27,definitive
NO 15/9-F-10,4150.00,2699.87,-1331.79,2087.32,definitive
NO 15/9-F-10,4160.00,2700.54,-1335.79,2096.46,definitive
NO 15/9-F-10,4170.00,2701.30,-1339.70,2105.62,definitive
NO 15/9-F-10,4180.00,2702.11,-1343.68,2114.76,definitive
NO 15/9-F-10,4190.00,2702.93,-1347.80,2123.83,definitive
NO 15/9-F-10,4200.00,2703.74,-1352.14,2132.80,definitive
NO 15/9-F-10,4210.00,2704.49,-1356.75,2141.64,definitive
NO 15/9-F-10,4220.00,2705.20,-1361.57,2150.37,definitive
NO 15/9-F-10,4230.00,2705.91,-1366.50,2159.03,definitive
NO 15/9-F-10,4240.00,2706.66,-1371.53,2167.64,definitive
NO 15/9-F-10,4250.00,2707.41,-1376.74,2176.14,definitive
NO 15/9-F-10,4260.00,2708.18,-1382.16,2184.50,definitive
NO 15/9-F-10,4270.00,2708.97,-1387.77,2192.74,definitive
NO 15/9-F-10,4280.00,2709.77,-1393.57,2200.83,definitive
NO 15/9-F-10,4290.00,2710.53,-1399.56,2208.80,definitive
NO 15/9-F-10,4300.00,2711.25,-1405.70,2216.66,definitive
NO 15/9-F-10,4310.00,2711.98,-1411.93,2224.44,definitive
NO 15/9-F-10,4320.00,2712.70,-1418.27,2232.14,definitive
NO 15/9-F-10,4330.00,2713.36,-1424.70,2239.76,definitive
NO 15/9-F-10,4340.00,2714.01,-1431.17,2247.35,definitive
NO 15/9-F-10,4350.00,2714.71,-1437.66,2254.93,definitive
NO 15/9-F-10,4360.00,2715.42,-1444.15,2262.50,definitive
NO 15/9-F-10,4370.00,2716.10,-1450.64,2270.07,definitive
NO 15/9-F-10,4380.00,2716.78,-1457.14,2277.64,definitive
NO 15/9-F-10,4390.00,2717.50,-1463.62,2285.21,definitive
NO 15/9-F-10,4400.00,2718.23,-1470.10,2292.79,definitive
NO 15/9-F-10,4410.00,2718.93,-1476.57,2300.38,definitive
NO 15/9-F-10,4420.00,2719.64,-1483.06,2307.95,definitive
NO 15/9-F-10,4430.00,2720.34,-1489.55,2315.52,definitive
NO 15/9-F-10,4440.00,2721.03,-1496.03,2323.10,definitive
NO 15/9-F-10,4450.00,2721.71,-1502.51,2330.68,definitive
NO 15/9-F-10,4460.00,2722.40,-1509.00,2338.26,definitive
NO 15/9-F-10,4470.00,2723.08,-1515.49,2345.82,definitive
NO 15/9-F-10,4480.00,2723.75,-1521.99,2353.39,definitive
NO 15/9-F-10,4490.00,2724.40,-1528.50,2360.95,definitive
NO 15/9-F-10,4500.00,2725.00,-1535.04,2368.49,definitive
NO 15/9-F-10,4510.00,2725.55,-1541.58,2376.02,definitive
NO 15/9-F-10,4520.00,2726.04,-1548.13,2383.56,definitive
NO 15/9-F-10,4530.00,2726.43,-1554.69,2391.09,definitive
NO 15/9-F-10,4540.00,2726.78,-1561.26,2398.62,definitive
NO 15/9-F-10,4550.00,2727.12,-1567.81,2406.16,definitive
NO 15/9-F-10,4560.00,2727.56,-1574.33,2413.73,definitive
NO 15/9-F-10,4570.00,2728.20,-1580.78,2421.34,definitive
NO 15/9-F-10,4580.00,2728.93,-1587.19,2428.97,definitive
NO 15/9-F-10,4590.00,2729.65,-1593.63,2436.59,definitive
NO 15/9-F-10,4600.00,2730.38,-1600.09,2444.18,definitive
NO 15/9-F-10,4610.00,2731.12,-1606.57,2451.76,definitive
NO 15/9-F-10,4620.00,2731.85,-1613.08,2459.31,definitive
NO 15/9-F-10,4630.00,2732.54,-1619.60,2466.85,definitive
NO 15/9-F-10,4640.00,2733.25,-1626.15,2474.38,definitive
NO 15/9-F-10,4650.00,2734.01,-1632.70,2481.89,definitive
NO 15/9-F-10,4660.00,2734.75,-1639.27,2489.38,definitive
NO 15/9-F-10,4670.00,2735.48,-1645.85,2496.88,definitive
NO 15/9-F-10,4680.00,2736.24,-1652.42,2504.37,definitive
NO 15/9-F-10,4690.00,2737.06,-1658.98,2511.86,definitive
NO 15/9-F-10,4700.00,2737.94,-1665.54,2519.36,definitive
NO 15/9-F-10,4710.00,2738.93,-1672.06,2526.87,definitive
NO 15/9-F-10,4720.00,2740.05,-1678.53,2534.41,definitive
NO 15/9-F-10,4730.00,2741.27,-1684.95,2541.97,definitive
NO 15/9-F-10,4740.00,2742.51,-1691.36,2549.55,definitive
NO 15/9-F-10,4750.00,2743.79,-1697.74,2557.13,definitive
NO 15/9-F-10,4760.00,2745.12,-1704.10,2564.73,definitive
NO 15/9-F-10,4764.09,2745.68,-1706.70,2567.84,definitive
NO 15/9-F-10,4777.63,2747.67,-1715.30,2578.09,definitive
NO 15/9-F-10,4817.95,2755.27,-1740.65,2608.49,definitive
NO 15/9-F-10,4858.43,2765.41,-1765.51,2638.75,definitive
NO 15/9-F-10,4894.35,2776.81,-1787.07,2665.10,definitive
NO 15/9-F-10,4936.10,2793.22,-1811.32,2694.82,definitive
NO 15/9-F-10,4977.55,2813.07,-1834.67,2722.69,definitive
NO 15/9-F-10,5017.91,2835.26,-1856.77,2748.12,definitive
NO 15/9-F-10,5058.28,2858.67,-1878.58,2772.72,definitive
NO 15/9-F-10,5098.60,2882.11,-1900.46,2797.15,definitive
NO 15/9-F-10,5138.97,2905.51,-1922.55,2821.51,definitive
NO 15/9-F-10,5179.34,2928.93,-1944.51,2845.96,definitive
NO 15/9-F-10,5219.44,2952.15,-1965.94,2870.65,definitive
NO 15/9-F-10,5259.72,2975.60,-1987.37,2895.40,definitive
NO 15/9-F-10,5300.07,2999.10,-2008.72,2920.28,definitive
NO 15/9-F-10,5331.00,3017.01,-2024.97,2939.55,definitive
NO 15/9-F-11 T2,145.90,145.90,4.62,-0.94,definitive
NO 15/9-F-11 T2,150.00,150.00,4.62,-0.94,definitive
NO 15/9-F-11 T2,160.00,160.00,4.60,-0.96,definitive
NO 15/9-F-11 T2,170.00,170.00,4.58,-0.98,definitive
NO 15/9-F-11 T2,180.00,180.00,4.56,-1.01,definitive
NO 15/9-F-11 T2,190.00,190.00,4.53,-1.04,definitive
NO 15/9-F-11 T2,200.00,200.00,4.51,-1.07,definitive
NO 15/9-F-11 T2,210.00,210.00,4.48,-1.11,definitive
NO 15/9-F-11 T2,220.00,220.00,4.46,-1.15,definitive
NO 15/9-F-11 T2,230.00,230.00,4.43,-1.21,definitive
NO 15/9-F-11 T2,240.00,240.00,4.40,-1.29,definitive
NO 15/9-F-11 T2,250.00,250.00,4.39,-1.41,definitive
NO 15/9-F-11 T2,260.00,260.00,4.42,-1.59,definitive
NO 15/9-F-11 T2,270.00,269.99,4.48,-1.78,definitive
NO 15/9-F-11 T2,280.00,279.99,4.55,-1.97,definitive
NO 15/9-F-11 T2,290.00,289.99,4.63,-2.17,definitive
NO 15/9-F-11 T2,300.00,299.99,4.71,-2.37,definitive
NO 15/9-F-11 T2,310.00,309.99,4.79,-2.56,definitive
NO 15/9-F-11 T2,320.00,319.98,4.88,-2.75,definitive
NO 15/9-F-11 T2,330.00,329.98,4.95,-2.93,definitive
NO 15/9-F-11 T2,340.00,339.98,5.02,-3.11,definitive
NO 15/9-F-11 T2,350.00,349.98,5.08,-3.29,definitive
NO 15/9-F-11 T2,360.00,359.98,5.14,-3.47,definitive
NO 15/9-F-11 T2,370.00,369.97,5.20,-3.65,definitive
NO 15/9-F-11 T2,380.00,379.97,5.26,-3.84,definitive
NO 15/9-F-11 T2,390.00,389.97,5.34,-4.04,definitive
NO 15/9-F-11 T2,400.00,399.97,5.47,-4.27,definitive
NO 15/9-F-11 T2,410.00,409.96,5.65,-4.53,definitive
NO 15/9-F-11 T2,420.00,419.96,5.84,-4.80,definitive
NO 15/9-F-11 T2,430.00,429.95,6.04,-5.07,definitive
NO 15/9-F-11 T2,440.00,439.94,6.24,-5.34,definitive
NO 15/9-F-11 T2,450.00,449.94,6.45,-5.62,definitive
NO 15/9-F-11 T2,460.00,459.93,6.66,-5.90,definitive
NO 15/9-F-11 T2,470.00,469.93,6.88,-6.18,definitive
NO 15/9-F-11 T2,480.00,479.92,7.10,-6.46,definitive
NO 15/9-F-11 T2,490.00,489.91,7.32,-6.74,definitive
NO 15/9-F-11 T2,500.00,499.91,7.54,-7.02,definitive
NO 15/9-F-11 T2,510.00,509.90,7.78,-7.31,definitive
NO 15/9-F-11 T2,520.00,519.89,8.01,-7.59,definitive
NO 15/9-F-11 T2,530.00,529.89,8.24,-7.88,definitive
NO 15/9-F-11 T2,540.00,539.88,8.48,-8.16,definitive
NO 15/9-F-11 T2,550.00,549.87,8.71,-8.45,definitive
NO 15/9-F-11 T2,560.00,559.87,8.95,-8.74,definitive
NO 15/9-F-11 T2,570.00,569.86,9.18,-9.02,definitive
NO 15/9-F-11 T2,580.00,579.85,9.42,-9.31,definitive
NO 15/9-F-11 T2,590.00,589.85,9.66,-9.60,definitive
NO 15/9-F-11 T2,600.00,599.84,9.90,-9.90,definitive
NO 15/9-F-11 T2,610.00,609.83,10.13,-10.19,definitive
NO 15/9-F-11 T2,620.00,619.82,10.36,-10.48,definitive
NO 15/9-F-11 T2,630.00,629.82,10.57,-10.78,definitive
NO 15/9-F-11 T2,640.00,639.81,10.70,-11.07,definitive
NO 15/9-F-11 T2,650.00,649.81,10.75,-11.35,definitive
NO 15/9-F-11 T2,660.00,659.80,10.77,-11.64,definitive
NO 15/9-F-11 T2,670.00,669.80,10.80,-11.94,definitive
NO 15/9-F-11 T2,680.00,679.79,10.80,-12.28,definitive
NO 15/9-F-11 T2,690.00,689.79,10.74,-12.67,definitive
NO 15/9-F-11 T2,700.00,699.78,10.65,-13.11,definitive
NO 15/9-F-11 T2,710.00,709.76,10.50,-13.61,definitive
NO 15/9-F-11 T2,720.00,719.74,10.27,-14.19,definitive
NO 15/9-F-11 T2,730.00,729.71,9.93,-14.87,definitive
NO 15/9-F-11 T2,740.00,739.67,9.50,-15.63,definitive
NO 15/9-F-11 T2,750.00,749.63,8.98,-16.48,definitive
NO 15/9-F-11 T2,760.00,759.56,8.36,-17.42,definitive
NO 15/9-F-11 T2,770.00,769.48,7.65,-18.47,definitive
NO 15/9-F-11 T2,780.00,779.38,6.86,-19.62,definitive
NO 15/9-F-11 T2,790.00,789.26,6.00,-20.89,definitive
NO 15/9-F-11 T2,800.00,799.12,5.06,-22.30,definitive
NO 15/9-F-11 T2,810.00,808.95,4.08,-23.84,definitive
NO 15/9-F-11 T2,820.00,818.77,3.08,-25.48,definitive
NO 15/9-F-11 T2,830.00,828.56,2.11,-27.24,definitive
NO 15/9-F-11 T2,840.00,838.34,1.20,-29.13,definitive
NO 15/9-F-11 T2,850.00,848.10,0.38,-31.12,definitive
NO 15/9-F-11 T2,860.00,857.86,-0.33,-33.19,definitive
NO 15/9-F-11 T2,870.00,867.61,-0.94,-35.32,definitive
NO 15/9-F-11 T2,880.00,877.36,-1.47,-37.47,definitive
NO 15/9-F-11 T2,890.00,887.12,-1.96,-39.60,definitive
NO 15/9-F-11 T2,900.00,896.89,-2.41,-41.69,definitive
NO 15/9-F-11 T2,910.00,906.68,-2.79,-43.70,definitive
NO 15/9-F-11 T2,920.00,916.49,-3.09,-45.61,definitive
NO 15/9-F-11 T2,930.00,926.31,-3.34,-47.47,definitive
NO 15/9-F-11 T2,940.00,936.14,-3.55,-49.31,definitive
NO 15/9-F-11 T2,950.00,945.97,-3.74,-51.13,definitive
NO 15/9-F-11 T2,960.00,955.80,-3.90,-52.95,definitive
NO 15/9-F-11 T2,970.00,965.63,-4.03,-54.77,definitive
NO 15/9-F-11 T2,980.00,975.47,-4.13,-56.58,definitive
NO 15/9-F-11 T2,990.00,985.31,-4.17,-58.37,definitive
NO 15/9-F-11 T2,1000.00,995.14,-4.12,-60.15,definitive
NO 15/9-F-11 T2,1010.00,1004.98,-4.03,-61.94,definitive
NO 15/9-F-11 T2,1020.00,1014.82,-3.90,-63.74,definitive
NO 15/9-F-11 T2,1030.00,1024.65,-3.75,-65.54,definitive
NO 15/9-F-11 T2,1040.00,1034.49,-3.58,-67.35,definitive
NO 15/9-F-11 T2,1050.00,1044.32,-3.40,-69.16,definitive
NO 15/9-F-11 T2,1060.00,1054.15,-3.19,-70.98,definitive
NO 15/9-F-11 T2,1070.00,1063.97,-2.93,-72.84,definitive
NO 15/9-F-11 T2,1080.00,1073.78,-2.59,-74.76,definitive
NO 15/9-F-11 T2,1090.00,1083.57,-2.15,-76.75,definitive
NO 15/9-F-11 T2,1100.00,1093.33,-1.57,-78.83,definitive
NO 15/9-F-11 T2,1110.00,1103.05,-0.82,-81.06,definitive
NO 15/9-F-11 T2,1120.00,1112.73,0.07,-83.43,definitive
NO 15/9-F-11 T2,1130.00,1122.35,1.06,-85.95,definitive
NO 15/9-F-11 T2,1140.00,1131.91,2.16,-88.70,definitive
NO 15/9-F-11 T2,1150.00,1141.37,3.35,-91.68,definitive
NO 15/9-F-11 T2,1160.00,1150.78,4.58,-94.83,definitive
NO 15/9-F-11 T2,1170.00,1160.15,5.82,-98.12,definitive
NO 15/9-F-11 T2,1180.00,1169.46,7.04,-101.55,definitive
NO 15/9-F-11 T2,1190.00,1178.74,8.23,-105.08,definitive
NO 15/9-F-11 T2,1200.00,1188.00,9.39,-108.67,definitive
NO 15/9-F-11 T2,1210.00,1197.24,10.51,-112.31,definitive
NO 15/9-F-11 T2,1220.00,1206.47,11.57,-116.01,definitive
NO 15/9-F-11 T2,1230.00,1215.69,12.58,-119.76,definitive
NO 15/9-F-11 T2,1240.00,1224.90,13.57,-123.53,definitive
NO 15/9-F-11 T2,1250.00,1234.10,14.54,-127.32,definitive
NO 15/9-F-11 T2,1260.00,1243.30,15.53,-131.11,definitive
NO 15/9-F-11 T2,1270.00,1252.52,16.48,-134.85,definitive
NO 15/9-F-11 T2,1280.00,1261.78,17.41,-138.52,definitive
NO 15/9-F-11 T2,1290.00,1271.07,18.32,-142.11,definitive
NO 15/9-F-11 T2,1300.00,1280.39,19.20,-145.62,definitive
NO 15/9-F-11 T2,1310.00,1289.73,20.04,-149.09,definitive
NO 15/9-F-11 T2,1320.00,1299.08,20.88,-152.54,definitive
NO 15/9-F-11 T2,1330.00,1308.42,21.73,-156.01,definitive
NO 15/9-F-11 T2,1340.00,1317.74,22.58,-159.52,definitive
NO 15/9-F-11 T2,1350.00,1327.05,23.42,-163.08,definitive
NO 15/9-F-11 T2,1360.00,1336.33,24.24,-166.70,definitive
NO 15/9-F-11 T2,1370.00,1345.59,25.02,-170.40,definitive
NO 15/9-F-11 T2,1380.00,1354.81,25.67,-174.22,definitive
NO 15/9-F-11 T2,1390.00,1363.98,26.18,-178.18,definitive
NO 15/9-F-11 T2,1400.00,1373.10,26.56,-182.25,definitive
NO 15/9-F-11 T2,1410.00,1382.17,26.79,-186.47,definitive
NO 15/9-F-11 T2,1420.00,1391.16,26.83,-190.83,definitive
NO 15/9-F-11 T2,1430.00,1400.09,26.66,-195.33,definitive
NO 15/9-F-11 T2,1440.00,1408.95,26.30,-199.95,definitive
NO 15/9-F-11 T2,1450.00,1417.75,25.73,-204.66,definitive
NO 15/9-F-11 T2,1460.00,1426.49,24.98,-209.46,definitive
NO 15/9-F-11 T2,1470.00,1435.18,24.12,-214.34,definitive
NO 15/9-F-11 T2,1480.00,1443.82,23.22,-219.28,definitive
NO 15/9-F-11 T2,1490.00,1452.41,22.29,-224.32,definitive
NO 15/9-F-11 T2,1500.00,1460.93,21.34,-229.46,definitive
NO 15/9-F-11 T2,1510.00,1469.40,20.36,-234.68,definitive
NO 15/9-F-11 T2,1520.00,1477.84,19.36,-239.96,definitive
NO 15/9-F-11 T2,1530.00,1486.23,18.35,-245.31,definitive
NO 15/9-F-11 T2,1540.00,1494.58,17.33,-250.70,definitive
NO 15/9-F-11 T2,1550.00,1502.92,16.32,-256.13,definitive
NO 15/9-F-11 T2,1560.00,1511.23,15.31,-261.59,definitive
NO 15/9-F-11 T2,1570.00,1519.52,14.29,-267.09,definitive
NO 15/9-F-11 T2,1580.00,1527.81,13.24,-272.58,definitive
NO 15/9-F-11 T2,1590.00,1536.10,12.16,-278.07,definitive
NO 15/9-F-11 T2,1600.00,1544.39,11.05,-283.55,definitive
NO 15/9-F-11 T2,1610.00,1552.68,9.94,-289.03,definitive
NO 15/9-F-11 T2,1620.00,1560.96,8.81,-294.52,definitive
NO 15/9-F-11 T2,1630.00,1569.22,7.68,-300.04,definitive
NO 15/9-F-11 T2,1640.00,1577.47,6.53,-305.57,definitive
NO 15/9-F-11 T2,1650.00,1585.72,5.36,-311.10,definitive
NO 15/9-F-11 T2,1660.00,1593.97,4.17,-316.61,definitive
NO 15/9-F-11 T2,1670.00,1602.23,2.97,-322.12,definitive
NO 15/9-F-11 T2,1680.00,1610.49,1.77,-327.62,definitive
NO 15/9-F-11 T2,1690.00,1618.76,0.57,-333.12,definitive
NO 15/9-F-11 T2,1700.00,1627.03,-0.63,-338.61,definitive
NO 15/9-F-11 T2,1710.00,1635.28,-1.84,-344.12,definitive
NO 15/9-F-11 T2,1720.00,1643.55,-3.05,-349.61,definitive
NO 15/9-F-11 T2,1730.00,1651.88,-4.24,-355.01,definitive
NO 15/9-F-11 T2,1740.00,1660.30,-5.36,-360.30,definitive
NO 15/9-F-11 T2,1750.00,1668.78,-6.42,-365.49,definitive
NO 15/9-F-11 T2,1760.00,1677.34,-7.40,-370.56,definitive
NO 15/9-F-11 T2,1770.00,1685.99,-8.31,-375.49,definitive
NO 15/9-F-11 T2,1780.00,1694.70,-9.17,-380.32,definitive
NO 15/9-F-11 T2,1790.00,1703.46,-10.00,-385.07,definitive
NO 15/9-F-11 T2,1800.00,1712.29,-10.80,-389.69,definitive
NO 15/9-F-11 T2,1810.00,1721.21,-11.55,-394.16,definitive
NO 15/9-F-11 T2,1820.00,1730.19,-12.26,-398.49,definitive
NO 15/9-F-11 T2,1830.00,1739.22,-12.93,-402.73,definitive
NO 15/9-F-11 T2,1840.00,1748.31,-13.57,-406.85,definitive
NO 15/9-F-11 T2,1850.00,1757.45,-14.18,-410.85,definitive
NO 15/9-F-11 T2,1860.00,1766.65,-14.80,-414.72,definitive
NO 15/9-F-11 T2,1870.00,1775.90,-15.42,-418.47,definitive
NO 15/9-F-11 T2,1880.00,1785.21,-16.02,-422.08,definitive
NO 15/9-F-11 T2,1890.00,1794.57,-16.58,-425.55,definitive
NO 15/9-F-11 T2,1900.00,1803.97,-17.10,-428.92,definitive
NO 15/9-F-11 T2,1910.00,1813.41,-17.59,-432.20,definitive
NO 15/9-F-11 T2,1920.00,1822.88,-18.03,-435.35,definitive
NO 15/9-F-11 T2,1930.00,1832.41,-18.44,-438.37,definitive
NO 15/9-F-11 T2,1940.00,1841.97,-18.82,-441.26,definitive
NO 15/9-F-11 T2,1950.00,1851.58,-19.15,-444.01,definitive
NO 15/9-F-11 T2,1960.00,1861.24,-19.41,-446.60,definitive
NO 15/9-F-11 T2,1970.00,1870.93,-19.62,-449.04,definitive
NO 15/9-F-11 T2,1980.00,1880.66,-19.80,-451.35,definitive
NO 15/9-F-11 T2,1990.00,1890.42,-19.96,-453.53,definitive
NO 15/9-F-11 T2,2000.00,1900.22,-20.09,-455.52,definitive
NO 15/9-F-11 T2,2010.00,1910.05,-20.18,-457.33,definitive
NO 15/9-F-11 T2,2020.00,1919.91,-20.24,-459.01,definitive
NO 15/9-F-11 T2,2030.00,1929.79,-20.24,-460.55,definitive
NO 15/9-F-11 T2,2040.00,1939.69,-20.18,-461.94,definitive
NO 15/9-F-11 T2,2050.00,1949.61,-20.09,-463.19,definitive
NO 15/9-F-11 T2,2060.00,1959.55,-19.97,-464.33,definitive
NO 15/9-F-11 T2,2070.00,1969.49,-19.79,-465.35,definitive
NO 15/9-F-11 T2,2080.00,1979.45,-19.54,-466.27,definitive
NO 15/9-F-11 T2,2090.00,1989.41,-19.24,-467.09,definitive
NO 15/9-F-11 T2,2100.00,1999.38,-18.91,-467.79,definitive
NO 15/9-F-11 T2,2110.00,2009.36,-18.56,-468.35,definitive
NO 15/9-F-11 T2,2120.00,2019.34,-18.20,-468.76,definitive
NO 15/9-F-11 T2,2130.00,2029.33,-17.80,-469.05,definitive
NO 15/9-F-11 T2,2140.00,2039.32,-17.35,-469.26,definitive
NO 15/9-F-11 T2,2150.00,2049.30,-16.82,-469.36,definitive
NO 15/9-F-11 T2,2160.00,2059.28,-16.18,-469.34,definitive
NO 15/9-F-11 T2,2170.00,2069.26,-15.48,-469.19,definitive
NO 15/9-F-11 T2,2180.00,2079.22,-14.73,-468.90,definitive
NO 15/9-F-11 T2,2190.00,2089.18,-13.95,-468.47,definitive
NO 15/9-F-11 T2,2200.00,2099.13,-13.15,-467.88,definitive
NO 15/9-F-11 T2,2210.00,2109.07,-12.32,-467.17,definitive
NO 15/9-F-11 T2,2220.00,2119.00,-11.46,-466.33,definitive
NO 15/9-F-11 T2,2230.00,2128.91,-10.58,-465.31,definitive
NO 15/9-F-11 T2,2240.00,2138.79,-9.67,-464.09,definitive
NO 15/9-F-11 T2,2250.00,2148.65,-8.74,-462.68,definitive
NO 15/9-F-11 T2,2260.00,2158.48,-7.78,-461.11,definitive
NO 15/9-F-11 T2,2270.00,2168.27,-6.81,-459.36,definitive
NO 15/9-F-11 T2,2280.00,2178.04,-5.82,-457.45,definitive
NO 15/9-F-11 T2,2290.00,2187.78,-4.82,-455.43,definitive
NO 15/9-F-11 T2,2300.00,2197.50,-3.83,-453.30,definitive
NO 15/9-F-11 T2,2310.00,2207.19,-2.81,-451.05,definitive
NO 15/9-F-11 T2,2320.00,2216.85,-1.76,-448.67,definitive
NO 15/9-F-11 T2,2330.00,2226.47,-0.66,-446.18,definitive
NO 15/9-F-11 T2,2340.00,2236.06,0.48,-443.57,definitive
NO 15/9-F-11 T2,2350.00,2245.60,1.66,-440.83,definitive
NO 15/9-F-11 T2,2360.00,2255.10,2.87,-437.96,definitive
NO 15/9-F-11 T2,2370.00,2264.55,4.11,-434.94,definitive
NO 15/9-F-11 T2,2380.00,2273.95,5.40,-431.78,definitive
NO 15/9-F-11 T2,2390.00,2283.30,6.72,-428.47,definitive
NO 15/9-F-11 T2,2400.00,2292.60,8.08,-425.06,definitive
NO 15/9-F-11 T2,2410.00,2301.85,9.47,-421.53,definitive
NO 15/9-F-11 T2,2420.00,2311.05,10.89,-417.89,definitive
NO 15/9-F-11 T2,2430.00,2320.20,12.36,-414.12,definitive
NO 15/9-F-11 T2,2440.00,2329.27,13.89,-410.21,definitive
NO 15/9-F-11 T2,2450.00,2338.28,15.50,-406.17,definitive
NO 15/9-F-11 T2,2460.00,2347.20,17.19,-402.00,definitive
NO 15/9-F-11 T2,2470.00,2356.06,18.96,-397.70,definitive
NO 15/9-F-11 T2,2480.00,2364.83,20.82,-393.28,definitive
NO 15/9-F-11 T2,2490.00,2373.53,22.73,-388.73,definitive
NO 15/9-F-11 T2,2500.00,2382.14,24.70,-384.04,definitive
NO 15/9-F-11 T2,2510.00,2390.68,26.70,-379.25,definitive
NO 15/9-F-11 T2,2520.00,2399.17,28.73,-374.37,definitive
NO 15/9-F-11 T2,2530.00,2407.60,30.79,-369.41,definitive
NO 15/9-F-11 T2,2540.00,2415.95,32.88,-364.31,definitive
NO 15/9-F-11 T2,2550.00,2424.17,35.00,-359.03,definitive
NO 15/9-F-11 T2,2560.00,2432.28,37.15,-353.59,definitive
NO 15/9-F-11 T2,2570.00,2440.31,39.32,-348.04,definitive
NO 15/9-F-11 T2,2580.00,2448.26,41.49,-342.38,definitive
NO 15/9-F-11 T2,2590.00,2456.12,43.64,-336.59,definitive
NO 15/9-F-11 T2,2600.00,2463.88,45.80,-330.66,definitive
NO 15/9-F-11 T2,2610.00,2471.52,47.96,-324.58,definitive
NO 15/9-F-11 T2,2620.00,2479.04,50.13,-318.36,definitive
NO 15/9-F-11 T2,2630.00,2486.43,52.32,-312.00,definitive
NO 15/9-F-11 T2,2640.00,2493.70,54.55,-305.51,definitive
NO 15/9-F-11 T2,2650.00,2500.87,56.80,-298.91,definitive
NO 15/9-F-11 T2,2660.00,2507.92,59.07,-292.19,definitive
NO 15/9-F-11 T2,2670.00,2514.85,61.36,-285.36,definitive
NO 15/9-F-11 T2,2680.00,2521.66,63.67,-278.42,definitive
NO 15/9-F-11 T2,2690.00,2528.36,66.02,-271.37,definitive
NO 15/9-F-11 T2,2700.00,2534.94,68.41,-264.23,definitive
NO 15/9-F-11 T2,2710.00,2541.39,70.83,-256.99,definitive
NO 15/9-F-11 T2,2720.00,2547.70,73.30,-249.64,definitive
NO 15/9-F-11 T2,2730.00,2553.88,75.81,-242.19,definitive
NO 15/9-F-11 T2,2740.00,2559.92,78.37,-234.65,definitive
NO 15/9-F-11 T2,2750.00,2565.84,80.96,-227.02,definitive
NO 15/9-F-11 T2,2760.00,2571.66,83.58,-219.33,definitive
NO 15/9-F-11 T2,2770.00,2577.38,86.24,-211.57,definitive
NO 15/9-F-11 T2,2780.00,2582.99,88.93,-203.74,definitive
NO 15/9-F-11 T2,2790.00,2588.48,91.65,-195.85,definitive
NO 15/9-F-11 T2,2800.00,2593.83,94.41,-187.86,definitive
NO 15/9-F-11 T2,2810.00,2599.04,97.19,-179.80,definitive
NO 15/9-F-11 T2,2820.00,2604.11,100.01,-171.65,definitive
NO 15/9-F-11 T2,2830.00,2609.04,102.84,-163.43,definitive
NO 15/9-F-11 T2,2840.00,2613.86,105.69,-155.14,definitive
NO 15/9-F-11 T2,2850.00,2618.57,108.54,-146.80,definitive
NO 15/9-F-11 T2,2860.00,2623.27,111.38,-138.44,definitive
NO 15/9-F-11 T2,2870.00,2627.95,114.20,-130.08,definitive
NO 15/9-F-11 T2,2880.00,2632.60,117.03,-121.69,definitive
NO 15/9-F-11 T2,2890.00,2637.18,119.88,-113.27,definitive
NO 15/9-F-11 T2,2900.00,2641.66,122.76,-104.81,definitive
NO 15/9-F-11 T2,2910.00,2646.02,125.69,-96.31,definitive
NO 15/9-F-11 T2,2920.00,2650.28,128.66,-87.76,definitive
NO 15/9-F-11 T2,2930.00,2654.44,131.67,-79.19,definitive
NO 15/9-F-11 T2,2940.00,2658.51,134.72,-70.58,definitive
NO 15/9-F-11 T2,2950.00,2662.47,137.80,-61.94,definitive
NO 15/9-F-11 T2,2960.00,2666.31,140.95,-53.26,definitive
NO 15/9-F-11 T2,2970.00,2669.98,144.15,-44.53,definitive
NO 15/9-F-11 T2,2980.00,2673.45,147.38,-35.73,definitive
NO 15/9-F-11 T2,2990.00,2676.73,150.64,-26.86,definitive
NO 15/9-F-11 T2,3000.00,2679.83,153.88,-17.93,definitive
NO 15/9-F-11 T2,3010.00,2682.74,157.08,-8.92,definitive
NO 15/9-F-11 T2,3020.00,2685.42,160.28,0.17,definitive
NO 15/9-F-11 T2,3030.00,2687.87,163.47,9.32,definitive
NO 15/9-F-11 T2,3040.00,2690.08,166.67,18.53,definitive
NO 15/9-F-11 T2,3050.00,2692.10,169.89,27.77,definitive
NO 15/9-F-11 T2,3060.00,2693.93,173.12,37.05,definitive
NO 15/9-F-11 T2,3070.00,2695.51,176.40,46.36,definitive
NO 15/9-F-11 T2,3080.00,2696.92,179.73,55.68,definitive
NO 15/9-F-11 T2,3090.00,2698.31,183.08,65.00,definitive
NO 15/9-F-11 T2,3100.00,2699.73,186.45,74.30,definitive
NO 15/9-F-11 T2,3110.00,2701.13,189.84,83.60,definitive
NO 15/9-F-11 T2,3120.00,2702.52,193.27,92.89,definitive
NO 15/9-F-11 T2,3130.00,2703.91,196.72,102.17,definitive
NO 15/9-F-11 T2,3140.00,2705.30,200.19,111.44,definitive
NO 15/9-F-11 T2,3150.00,2706.70,203.69,120.70,definitive
NO 15/9-F-11 T2,3160.00,2708.10,207.20,129.96,definitive
NO 15/9-F-11 T2,3170.00,2709.50,210.71,139.21,definitive
NO 15/9-F-11 T2,3180.00,2710.90,214.24,148.45,definitive
NO 15/9-F-11 T2,3190.00,2712.29,217.79,157.70,definitive
NO 15/9-F-11 T2,3200.00,2713.66,221.34,166.94,definitive
NO 15/9-F-11 T2,3210.00,2715.05,224.91,176.17,definitive
NO 15/9-F-11 T2,3220.00,2716.45,228.47,185.41,definitive
NO 15/9-F-11 T2,3230.00,2717.83,232.01,194.65,definitive
NO 15/9-F-11 T2,3240.00,2719.20,235.54,203.91,definitive
NO 15/9-F-11 T2,3250.00,2720.56,239.06,213.16,definitive
NO 15/9-F-11 T2,3260.00,2721.91,242.60,222.41,definitive
NO 15/9-F-11 T2,3270.00,2723.26,246.15,231.66,definitive
NO 15/9-F-11 T2,3280.00,2724.63,249.70,240.91,definitive
NO 15/9-F-11 T2,3290.00,2726.01,253.25,250.15,definitive
NO 15/9-F-11 T2,3300.00,2727.40,256.81,259.38,definitive
NO 15/9-F-11 T2,3310.00,2728.80,260.37,268.62,definitive
NO 15/9-F-11 T2,3320.00,2730.21,263.92,277.86,definitive
NO 15/9-F-11 T2,3330.00,2731.62,267.49,287.09,definitive
NO 15/9-F-11 T2,3340.00,2732.99,271.07,296.32,definitive
NO 15/9-F-11 T2,3350.00,2734.38,274.67,305.54,definitive
NO 15/9-F-11 T2,3360.00,2735.79,278.29,314.76,definitive
NO 15/9-F-11 T2,3370.00,2737.20,281.92,323.96,definitive
NO 15/9-F-11 T2,3380.00,2738.58,285.56,333.17,definitive
NO 15/9-F-11 T2,3390.00,2739.96,289.21,342.37,definitive
NO 15/9-F-11 T2,3400.00,2741.35,292.86,351.58,definitive
NO 15/9-F-11 T2,3410.00,2742.73,296.51,360.78,definitive
NO 15/9-F-11 T2,3420.00,2744.08,300.17,369.98,definitive
NO 15/9-F-11 T2,3430.00,2745.44,303.84,379.18,definitive
NO 15/9-F-11 T2,3440.00,2746.81,307.52,388.38,definitive
NO 15/9-F-11 T2,3450.00,2748.17,311.21,397.57,definitive
NO 15/9-F-11 T2,3460.00,2749.55,314.90,406.75,definitive
NO 15/9-F-11 T2,3470.00,2750.95,318.59,415.94,definitive
NO 15/9-F-11 T2,3480.00,2752.37,322.26,425.12,definitive
NO 15/9-F-11 T2,3490.00,2753.89,325.91,434.31,definitive
NO 15/9-F-11 T2,3500.00,2755.48,329.55,443.48,definitive
NO 15/9-F-11 T2,3510.00,2757.11,333.16,452.66,definitive
NO 15/9-F-11 T2,3520.00,2758.77,336.74,461.84,definitive
NO 15/9-F-11 T2,3530.00,2760.41,340.31,471.04,definitive
NO 15/9-F-11 T2,3540.00,2762.05,343.88,480.23,definitive
NO 15/9-F-11 T2,3550.00,2763.71,347.43,489.42,definitive
NO 15/9-F-11 T2,3560.00,2765.37,350.99,498.62,definitive
NO 15/9-F-11 T2,3570.00,2767.01,354.54,507.82,definitive
NO 15/9-F-11 T2,3580.00,2768.67,358.08,517.02,definitive
NO 15/9-F-11 T2,3590.00,2770.33,361.61,526.22,definitive
NO 15/9-F-11 T2,3600.00,2771.98,365.15,535.43,definitive
NO 15/9-F-11 T2,3610.00,2773.65,368.67,544.63,definitive
NO 15/9-F-11 T2,3620.00,2775.34,372.16,553.84,definitive
NO 15/9-F-11 T2,3630.00,2777.02,375.63,563.07,definitive
NO 15/9-F-11 T2,3640.00,2778.70,379.07,572.30,definitive
NO 15/9-F-11 T2,3650.00,2780.38,382.48,581.55,definitive
NO 15/9-F-11 T2,3660.00,2782.05,385.88,590.80,definitive
NO 15/9-F-11 T2,3670.00,2783.71,389.29,600.05,definitive
NO 15/9-F-11 T2,3680.00,2785.38,392.69,609.30,definitive
NO 15/9-F-11 T2,3690.00,2787.05,396.08,618.55,definitive
NO 15/9-F-11 T2,3700.00,2788.72,399.48,627.80,definitive
NO 15/9-F-11 T2,3710.00,2790.42,402.89,637.05,definitive
NO 15/9-F-11 T2,3720.00,2792.20,406.32,646.27,definitive
NO 15/9-F-11 T2,3730.00,2794.13,409.76,655.45,definitive
NO 15/9-F-11 T2,3740.00,2796.24,413.19,664.60,definitive
NO 15/9-F-11 T2,3750.00,2798.55,416.62,673.70,definitive
NO 15/9-F-11 T2,3760.00,2801.06,420.03,682.76,definitive
NO 15/9-F-11 T2,3770.00,2803.75,423.43,691.76,definitive
NO 15/9-F-11 T2,3780.00,2806.60,426.82,700.73,definitive
NO 15/9-F-11 T2,3790.00,2809.57,430.20,709.65,definitive
NO 15/9-F-11 T2,3800.00,2812.65,433.57,718.55,definitive
NO 15/9-F-11 T2,3810.00,2815.90,436.93,727.39,definitive
NO 15/9-F-11 T2,3820.00,2819.32,440.25,736.17,definitive
NO 15/9-F-11 T2,3830.00,2822.87,443.55,744.91,definitive
NO 15/9-F-11 T2,3840.00,2826.56,446.83,753.61,definitive
NO 15/9-F-11 T2,3850.00,2830.42,450.09,762.23,definitive
NO 15/9-F-11 T2,3860.00,2834.49,453.32,770.77,definitive
NO 15/9-F-11 T2,3870.00,2838.77,456.52,779.22,definitive
NO 15/9-F-11 T2,3880.00,2843.24,459.68,787.59,definitive
NO 15/9-F-11 T2,3890.00,2847.86,462.81,795.88,definitive
NO 15/9-F-11 T2,3900.00,2852.61,465.92,804.11,definitive
NO 15/9-F-11 T2,3910.00,2857.44,469.00,812.30,definitive
NO 15/9-F-11 T2,3920.00,2862.43,472.02,820.43,definitive
NO 15/9-F-11 T2,3930.00,2867.60,474.99,828.45,definitive
NO 15/9-F-11 T2,3940.00,2872.95,477.91,836.37,definitive
NO 15/9-F-11 T2,3950.00,2878.44,480.78,844.22,definitive
NO 15/9-F-11 T2,3960.00,2884.10,483.60,851.97,definitive
NO 15/9-F-11 T2,3970.00,2889.95,486.38,859.58,definitive
NO 15/9-F-11 T2,3980.00,2895.98,489.13,867.06,definitive
NO 15/9-F-11 T2,3990.00,2902.19,491.82,874.42,definitive
NO 15/9-F-11 T2,4000.00,2908.54,494.48,881.67,definitive
NO 15/9-F-11 T2,4010.00,2915.03,497.10,888.81,definitive
NO 15/9-F-11 T2,4020.00,2921.65,499.69,895.85,definitive
NO 15/9-F-11 T2,4030.00,2928.37,502.26,902.79,definitive
NO 15/9-F-11 T2,4040.00,2935.17,504.81,909.66,definitive
NO 15/9-F-11 T2,4050.00,2942.07,507.33,916.44,definitive
NO 15/9-F-11 T2,4060.00,2949.10,509.80,923.11,definitive
NO 15/9-F-11 T2,4070.00,2956.22,512.23,929.69,definitive
NO 15/9-F-11 T2,4080.00,2963.42,514.63,936.20,definitive
NO 15/9-F-11 T2,4090.00,2970.72,517.00,942.61,definitive
NO 15/9-F-11 T2,4100.00,2978.12,519.31,948.92,definitive
NO 15/9-F-11 T2,4110.00,2985.64,521.55,955.12,definitive
NO 15/9-F-11 T2,4120.00,2993.27,523.72,961.21,definitive
NO 15/9-F-11 T2,4130.00,3001.00,525.81,967.19,definitive
NO 15/9-F-11 T2,4140.00,3008.83,527.86,973.06,definitive
NO 15/9-F-11 T2,4150.00,3016.76,529.82,978.83,definitive
NO 15/9-F-11 T2,4160.00,3024.80,531.71,984.46,definitive
NO 15/9-F-11 T2,4170.00,3032.96,533.56,989.94,definitive
NO 15/9-F-11 T2,4180.00,3041.23,535.37,995.26,definitive
NO 15/9-F-11 T2,4190.00,3049.60,537.15,1000.42,definitive
NO 15/9-F-11 T2,4200.00,3058.08,538.91,1005.43,definitive
NO 15/9-F-11 T2,4210.00,3066.65,540.65,1010.28,definitive
NO 15/9-F-11 T2,4220.00,3075.32,542.35,1014.96,definitive
NO 15/9-F-11 T2,4230.00,3084.07,543.99,1019.51,definitive
NO 15/9-F-11 T2,4240.00,3092.89,545.59,1023.94,definitive
NO 15/9-F-11 T2,4250.00,3101.77,547.17,1028.25,definitive
NO 15/9-F-11 T2,4260.00,3110.74,548.69,1032.40,definitive
NO 15/9-F-11 T2,4270.00,3119.79,550.16,1036.40,definitive
NO 15/9-F-11 T2,4280.00,3128.90,551.56,1040.28,definitive
NO 15/9-F-11 T2,4290.00,3138.08,552.88,1044.02,definitive
NO 15/9-F-11 T2,4300.00,3147.33,554.10,1047.59,definitive
NO 15/9-F-11 T2,4310.00,3156.67,555.24,1050.99,definitive
NO 15/9-F-11 T2,4320.00,3166.09,556.28,1054.19,definitive
NO 15/9-F-11 T2,4330.00,3175.58,557.24,1057.17,definitive
NO 15/9-F-11 T2,4340.00,3185.15,558.11,1059.96,definitive
NO 15/9-F-11 T2,4350.00,3194.75,558.93,1062.61,definitive
NO 15/9-F-11 T2,4360.00,3204.40,559.72,1065.13,definitive
NO 15/9-F-11 T2,4370.00,3214.08,560.49,1067.51,definitive
NO 15/9-F-11 T2,4380.00,3223.78,561.24,1069.81,definitive
NO 15/9-F-11 T2,4390.00,3233.49,561.99,1072.09,definitive
NO 15/9-F-11 T2,4400.00,3243.20,562.76,1074.36,definitive
NO 15/9-F-11 T2,4410.00,3252.91,563.53,1076.63,definitive
NO 15/9-F-11 T2,4420.00,3262.62,564.30,1078.89,definitive
NO 15/9-F-11 T2,4430.00,3272.33,565.08,1081.15,definitive
NO 15/9-F-11 T2,4440.00,3282.03,565.89,1083.41,definitive
NO 15/9-F-11 T2,4450.00,3291.74,566.71,1085.67,definitive
NO 15/9-F-11 T2,4460.00,3301.45,567.54,1087.91,definitive
NO 15/9-F-11 T2,4470.00,3311.16,568.38,1090.15,definitive
NO 15/9-F-11 T2,4480.00,3320.87,569.21,1092.40,definitive
NO 15/9-F-11 T2,4490.00,3330.57,570.06,1094.67,definitive
NO 15/9-F-11 T2,4500.00,3340.26,570.95,1096.97,definitive
NO 15/9-F-11 T2,4510.00,3349.95,571.87,1099.28,definitive
NO 15/9-F-11 T2,4520.00,3359.63,572.83,1101.57,definitive
NO 15/9-F-11 T2,4530.00,3369.32,573.83,1103.85,definitive
NO 15/9-F-11 T2,4540.00,3379.00,574.87,1106.11,definitive
NO 15/9-F-11 T2,4550.70,3389.36,576.03,1108.53,definitive
NO 15/9-F-11 T2,4562.00,3400.30,577.30,1111.08,definitive
NO 15/9-F-12 pilot,0.0,0.0,2.7,0.2,reconstructed
NO 15/9-F-12 pilot,145.0,145.0,2.7,0.2,reconstructed
NO 15/9-F-12 pilot,169.6,169.6,2.6,0.2,reconstructed
NO 15/9-F-12 pilot,194.2,194.2,2.6,0.2,reconstructed
NO 15/9-F-12 pilot,218.7,218.7,2.6,0.3,reconstructed
NO 15/9-F-12 pilot,243.3,243.3,2.6,0.3,reconstructed
NO 15/9-F-12 pilot,267.9,267.9,2.5,0.4,reconstructed
NO 15/9-F-12 pilot,292.5,292.5,2.5,0.5,reconstructed
NO 15/9-F-12 pilot,317.1,317.1,2.5,0.6,reconstructed
NO 15/9-F-12 pilot,341.7,341.6,2.4,0.8,reconstructed
NO 15/9-F-12 pilot,366.2,366.2,2.3,0.9,reconstructed
NO 15/9-F-12 pilot,390.8,390.8,2.3,1.0,reconstructed
NO 15/9-F-12 pilot,415.4,415.4,2.2,1.2,reconstructed
NO 15/9-F-12 pilot,440.0,440.0,2.2,1.4,reconstructed
NO 15/9-F-12 pilot,464.6,464.6,2.1,1.6,reconstructed
NO 15/9-F-12 pilot,489.1,489.1,2.0,1.8,reconstructed
NO 15/9-F-12 pilot,513.7,513.7,1.9,2.0,reconstructed
NO 15/9-F-12 pilot,538.3,538.3,1.9,2.2,reconstructed
NO 15/9-F-12 pilot,562.9,562.9,1.8,2.4,reconstructed
NO 15/9-F-12 pilot,587.5,587.5,1.7,2.6,reconstructed
NO 15/9-F-12 pilot,612.1,612.0,1.6,2.8,reconstructed
NO 15/9-F-12 pilot,636.6,636.6,1.5,3.1,reconstructed
NO 15/9-F-12 pilot,661.2,661.2,1.5,3.3,reconstructed
NO 15/9-F-12 pilot,685.8,685.8,1.4,3.5,reconstructed
NO 15/9-F-12 pilot,710.4,710.4,1.3,3.7,reconstructed
NO 15/9-F-12 pilot,735.0,734.9,1.3,4.0,reconstructed
NO 15/9-F-12 pilot,759.5,759.5,1.2,4.2,reconstructed
NO 15/9-F-12 pilot,784.1,784.1,1.1,4.4,reconstructed
NO 15/9-F-12 pilot,808.7,808.7,1.1,4.6,reconstructed
NO 15/9-F-12 pilot,833.3,833.3,1.0,4.9,reconstructed
NO 15/9-F-12 pilot,857.9,857.8,1.0,5.1,reconstructed
NO 15/9-F-12 pilot,882.5,882.4,1.0,5.3,reconstructed
NO 15/9-F-12 pilot,905.3,905.3,0.9,5.5,reconstructed
NO 15/9-F-12 pilot,928.2,928.1,0.9,5.7,reconstructed
NO 15/9-F-12 pilot,951.0,951.0,0.9,5.9,reconstructed
NO 15/9-F-12 pilot,973.9,973.9,0.9,6.1,reconstructed
NO 15/9-F-12 pilot,996.8,996.7,0.9,6.3,reconstructed
NO 15/9-F-12 pilot,1019.6,1019.6,0.9,6.5,reconstructed
NO 15/9-F-12 pilot,1042.5,1042.5,0.9,6.8,reconstructed
NO 15/9-F-12 pilot,1065.4,1065.3,0.9,7.0,reconstructed
NO 15/9-F-14,145.90,145.90,-1.24,2.41,definitive
NO 15/9-F-14,155.09,155.09,-1.23,2.41,definitive
NO 15/9-F-14,195.44,195.44,-1.07,2.49,definitive
NO 15/9-F-14,235.80,235.80,-0.87,2.74,definitive
NO 15/9-F-14,276.20,276.19,-0.50,3.41,definitive
NO 15/9-F-14,316.60,316.58,-0.04,4.39,definitive
NO 15/9-F-14,356.90,356.86,0.39,5.53,definitive
NO 15/9-F-14,397.30,397.21,0.64,7.44,definitive
NO 15/9-F-14,437.70,437.51,0.85,10.22,definitive
NO 15/9-F-14,478.00,477.71,1.51,13.03,definitive
NO 15/9-F-14,518.40,518.03,2.77,15.27,definitive
NO 15/9-F-14,558.70,558.28,4.20,16.52,definitive
NO 15/9-F-14,599.10,598.67,5.14,16.93,definitive
NO 15/9-F-14,639.50,639.06,5.44,17.09,definitive
NO 15/9-F-14,679.80,679.36,5.49,17.26,definitive
NO 15/9-F-14,720.20,719.76,5.53,17.45,definitive
NO 15/9-F-14,760.50,760.06,5.56,17.64,definitive
NO 15/9-F-14,800.90,800.46,5.53,17.86,definitive
NO 15/9-F-14,841.30,840.86,5.34,18.03,definitive
NO 15/9-F-14,881.70,881.26,5.02,18.15,definitive
NO 15/9-F-14,922.00,921.56,4.74,18.23,definitive
NO 15/9-F-14,962.40,961.96,4.54,18.28,definitive
NO 15/9-F-14,1002.80,1002.36,4.37,18.33,definitive
NO 15/9-F-14,1043.20,1042.76,4.22,18.36,definitive
NO 15/9-F-14,1083.50,1083.06,4.07,18.32,definitive
NO 15/9-F-14,1123.90,1123.46,3.91,18.22,definitive
NO 15/9-F-14,1164.20,1163.76,3.77,18.16,definitive
NO 15/9-F-14,1204.60,1204.16,3.63,18.14,definitive
NO 15/9-F-14,1245.00,1244.56,3.50,18.15,definitive
NO 15/9-F-14,1285.40,1284.96,3.36,18.17,definitive
NO 15/9-F-14,1325.80,1325.36,3.23,18.18,definitive
NO 15/9-F-14,1366.10,1365.66,3.13,18.25,definitive
NO 15/9-F-14,1406.50,1406.06,3.06,18.35,definitive
NO 15/9-F-14,1446.80,1446.36,2.99,18.45,definitive
NO 15/9-F-14,1487.20,1486.75,2.91,18.56,definitive
NO 15/9-F-14,1527.50,1527.05,2.84,18.66,definitive
NO 15/9-F-14,1567.90,1567.45,2.76,18.76,definitive
NO 15/9-F-14,1608.20,1607.75,2.68,18.86,definitive
NO 15/9-F-14,1648.60,1648.15,2.59,18.86,definitive
NO 15/9-F-14,1689.00,1688.55,2.49,18.77,definitive
NO 15/9-F-14,1729.30,1728.85,2.40,18.67,definitive
NO 15/9-F-14,1769.70,1769.25,2.30,18.58,definitive
NO 15/9-F-14,1810.00,1809.55,2.21,18.48,definitive
NO 15/9-F-14,1850.40,1849.95,2.12,18.38,definitive
NO 15/9-F-14,1890.80,1890.35,2.06,18.27,definitive
NO 15/9-F-14,1931.10,1930.65,2.04,18.13,definitive
NO 15/9-F-14,1971.50,1971.05,2.03,18.00,definitive
NO 15/9-F-14,2011.80,2011.35,2.00,17.87,definitive
NO 15/9-F-14,2052.50,2052.05,1.96,17.75,definitive
NO 15/9-F-14,2092.50,2092.05,1.92,17.63,definitive
NO 15/9-F-14,2132.90,2132.45,2.53,17.71,definitive
NO 15/9-F-14,2173.20,2172.69,4.46,18.25,definitive
NO 15/9-F-14,2213.60,2212.86,8.46,19.55,definitive
NO 15/9-F-14,2253.90,2252.77,13.79,21.44,definitive
NO 15/9-F-14,2294.30,2292.75,19.19,23.53,definitive
NO 15/9-F-14,2334.60,2332.53,25.13,26.05,definitive
NO 15/9-F-14,2375.00,2372.15,32.22,29.48,definitive
NO 15/9-F-14,2415.30,2411.31,40.62,33.89,definitive
NO 15/9-F-14,2455.80,2450.24,50.32,39.42,definitive
NO 15/9-F-14,2496.10,2488.51,60.41,46.94,definitive
NO 15/9-F-14,2536.50,2526.08,70.69,57.60,definitive
NO 15/9-F-14,2576.90,2562.40,81.32,71.72,definitive
NO 15/9-F-14,2617.30,2597.28,92.79,88.52,definitive
NO 15/9-F-14,2655.90,2629.30,105.16,106.16,definitive
NO 15/9-F-14,2673.90,2643.77,111.34,114.89,definitive
NO 15/9-F-14,2706.97,2669.61,123.15,131.80,definitive
NO 15/9-F-14,2747.16,2700.39,137.78,153.10,definitive
NO 15/9-F-14,2790.39,2733.57,153.53,175.89,definitive
NO 15/9-F-14,2830.75,2763.70,168.45,198.18,definitive
NO 15/9-F-14,2870.67,2791.15,183.69,222.80,definitive
NO 15/9-F-14,2911.52,2816.38,200.19,250.33,definitive
NO 15/9-F-14,2950.80,2837.63,217.25,278.59,definitive
NO 15/9-F-14,2991.49,2856.59,235.70,309.47,definitive
NO 15/9-F-14,3032.17,2873.41,252.73,342.33,definitive
NO 15/9-F-14,3072.79,2888.46,266.61,377.38,definitive
NO 15/9-F-14,3112.44,2901.50,277.84,413.08,definitive
NO 15/9-F-14,3153.53,2913.30,288.39,450.98,definitive
NO 15/9-F-14,3193.66,2922.86,297.35,488.89,definitive
NO 15/9-F-14,3233.21,2930.23,303.94,527.15,definitive
NO 15/9-F-14,3273.30,2936.57,308.34,566.48,definitive
NO 15/9-F-14,3314.97,2944.52,311.66,607.22,definitive
NO 15/9-F-14,3355.37,2955.36,314.65,646.00,definitive
NO 15/9-F-14,3395.93,2968.14,317.62,684.36,definitive
NO 15/9-F-14,3436.15,2982.12,320.27,721.96,definitive
NO 15/9-F-14,3476.50,2998.13,321.71,758.95,definitive
NO 15/9-F-14,3514.77,3015.17,322.01,793.20,definitive
NO 15/9-F-14,3555.95,3036.08,321.59,828.64,definitive
NO 15/9-F-14,3596.23,3059.53,320.41,861.34,definitive
NO 15/9-F-14,3638.07,3086.33,318.52,893.40,definitive
NO 15/9-F-14,3678.39,3112.69,316.47,923.83,definitive
NO 15/9-F-14,3718.84,3138.73,314.46,954.71,definitive
NO 15/9-F-14,3729.86,3145.78,313.90,963.16,definitive
NO 15/9-F-14,3750.00,3158.65,312.89,978.61,definitive
NO 15/9-F-15,145.90,145.90,-3.19,3.52,definitive
NO 15/9-F-15,153.40,153.40,-3.20,3.51,definitive
NO 15/9-F-15,234.20,234.20,-3.39,3.52,definitive
NO 15/9-F-15,274.60,274.60,-3.67,3.77,definitive
NO 15/9-F-15,315.00,314.99,-4.19,4.36,definitive
NO 15/9-F-15,355.30,355.25,-5.18,5.76,definitive
NO 15/9-F-15,395.70,395.54,-6.94,8.19,definitive
NO 15/9-F-15,436.10,435.76,-9.49,10.91,definitive
NO 15/9-F-15,474.40,473.89,-12.54,12.99,definitive
NO 15/9-F-15,514.80,514.07,-16.38,14.54,definitive
NO 15/9-F-15,557.10,556.09,-21.12,15.57,definitive
NO 15/9-F-15,597.50,596.16,-26.27,16.21,definitive
NO 15/9-F-15,637.80,636.05,-31.93,16.77,definitive
NO 15/9-F-15,678.20,675.99,-38.02,17.30,definitive
NO 15/9-F-15,718.50,715.77,-44.41,17.68,definitive
NO 15/9-F-15,758.90,755.59,-51.25,17.49,definitive
NO 15/9-F-15,799.30,795.24,-58.86,16.16,definitive
NO 15/9-F-15,839.70,834.64,-67.42,13.62,definitive
NO 15/9-F-15,880.00,873.67,-76.81,10.13,definitive
NO 15/9-F-15,920.40,912.79,-86.12,6.30,definitive
NO 15/9-F-15,960.80,951.97,-95.24,2.56,definitive
NO 15/9-F-15,1001.10,990.80,-105.30,-1.29,definitive
NO 15/9-F-15,1041.60,1029.65,-116.00,-5.37,definitive
NO 15/9-F-15,1081.90,1068.34,-126.35,-9.82,definitive
NO 15/9-F-15,1122.30,1107.01,-136.61,-15.43,definitive
NO 15/9-F-15,1162.60,1145.43,-146.37,-22.66,definitive
NO 15/9-F-15,1203.00,1184.10,-154.54,-31.00,definitive
NO 15/9-F-15,1243.30,1222.90,-161.33,-39.52,definitive
NO 15/9-F-15,1283.80,1261.68,-168.00,-49.08,definitive
NO 15/9-F-15,1324.10,1299.62,-174.94,-60.73,definitive
NO 15/9-F-15,1364.50,1336.81,-182.31,-74.65,definitive
NO 15/9-F-15,1404.90,1373.56,-189.90,-89.62,definitive
NO 15/9-F-15,1445.20,1410.02,-198.32,-104.55,definitive
NO 15/9-F-15,1485.60,1445.96,-208.67,-119.81,definitive
NO 15/9-F-15,1525.90,1481.41,-219.56,-135.58,definitive
NO 15/9-F-15,1566.30,1516.92,-229.49,-152.08,definitive
NO 15/9-F-15,1606.60,1552.31,-238.68,-169.01,definitive
NO 15/9-F-15,1647.00,1587.80,-248.11,-185.85,definitive
NO 15/9-F-15,1687.30,1623.20,-258.34,-202.15,definitive
NO 15/9-F-15,1727.70,1658.68,-269.47,-217.94,definitive
NO 15/9-F-15,1768.10,1694.19,-281.53,-232.94,definitive
NO 15/9-F-15,1808.40,1729.69,-294.65,-246.77,definitive
NO 15/9-F-15,1848.80,1765.28,-308.32,-260.12,definitive
NO 15/9-F-15,1889.10,1800.74,-322.32,-273.18,definitive
NO 15/9-F-15,1939.50,1845.02,-340.89,-288.48,definitive
NO 15/9-F-15,1969.90,1871.72,-352.64,-297.04,definitive
NO 15/9-F-15,2010.20,1907.01,-368.73,-307.97,definitive
NO 15/9-F-15,2050.60,1942.28,-385.01,-319.05,definitive
NO 15/9-F-15,2090.90,1977.29,-401.40,-330.42,definitive
NO 15/9-F-15,2131.30,2012.21,-418.18,-341.86,definitive
NO 15/9-F-15,2171.60,2047.01,-435.41,-352.61,definitive
NO 15/9-F-15,2212.00,2081.51,-453.76,-362.85,definitive
NO 15/9-F-15,2252.30,2115.12,-473.48,-373.12,definitive
NO 15/9-F-15,2286.70,2143.49,-490.79,-381.97,definitive
NO 15/9-F-15,2329.90,2179.58,-512.01,-392.59,definitive
NO 15/9-F-15,2370.20,2213.44,-531.65,-402.16,definitive
NO 15/9-F-15,2410.60,2247.24,-551.59,-411.76,definitive
NO 15/9-F-15,2450.90,2280.95,-571.50,-421.26,definitive
NO 15/9-F-15,2491.30,2314.78,-591.42,-430.78,definitive
NO 15/9-F-15,2531.70,2348.68,-611.08,-440.59,definitive
NO 15/9-F-15,2572.10,2382.26,-631.07,-450.81,definitive
NO 15/9-F-15,2612.40,2414.69,-652.41,-461.57,definitive
NO 15/9-F-15,2652.80,2445.59,-675.62,-473.30,definitive
NO 15/9-F-15,2693.20,2474.61,-700.74,-485.87,definitive
NO 15/9-F-15,2733.60,2501.43,-728.18,-498.45,definitive
NO 15/9-F-15,2773.90,2525.52,-758.09,-510.58,definitive
NO 15/9-F-15,2814.30,2547.21,-789.90,-522.77,definitive
NO 15/9-F-15,2854.60,2567.16,-822.54,-535.41,definitive
NO 15/9-F-15,2895.00,2585.74,-856.00,-548.29,definitive
NO 15/9-F-15,2935.40,2603.22,-890.03,-561.24,definitive
NO 15/9-F-15,2975.80,2620.06,-924.23,-574.56,definitive
NO 15/9-F-15,3016.20,2636.01,-958.78,-588.12,definitive
NO 15/9-F-15,3056.50,2651.37,-993.32,-602.03,definitive
NO 15/9-F-15,3095.90,2666.50,-1026.90,-615.99,definitive
NO 15/9-F-15,3137.20,2682.96,-1061.99,-630.23,definitive
NO 15/9-F-15,3177.60,2699.69,-1096.09,-643.96,definitive
NO 15/9-F-15,3217.90,2716.12,-1129.94,-658.34,definitive
NO 15/9-F-15,3258.30,2732.40,-1163.80,-673.17,definitive
NO 15/9-F-15,3298.60,2748.72,-1197.48,-688.10,definitive
NO 15/9-F-15,3339.00,2764.94,-1231.02,-703.68,definitive
NO 15/9-F-15,3379.40,2781.20,-1264.45,-719.47,definitive
NO 15/9-F-15,3419.70,2797.29,-1298.34,-734.15,definitive
NO 15/9-F-15,3460.10,2813.61,-1332.72,-747.66,definitive
NO 15/9-F-15,3500.50,2830.49,-1366.93,-760.92,definitive
NO 15/9-F-15,3540.80,2847.32,-1400.81,-774.77,definitive
NO 15/9-F-15,3581.20,2864.01,-1434.66,-789.16,definitive
NO 15/9-F-15,3621.50,2880.21,-1469.00,-802.62,definitive
NO 15/9-F-15,3661.90,2897.37,-1503.60,-814.39,definitive
NO 15/9-F-15,3702.30,2917.49,-1536.76,-825.60,definitive
NO 15/9-F-15,3742.60,2939.83,-1568.27,-837.04,definitive
NO 15/9-F-15,3783.00,2963.48,-1599.05,-848.20,definitive
NO 15/9-F-15,3823.30,2988.05,-1628.91,-859.53,definitive
NO 15/9-F-15,3863.60,3013.12,-1657.80,-872.17,definitive
NO 15/9-F-15,3904.00,3039.27,-1685.04,-886.46,definitive
NO 15/9-F-15,3925.90,3054.03,-1699.01,-894.62,definitive
NO 15/9-F-15,3963.80,3080.17,-1722.94,-908.03,definitive
NO 15/9-F-15,4002.89,3107.72,-1747.78,-920.33,definitive
NO 15/9-F-15,4042.88,3136.20,-1773.53,-931.46,definitive
NO 15/9-F-15,4090.00,3169.92,-1804.04,-943.80,definitive
NO 15/9-F-15 A,145.90,145.90,-3.19,3.52,definitive
NO 15/9-F-15 A,153.40,153.40,-3.20,3.51,definitive
NO 15/9-F-15 A,234.20,234.20,-3.39,3.52,definitive
NO 15/9-F-15 A,274.60,274.60,-3.67,3.77,definitive
NO 15/9-F-15 A,315.00,314.99,-4.19,4.36,definitive
NO 15/9-F-15 A,355.30,355.25,-5.18,5.76,definitive
NO 15/9-F-15 A,395.70,395.54,-6.94,8.19,definitive
NO 15/9-F-15 A,436.10,435.76,-9.49,10.91,definitive
NO 15/9-F-15 A,474.40,473.89,-12.54,12.99,definitive
NO 15/9-F-15 A,514.80,514.07,-16.38,14.54,definitive
NO 15/9-F-15 A,557.10,556.09,-21.12,15.57,definitive
NO 15/9-F-15 A,597.50,596.16,-26.27,16.21,definitive
NO 15/9-F-15 A,637.80,636.05,-31.93,16.77,definitive
NO 15/9-F-15 A,678.20,675.99,-38.02,17.30,definitive
NO 15/9-F-15 A,718.50,715.77,-44.41,17.68,definitive
NO 15/9-F-15 A,758.90,755.59,-51.25,17.49,definitive
NO 15/9-F-15 A,799.30,795.24,-58.86,16.16,definitive
NO 15/9-F-15 A,839.70,834.64,-67.42,13.62,definitive
NO 15/9-F-15 A,880.00,873.67,-76.81,10.13,definitive
NO 15/9-F-15 A,920.40,912.79,-86.12,6.30,definitive
NO 15/9-F-15 A,960.80,951.97,-95.24,2.56,definitive
NO 15/9-F-15 A,1001.10,990.80,-105.30,-1.29,definitive
NO 15/9-F-15 A,1041.60,1029.65,-116.00,-5.37,definitive
NO 15/9-F-15 A,1081.90,1068.34,-126.35,-9.82,definitive
NO 15/9-F-15 A,1122.30,1107.01,-136.61,-15.43,definitive
NO 15/9-F-15 A,1162.60,1145.43,-146.37,-22.66,definitive
NO 15/9-F-15 A,1203.00,1184.10,-154.54,-31.00,definitive
NO 15/9-F-15 A,1243.30,1222.90,-161.33,-39.52,definitive
NO 15/9-F-15 A,1283.80,1261.68,-168.00,-49.08,definitive
NO 15/9-F-15 A,1324.10,1299.62,-174.94,-60.73,definitive
NO 15/9-F-15 A,1364.50,1336.81,-182.31,-74.65,definitive
NO 15/9-F-15 A,1383.00,1353.46,-185.97,-81.83,definitive
NO 15/9-F-15 A,1406.00,1374.08,-191.22,-90.55,definitive
NO 15/9-F-15 A,1445.00,1409.43,-202.02,-102.94,definitive
NO 15/9-F-15 A,1487.00,1448.10,-215.04,-112.81,definitive
NO 15/9-F-15 A,1544.00,1501.35,-233.83,-120.39,definitive
NO 15/9-F-15 A,1584.00,1538.75,-247.87,-122.08,definitive
NO 15/9-F-15 A,1625.00,1577.02,-262.52,-121.06,definitive
NO 15/9-F-15 A,1665.00,1614.38,-276.33,-117.47,definitive
NO 15/9-F-15 A,1705.00,1651.59,-289.65,-111.40,definitive
NO 15/9-F-15 A,1746.00,1689.20,-303.70,-103.10,definitive
NO 15/9-F-15 A,1786.00,1725.15,-318.24,-93.30,definitive
NO 15/9-F-15 A,1827.00,1761.52,-333.52,-82.17,definitive
NO 15/9-F-15 A,1867.00,1796.87,-348.56,-71.03,definitive
NO 15/9-F-15 A,1907.00,1832.31,-363.42,-59.95,definitive
NO 15/9-F-15 A,1948.00,1868.78,-378.44,-48.76,definitive
NO 15/9-F-15 A,1988.00,1904.26,-393.31,-37.81,definitive
NO 15/9-F-15 A,2028.00,1939.64,-408.46,-26.95,definitive
NO 15/9-F-15 A,2069.00,1975.97,-424.46,-16.71,definitive
NO 15/9-F-15 A,2109.00,2011.59,-440.58,-8.27,definitive
NO 15/9-F-15 A,2149.00,2047.58,-456.84,-1.97,definitive
NO 15/9-F-15 A,2190.00,2084.87,-473.38,1.98,definitive
NO 15/9-F-15 A,2230.00,2121.35,-489.64,4.11,definitive
NO 15/9-F-15 A,2270.00,2157.87,-505.95,4.64,definitive
NO 15/9-F-15 A,2311.00,2195.24,-522.71,3.05,definitive
NO 15/9-F-15 A,2351.00,2231.53,-539.18,-0.33,definitive
NO 15/9-F-15 A,2392.00,2268.55,-555.86,-5.93,definitive
NO 15/9-F-15 A,2432.00,2304.33,-571.86,-13.89,definitive
NO 15/9-F-15 A,2486.00,2352.04,-592.60,-28.29,definitive
NO 15/9-F-15 A,2513.00,2375.54,-602.55,-37.11,definitive
NO 15/9-F-15 A,2544.30,2402.29,-613.95,-48.67,definitive
NO 15/9-F-15 A,2584.60,2435.64,-628.66,-65.82,definitive
NO 15/9-F-15 A,2624.91,2467.57,-643.23,-85.62,definitive
NO 15/9-F-15 A,2665.26,2498.30,-656.88,-107.90,definitive
NO 15/9-F-15 A,2705.63,2527.96,-669.30,-132.28,definitive
NO 15/9-F-15 A,2745.99,2556.53,-680.28,-158.57,definitive
NO 15/9-F-15 A,2786.36,2583.82,-690.29,-186.56,definitive
NO 15/9-F-15 A,2826.70,2609.70,-700.23,-215.85,definitive
NO 15/9-F-15 A,2867.05,2634.79,-710.32,-245.79,definitive
NO 15/9-F-15 A,2907.38,2660.46,-720.25,-275.25,definitive
NO 15/9-F-15 A,2947.73,2686.75,-728.44,-304.72,definitive
NO 15/9-F-15 A,2988.07,2712.64,-733.72,-335.17,definitive
NO 15/9-F-15 A,3028.40,2737.64,-736.89,-366.65,definitive
NO 15/9-F-15 A,3068.70,2760.67,-739.07,-399.62,definitive
NO 15/9-F-15 A,3109.03,2781.62,-740.32,-434.04,definitive
NO 15/9-F-15 A,3149.35,2801.76,-740.66,-468.96,definitive
NO 15/9-F-15 A,3189.70,2822.08,-739.89,-503.79,definitive
NO 15/9-F-15 A,3199.80,2827.07,-739.53,-512.56,definitive
NO 15/9-F-15 A,3241.65,2845.14,-737.00,-550.19,definitive
NO 15/9-F-15 A,3280.66,2857.83,-732.76,-586.79,definitive
NO 15/9-F-15 A,3321.38,2865.98,-727.05,-626.23,definitive
NO 15/9-F-15 A,3361.74,2870.39,-720.88,-665.85,definitive
NO 15/9-F-15 A,3401.25,2873.52,-714.36,-704.68,definitive
NO 15/9-F-15 A,3442.62,2877.13,-707.14,-745.24,definitive
NO 15/9-F-15 A,3482.50,2881.67,-699.84,-784.16,definitive
NO 15/9-F-15 A,3523.20,2888.04,-691.40,-823.44,definitive
NO 15/9-F-15 A,3563.45,2896.81,-681.60,-861.46,definitive
NO 15/9-F-15 A,3604.04,2908.16,-670.41,-898.77,definitive
NO 15/9-F-15 A,3644.20,2921.77,-658.08,-934.46,definitive
NO 15/9-F-15 A,3684.07,2938.25,-645.39,-968.44,definitive
NO 15/9-F-15 A,3713.92,2952.68,-636.37,-992.95,definitive
NO 15/9-F-15 A,3754.26,2974.42,-624.76,-1024.86,definitive
NO 15/9-F-15 A,3794.64,2998.30,-613.18,-1055.27,definitive
NO 15/9-F-15 A,3834.97,3023.79,-600.73,-1083.92,definitive
NO 15/9-F-15 A,3875.29,3050.59,-587.22,-1110.83,definitive
NO 15/9-F-15 A,3915.58,3078.32,-573.58,-1136.66,definitive
NO 15/9-F-15 A,3955.87,3107.13,-560.49,-1161.59,definitive
NO 15/9-F-15 A,3996.20,3136.90,-547.79,-1185.63,definitive
NO 15/9-F-15 A,4018.65,3153.83,-540.85,-1198.64,definitive
NO 15/9-F-15 A,4095.00,3212.14,-517.66,-1242.10,definitive
NO 15/9-F-15 B,145.90,145.90,-3.19,3.52,definitive
NO 15/9-F-15 B,153.40,153.40,-3.20,3.51,definitive
NO 15/9-F-15 B,234.20,234.20,-3.39,3.52,definitive
NO 15/9-F-15 B,274.60,274.60,-3.67,3.77,definitive
NO 15/9-F-15 B,315.00,314.99,-4.19,4.36,definitive
NO 15/9-F-15 B,355.30,355.25,-5.18,5.76,definitive
NO 15/9-F-15 B,395.70,395.54,-6.94,8.19,definitive
NO 15/9-F-15 B,436.10,435.76,-9.49,10.91,definitive
NO 15/9-F-15 B,474.40,473.89,-12.54,12.99,definitive
NO 15/9-F-15 B,514.80,514.07,-16.38,14.54,definitive
NO 15/9-F-15 B,557.10,556.09,-21.12,15.57,definitive
NO 15/9-F-15 B,597.50,596.16,-26.27,16.21,definitive
NO 15/9-F-15 B,637.80,636.05,-31.93,16.77,definitive
NO 15/9-F-15 B,678.20,675.99,-38.02,17.30,definitive
NO 15/9-F-15 B,718.50,715.77,-44.41,17.68,definitive
NO 15/9-F-15 B,758.90,755.59,-51.25,17.49,definitive
NO 15/9-F-15 B,799.30,795.24,-58.86,16.16,definitive
NO 15/9-F-15 B,839.70,834.64,-67.42,13.62,definitive
NO 15/9-F-15 B,880.00,873.67,-76.81,10.13,definitive
NO 15/9-F-15 B,920.40,912.79,-86.12,6.30,definitive
NO 15/9-F-15 B,960.80,951.97,-95.24,2.56,definitive
NO 15/9-F-15 B,1001.10,990.80,-105.30,-1.29,definitive
NO 15/9-F-15 B,1041.60,1029.65,-116.00,-5.37,definitive
NO 15/9-F-15 B,1081.90,1068.34,-126.35,-9.82,definitive
NO 15/9-F-15 B,1122.30,1107.01,-136.61,-15.43,definitive
NO 15/9-F-15 B,1162.60,1145.43,-146.37,-22.66,definitive
NO 15/9-F-15 B,1203.00,1184.10,-154.54,-31.00,definitive
NO 15/9-F-15 B,1243.30,1222.90,-161.33,-39.52,definitive
NO 15/9-F-15 B,1283.80,1261.68,-168.00,-49.08,definitive
NO 15/9-F-15 B,1324.10,1299.62,-174.94,-60.73,definitive
NO 15/9-F-15 B,1364.50,1336.81,-182.31,-74.65,definitive
NO 15/9-F-15 B,1383.00,1353.46,-185.97,-81.83,definitive
NO 15/9-F-15 B,1406.00,1374.08,-191.22,-90.55,definitive
NO 15/9-F-15 B,1445.00,1409.43,-202.02,-102.94,definitive
NO 15/9-F-15 B,1487.00,1448.10,-215.04,-112.81,definitive
NO 15/9-F-15 B,1544.00,1501.35,-233.83,-120.39,definitive
NO 15/9-F-15 B,1584.00,1538.75,-247.87,-122.08,definitive
NO 15/9-F-15 B,1625.00,1577.02,-262.52,-121.06,definitive
NO 15/9-F-15 B,1665.00,1614.38,-276.33,-117.47,definitive
NO 15/9-F-15 B,1705.00,1651.59,-289.65,-111.40,definitive
NO 15/9-F-15 B,1746.00,1689.20,-303.70,-103.10,definitive
NO 15/9-F-15 B,1786.00,1725.15,-318.24,-93.30,definitive
NO 15/9-F-15 B,1827.00,1761.52,-333.52,-82.17,definitive
NO 15/9-F-15 B,1867.00,1796.87,-348.56,-71.03,definitive
NO 15/9-F-15 B,1907.00,1832.31,-363.42,-59.95,definitive
NO 15/9-F-15 B,1948.00,1868.78,-378.44,-48.76,definitive
NO 15/9-F-15 B,1988.00,1904.26,-393.31,-37.81,definitive
NO 15/9-F-15 B,2028.00,1939.64,-408.46,-26.95,definitive
NO 15/9-F-15 B,2069.00,1975.97,-424.46,-16.71,definitive
NO 15/9-F-15 B,2109.00,2011.59,-440.58,-8.27,definitive
NO 15/9-F-15 B,2149.00,2047.58,-456.84,-1.97,definitive
NO 15/9-F-15 B,2190.00,2084.87,-473.38,1.98,definitive
NO 15/9-F-15 B,2230.00,2121.35,-489.64,4.11,definitive
NO 15/9-F-15 B,2270.00,2157.87,-505.95,4.64,definitive
NO 15/9-F-15 B,2311.00,2195.24,-522.71,3.05,definitive
NO 15/9-F-15 B,2351.00,2231.53,-539.18,-0.33,definitive
NO 15/9-F-15 B,2392.00,2268.55,-555.86,-5.93,definitive
NO 15/9-F-15 B,2432.00,2304.33,-571.86,-13.89,definitive
NO 15/9-F-15 B,2486.00,2352.04,-592.60,-28.29,definitive
NO 15/9-F-15 B,2513.00,2375.54,-602.55,-37.11,definitive
NO 15/9-F-15 B,2544.30,2402.29,-613.95,-48.67,definitive
NO 15/9-F-15 B,2584.60,2435.64,-628.66,-65.82,definitive
NO 15/9-F-15 B,2624.91,2467.57,-643.23,-85.62,definitive
NO 15/9-F-15 B,2665.26,2498.30,-656.88,-107.90,definitive
NO 15/9-F-15 B,2705.63,2527.96,-669.30,-132.28,definitive
NO 15/9-F-15 B,2745.99,2556.53,-680.28,-158.57,definitive
NO 15/9-F-15 B,2786.36,2583.82,-690.29,-186.56,definitive
NO 15/9-F-15 B,2826.70,2609.70,-700.23,-215.85,definitive
NO 15/9-F-15 B,2867.05,2634.79,-710.32,-245.79,definitive
NO 15/9-F-15 B,2907.38,2660.46,-720.25,-275.25,definitive
NO 15/9-F-15 B,2947.73,2686.75,-728.44,-304.72,definitive
NO 15/9-F-15 B,2988.07,2712.64,-733.72,-335.17,definitive
NO 15/9-F-15 B,3028.40,2737.64,-736.89,-366.65,definitive
NO 15/9-F-15 B,3068.70,2760.67,-739.07,-399.62,definitive
NO 15/9-F-15 B,3109.03,2781.62,-740.32,-434.04,definitive
NO 15/9-F-15 B,3149.35,2801.76,-740.66,-468.96,definitive
NO 15/9-F-15 B,3158.94,2806.57,-740.65,-477.25,definitive
NO 15/9-F-15 B,3194.82,2824.84,-740.09,-508.11,definitive
NO 15/9-F-15 B,3234.92,2846.61,-738.06,-541.70,definitive
NO 15/9-F-15 B,3274.52,2869.71,-734.44,-573.65,definitive
NO 15/9-F-15 B,3315.03,2894.40,-729.46,-605.36,definitive
NO 15/9-F-15 B,3355.78,2920.09,-724.03,-636.51,definitive
NO 15/9-F-15 B,3396.46,2946.57,-718.27,-666.83,definitive
NO 15/9-F-15 B,3436.37,2973.68,-712.21,-695.47,definitive
NO 15/9-F-15 B,3476.85,3002.11,-706.19,-723.64,definitive
NO 15/9-F-15 B,3497.00,3016.50,-703.33,-737.44,definitive
NO 15/9-F-15 C,145.90,145.90,-3.19,3.52,definitive
NO 15/9-F-15 C,153.40,153.40,-3.20,3.51,definitive
NO 15/9-F-15 C,234.20,234.20,-3.39,3.52,definitive
NO 15/9-F-15 C,274.60,274.60,-3.67,3.77,definitive
NO 15/9-F-15 C,315.00,314.99,-4.19,4.36,definitive
NO 15/9-F-15 C,355.30,355.25,-5.18,5.76,definitive
NO 15/9-F-15 C,395.70,395.54,-6.94,8.19,definitive
NO 15/9-F-15 C,436.10,435.76,-9.49,10.91,definitive
NO 15/9-F-15 C,474.40,473.89,-12.54,12.99,definitive
NO 15/9-F-15 C,514.80,514.07,-16.38,14.54,definitive
NO 15/9-F-15 C,557.10,556.09,-21.12,15.57,definitive
NO 15/9-F-15 C,597.50,596.16,-26.27,16.21,definitive
NO 15/9-F-15 C,637.80,636.05,-31.93,16.77,definitive
NO 15/9-F-15 C,678.20,675.99,-38.02,17.30,definitive
NO 15/9-F-15 C,718.50,715.77,-44.41,17.68,definitive
NO 15/9-F-15 C,758.90,755.59,-51.25,17.49,definitive
NO 15/9-F-15 C,799.30,795.24,-58.86,16.16,definitive
NO 15/9-F-15 C,839.70,834.64,-67.42,13.62,definitive
NO 15/9-F-15 C,880.00,873.67,-76.81,10.13,definitive
NO 15/9-F-15 C,920.40,912.79,-86.12,6.30,definitive
NO 15/9-F-15 C,960.80,951.97,-95.24,2.56,definitive
NO 15/9-F-15 C,1001.10,990.80,-105.30,-1.29,definitive
NO 15/9-F-15 C,1041.60,1029.65,-116.00,-5.37,definitive
NO 15/9-F-15 C,1081.90,1068.34,-126.35,-9.82,definitive
NO 15/9-F-15 C,1122.30,1107.01,-136.61,-15.43,definitive
NO 15/9-F-15 C,1162.60,1145.43,-146.37,-22.66,definitive
NO 15/9-F-15 C,1203.00,1184.10,-154.54,-31.00,definitive
NO 15/9-F-15 C,1243.30,1222.90,-161.33,-39.52,definitive
NO 15/9-F-15 C,1283.80,1261.68,-168.00,-49.08,definitive
NO 15/9-F-15 C,1324.10,1299.62,-174.94,-60.73,definitive
NO 15/9-F-15 C,1364.50,1336.81,-182.31,-74.65,definitive
NO 15/9-F-15 C,1383.00,1353.46,-185.97,-81.83,definitive
NO 15/9-F-15 C,1406.00,1374.08,-191.22,-90.55,definitive
NO 15/9-F-15 C,1445.00,1409.43,-202.02,-102.94,definitive
NO 15/9-F-15 C,1487.00,1448.10,-215.04,-112.81,definitive
NO 15/9-F-15 C,1544.00,1501.35,-233.83,-120.39,definitive
NO 15/9-F-15 C,1584.00,1538.75,-247.87,-122.08,definitive
NO 15/9-F-15 C,1625.00,1577.02,-262.52,-121.06,definitive
NO 15/9-F-15 C,1665.00,1614.38,-276.33,-117.47,definitive
NO 15/9-F-15 C,1705.00,1651.59,-289.65,-111.40,definitive
NO 15/9-F-15 C,1746.00,1689.20,-303.70,-103.10,definitive
NO 15/9-F-15 C,1786.00,1725.15,-318.24,-93.30,definitive
NO 15/9-F-15 C,1827.00,1761.52,-333.52,-82.17,definitive
NO 15/9-F-15 C,1867.00,1796.87,-348.56,-71.03,definitive
NO 15/9-F-15 C,1907.00,1832.31,-363.42,-59.95,definitive
NO 15/9-F-15 C,1948.00,1868.78,-378.44,-48.76,definitive
NO 15/9-F-15 C,1988.00,1904.26,-393.31,-37.81,definitive
NO 15/9-F-15 C,2028.00,1939.64,-408.46,-26.95,definitive
NO 15/9-F-15 C,2069.00,1975.97,-424.46,-16.71,definitive
NO 15/9-F-15 C,2109.00,2011.59,-440.58,-8.27,definitive
NO 15/9-F-15 C,2149.00,2047.58,-456.84,-1.97,definitive
NO 15/9-F-15 C,2190.00,2084.87,-473.38,1.98,definitive
NO 15/9-F-15 C,2230.00,2121.35,-489.64,4.11,definitive
NO 15/9-F-15 C,2270.00,2157.87,-505.95,4.64,definitive
NO 15/9-F-15 C,2311.00,2195.24,-522.71,3.05,definitive
NO 15/9-F-15 C,2351.00,2231.53,-539.18,-0.33,definitive
NO 15/9-F-15 C,2392.00,2268.55,-555.86,-5.93,definitive
NO 15/9-F-15 C,2432.00,2304.33,-571.86,-13.89,definitive
NO 15/9-F-15 C,2486.00,2352.04,-592.60,-28.29,definitive
NO 15/9-F-15 C,2513.00,2375.54,-602.55,-37.11,definitive
NO 15/9-F-15 C,2563.48,2418.44,-620.72,-56.49,definitive
NO 15/9-F-15 C,2603.80,2452.38,-634.59,-73.24,definitive
NO 15/9-F-15 C,2644.15,2487.38,-646.84,-89.11,definitive
NO 15/9-F-15 C,2684.45,2523.36,-657.55,-103.77,definitive
NO 15/9-F-15 C,2724.77,2560.17,-667.16,-117.08,definitive
NO 15/9-F-15 C,2765.09,2598.21,-674.13,-128.44,definitive
NO 15/9-F-15 C,2803.11,2634.89,-678.21,-137.52,definitive
NO 15/9-F-15 C,2852.00,2682.58,-682.18,-147.52,definitive
NO 15/9-F-15 C,2892.40,2722.08,-685.40,-155.34,definitive
NO 15/9-F-15 C,2939.74,2768.28,-689.08,-165.00,definitive
NO 15/9-F-15 C,2969.76,2797.51,-690.69,-171.62,definitive
NO 15/9-F-15 C,2997.14,2824.02,-691.79,-178.39,definitive
NO 15/9-F-15 C,3038.44,2863.47,-693.72,-190.43,definitive
NO 15/9-F-15 C,3078.27,2901.04,-695.95,-203.47,definitive
NO 15/9-F-15 C,3118.28,2938.42,-699.01,-217.38,definitive
NO 15/9-F-15 C,3158.54,2975.71,-702.65,-232.11,definitive
NO 15/9-F-15 C,3199.02,3013.29,-706.24,-246.71,definitive
NO 15/9-F-15 C,3211.78,3025.19,-707.37,-251.17,definitive
NO 15/9-F-15 C,3232.00,3044.07,-709.17,-258.18,definitive
NO 15/9-F-15 D,145.90,145.90,-3.19,3.52,definitive
NO 15/9-F-15 D,153.40,153.40,-3.20,3.51,definitive
NO 15/9-F-15 D,234.20,234.20,-3.39,3.52,definitive
NO 15/9-F-15 D,274.60,274.60,-3.67,3.77,definitive
NO 15/9-F-15 D,315.00,314.99,-4.19,4.36,definitive
NO 15/9-F-15 D,355.30,355.25,-5.18,5.76,definitive
NO 15/9-F-15 D,395.70,395.54,-6.94,8.19,definitive
NO 15/9-F-15 D,436.10,435.76,-9.49,10.91,definitive
NO 15/9-F-15 D,474.40,473.89,-12.54,12.99,definitive
NO 15/9-F-15 D,514.80,514.07,-16.38,14.54,definitive
NO 15/9-F-15 D,557.10,556.09,-21.12,15.57,definitive
NO 15/9-F-15 D,597.50,596.16,-26.27,16.21,definitive
NO 15/9-F-15 D,637.80,636.05,-31.93,16.77,definitive
NO 15/9-F-15 D,678.20,675.99,-38.02,17.30,definitive
NO 15/9-F-15 D,718.50,715.77,-44.41,17.68,definitive
NO 15/9-F-15 D,758.90,755.59,-51.25,17.49,definitive
NO 15/9-F-15 D,799.30,795.24,-58.86,16.16,definitive
NO 15/9-F-15 D,839.70,834.64,-67.42,13.62,definitive
NO 15/9-F-15 D,880.00,873.67,-76.81,10.13,definitive
NO 15/9-F-15 D,920.40,912.79,-86.12,6.30,definitive
NO 15/9-F-15 D,960.80,951.97,-95.24,2.56,definitive
NO 15/9-F-15 D,1001.10,990.80,-105.30,-1.29,definitive
NO 15/9-F-15 D,1041.60,1029.65,-116.00,-5.37,definitive
NO 15/9-F-15 D,1081.90,1068.34,-126.35,-9.82,definitive
NO 15/9-F-15 D,1122.30,1107.01,-136.61,-15.43,definitive
NO 15/9-F-15 D,1162.60,1145.43,-146.37,-22.66,definitive
NO 15/9-F-15 D,1203.00,1184.10,-154.54,-31.00,definitive
NO 15/9-F-15 D,1243.30,1222.90,-161.33,-39.52,definitive
NO 15/9-F-15 D,1283.80,1261.68,-168.00,-49.08,definitive
NO 15/9-F-15 D,1324.10,1299.62,-174.94,-60.73,definitive
NO 15/9-F-15 D,1364.50,1336.81,-182.31,-74.65,definitive
NO 15/9-F-15 D,1389.40,1359.68,-186.63,-83.50,definitive
NO 15/9-F-15 D,1409.80,1378.64,-189.52,-90.45,definitive
NO 15/9-F-15 D,1469.50,1434.56,-193.97,-110.79,definitive
NO 15/9-F-15 D,1510.00,1472.82,-194.06,-124.05,definitive
NO 15/9-F-15 D,1551.00,1511.95,-192.66,-136.19,definitive
NO 15/9-F-15 D,1591.00,1550.48,-189.53,-146.43,definitive
NO 15/9-F-15 D,1631.10,1589.21,-184.06,-155.24,definitive
NO 15/9-F-15 D,1672.10,1628.74,-176.70,-163.20,definitive
NO 15/9-F-15 D,1712.70,1667.73,-168.02,-170.45,definitive
NO 15/9-F-15 D,1753.20,1706.28,-157.29,-176.66,definitive
NO 15/9-F-15 D,1792.90,1743.64,-144.67,-181.20,definitive
NO 15/9-F-15 D,1833.50,1781.33,-129.92,-184.22,definitive
NO 15/9-F-15 D,1874.00,1818.28,-113.42,-185.74,definitive
NO 15/9-F-15 D,1914.80,1854.87,-95.38,-185.75,definitive
NO 15/9-F-15 D,1955.10,1890.26,-76.15,-184.81,definitive
NO 15/9-F-15 D,1995.50,1925.22,-55.94,-183.54,definitive
NO 15/9-F-15 D,2035.60,1959.87,-35.83,-182.08,definitive
NO 15/9-F-15 D,2075.60,1994.44,-15.77,-180.51,definitive
NO 15/9-F-15 D,2116.00,2029.43,4.36,-179.02,definitive
NO 15/9-F-15 D,2156.50,2064.59,24.42,-177.72,definitive
NO 15/9-F-15 D,2196.70,2099.48,44.32,-176.37,definitive
NO 15/9-F-15 D,2277.40,2169.53,84.26,-173.24,definitive
NO 15/9-F-15 D,2318.10,2204.84,104.45,-171.78,definitive
NO 15/9-F-15 D,2334.70,2219.23,112.70,-171.25,definitive
NO 15/9-F-15 D,2398.90,2274.89,144.46,-167.65,definitive
NO 15/9-F-15 D,2438.60,2309.29,163.90,-163.82,definitive
NO 15/9-F-15 D,2477.50,2342.99,182.61,-158.61,definitive
NO 15/9-F-15 D,2519.90,2379.73,202.27,-150.84,definitive
NO 15/9-F-15 D,2560.90,2415.17,220.29,-140.89,definitive
NO 15/9-F-15 D,2599.90,2448.89,236.49,-129.87,definitive
NO 15/9-F-15 D,2630.60,2475.45,248.82,-120.65,definitive
NO 15/9-F-15 D,2670.50,2509.18,265.13,-106.98,definitive
NO 15/9-F-15 D,2711.40,2542.09,282.69,-90.24,definitive
NO 15/9-F-15 D,2752.10,2573.14,300.96,-71.33,definitive
NO 15/9-F-15 D,2792.40,2602.12,319.87,-50.71,definitive
NO 15/9-F-15 D,2832.70,2628.99,340.05,-28.50,definitive
NO 15/9-F-15 D,2873.30,2653.63,361.99,-4.86,definitive
NO 15/9-F-15 D,2913.30,2675.40,385.02,19.50,definitive
NO 15/9-F-15 D,2953.60,2694.96,408.80,45.48,definitive
NO 15/9-F-15 D,2993.30,2713.07,431.27,72.72,definitive
NO 15/9-F-15 D,3033.80,2731.50,452.18,102.08,definitive
NO 15/9-F-15 D,3074.50,2749.99,470.86,133.12,definitive
NO 15/9-F-15 D,3114.70,2768.11,486.54,165.37,definitive
NO 15/9-F-15 D,3154.90,2786.04,499.32,198.98,definitive
NO 15/9-F-15 D,3195.20,2804.00,509.51,233.57,definitive
NO 15/9-F-15 D,3235.30,2821.34,516.76,268.96,definitive
NO 15/9-F-15 D,3275.10,2837.50,520.94,305.07,definitive
NO 15/9-F-15 D,3354.30,2868.28,524.10,377.93,definitive
NO 15/9-F-15 D,3395.50,2883.62,523.31,416.14,definitive
NO 15/9-F-15 D,3436.60,2898.07,520.05,454.46,definitive
NO 15/9-F-15 D,3477.60,2911.69,513.81,492.60,definitive
NO 15/9-F-15 D,3516.50,2923.09,504.56,528.59,definitive
NO 15/9-F-15 D,3556.80,2934.28,493.13,565.56,definitive
NO 15/9-F-15 D,3597.70,2944.92,481.33,603.23,definitive
NO 15/9-F-15 D,3637.60,2953.54,469.66,640.38,definitive
NO 15/9-F-15 D,3678.50,2961.35,457.38,678.59,definitive
NO 15/9-F-15 D,3718.30,2968.92,445.71,715.86,definitive
NO 15/9-F-15 D,3758.80,2978.67,435.18,753.71,definitive
NO 15/9-F-15 D,3798.60,2991.42,425.58,790.14,definitive
NO 15/9-F-15 D,3834.90,3005.35,416.13,822.28,definitive
NO 15/9-F-15 D,3878.40,3023.08,403.49,859.92,definitive
NO 15/9-F-15 D,3918.70,3039.48,391.26,894.63,definitive
NO 15/9-F-15 D,3959.10,3055.22,378.21,929.46,definitive
NO 15/9-F-15 D,3999.80,3069.32,364.15,964.93,definitive
NO 15/9-F-15 D,4041.10,3081.33,349.41,1001.58,definitive
NO 15/9-F-15 D,4081.40,3091.82,335.01,1037.71,definitive
NO 15/9-F-15 D,4121.40,3102.20,321.51,1073.88,definitive
NO 15/9-F-15 D,4161.60,3111.95,308.38,1110.59,definitive
NO 15/9-F-15 D,4174.20,3114.78,304.29,1122.16,definitive
NO 15/9-F-15 D,4202.30,3120.62,295.33,1148.14,definitive
NO 15/9-F-15 D,4242.10,3128.26,283.28,1185.28,definitive
NO 15/9-F-15 D,4282.70,3136.04,271.70,1223.39,definitive
NO 15/9-F-15 D,4322.70,3143.72,260.52,1261.01,definitive
NO 15/9-F-15 D,4362.40,3151.81,249.36,1298.22,definitive
NO 15/9-F-15 D,4403.70,3161.30,237.57,1336.63,definitive
NO 15/9-F-15 D,4443.40,3169.99,225.91,1373.55,definitive
NO 15/9-F-15 D,4483.80,3177.78,213.70,1411.25,definitive
NO 15/9-F-15 D,4524.20,3185.94,201.62,1448.92,definitive
NO 15/9-F-15 D,4564.90,3193.81,189.50,1486.95,definitive
NO 15/9-F-15 D,4605.40,3200.11,177.04,1524.95,definitive
NO 15/9-F-15 D,4645.70,3205.69,164.43,1562.80,definitive
NO 15/9-F-15 D,4671.00,3209.75,156.79,1586.56,definitive
NO 15/9-F-15 D,4685.00,3212.31,152.70,1599.70,definitive
NO 15/9-F-4,145.90,145.90,-2.72,-0.20,definitive
NO 15/9-F-4,184.12,184.12,-2.75,-0.23,definitive
NO 15/9-F-4,224.45,224.45,-2.80,-0.30,definitive
NO 15/9-F-4,264.79,264.79,-3.07,-0.52,definitive
NO 15/9-F-4,305.10,305.09,-3.79,-0.99,definitive
NO 15/9-F-4,345.45,345.41,-4.92,-2.00,definitive
NO 15/9-F-4,385.80,385.66,-6.42,-4.33,definitive
NO 15/9-F-4,426.12,425.75,-8.49,-8.08,definitive
NO 15/9-F-4,466.40,465.68,-11.73,-12.20,definitive
NO 15/9-F-4,506.65,505.50,-16.54,-15.51,definitive
NO 15/9-F-4,546.96,545.34,-22.38,-17.48,definitive
NO 15/9-F-4,587.28,585.17,-28.56,-18.19,definitive
NO 15/9-F-4,627.54,624.94,-34.82,-18.32,definitive
NO 15/9-F-4,667.63,664.52,-41.22,-17.91,definitive
NO 15/9-F-4,707.96,704.29,-47.82,-16.79,definitive
NO 15/9-F-4,748.28,743.92,-54.98,-14.97,definitive
NO 15/9-F-4,788.57,783.22,-63.33,-12.06,definitive
NO 15/9-F-4,828.91,822.22,-72.78,-7.97,definitive
NO 15/9-F-4,869.25,860.96,-82.87,-2.98,definitive
NO 15/9-F-4,909.60,899.67,-93.03,2.17,definitive
NO 15/9-F-4,949.94,938.54,-102.75,6.82,definitive
NO 15/9-F-4,990.29,977.63,-111.81,11.01,definitive
NO 15/9-F-4,1030.67,1016.93,-120.11,15.15,definitive
NO 15/9-F-4,1071.00,1056.30,-127.82,19.27,definitive
NO 15/9-F-4,1111.37,1095.73,-135.29,23.64,definitive
NO 15/9-F-4,1151.73,1134.85,-143.46,29.27,definitive
NO 15/9-F-4,1192.07,1173.42,-153.34,35.68,definitive
NO 15/9-F-4,1232.42,1211.73,-164.00,42.54,definitive
NO 15/9-F-4,1272.73,1250.21,-173.79,49.48,definitive
NO 15/9-F-4,1313.08,1289.04,-182.79,55.76,definitive
NO 15/9-F-4,1353.43,1327.92,-191.68,61.82,definitive
NO 15/9-F-4,1393.74,1366.75,-199.99,68.72,definitive
NO 15/9-F-4,1434.06,1405.52,-206.98,77.28,definitive
NO 15/9-F-4,1474.42,1444.08,-212.32,87.89,definitive
NO 15/9-F-4,1514.76,1481.99,-217.08,100.82,definitive
NO 15/9-F-4,1555.11,1519.25,-222.62,115.26,definitive
NO 15/9-F-4,1595.46,1556.12,-228.95,130.37,definitive
NO 15/9-F-4,1635.81,1592.58,-236.20,146.05,definitive
NO 15/9-F-4,1676.14,1628.86,-243.23,162.20,definitive
NO 15/9-F-4,1716.50,1665.24,-248.77,178.75,definitive
NO 15/9-F-4,1756.82,1701.61,-253.58,195.48,definitive
NO 15/9-F-4,1797.22,1738.06,-258.64,212.16,definitive
NO 15/9-F-4,1837.56,1774.46,-263.77,228.75,definitive
NO 15/9-F-4,1877.90,1810.86,-268.75,245.41,definitive
NO 15/9-F-4,1918.25,1847.25,-274.00,262.02,definitive
NO 15/9-F-4,1958.61,1883.67,-279.44,278.54,definitive
NO 15/9-F-4,1998.97,1920.00,-284.83,295.26,definitive
NO 15/9-F-4,2039.32,1956.26,-290.18,312.13,definitive
NO 15/9-F-4,2079.67,1992.43,-295.81,329.09,definitive
NO 15/9-F-4,2120.01,2028.52,-301.77,346.11,definitive
NO 15/9-F-4,2160.35,2064.63,-307.83,363.01,definitive
NO 15/9-F-4,2200.70,2100.73,-313.98,379.96,definitive
NO 15/9-F-4,2241.06,2136.82,-320.04,396.97,definitive
NO 15/9-F-4,2281.44,2172.97,-325.58,414.08,definitive
NO 15/9-F-4,2321.84,2209.15,-330.71,431.30,definitive
NO 15/9-F-4,2362.19,2245.26,-335.81,448.56,definitive
NO 15/9-F-4,2402.55,2281.34,-340.86,465.92,definitive
NO 15/9-F-4,2442.90,2317.43,-345.78,483.29,definitive
NO 15/9-F-4,2483.25,2353.45,-350.76,500.76,definitive
NO 15/9-F-4,2523.62,2389.34,-355.93,518.51,definitive
NO 15/9-F-4,2563.96,2425.14,-361.00,536.39,definitive
NO 15/9-F-4,2604.31,2461.06,-366.14,554.04,definitive
NO 15/9-F-4,2644.66,2496.95,-372.58,571.29,definitive
NO 15/9-F-4,2685.02,2532.69,-381.37,587.82,definitive
NO 15/9-F-4,2696.43,2542.76,-384.32,592.30,definitive
NO 15/9-F-4,2740.79,2581.61,-397.86,608.84,definitive
NO 15/9-F-4,2773.90,2610.17,-410.09,620.27,definitive
NO 15/9-F-4,2800.66,2633.00,-421.23,628.68,definitive
NO 15/9-F-4,2840.30,2666.73,-438.90,639.65,definitive
NO 15/9-F-4,2879.85,2700.33,-457.46,649.16,definitive
NO 15/9-F-4,2920.07,2734.28,-477.43,657.27,definitive
NO 15/9-F-4,2959.08,2766.77,-497.89,664.11,definitive
NO 15/9-F-4,3001.10,2801.25,-520.96,670.76,definitive
NO 15/9-F-4,3041.46,2833.93,-544.15,675.49,definitive
NO 15/9-F-4,3081.29,2865.65,-568.12,677.50,definitive
NO 15/9-F-4,3121.75,2896.93,-593.76,676.96,definitive
NO 15/9-F-4,3162.81,2927.28,-621.30,674.63,definitive
NO 15/9-F-4,3203.53,2955.90,-650.04,671.20,definitive
NO 15/9-F-4,3244.08,2982.68,-680.10,666.51,definitive
NO 15/9-F-4,3284.75,3008.01,-711.25,660.08,definitive
NO 15/9-F-4,3325.09,3031.89,-742.76,652.14,definitive
NO 15/9-F-4,3365.11,3054.82,-774.33,643.31,definitive
NO 15/9-F-4,3404.82,3077.49,-805.57,634.00,definitive
NO 15/9-F-4,3444.78,3100.40,-836.60,623.62,definitive
NO 15/9-F-4,3484.98,3123.59,-867.17,611.68,definitive
NO 15/9-F-4,3510.00,3138.06,-886.00,603.80,definitive
NO 15/9-F-5,145.90,145.90,-4.68,0.91,definitive
NO 15/9-F-5,146.00,146.00,-4.68,0.91,definitive
NO 15/9-F-5,154.90,154.90,-4.69,0.91,definitive
NO 15/9-F-5,195.30,195.30,-4.75,0.97,definitive
NO 15/9-F-5,235.60,235.60,-4.60,1.22,definitive
NO 15/9-F-5,276.00,275.99,-4.96,1.30,definitive
NO 15/9-F-5,316.40,316.37,-6.27,1.25,definitive
NO 15/9-F-5,356.70,356.61,-8.48,1.44,definitive
NO 15/9-F-5,397.10,396.79,-12.58,1.99,definitive
NO 15/9-F-5,437.50,436.76,-18.45,2.43,definitive
NO 15/9-F-5,477.80,476.46,-25.34,2.49,definitive
NO 15/9-F-5,518.20,516.12,-33.02,2.68,definitive
NO 15/9-F-5,558.50,555.63,-40.92,3.67,definitive
NO 15/9-F-5,598.90,595.16,-48.96,5.88,definitive
NO 15/9-F-5,639.30,634.53,-57.24,9.50,definitive
NO 15/9-F-5,679.60,673.65,-65.45,14.62,definitive
NO 15/9-F-5,720.00,712.68,-73.54,21.18,definitive
NO 15/9-F-5,760.40,751.30,-81.59,29.83,definitive
NO 15/9-F-5,800.70,789.16,-89.52,41.12,definitive
NO 15/9-F-5,841.10,826.42,-97.19,54.71,definitive
NO 15/9-F-5,881.50,862.92,-104.61,70.31,definitive
NO 15/9-F-5,921.80,899.12,-112.21,86.31,definitive
NO 15/9-F-5,962.20,936.05,-119.87,100.76,definitive
NO 15/9-F-5,1002.60,973.73,-127.25,113.31,definitive
NO 15/9-F-5,1043.00,1012.04,-134.14,124.13,definitive
NO 15/9-F-5,1083.30,1050.75,-140.22,133.50,definitive
NO 15/9-F-5,1123.70,1089.51,-146.05,143.26,definitive
NO 15/9-F-5,1164.10,1127.53,-152.07,155.49,definitive
NO 15/9-F-5,1204.40,1164.36,-158.18,170.65,definitive
NO 15/9-F-5,1244.80,1200.07,-164.37,188.47,definitive
NO 15/9-F-5,1285.20,1234.94,-171.04,207.74,definitive
NO 15/9-F-5,1325.60,1269.99,-178.23,226.48,definitive
NO 15/9-F-5,1365.90,1305.88,-185.52,243.29,definitive
NO 15/9-F-5,1406.30,1341.64,-193.38,260.32,definitive
NO 15/9-F-5,1446.60,1376.37,-201.76,278.97,definitive
NO 15/9-F-5,1487.00,1410.81,-210.14,298.34,definitive
NO 15/9-F-5,1527.30,1445.02,-218.47,317.94,definitive
NO 15/9-F-5,1567.70,1479.17,-226.54,337.96,definitive
NO 15/9-F-5,1608.00,1512.90,-233.82,358.76,definitive
NO 15/9-F-5,1648.40,1546.41,-240.39,380.34,definitive
NO 15/9-F-5,1688.80,1579.66,-246.18,402.53,definitive
NO 15/9-F-5,1729.10,1612.49,-251.14,425.36,definitive
NO 15/9-F-5,1769.50,1645.22,-256.21,448.49,definitive
NO 15/9-F-5,1809.80,1677.85,-261.96,471.42,definitive
NO 15/9-F-5,1850.20,1710.58,-268.29,494.24,definitive
NO 15/9-F-5,1890.60,1743.29,-275.58,516.78,definitive
NO 15/9-F-5,1930.90,1775.72,-283.96,539.19,definitive
NO 15/9-F-5,1971.30,1808.20,-293.12,561.38,definitive
NO 15/9-F-5,2011.70,1840.87,-302.62,583.15,definitive
NO 15/9-F-5,2052.00,1873.73,-312.13,604.45,definitive
NO 15/9-F-5,2092.40,1907.14,-321.25,625.23,definitive
NO 15/9-F-5,2132.70,1940.99,-329.43,645.51,definitive
NO 15/9-F-5,2173.00,1974.96,-336.70,665.92,definitive
NO 15/9-F-5,2213.40,2008.89,-342.78,686.99,definitive
NO 15/9-F-5,2253.70,2042.67,-347.62,708.42,definitive
NO 15/9-F-5,2294.10,2076.52,-351.50,730.12,definitive
NO 15/9-F-5,2334.40,2110.25,-354.22,751.98,definitive
NO 15/9-F-5,2374.80,2143.99,-356.04,774.12,definitive
NO 15/9-F-5,2415.20,2177.69,-357.39,796.35,definitive
NO 15/9-F-5,2455.60,2211.43,-358.35,818.55,definitive
NO 15/9-F-5,2496.00,2245.32,-359.11,840.52,definitive
NO 15/9-F-5,2536.30,2279.40,-359.56,862.01,definitive
NO 15/9-F-5,2576.70,2313.78,-359.09,883.22,definitive
NO 15/9-F-5,2617.10,2348.28,-357.57,904.17,definitive
NO 15/9-F-5,2657.40,2382.74,-355.49,924.97,definitive
NO 15/9-F-5,2697.80,2417.24,-353.63,945.90,definitive
NO 15/9-F-5,2738.20,2451.78,-351.87,966.76,definitive
NO 15/9-F-5,2775.50,2483.81,-349.48,985.72,definitive
NO 15/9-F-5,2789.43,2495.79,-348.36,992.74,definitive
NO 15/9-F-5,2829.57,2530.28,-344.70,1012.93,definitive
NO 15/9-F-5,2866.88,2562.30,-340.75,1031.66,definitive
NO 15/9-F-5,2904.41,2594.46,-336.49,1050.52,definitive
NO 15/9-F-5,2913.31,2602.05,-335.43,1055.05,definitive
NO 15/9-F-5,2927.67,2614.21,-333.66,1062.48,definitive
NO 15/9-F-5,2954.56,2636.71,-329.60,1076.62,definitive
NO 15/9-F-5,2995.22,2669.94,-320.22,1098.05,definitive
NO 15/9-F-5,3036.42,2703.01,-307.29,1118.92,definitive
NO 15/9-F-5,3076.71,2735.09,-292.18,1138.01,definitive
NO 15/9-F-5,3117.15,2767.21,-275.12,1155.66,definitive
NO 15/9-F-5,3157.49,2799.70,-256.63,1170.78,definitive
NO 15/9-F-5,3197.04,2832.12,-237.41,1182.75,definitive
NO 15/9-F-5,3236.87,2865.57,-217.89,1191.96,definitive
NO 15/9-F-5,3253.79,2880.09,-209.75,1194.96,definitive
NO 15/9-F-5,3278.34,2901.51,-198.34,1198.63,definitive
NO 15/9-F-5,3318.98,2936.85,-179.44,1205.36,definitive
NO 15/9-F-5,3359.21,2970.62,-159.67,1214.61,definitive
NO 15/9-F-5,3398.47,3001.68,-138.77,1226.35,definitive
NO 15/9-F-5,3439.55,3031.92,-115.00,1240.73,definitive
NO 15/9-F-5,3479.32,3059.38,-90.04,1254.99,definitive
NO 15/9-F-5,3520.35,3086.14,-62.39,1269.18,definitive
NO 15/9-F-5,3559.87,3110.30,-33.97,1282.20,definitive
NO 15/9-F-5,3601.65,3134.66,-2.67,1295.31,definitive
NO 15/9-F-5,3642.07,3157.97,27.88,1307.80,definitive
NO 15/9-F-5,3682.43,3181.13,58.48,1320.28,definitive
NO 15/9-F-5,3722.88,3204.73,88.89,1332.66,definitive
NO 15/9-F-5,3761.77,3228.10,117.70,1344.32,definitive
NO 15/9-F-5,3792.00,3246.43,139.97,1353.33,definitive
NO 15/9-F-7,145.90,145.90,1.93,-1.12,definitive
NO 15/9-F-7,160.00,160.00,1.93,-1.15,definitive
NO 15/9-F-7,170.00,170.00,1.93,-1.19,definitive
NO 15/9-F-7,180.00,180.00,1.93,-1.24,definitive
NO 15/9-F-7,190.00,190.00,1.93,-1.29,definitive
NO 15/9-F-7,199.00,199.00,1.92,-1.33,definitive
NO 15/9-F-7,208.00,208.00,1.90,-1.37,definitive
NO 15/9-F-7,218.00,218.00,1.87,-1.42,definitive
NO 15/9-F-7,229.00,229.00,1.84,-1.48,definitive
NO 15/9-F-7,240.00,240.00,1.81,-1.54,definitive
NO 15/9-F-7,250.00,250.00,1.79,-1.58,definitive
NO 15/9-F-7,259.00,259.00,1.82,-1.61,definitive
NO 15/9-F-7,270.00,270.00,1.84,-1.61,definitive
NO 15/9-F-7,280.00,280.00,1.87,-1.60,definitive
NO 15/9-F-7,289.00,289.00,1.91,-1.58,definitive
NO 15/9-F-7,296.00,296.00,1.92,-1.58,definitive
NO 15/9-F-7,305.00,305.00,1.94,-1.61,definitive
NO 15/9-F-7,317.00,317.00,1.94,-1.66,definitive
NO 15/9-F-7,349.63,349.63,1.94,-1.85,definitive
NO 15/9-F-7,359.37,359.37,1.96,-1.91,definitive
NO 15/9-F-7,368.26,368.26,1.99,-1.97,definitive
NO 15/9-F-7,387.94,387.94,2.03,-2.13,definitive
NO 15/9-F-7,408.58,408.58,2.06,-2.30,definitive
NO 15/9-F-7,437.44,437.43,2.07,-2.55,definitive
NO 15/9-F-7,465.09,465.08,2.04,-2.84,definitive
NO 15/9-F-7,489.12,489.11,2.05,-3.43,definitive
NO 15/9-F-7,516.00,515.96,2.18,-4.53,definitive
NO 15/9-F-7,545.92,545.85,2.23,-5.93,definitive
NO 15/9-F-7,569.26,569.15,2.15,-7.29,definitive
NO 15/9-F-7,609.63,609.39,1.89,-10.45,definitive
NO 15/9-F-7,650.56,650.07,1.19,-14.89,definitive
NO 15/9-F-7,690.34,689.44,0.26,-20.49,definitive
NO 15/9-F-7,730.15,728.79,-0.70,-26.47,definitive
NO 15/9-F-7,770.78,768.92,-1.97,-32.68,definitive
NO 15/9-F-7,809.78,807.39,-3.34,-38.92,definitive
NO 15/9-F-7,851.55,848.62,-4.63,-45.52,definitive
NO 15/9-F-7,890.69,887.29,-5.49,-51.51,definitive
NO 15/9-F-7,962.41,958.23,-6.78,-61.97,definitive
NO 15/9-F-7,1005.41,1000.77,-7.62,-68.20,definitive
NO 15/9-F-7,1043.96,1038.88,-8.30,-73.92,definitive
NO 15/9-F-7,1083.00,1077.48,-8.97,-79.76,definitive
NO 15/9-F-9,145.90,145.90,-1.98,1.10,definitive
NO 15/9-F-9,218.50,218.50,-2.14,1.06,definitive
NO 15/9-F-9,259.00,259.00,-2.24,0.97,definitive
NO 15/9-F-9,299.50,299.50,-2.32,0.80,definitive
NO 15/9-F-9,340.00,340.00,-2.25,0.78,definitive
NO 15/9-F-9,394.30,394.30,-1.92,0.85,definitive
NO 15/9-F-9,420.40,420.40,-1.77,0.82,definitive
NO 15/9-F-9,460.60,460.60,-1.54,0.88,definitive
NO 15/9-F-9,500.80,500.80,-1.34,1.02,definitive
NO 15/9-F-9,540.90,540.88,-1.45,2.09,definitive
NO 15/9-F-9,580.40,580.31,-1.90,4.38,definitive
NO 15/9-F-9,620.80,620.57,-2.65,7.63,definitive
NO 15/9-F-9,661.50,661.02,-3.09,12.09,definitive
NO 15/9-F-9,701.80,700.93,-2.70,17.63,definitive
NO 15/9-F-9,742.20,740.69,-1.81,24.72,definitive
NO 15/9-F-9,782.60,780.29,-0.53,32.62,definitive
NO 15/9-F-9,823.00,819.90,1.35,40.31,definitive
NO 15/9-F-9,863.30,859.39,3.99,47.90,definitive
NO 15/9-F-9,902.60,897.99,6.37,54.87,definitive
NO 15/9-F-9,968.02,962.46,9.30,65.58,definitive
NO 15/9-F-9,1008.50,1002.39,11.00,72.01,definitive
NO 15/9-F-9,1048.86,1042.20,12.64,78.47,definitive
NO 15/9-F-9,1083.00,1075.86,14.00,84.00,definitive
