DATEPRD,NPD_WELL_BORE_NAME,ON_STREAM_HRS,AVG_DOWNHOLE_PRESSURE,AVG_DOWNHOLE_TEMPERATURE,AVG_WHP_P,AVG_CHOKE_SIZE_P,BORE_OIL_VOL,BORE_GAS_VOL,BORE_WAT_VOL,BORE_WI_VOL,FLOW_KIND,WELL_TYPE
2008-02-12,15/9-F-12,11.500,308.056,104.418,106.806,14.484,284.650,38888.670,385.010,,production,OP
2008-02-13,15/9-F-12,24.000,303.034,105.403,120.889,22.833,1869.700,285246.160,7.130,,production,OP
2008-02-14,15/9-F-12,22.500,295.586,105.775,113.718,31.250,3124.090,509954.880,1.160,,production,OP
2008-02-15,15/9-F-12,23.150,297.663,105.752,116.831,28.519,2608.280,383426.670,0.970,,production,OP
2008-02-16,15/9-F-12,24.000,295.936,105.811,115.434,30.228,3051.800,418474.000,4.890,,production,OP
2008-02-17,15/9-F-12,24.000,295.552,105.831,115.206,29.974,2982.630,422763.000,1.850,,production,OP
2008-02-18,15/9-F-12,23.000,294.211,105.866,113.282,30.308,2980.520,413831.000,6.480,,production,OP
2008-02-19,15/9-F-12,24.000,293.829,105.868,113.769,30.487,3046.190,429218.000,0.730,,production,OP
2008-02-20,15/9-F-12,24.000,293.061,105.879,113.400,29.907,3057.180,442982.750,0.460,,production,OP
2008-02-21,15/9-F-12,24.000,292.540,105.883,113.106,30.493,3030.330,423809.160,0.450,,production,OP
2008-02-22,15/9-F-12,23.667,292.362,105.882,113.079,29.634,2907.560,397808.000,0.440,,production,OP
2008-02-23,15/9-F-12,15.142,292.088,105.849,112.603,28.957,1851.720,252078.000,0.280,,production,OP
2008-02-24,15/9-F-12,24.000,290.542,105.906,111.187,30.800,3126.700,442808.000,0.470,,production,OP
2008-02-25,15/9-F-12,24.000,290.208,105.896,111.450,30.683,3045.540,439178.000,0.460,,production,OP
2008-02-26,15/9-F-12,24.000,289.536,105.902,110.934,30.923,3046.540,446905.000,0.460,,production,OP
2008-02-27,15/9-F-12,24.000,288.933,105.902,110.326,30.849,3035.540,445616.000,0.460,,production,OP
2008-02-28,15/9-F-12,23.667,288.848,105.896,110.629,29.900,2971.550,424674.000,0.450,,production,OP
2008-02-29,15/9-F-12,24.000,287.514,105.907,109.447,31.024,3070.540,450348.000,0.460,,production,OP
2008-03-01,15/9-F-12,24.000,286.892,105.909,108.827,31.062,3068.480,447584.120,0.460,,production,OP
2008-03-02,15/9-F-12,24.000,286.265,105.911,108.321,31.087,3066.540,446144.000,0.460,,production,OP
2008-03-03,15/9-F-12,24.000,285.728,105.910,108.059,30.964,3043.540,443726.000,0.460,,production,OP
2008-03-04,15/9-F-12,24.000,285.382,105.904,108.075,30.602,2983.190,430246.720,0.450,,production,OP
2008-03-05,15/9-F-12,24.000,284.829,105.902,107.869,30.576,2967.050,437688.200,0.450,,production,OP
2008-03-06,15/9-F-12,24.000,284.295,105.899,107.310,30.589,2950.880,432727.000,1.740,,production,OP
2008-03-07,15/9-F-12,22.833,284.424,105.878,107.754,28.825,2656.620,391264.600,1.570,,production,OP
2008-03-08,15/9-F-12,23.000,284.413,105.871,108.031,27.948,2578.480,365769.000,1.520,,production,OP
2008-03-09,15/9-F-12,24.000,282.386,105.905,105.930,31.159,2996.830,427791.000,1.770,,production,OP
2008-03-10,15/9-F-12,24.000,281.522,105.906,105.290,31.305,3021.400,440679.000,0.600,,production,OP
2008-03-11,15/9-F-12,24.000,280.894,105.908,104.811,31.370,3010.400,450972.000,0.600,,production,OP
2008-03-12,15/9-F-12,23.775,281.085,105.895,105.053,29.859,2794.440,418887.000,0.560,,production,OP
2008-03-13,15/9-F-12,24.000,279.488,105.916,103.441,31.643,3058.890,458524.000,0.610,,production,OP
2008-03-14,15/9-F-12,23.833,279.112,105.912,103.219,30.927,2964.810,428015.000,0.590,,production,OP
2008-03-15,15/9-F-12,24.000,277.951,105.915,102.140,32.074,3131.370,454137.000,0.630,,production,OP
2008-03-16,15/9-F-12,24.000,277.293,105.917,101.739,32.052,3135.370,454798.000,0.630,,production,OP
2008-03-17,15/9-F-12,24.000,276.564,105.921,101.299,32.074,3143.370,470240.000,0.630,,production,OP
2008-03-18,15/9-F-12,24.000,275.983,105.919,100.911,32.046,3132.370,425284.440,0.630,,production,OP
2008-03-19,15/9-F-12,24.000,275.363,105.918,100.460,32.045,3139.620,454093.330,0.630,,production,OP
2008-03-20,15/9-F-12,24.000,274.793,105.915,100.124,32.012,3156.670,467465.720,0.630,,production,OP
2008-03-21,15/9-F-12,24.000,274.072,105.916,99.574,32.087,3192.140,458447.400,0.640,,production,OP
2008-03-22,15/9-F-12,24.000,273.456,105.915,99.172,32.078,3172.120,458028.490,0.630,,production,OP
2008-03-23,15/9-F-12,24.000,272.881,105.913,98.793,32.061,3160.260,466335.260,0.630,,production,OP
2008-03-24,15/9-F-12,24.000,272.237,105.913,98.402,32.128,3153.350,468479.650,0.630,,production,OP
2008-03-25,15/9-F-12,24.000,271.684,105.910,98.039,32.042,3130.580,406562.100,0.630,,production,OP
2008-03-26,15/9-F-12,7.475,271.419,105.907,97.897,30.925,960.260,113341.210,1.640,,production,OP
2008-03-27,15/9-F-12,0.000,283.710,104.030,1.178,,0.000,0.000,0.000,,production,OP
2008-03-28,15/9-F-12,1.192,279.416,104.714,92.241,21.333,73.440,48936.440,0.130,,production,OP
2008-03-29,15/9-F-12,24.000,271.468,105.870,97.277,32.000,3137.260,509074.880,3.390,,production,OP
2008-03-30,15/9-F-12,10.975,270.742,105.902,97.369,30.683,1430.950,137396.400,1.550,,production,OP
2008-03-31,15/9-F-12,14.025,271.557,105.862,98.122,31.000,1950.580,378532.950,1.930,,production,OP
2008-04-01,15/9-F-12,24.000,270.360,105.889,97.431,29.812,3060.600,457837.180,2.820,,production,OP
2008-04-02,15/9-F-12,24.000,269.645,105.894,96.658,31.818,3053.670,461808.990,2.810,,production,OP
2008-04-03,15/9-F-12,24.000,268.862,105.897,96.117,32.001,3103.120,372985.570,2.860,,production,OP
2008-04-04,15/9-F-12,24.000,268.180,105.897,95.691,32.081,3110.680,463717.130,2.860,,production,OP
2008-04-05,15/9-F-12,24.000,267.456,105.895,95.140,32.201,3303.300,463529.900,3.040,,production,OP
2008-04-06,15/9-F-12,24.000,266.855,105.887,94.788,32.211,3028.410,440906.090,153.360,,production,OP
2008-04-07,15/9-F-12,24.000,266.476,105.872,94.740,32.033,2998.800,452369.440,151.860,,production,OP
2008-04-08,15/9-F-12,24.000,265.900,105.861,94.544,32.048,3054.120,451030.480,4.340,,production,OP
2008-04-09,15/9-F-12,24.000,265.395,105.853,94.217,32.000,3025.800,463595.310,4.910,,production,OP
2008-04-10,15/9-F-12,24.000,264.921,105.846,93.812,31.252,3003.220,468712.000,4.090,,production,OP
2008-04-11,15/9-F-12,24.000,264.334,105.840,93.622,31.944,3015.970,458936.650,10.440,,production,OP
2008-04-12,15/9-F-12,12.975,264.008,105.838,93.149,30.885,1615.370,242280.010,2.910,,production,OP
2008-04-13,15/9-F-12,4.000,268.096,105.480,93.618,25.823,429.770,65731.440,1.730,,production,OP
2008-04-14,15/9-F-12,21.260,265.611,105.617,83.884,28.764,2578.630,413142.560,3.620,,production,OP
2008-04-15,15/9-F-12,20.550,263.676,105.818,93.037,32.061,2494.260,400308.200,3.500,,production,OP
2008-04-16,15/9-F-12,24.000,263.010,105.646,93.000,31.904,2847.560,462314.880,3.990,,production,OP
2008-04-17,15/9-F-12,9.375,262.978,105.809,92.812,31.653,1120.570,184080.600,1.100,,production,OP
2008-04-18,15/9-F-12,21.570,263.174,105.786,92.884,31.719,2448.140,372536.860,2.400,,production,OP
2008-04-19,15/9-F-12,22.712,263.142,105.777,93.021,30.033,2513.650,383126.440,2.470,,production,OP
2008-04-20,15/9-F-12,24.000,262.170,105.787,92.639,31.483,2752.750,418498.590,2.700,,production,OP
2008-04-21,15/9-F-12,24.000,261.610,105.783,92.326,31.520,2752.300,426345.050,2.700,,production,OP
2008-04-22,15/9-F-12,24.000,261.115,105.777,92.169,31.483,2737.240,422378.970,2.310,,production,OP
2008-04-23,15/9-F-12,24.000,260.558,105.771,91.860,31.487,2735.530,422115.010,-14.190,,production,OP
2008-04-24,15/9-F-12,24.000,260.127,105.769,91.578,30.814,2730.330,474459.400,93.870,,production,OP
2008-04-25,15/9-F-12,24.000,260.523,105.781,91.778,31.499,2727.650,480456.700,4.220,,production,OP
2008-04-26,15/9-F-12,24.000,261.141,105.794,92.240,31.412,2747.010,481822.530,3.810,,production,OP
2008-04-27,15/9-F-12,15.958,260.417,105.816,90.712,31.490,1985.590,350826.250,2.760,,production,OP
2008-04-29,15/9-F-12,5.246,263.690,105.502,89.005,25.843,546.580,90823.830,4.760,,production,OP
2008-04-30,15/9-F-12,24.000,261.282,105.780,90.862,32.544,3011.830,459764.680,14.000,,production,OP
2008-05-01,15/9-F-12,24.000,260.789,105.839,90.670,33.434,3167.590,471209.850,3.440,,production,OP
2008-05-02,15/9-F-12,24.000,261.179,105.853,90.772,33.390,3163.920,486368.030,4.430,,production,OP
2008-05-03,15/9-F-12,24.000,261.609,105.863,91.060,33.374,3173.190,474305.400,4.440,,production,OP
2008-05-04,15/9-F-12,24.000,262.088,105.873,91.371,33.375,3188.850,493120.000,4.440,,production,OP
2008-05-05,15/9-F-12,24.000,262.653,105.882,91.716,33.309,3186.960,491322.970,4.420,,production,OP
2008-05-06,15/9-F-12,24.000,263.043,105.887,91.807,33.221,3176.890,489872.380,4.420,,production,OP
2008-05-07,15/9-F-12,24.000,263.488,105.893,92.103,33.111,3171.320,489343.070,4.290,,production,OP
2008-05-08,15/9-F-12,24.000,263.919,105.902,92.397,33.058,3170.850,488607.460,4.760,,production,OP
2008-05-09,15/9-F-12,24.000,264.351,105.908,92.779,33.024,3188.020,489393.880,0.010,,production,OP
2008-05-10,15/9-F-12,24.000,264.227,105.918,91.579,34.096,3415.680,524276.140,6.390,,production,OP
2008-05-11,15/9-F-12,24.000,264.088,105.919,89.612,35.629,3701.510,567340.440,7.220,,production,OP
2008-05-12,15/9-F-12,24.000,264.088,105.919,87.644,36.160,4002.280,612762.210,7.620,,production,OP
2008-05-13,15/9-F-12,24.000,264.088,105.919,85.868,37.294,4253.120,648380.880,8.220,,production,OP
2008-05-14,15/9-F-12,24.000,264.088,105.919,85.746,38.211,4279.910,651572.530,8.290,,production,OP
2008-05-15,15/9-F-12,24.000,264.088,105.919,84.427,39.271,4439.620,671084.550,8.590,,production,OP
2008-05-16,15/9-F-12,24.000,264.088,105.919,83.448,40.148,4582.900,696343.430,8.860,,production,OP
2008-05-17,15/9-F-12,24.000,264.088,105.919,82.829,40.728,4677.420,709992.170,9.040,,production,OP
2008-05-18,15/9-F-12,24.000,264.088,105.919,82.840,40.749,4688.630,711699.890,9.070,,production,OP
2008-05-19,15/9-F-12,24.000,264.088,105.919,82.928,40.755,4687.740,714081.050,9.060,,production,OP
2008-05-20,15/9-F-12,24.000,297.646,72.715,81.264,42.159,4885.560,741919.560,9.450,,production,OP
2008-05-21,15/9-F-12,24.000,257.200,39.554,80.171,43.101,5013.120,759588.910,9.690,,production,OP
2008-05-22,15/9-F-12,24.000,258.146,106.082,80.220,43.122,5017.550,760577.090,7.700,,production,OP
2008-05-23,15/9-F-12,24.000,258.333,106.145,80.202,43.092,5019.230,760297.250,19.710,,production,OP
2008-05-24,15/9-F-12,24.000,258.339,106.150,80.173,43.195,5034.280,762332.850,8019.720,,production,OP
2008-05-25,15/9-F-12,24.000,258.310,106.156,80.017,43.340,5045.720,764673.620,8019.740,,production,OP
2008-05-26,15/9-F-12,24.000,258.316,106.161,79.961,43.387,5053.010,766791.370,19.770,,production,OP
2008-05-27,15/9-F-12,24.000,257.975,106.229,79.970,43.462,5065.870,767889.190,29.800,,production,OP
2008-05-28,15/9-F-12,24.000,258.424,106.172,80.160,43.486,5072.270,767413.360,10.010,,production,OP
2008-05-29,15/9-F-12,24.000,258.457,106.176,80.200,43.561,5086.330,770161.990,10.040,,production,OP
2008-05-30,15/9-F-12,20.192,260.646,106.158,83.323,40.123,3869.220,589150.000,7.480,,production,OP
2008-05-31,15/9-F-12,0.000,281.012,104.711,1.347,0.000,0.000,0.000,0.000,,production,OP
2008-06-01,15/9-F-12,0.500,279.419,104.823,91.390,16.828,22.940,11729.200,0.040,,production,OP
2008-06-02,15/9-F-12,13.417,259.795,106.149,81.298,42.494,4019.510,603534.040,7.770,,production,OP
2008-06-03,15/9-F-12,24.000,259.087,106.163,0.000,43.222,4999.750,755898.390,9.670,,production,OP
2008-06-04,15/9-F-12,24.000,258.464,106.168,1.030,43.422,5067.010,764495.520,9.800,,production,OP
2008-06-05,15/9-F-12,24.000,258.422,106.175,67.027,43.419,5040.470,768018.950,9.750,,production,OP
2008-06-06,15/9-F-12,24.000,258.517,106.182,80.303,43.397,5058.130,763388.730,9.780,,production,OP
2008-06-07,15/9-F-12,24.000,258.634,106.186,80.208,43.334,5057.560,761308.550,184.780,,production,OP
2008-06-08,15/9-F-12,24.000,258.650,106.192,80.153,43.390,5070.120,761089.160,9.800,,production,OP
2008-06-09,15/9-F-12,24.000,258.707,106.197,80.258,43.400,5081.360,762129.800,14.830,,production,OP
2008-06-10,15/9-F-12,24.000,258.758,106.201,80.192,43.406,5081.780,761130.490,9.830,,production,OP
2008-06-11,15/9-F-12,24.000,258.318,106.195,79.948,43.448,5087.060,760260.450,9.840,,production,OP
2008-06-12,15/9-F-12,24.000,257.210,106.179,79.400,43.461,5060.120,757005.320,9.780,,production,OP
2008-06-13,15/9-F-12,24.000,256.563,106.176,79.035,43.453,5032.290,754387.870,9.730,,production,OP
2008-06-14,15/9-F-12,22.667,259.003,106.158,81.689,38.536,4332.160,651120.470,8.280,,production,OP
2008-06-15,15/9-F-12,24.000,256.637,106.191,78.750,43.718,5087.530,763089.710,9.840,,production,OP
2008-06-16,15/9-F-12,24.000,256.865,106.200,78.834,43.747,5102.250,764342.550,10.000,,production,OP
2008-06-17,15/9-F-12,24.000,257.122,106.208,79.166,43.833,5102.840,756365.890,9.880,,production,OP
2008-06-18,15/9-F-12,24.000,257.439,106.215,79.360,43.811,5135.060,765784.340,7.170,,production,OP
2008-06-19,15/9-F-12,24.000,257.748,106.223,79.475,42.875,5140.620,766175.860,8.750,,production,OP
2008-06-20,15/9-F-12,23.500,259.650,106.208,81.984,40.892,4721.660,702550.380,9.530,,production,OP
2008-06-21,15/9-F-12,24.000,258.762,106.219,80.459,42.831,5037.620,750094.000,15.160,,production,OP
2008-06-22,15/9-F-12,24.000,258.429,106.234,79.815,42.818,5147.100,769091.420,11.350,,production,OP
2008-06-23,15/9-F-12,24.000,258.849,106.240,80.054,43.441,5114.600,765622.030,10.250,,production,OP
2008-06-24,15/9-F-12,24.000,259.124,106.246,80.106,42.547,5123.740,766123.100,11.810,,production,OP
2008-06-25,15/9-F-12,24.000,259.314,106.252,80.390,43.488,5135.480,767514.630,11.770,,production,OP
2008-06-26,15/9-F-12,15.833,259.960,106.248,81.195,42.240,4232.540,639125.350,9.760,,production,OP
2008-06-27,15/9-F-12,24.000,259.662,106.253,80.422,43.457,5126.410,762147.270,11.800,,production,OP
2008-06-28,15/9-F-12,24.000,259.611,106.258,80.495,43.493,5075.740,711222.190,11.700,,production,OP
2008-06-29,15/9-F-12,24.000,259.687,96.227,80.210,43.492,5121.120,768245.700,11.820,,production,OP
2008-06-30,15/9-F-12,24.000,245.400,80.041,85.724,39.409,4372.280,659342.570,10.100,,production,OP
2008-07-01,15/9-F-12,22.667,264.333,106.188,87.226,36.962,3980.510,599295.690,9.180,,production,OP
2008-07-02,15/9-F-12,24.000,260.340,106.262,81.132,43.204,5114.670,766478.400,0.790,,production,OP
2008-07-03,15/9-F-12,24.000,260.494,106.269,81.397,42.989,5083.670,762466.050,15.170,,production,OP
2008-07-04,15/9-F-12,24.000,260.666,106.274,81.315,42.973,5080.840,761637.180,4.510,,production,OP
2008-07-05,15/9-F-12,24.000,260.792,106.279,81.278,42.973,5086.260,761985.490,11.730,,production,OP
2008-07-06,15/9-F-12,24.000,260.885,106.284,81.353,42.985,5087.700,762728.950,15.730,,production,OP
2008-07-07,15/9-F-12,24.000,260.939,106.285,81.501,43.003,5094.920,764020.220,12.750,,production,OP
2008-07-08,15/9-F-12,24.000,261.152,106.293,81.671,42.979,5095.750,764104.540,36.050,,production,OP
2008-07-09,15/9-F-12,24.000,261.374,106.297,81.571,42.948,5094.030,762917.060,11.740,,production,OP
2008-07-10,15/9-F-12,21.350,261.490,106.298,81.684,42.961,4621.520,691133.540,10.650,,production,OP
2008-07-11,15/9-F-12,13.167,263.098,106.263,84.282,40.255,2855.540,426766.130,6.580,,production,OP
2008-07-12,15/9-F-12,6.308,274.831,106.016,100.155,32.111,686.840,151768.250,1.580,,production,OP
2008-07-13,15/9-F-12,24.000,264.305,106.198,87.266,47.858,4169.380,606053.900,9.610,,production,OP
2008-07-14,15/9-F-12,23.250,264.456,106.164,88.715,44.360,3818.800,573434.830,8.800,,production,OP
2008-07-15,15/9-F-12,24.000,260.220,106.189,83.965,48.694,4304.710,635429.850,9.920,,production,OP
2008-07-16,15/9-F-12,24.000,263.304,106.116,89.772,44.468,3526.920,521163.810,10.630,,production,OP
2008-07-17,15/9-F-12,24.000,264.580,106.091,91.623,42.880,3341.550,482331.580,7.700,,production,OP
2008-07-18,15/9-F-12,24.000,265.288,106.078,92.674,42.044,3215.850,474686.180,12.770,,production,OP
2008-07-19,15/9-F-12,24.000,265.651,106.071,93.172,41.692,3176.280,481830.980,7.320,,production,OP
2008-07-20,15/9-F-12,24.000,265.733,106.070,93.175,41.654,3186.030,466621.330,7.340,,production,OP
2008-07-21,15/9-F-12,24.000,265.757,106.070,93.227,41.659,3182.550,466633.460,7.340,,production,OP
2008-07-22,15/9-F-12,24.000,265.848,106.069,93.245,41.655,3166.640,465211.960,7.510,,production,OP
2008-07-23,15/9-F-12,24.000,265.846,106.070,93.323,41.662,3148.960,463102.570,7.330,,production,OP
2008-07-24,15/9-F-12,24.000,265.851,106.069,93.299,41.669,3148.890,471104.480,7.300,,production,OP
2008-07-25,15/9-F-12,24.000,265.911,106.070,93.466,41.697,3163.290,460618.770,7.350,,production,OP
2008-07-26,15/9-F-12,24.000,266.022,106.071,93.575,41.670,3145.110,461623.270,7.290,,production,OP
2008-07-27,15/9-F-12,24.000,266.075,106.057,93.600,41.646,3177.300,465308.050,7.310,,production,OP
2008-07-28,15/9-F-12,24.000,266.154,106.072,93.554,41.637,3143.100,460975.550,7.210,,production,OP
2008-07-29,15/9-F-12,24.000,265.133,106.087,92.066,42.956,3346.150,490196.570,11.060,,production,OP
2008-07-30,15/9-F-12,24.000,270.571,106.006,98.526,33.331,2434.330,355646.650,5.610,,production,OP
2008-07-31,15/9-F-12,24.000,271.248,105.938,97.748,31.979,2316.520,339166.490,4.160,,production,OP
2008-08-01,15/9-F-12,24.000,267.574,106.064,95.340,40.143,2976.420,436752.070,4.770,,production,OP
2008-08-02,15/9-F-12,24.000,267.471,106.068,90.503,38.324,3031.550,445348.640,4.250,,production,OP
2008-08-03,15/9-F-12,24.000,267.482,106.068,95.148,40.232,2993.480,438550.350,4.500,,production,OP
2008-08-04,15/9-F-12,24.000,267.326,105.991,94.968,40.141,3093.310,452054.820,4.640,,production,OP
2008-08-05,15/9-F-12,24.000,267.402,106.066,94.969,40.222,2998.530,437720.840,4.500,,production,OP
2008-08-06,15/9-F-12,7.525,267.928,106.062,95.316,36.887,919.750,135274.510,1.380,,production,OP
2008-08-08,15/9-F-12,6.975,274.203,105.886,101.599,28.201,808.230,110780.180,1.210,,production,OP
2008-08-09,15/9-F-12,24.000,261.384,106.110,85.512,47.510,4060.240,559249.170,6.030,,production,OP
2008-08-10,15/9-F-12,24.000,259.031,106.158,83.477,49.184,4349.220,603102.920,6.580,,production,OP
2008-08-11,15/9-F-12,24.000,258.116,106.165,82.623,49.691,4412.460,611780.880,6.610,,production,OP
2008-08-12,15/9-F-12,24.000,256.949,106.174,81.469,49.431,4418.030,616241.040,6.640,,production,OP
2008-08-13,15/9-F-12,24.000,256.478,106.172,81.250,50.242,4448.970,620813.200,8.500,,production,OP
2008-08-14,15/9-F-12,24.000,256.923,106.159,81.954,49.356,4353.590,651318.900,27.370,,production,OP
2008-08-15,15/9-F-12,24.000,254.870,106.183,79.843,51.231,4499.010,673535.880,47.970,,production,OP
2008-08-16,15/9-F-12,24.000,250.173,106.245,73.128,57.232,5479.400,799524.840,47.850,,production,OP
2008-08-17,15/9-F-12,24.000,249.005,106.255,72.646,57.284,5443.610,795277.260,53.930,,production,OP
2008-08-18,15/9-F-12,24.000,247.947,106.252,72.445,56.926,5374.180,810900.020,18.120,,production,OP
2008-08-19,15/9-F-12,24.000,247.150,106.252,72.134,56.704,5315.030,801345.750,9.840,,production,OP
2008-08-20,15/9-F-12,24.000,246.261,106.253,71.474,56.720,4980.890,728548.750,9.480,,production,OP
2008-08-21,15/9-F-12,24.000,248.760,106.212,75.738,52.229,4450.000,647512.910,8.470,,production,OP
2008-08-22,15/9-F-12,24.000,262.708,105.985,94.166,34.976,2049.860,290174.270,3.900,,production,OP
2008-08-23,15/9-F-12,24.000,264.053,105.972,95.056,34.902,2059.290,291279.700,3.820,,production,OP
2008-08-24,15/9-F-12,24.000,265.068,105.974,95.885,34.978,2080.270,294693.680,3.960,,production,OP
2008-08-25,15/9-F-12,24.000,266.074,105.982,96.513,34.971,2089.770,293955.380,3.980,,production,OP
2008-08-26,15/9-F-12,24.000,267.071,105.997,96.966,34.931,2093.460,293973.810,3.970,,production,OP
2008-08-27,15/9-F-12,24.000,267.487,105.993,97.253,34.774,2084.400,295564.570,40.330,,production,OP
2008-08-28,15/9-F-12,23.833,267.099,105.977,96.790,34.619,2086.630,305319.460,4.100,,production,OP
2008-08-29,15/9-F-12,24.000,266.385,105.983,96.191,35.879,2189.550,318561.330,4.460,,production,OP
2008-08-30,15/9-F-12,24.000,266.995,105.972,97.034,34.848,2058.630,297315.780,1.820,,production,OP
2008-08-31,15/9-F-12,10.500,268.166,105.959,97.603,30.028,624.700,86537.330,1.200,,production,OP
2008-09-01,15/9-F-12,24.000,267.856,105.958,97.544,34.258,2029.120,284059.330,2.170,,production,OP
2008-09-02,15/9-F-12,9.708,268.141,105.970,97.838,32.688,837.230,116783.590,0.490,,production,OP
2008-09-03,15/9-F-12,0.000,276.507,104.463,106.783,,0.000,0.000,0.000,,production,OP
2008-09-04,15/9-F-12,0.000,276.818,104.161,104.637,,0.000,0.000,0.000,,production,OP
2008-09-05,15/9-F-12,0.000,277.098,103.975,104.488,,0.000,0.000,0.000,,production,OP
2008-09-06,15/9-F-12,8.500,270.216,105.659,95.422,32.439,760.580,105098.330,0.390,,production,OP
2008-09-07,15/9-F-12,24.000,268.697,105.961,97.438,35.508,2173.110,304483.020,0.830,,production,OP
2008-09-08,15/9-F-12,5.708,269.607,105.955,98.563,30.484,500.190,69031.170,0.350,,production,OP
2008-09-09,15/9-F-12,0.000,277.312,104.191,106.922,,0.000,0.000,0.000,,production,OP
2008-09-10,15/9-F-12,23.600,273.546,105.557,97.284,22.269,1181.970,173052.950,1.530,,production,OP
2008-09-11,15/9-F-12,24.000,260.001,106.061,87.296,44.185,4067.320,592088.640,6.900,,production,OP
2008-09-12,15/9-F-12,24.000,259.202,106.062,87.575,42.838,3735.860,550255.990,6.350,,production,OP
2008-09-13,15/9-F-12,24.000,256.708,106.066,85.249,45.711,4057.560,593839.890,5.300,,production,OP
2008-09-14,15/9-F-12,24.000,255.087,106.067,84.217,45.834,4036.380,589477.560,6.060,,production,OP
2008-09-15,15/9-F-12,24.000,253.333,106.068,82.854,46.240,4046.640,590019.170,6.080,,production,OP
2008-09-16,15/9-F-12,24.000,251.532,106.062,81.797,46.283,4004.960,582278.930,5.990,,production,OP
2008-09-17,15/9-F-12,24.000,249.432,106.053,80.647,46.224,3937.380,570001.840,5.520,,production,OP
2008-09-18,15/9-F-12,24.000,253.179,105.947,85.064,36.734,2503.260,362080.290,10.950,,production,OP
2008-09-19,15/9-F-12,24.000,251.716,105.961,84.241,37.126,2551.190,369110.040,3.380,,production,OP
2008-09-20,15/9-F-12,24.000,245.816,106.015,79.232,44.885,3605.750,515386.040,3.840,,production,OP
2008-09-21,15/9-F-12,22.167,245.887,105.994,79.549,41.211,2858.810,407044.880,4.010,,production,OP
2008-09-22,15/9-F-12,18.292,242.490,106.039,76.257,45.305,2846.550,405957.520,11.720,,production,OP
2008-09-23,15/9-F-12,24.000,241.212,106.048,75.441,46.179,3652.800,520319.290,14.310,,production,OP
2008-09-24,15/9-F-12,24.000,239.903,106.049,74.654,46.377,3629.300,514831.950,5.090,,production,OP
2008-09-25,15/9-F-12,24.000,240.836,106.013,76.299,44.146,3389.780,509447.830,14.280,,production,OP
2008-09-26,15/9-F-12,24.000,237.613,106.048,73.086,46.807,3575.590,507353.580,19.400,,production,OP
2008-09-27,15/9-F-12,24.000,239.530,106.030,75.006,43.368,3174.510,456679.240,29.460,,production,OP
2008-09-28,15/9-F-12,24.000,238.215,106.032,74.001,45.034,3371.210,481430.170,12.320,,production,OP
2008-09-29,15/9-F-12,24.000,236.522,106.046,72.472,46.551,3512.440,497305.010,6.570,,production,OP
2008-09-30,15/9-F-12,24.000,236.111,106.053,72.059,46.620,3627.460,518528.160,5.100,,production,OP
2008-10-01,15/9-F-12,24.000,235.135,106.064,71.122,47.288,3606.890,511855.530,5.030,,production,OP
2008-10-02,15/9-F-12,24.000,234.697,106.063,70.943,47.310,3319.850,470881.400,10.710,,production,OP
2008-10-03,15/9-F-12,24.000,234.165,106.062,70.750,47.346,3593.880,509508.630,10.790,,production,OP
2008-10-04,15/9-F-12,24.000,241.525,105.955,77.030,36.546,2463.910,360305.750,8.660,,production,OP
2008-10-05,15/9-F-12,24.000,233.892,106.044,70.617,47.064,3377.170,477920.150,10.570,,production,OP
2008-10-06,15/9-F-12,22.333,242.246,105.921,78.940,36.348,2126.840,295620.760,6.760,,production,OP
2008-10-07,15/9-F-12,24.000,239.516,105.951,77.145,40.825,2726.280,387130.020,16.660,,production,OP
2008-10-08,15/9-F-12,24.000,239.485,105.951,77.071,40.827,2719.290,386724.080,22.760,,production,OP
2008-10-09,15/9-F-12,24.000,239.480,105.951,77.181,40.830,2713.820,385383.830,30.620,,production,OP
2008-10-10,15/9-F-12,24.000,239.417,105.952,77.217,40.849,2720.480,387183.990,18.720,,production,OP
2008-10-11,15/9-F-12,24.000,239.167,105.952,76.937,40.915,2739.750,390609.120,32.000,,production,OP
2008-10-12,15/9-F-12,24.000,238.341,105.972,75.803,41.854,2824.960,400414.750,26.980,,production,OP
2008-10-13,15/9-F-12,24.000,238.302,105.968,75.945,41.786,2827.750,399786.560,23.650,,production,OP
2008-10-14,15/9-F-12,24.000,238.360,105.971,75.922,41.790,2829.210,399679.550,11.490,,production,OP
2008-10-15,15/9-F-12,24.000,238.336,105.974,76.088,41.847,2825.330,400424.470,23.560,,production,OP
2008-10-16,15/9-F-12,24.000,238.346,105.975,76.039,41.828,2825.290,400175.170,23.560,,production,OP
2008-10-17,15/9-F-12,24.000,238.306,105.974,76.032,41.826,2832.050,400158.560,23.600,,production,OP
2008-10-18,15/9-F-12,19.000,235.449,105.988,72.013,43.579,2520.400,359282.430,23.570,,production,OP
2008-10-19,15/9-F-12,24.000,239.876,105.975,77.166,40.270,2714.130,382645.810,23.730,,production,OP
2008-10-20,15/9-F-12,24.000,240.737,105.950,78.446,39.720,2664.340,377857.960,23.420,,production,OP
2008-10-21,15/9-F-12,24.000,241.078,105.951,78.708,39.547,2653.430,375509.760,10.950,,production,OP
2008-10-22,15/9-F-12,24.000,234.771,106.046,72.054,46.547,3420.750,489181.700,35.620,,production,OP
2008-10-23,15/9-F-12,24.000,235.276,106.061,72.491,45.950,3363.100,479918.140,23.310,,production,OP
2008-10-24,15/9-F-12,24.000,234.731,106.074,71.836,46.545,3426.210,490793.770,30.770,,production,OP
2008-10-25,15/9-F-12,24.000,234.090,106.094,71.061,47.308,3524.620,504092.190,10.840,,production,OP
2008-10-26,15/9-F-12,25.000,233.665,106.112,70.284,47.944,3836.990,547535.290,12.840,,production,OP
2008-10-27,15/9-F-12,24.000,233.867,106.118,70.406,47.801,3622.020,526226.210,22.310,,production,OP
2008-10-28,15/9-F-12,24.000,234.185,106.121,70.738,47.520,3728.480,534003.010,25.290,,production,OP
2008-10-29,15/9-F-12,23.167,238.978,106.066,75.127,40.559,2822.930,405404.940,21.710,,production,OP
2008-10-30,15/9-F-12,24.000,235.708,106.088,72.465,46.264,3471.470,494825.960,20.800,,production,OP
2008-10-31,15/9-F-12,24.000,234.494,106.097,71.296,46.824,3515.610,499794.460,32.770,,production,OP
2008-11-01,15/9-F-12,22.500,238.283,106.053,74.131,41.040,2758.290,388670.400,32.640,,production,OP
2008-11-02,15/9-F-12,24.000,230.617,106.134,65.797,54.135,4443.460,632394.030,27.920,,production,OP
2008-11-03,15/9-F-12,24.000,224.533,106.257,57.843,63.605,4938.780,720457.160,31.250,,production,OP
2008-11-04,15/9-F-12,24.000,223.530,106.291,56.326,65.914,5124.320,738155.430,19.710,,production,OP
2008-11-05,15/9-F-12,24.000,222.953,106.309,55.961,66.817,5188.070,734342.850,31.660,,production,OP
2008-11-06,15/9-F-12,24.000,222.612,106.318,55.836,67.278,5204.110,746222.610,38.190,,production,OP
2008-11-07,15/9-F-12,24.000,221.626,106.342,54.274,70.744,5136.250,728626.380,42.630,,production,OP
2008-11-08,15/9-F-12,24.000,221.658,106.353,54.321,70.758,5141.340,730423.460,38.320,,production,OP
2008-11-09,15/9-F-12,24.000,221.997,106.361,54.734,69.842,5114.030,725814.650,41.550,,production,OP
2008-11-10,15/9-F-12,24.000,222.583,106.363,55.525,68.196,5059.680,719057.670,35.410,,production,OP
2008-11-11,15/9-F-12,24.000,222.715,106.371,55.557,68.214,5076.600,720765.900,12.330,,production,OP
2008-11-12,15/9-F-12,24.000,222.860,106.378,55.297,68.203,5065.130,722185.080,42.310,,production,OP
2008-11-13,15/9-F-12,24.000,222.987,106.385,55.628,68.237,5083.980,723021.250,15.150,,production,OP
2008-11-14,15/9-F-12,24.000,223.157,106.393,55.787,68.267,5106.190,726187.770,13.060,,production,OP
2008-11-15,15/9-F-12,24.000,223.430,106.398,55.968,67.782,5097.330,725355.820,11.840,,production,OP
2008-11-16,15/9-F-12,24.000,223.445,106.401,55.866,67.733,5082.140,724024.780,12.900,,production,OP
2008-11-17,15/9-F-12,24.000,223.517,106.406,56.110,66.339,5076.810,723171.460,12.060,,production,OP
2008-11-18,15/9-F-12,24.000,223.428,106.408,55.956,67.762,5074.400,724334.150,8.950,,production,OP
2008-11-19,15/9-F-12,24.000,221.755,106.414,53.859,72.565,5223.410,744775.940,19.660,,production,OP
2008-11-20,15/9-F-12,23.875,222.210,106.418,54.581,70.345,5116.540,729920.520,12.950,,production,OP
2008-11-21,15/9-F-12,18.292,228.074,106.338,60.374,60.752,3553.890,505370.490,733.650,,production,OP
2008-11-22,15/9-F-12,24.000,223.640,106.423,56.050,67.749,5033.510,721488.520,683.380,,production,OP
2008-11-23,15/9-F-12,24.000,226.084,106.395,59.560,62.848,4831.150,687856.300,94.510,,production,OP
2008-11-24,15/9-F-12,24.000,224.082,106.410,56.952,65.975,4971.190,715583.370,64.550,,production,OP
2008-11-25,15/9-F-12,24.000,223.720,106.432,56.023,67.965,5062.550,726974.270,172.170,,production,OP
2008-11-26,15/9-F-12,24.000,223.325,106.453,55.114,70.484,5145.940,739602.330,20.890,,production,OP
2008-11-27,15/9-F-12,24.000,223.083,106.471,54.584,72.356,5200.400,750704.440,50.650,,production,OP
2008-11-28,15/9-F-12,24.000,243.631,106.256,78.579,42.022,2897.090,398090.950,7.200,,production,OP
2008-11-29,15/9-F-12,24.000,230.675,106.389,62.644,62.311,4853.400,706715.580,47.530,,production,OP
2008-11-30,15/9-F-12,24.000,225.876,106.496,56.092,70.250,5255.580,756828.700,15.290,,production,OP
2008-12-01,15/9-F-12,24.000,228.741,106.486,59.341,66.292,5095.380,738451.220,19.190,,production,OP
2008-12-02,15/9-F-12,24.000,228.337,106.505,57.775,70.498,5276.150,763664.010,39.710,,production,OP
2008-12-03,15/9-F-12,24.000,227.373,106.536,56.789,70.109,5333.020,771333.770,38.290,,production,OP
2008-12-04,15/9-F-12,24.000,227.922,106.545,57.687,69.736,5434.560,783688.840,34.590,,production,OP
2008-12-05,15/9-F-12,24.000,230.111,106.536,60.380,65.062,5209.390,749252.750,38.450,,production,OP
2008-12-06,15/9-F-12,24.000,230.258,106.546,59.516,66.461,5292.170,764102.010,37.980,,production,OP
2008-12-07,15/9-F-12,24.000,231.712,106.541,60.422,66.669,5322.500,770155.230,32.790,,production,OP
2008-12-08,15/9-F-12,24.000,233.127,106.533,62.012,64.092,5241.800,715215.810,37.960,,production,OP
2008-12-09,15/9-F-12,24.000,233.027,106.529,61.685,64.530,5277.550,730268.110,14.070,,production,OP
2008-12-10,15/9-F-12,24.000,233.361,106.536,61.870,64.693,5286.400,766437.140,13.130,,production,OP
2008-12-11,15/9-F-12,24.000,235.819,106.516,64.970,61.636,5126.100,740304.810,16.660,,production,OP
2008-12-12,15/9-F-12,24.000,234.939,106.530,63.772,62.650,5239.810,757727.370,22.640,,production,OP
2008-12-13,15/9-F-12,24.000,235.414,106.537,64.005,62.669,5281.860,760767.370,15.570,,production,OP
2008-12-14,15/9-F-12,24.000,236.036,106.545,64.249,62.662,5302.740,766323.870,49.330,,production,OP
2008-12-15,15/9-F-12,24.000,236.534,106.551,64.487,62.792,5270.910,770084.760,14.110,,production,OP
2008-12-16,15/9-F-12,24.000,236.966,106.560,64.511,63.253,5300.990,777260.850,49.130,,production,OP
2008-12-17,15/9-F-12,24.000,237.538,106.567,64.516,63.255,5338.200,782191.240,62.460,,production,OP
2008-12-18,15/9-F-12,24.000,238.352,106.574,64.937,63.250,5377.180,785912.440,55.570,,production,OP
2008-12-19,15/9-F-12,24.000,238.973,106.580,65.162,63.323,5386.940,787881.900,66.900,,production,OP
2008-12-20,15/9-F-12,24.000,239.685,106.586,65.283,63.347,5417.440,793711.500,67.100,,production,OP
2008-12-21,15/9-F-12,24.000,240.388,106.592,65.769,63.373,5472.220,797067.750,64.780,,production,OP
2008-12-22,15/9-F-12,24.000,241.117,106.598,65.781,63.351,5497.250,800167.390,67.550,,production,OP
2008-12-23,15/9-F-12,24.000,241.976,106.602,66.415,63.085,5513.050,801712.540,13.720,,production,OP
2008-12-24,15/9-F-12,24.000,243.004,106.603,67.024,62.441,5508.260,800808.310,14.330,,production,OP
2008-12-25,15/9-F-12,24.000,243.919,106.605,68.083,62.039,5491.410,799405.170,14.250,,production,OP
2008-12-26,15/9-F-12,24.000,244.821,106.606,68.637,61.755,5497.480,799580.300,19.870,,production,OP
2008-12-27,15/9-F-12,24.000,245.572,106.609,68.649,60.503,5571.070,813070.510,21.600,,production,OP
2008-12-28,15/9-F-12,24.000,246.561,106.609,69.547,61.284,5495.650,801585.710,14.830,,production,OP
2008-12-29,15/9-F-12,24.000,247.325,106.612,70.026,61.205,5507.180,802974.490,14.730,,production,OP
2008-12-30,15/9-F-12,24.000,248.078,106.615,70.380,61.216,5527.550,806227.120,17.390,,production,OP
2008-12-31,15/9-F-12,24.000,248.826,106.618,70.438,61.218,5547.460,809027.450,14.630,,production,OP
2009-01-01,15/9-F-12,24.000,249.771,106.617,71.018,60.628,5556.560,808293.140,40.590,,production,OP
2009-01-02,15/9-F-12,24.000,250.677,106.617,71.709,60.216,5555.730,806595.590,13.350,,production,OP
2009-01-03,15/9-F-12,24.000,250.936,106.614,71.769,60.298,5727.050,835981.330,88.280,,production,OP
2009-01-04,15/9-F-12,24.000,250.576,106.608,71.302,60.696,5589.890,809542.500,13.000,,production,OP
2009-01-05,15/9-F-12,24.000,250.815,106.621,71.045,61.314,5629.040,815241.450,25.940,,production,OP
2009-01-06,15/9-F-12,22.000,250.894,106.342,77.935,51.607,4672.300,681103.670,26.600,,production,OP
2009-01-07,15/9-F-12,24.000,,,72.045,61.225,5621.900,834503.060,25.570,,production,OP
2009-01-08,15/9-F-12,24.000,,,68.489,65.338,5901.840,851131.520,15.320,,production,OP
2009-01-09,15/9-F-12,24.000,,,71.645,62.677,5644.010,810726.770,14.250,,production,OP
2009-01-10,15/9-F-12,24.000,,,70.184,64.081,5869.780,844192.560,15.720,,production,OP
2009-01-11,15/9-F-12,24.000,,,73.300,60.468,5716.640,822490.280,15.450,,production,OP
2009-01-12,15/9-F-12,24.000,,,77.676,56.383,5458.460,784575.240,15.430,,production,OP
2009-01-13,15/9-F-12,24.000,257.556,105.227,82.739,51.454,5110.200,731457.260,43.640,,production,OP
2009-01-14,15/9-F-12,24.000,260.667,106.576,81.360,52.768,5267.760,753891.010,36.620,,production,OP
2009-01-15,15/9-F-12,24.000,261.669,106.574,82.843,52.007,4526.490,651055.300,0.000,,production,OP
2009-01-16,15/9-F-12,24.000,262.387,106.576,83.512,51.767,4385.000,630121.770,0.000,,production,OP
2009-01-17,15/9-F-12,24.000,264.159,106.565,85.473,50.139,4234.920,619822.140,0.000,,production,OP
2009-01-18,15/9-F-12,24.000,263.941,106.580,84.638,51.302,4352.400,627030.710,0.000,,production,OP
2009-01-19,15/9-F-12,24.000,264.029,106.594,84.264,51.793,4426.350,635623.250,0.000,,production,OP
2009-01-20,15/9-F-12,24.000,265.177,106.590,85.551,50.835,4298.530,618234.010,0.000,,production,OP
2009-01-21,15/9-F-12,23.152,266.663,106.581,87.067,47.848,4123.600,593845.290,0.000,,production,OP
2009-01-22,15/9-F-12,23.681,266.423,106.578,86.169,49.870,4350.840,671065.620,0.000,,production,OP
2009-01-23,15/9-F-12,24.000,265.456,106.599,84.726,51.994,4499.420,646277.880,0.000,,production,OP
2009-01-24,15/9-F-12,24.000,266.077,106.605,85.185,51.805,4473.360,653051.120,0.000,,production,OP
2009-01-25,15/9-F-12,24.000,266.583,106.616,85.484,51.795,4494.660,644232.700,0.000,,production,OP
2009-01-26,15/9-F-12,24.000,267.380,106.618,86.237,51.385,4425.100,635968.990,0.000,,production,OP
2009-01-27,15/9-F-12,24.000,267.932,106.619,86.636,51.343,4425.360,636018.240,0.000,,production,OP
2009-01-28,15/9-F-12,24.000,267.256,106.635,84.720,53.134,4967.110,720844.610,0.000,,production,OP
2009-01-29,15/9-F-12,24.000,264.552,106.665,80.624,56.456,5586.100,823507.190,0.000,,production,OP
2009-01-30,15/9-F-12,24.000,267.990,106.609,86.747,51.030,4398.310,629755.990,0.000,,production,OP
2009-01-31,15/9-F-12,24.000,268.414,106.611,86.935,51.039,4388.450,629043.830,0.000,,production,OP
2009-02-01,15/9-F-12,24.000,267.333,106.639,84.561,53.209,5224.600,756467.150,0.000,,production,OP
2009-02-02,15/9-F-12,24.000,268.745,106.618,86.836,51.126,4401.950,629466.870,0.000,,production,OP
2009-02-03,15/9-F-12,24.000,269.177,106.620,87.166,51.150,4422.080,631333.120,0.000,,production,OP
2009-02-04,15/9-F-12,24.000,266.807,106.677,82.560,55.025,5437.810,799783.200,0.000,,production,OP
2009-02-05,15/9-F-12,24.000,269.252,106.620,86.760,51.280,4487.910,640815.200,0.000,,production,OP
2009-02-06,15/9-F-12,24.000,269.522,106.623,86.935,51.328,4430.310,635863.050,0.000,,production,OP
2009-02-07,15/9-F-12,15.842,271.944,106.604,90.072,47.929,2738.230,391983.480,0.000,,production,OP
2009-02-08,15/9-F-12,21.825,270.941,106.628,87.452,51.282,4189.320,596270.800,0.000,,production,OP
2009-02-09,15/9-F-12,24.000,274.470,106.580,92.343,47.634,4258.600,607654.220,0.000,,production,OP
2009-02-10,15/9-F-12,24.000,271.884,106.622,88.586,50.580,4393.000,656412.530,0.000,,production,OP
2009-02-11,15/9-F-12,24.000,272.014,106.631,88.442,50.853,4431.400,636708.150,0.000,,production,OP
2009-02-12,15/9-F-12,24.000,272.425,106.636,88.641,50.875,4498.080,640120.280,0.000,,production,OP
2009-02-13,15/9-F-12,22.000,275.662,106.591,92.252,45.493,3944.990,559545.040,0.000,,production,OP
2009-02-14,15/9-F-12,24.000,273.914,106.625,90.475,49.792,4330.620,611414.350,0.000,,production,OP
2009-02-15,15/9-F-12,24.000,275.200,106.608,91.951,48.759,4221.090,600565.200,0.000,,production,OP
2009-02-16,15/9-F-12,22.642,276.118,106.612,92.092,47.311,4056.660,575668.790,0.000,,production,OP
2009-02-17,15/9-F-12,24.000,274.275,106.651,89.683,50.822,4479.410,637411.190,0.000,,production,OP
2009-02-18,15/9-F-12,24.000,275.126,106.645,90.524,50.255,4436.070,629921.350,0.000,,production,OP
2009-02-19,15/9-F-12,24.000,275.620,106.646,90.831,50.182,4434.210,628408.690,0.000,,production,OP
2009-02-20,15/9-F-12,24.000,275.990,106.651,91.104,50.226,4439.640,628914.980,0.000,,production,OP
2009-02-21,15/9-F-12,24.000,283.525,106.523,100.954,41.986,3876.080,553168.070,0.000,,production,OP
2009-02-22,15/9-F-12,24.000,277.312,106.662,91.666,50.338,4535.890,643689.280,0.000,,production,OP
2009-02-23,15/9-F-12,24.000,277.706,106.666,91.856,50.283,4498.480,636958.830,0.000,,production,OP
2009-02-24,15/9-F-12,24.000,278.002,106.670,92.077,50.329,4487.340,639993.120,0.000,,production,OP
2009-02-25,15/9-F-12,22.000,281.634,106.619,96.789,45.400,4036.230,576610.740,0.000,,production,OP
2009-02-26,15/9-F-12,24.000,279.868,106.670,93.753,49.458,4421.950,630101.220,0.000,,production,OP
2009-02-27,15/9-F-12,24.000,280.483,106.669,94.316,49.202,4359.660,623044.760,0.000,,production,OP
2009-02-28,15/9-F-12,24.000,280.684,106.677,94.526,49.407,4433.400,628757.880,0.000,,production,OP
2009-03-01,15/9-F-12,24.000,280.736,106.690,94.264,49.855,4448.630,635769.650,0.000,,production,OP
2009-03-02,15/9-F-12,24.000,280.419,106.709,93.044,50.759,4592.630,653793.660,0.000,,production,OP
2009-03-03,15/9-F-12,24.000,280.914,106.713,93.664,49.466,4638.290,658569.560,0.000,,production,OP
2009-03-04,15/9-F-12,24.000,281.558,106.704,94.560,49.902,4474.260,634593.690,0.000,,production,OP
2009-03-05,15/9-F-12,11.167,283.357,106.688,96.219,47.958,2440.800,347737.770,0.000,,production,OP
2009-03-06,15/9-F-12,24.000,286.416,106.632,100.455,45.168,4366.160,624325.510,0.000,,production,OP
2009-03-07,15/9-F-12,24.000,293.230,106.489,111.001,39.793,3360.600,481718.950,0.000,,production,OP
2009-03-08,15/9-F-12,24.000,286.874,106.580,101.414,45.995,4021.370,577222.950,0.000,,production,OP
2009-03-09,15/9-F-12,18.525,276.897,106.799,86.190,55.059,4197.140,607750.290,0.000,,production,OP
2009-03-10,15/9-F-12,21.225,277.642,106.774,87.055,55.147,4692.910,653842.250,0.000,,production,OP
2009-03-11,15/9-F-12,23.500,283.715,106.624,97.919,43.698,5414.320,755859.500,0.000,,production,OP
2009-03-12,15/9-F-12,24.000,276.295,106.693,89.313,52.277,4870.320,680830.680,0.000,,production,OP
2009-03-13,15/9-F-12,19.942,276.741,106.662,89.126,45.522,3676.710,529095.170,0.000,,production,OP
2009-03-14,15/9-F-12,0.000,299.454,105.184,38.148,,0.000,0.000,0.000,,production,OP
2009-03-15,15/9-F-12,6.500,294.426,104.914,78.127,32.500,613.720,84479.940,0.000,,production,OP
2009-03-16,15/9-F-12,13.000,290.408,105.890,85.282,36.100,1409.330,193531.670,0.000,,production,OP
2009-03-17,15/9-F-12,0.000,294.899,104.777,35.354,,0.000,0.000,0.000,,production,OP
2009-03-18,15/9-F-12,22.142,270.117,106.481,89.028,47.341,3449.390,483223.530,0.000,,production,OP
2009-03-19,15/9-F-12,24.000,265.693,106.576,85.149,50.707,4321.870,604989.140,0.000,,production,OP
2009-03-20,15/9-F-12,24.000,261.606,105.868,82.590,51.370,4217.850,588504.630,0.000,,production,OP
2009-03-21,15/9-F-12,24.000,259.886,106.546,79.404,53.823,4440.660,620587.390,0.000,,production,OP
2009-03-22,15/9-F-12,24.000,258.143,106.521,78.506,53.944,4437.680,619261.410,0.000,,production,OP
2009-03-23,15/9-F-12,24.000,256.314,106.494,77.545,53.952,4418.220,605817.490,0.000,,production,OP
2009-03-24,15/9-F-12,24.000,254.476,106.470,76.654,53.984,4353.470,607634.390,0.000,,production,OP
2009-03-25,15/9-F-12,4.192,257.130,106.437,81.691,45.011,723.910,103202.390,0.000,,production,OP
2009-03-26,15/9-F-12,0.000,279.237,104.784,12.393,,0.000,0.000,0.000,,production,OP
2009-03-27,15/9-F-12,0.000,279.612,104.496,18.431,,0.000,0.000,0.000,,production,OP
2009-03-28,15/9-F-12,0.000,279.901,104.325,71.026,,0.000,0.000,0.000,,production,OP
2009-03-29,15/9-F-12,0.000,188.803,69.951,79.224,,0.000,0.000,0.000,,production,OP
2009-03-30,15/9-F-12,6.142,275.054,105.977,98.734,25.944,456.470,55070.070,0.000,,production,OP
2009-03-31,15/9-F-12,24.000,253.872,106.478,74.280,56.992,4922.000,716135.310,0.000,,production,OP
2009-04-01,15/9-F-12,24.000,250.437,106.536,69.997,60.949,5287.840,747833.270,0.000,,production,OP
2009-04-02,15/9-F-12,24.000,249.588,106.546,69.836,60.986,5144.720,719978.390,0.000,,production,OP
2009-04-03,15/9-F-12,24.000,250.845,106.513,72.732,57.463,4733.540,667776.210,0.000,,production,OP
2009-04-04,15/9-F-12,24.000,251.415,106.484,74.174,55.712,4497.690,635782.470,0.000,,production,OP
2009-04-05,15/9-F-12,24.000,250.842,106.478,73.665,55.809,4536.000,640609.760,0.000,,production,OP
2009-04-06,15/9-F-12,24.000,245.277,106.548,65.440,65.205,5544.620,807878.220,22.280,,production,OP
2009-04-07,15/9-F-12,24.000,242.581,106.569,62.908,68.013,5677.960,824316.370,54.680,,production,OP
2009-04-08,15/9-F-12,24.000,243.595,106.531,66.241,62.477,5143.670,712608.590,118.270,,production,OP
2009-04-09,15/9-F-12,24.000,243.260,106.512,66.566,61.476,5237.660,728732.910,65.570,,production,OP
2009-04-10,15/9-F-12,24.000,239.166,106.555,61.219,68.527,5605.380,795763.720,51.330,,production,OP
2009-04-11,15/9-F-12,24.000,237.077,106.561,59.619,70.542,5595.210,796029.240,79.470,,production,OP
2009-04-12,15/9-F-12,24.000,235.703,106.556,59.205,69.866,5377.850,745573.290,79.430,,production,OP
2009-04-13,15/9-F-12,24.000,235.739,106.532,60.805,65.975,4985.070,684272.800,97.460,,production,OP
2009-04-14,15/9-F-12,24.000,234.746,106.534,60.392,66.216,4997.550,682920.040,33.370,,production,OP
2009-04-15,15/9-F-12,24.000,232.979,106.547,58.529,69.278,5316.560,782449.820,21.980,,production,OP
2009-04-16,15/9-F-12,24.000,233.305,106.524,60.283,65.140,5112.740,703143.190,29.650,,production,OP
2009-04-17,15/9-F-12,24.000,233.172,106.506,60.920,63.184,4838.540,655222.860,32.070,,production,OP
2009-04-18,15/9-F-12,24.000,230.505,106.528,57.575,68.563,5271.470,727181.940,23.750,,production,OP
2009-04-19,15/9-F-12,24.000,226.609,106.566,52.528,80.991,5613.540,782955.380,20.220,,production,OP
2009-04-20,15/9-F-12,24.000,228.987,106.526,57.520,67.529,4906.230,663644.340,30.710,,production,OP
2009-04-21,15/9-F-12,24.000,228.741,106.508,58.431,65.610,4845.360,653196.020,32.800,,production,OP
2009-04-22,15/9-F-12,23.167,235.192,106.424,65.780,54.947,4018.170,554652.070,93.210,,production,OP
2009-04-23,15/9-F-12,24.000,228.112,106.490,58.525,64.505,4752.830,642693.530,33.860,,production,OP
2009-04-24,15/9-F-12,24.000,226.984,106.491,57.693,65.471,4789.550,645290.770,37.030,,production,OP
2009-04-25,15/9-F-12,24.000,225.858,106.494,56.618,66.650,4813.600,649841.020,39.730,,production,OP
2009-04-26,15/9-F-12,24.000,224.697,106.496,55.713,68.008,4855.760,652520.570,35.800,,production,OP
2009-04-27,15/9-F-12,24.000,223.767,106.498,54.918,69.102,4871.190,656676.510,46.620,,production,OP
2009-04-28,15/9-F-12,24.000,223.472,106.501,54.652,67.675,4882.810,658770.260,92.830,,production,OP
2009-04-29,15/9-F-12,24.000,223.285,106.505,54.625,69.124,4842.110,654544.210,37.070,,production,OP
2009-04-30,15/9-F-12,24.000,223.260,106.512,54.663,67.715,4860.460,658250.040,37.100,,production,OP
2009-05-01,15/9-F-12,24.000,223.348,106.519,54.802,69.167,4860.670,655718.050,34.790,,production,OP
2009-05-02,15/9-F-12,24.000,223.711,106.523,55.063,68.269,4814.280,651353.200,29.640,,production,OP
2009-05-03,15/9-F-12,24.000,223.826,106.528,55.043,68.193,4812.610,651463.540,37.060,,production,OP
2009-05-04,15/9-F-12,2.475,230.292,106.526,61.977,46.845,438.930,54731.120,2.950,,production,OP
2009-05-06,15/9-F-12,20.858,232.681,106.376,63.201,55.126,3551.600,481765.160,23.830,,production,OP
2009-05-07,15/9-F-12,23.833,229.448,106.508,60.720,61.366,4446.680,633204.310,173.140,,production,OP
2009-05-08,15/9-F-12,24.000,226.761,106.541,57.523,65.691,4815.420,648869.140,141.880,,production,OP
2009-05-09,15/9-F-12,24.000,226.272,106.556,56.584,67.307,4805.750,659613.790,135.390,,production,OP
2009-05-10,15/9-F-12,24.000,226.443,106.570,56.061,67.723,4892.700,663299.950,34.220,,production,OP
2009-05-11,15/9-F-12,24.000,227.953,106.563,57.919,64.741,4810.910,652508.750,21.280,,production,OP
2009-05-12,15/9-F-12,24.000,228.739,106.563,58.682,63.693,4771.110,649888.850,23.480,,production,OP
2009-05-13,15/9-F-12,24.000,230.262,106.557,59.596,62.417,4684.630,640887.430,16.650,,production,OP
2009-05-14,15/9-F-12,24.000,230.692,106.560,59.768,62.837,4712.310,645462.500,116.450,,production,OP
2009-05-15,15/9-F-12,24.000,231.128,106.569,60.188,62.836,4733.920,650506.740,94.280,,production,OP
2009-05-16,15/9-F-12,24.000,231.609,106.576,60.513,62.842,4741.220,653196.820,116.560,,production,OP
2009-05-17,15/9-F-12,24.000,232.096,106.582,60.739,62.862,4745.170,654569.230,116.620,,production,OP
2009-05-18,15/9-F-12,24.000,232.579,106.588,60.903,62.895,5227.040,722111.070,116.610,,production,OP
2009-05-19,15/9-F-12,24.000,233.025,106.593,61.177,62.908,5013.350,693436.040,139.510,,production,OP
2009-05-20,15/9-F-12,24.000,233.546,106.597,61.428,62.728,5010.500,692348.100,139.030,,production,OP
2009-05-21,15/9-F-12,24.000,234.077,106.602,61.596,62.648,5030.590,693069.750,143.080,,production,OP
2009-05-22,15/9-F-12,24.000,234.671,106.606,61.670,62.393,5037.150,691705.390,138.660,,production,OP
2009-05-23,15/9-F-12,24.000,237.007,106.589,64.652,58.775,4796.200,658095.210,131.680,,production,OP
2009-05-24,15/9-F-12,24.000,237.884,106.584,65.476,58.235,4763.660,653571.720,141.150,,production,OP
2009-05-25,15/9-F-12,24.000,237.763,106.596,64.886,59.559,4851.330,666995.500,127.750,,production,OP
2009-05-26,15/9-F-12,24.000,237.806,106.528,64.443,60.240,4911.600,674398.650,136.370,,production,OP
2009-05-27,15/9-F-12,24.000,238.497,106.611,64.654,60.354,4925.850,676599.550,130.510,,production,OP
2009-05-28,15/9-F-12,24.000,238.980,106.615,64.568,60.599,4940.310,679290.390,145.280,,production,OP
2009-05-29,15/9-F-12,24.000,238.028,106.636,62.769,63.945,5096.840,728393.230,144.640,,production,OP
2009-05-30,15/9-F-12,24.000,236.207,106.659,59.931,67.884,5406.740,745582.690,177.400,,production,OP
2009-05-31,15/9-F-12,24.000,235.940,106.654,59.716,67.897,5389.940,744217.560,176.600,,production,OP
2009-06-01,15/9-F-12,24.000,235.151,106.654,58.606,69.231,5469.320,755886.220,181.970,,production,OP
2009-06-02,15/9-F-12,24.000,234.756,106.659,58.167,69.952,5497.960,758527.940,85.020,,production,OP
2009-06-03,15/9-F-12,24.000,234.194,106.655,57.824,70.394,5888.690,804359.190,150.850,,production,OP
2009-06-04,15/9-F-12,24.000,233.151,106.650,57.064,71.287,5509.130,750904.820,61.050,,production,OP
2009-06-05,15/9-F-12,24.000,232.042,106.643,56.365,72.122,5521.140,754130.590,46.350,,production,OP
2009-06-06,15/9-F-12,21.983,239.608,106.545,65.253,57.458,3891.660,530740.580,50.870,,production,OP
2009-06-07,15/9-F-12,24.000,232.763,106.598,58.040,68.920,5264.700,703838.990,96.750,,production,OP
2009-06-08,15/9-F-12,24.000,230.082,106.622,55.834,71.393,5422.420,727883.130,60.230,,production,OP
2009-06-09,15/9-F-12,24.000,229.309,106.614,55.573,71.120,5357.490,726692.810,10.370,,production,OP
2009-06-10,15/9-F-12,24.000,228.358,106.608,54.998,71.386,5346.850,721518.420,10.340,,production,OP
2009-06-11,15/9-F-12,22.833,232.428,106.555,60.068,62.364,4218.090,553284.310,7.990,,production,OP
2009-06-12,15/9-F-12,24.000,227.551,106.587,54.918,70.818,4995.200,653040.150,9.450,,production,OP
2009-06-13,15/9-F-12,22.500,231.046,106.538,59.558,61.915,4132.220,546459.740,7.770,,production,OP
2009-06-14,15/9-F-12,24.000,228.428,106.559,57.550,65.354,4668.700,616524.430,10.610,,production,OP
2009-06-15,15/9-F-12,24.000,225.099,106.572,53.478,73.616,4994.990,670506.080,10.880,,production,OP
2009-06-16,15/9-F-12,24.000,221.740,106.603,49.249,85.330,5262.800,696076.750,141.570,,production,OP
2009-06-17,15/9-F-12,24.000,220.942,106.602,49.277,85.973,5081.090,663614.250,150.040,,production,OP
2009-06-18,15/9-F-12,24.000,220.463,106.597,48.875,86.011,5037.770,670507.540,185.080,,production,OP
2009-06-19,15/9-F-12,24.000,219.911,106.594,48.592,85.993,5054.350,676838.860,158.490,,production,OP
2009-06-20,15/9-F-12,24.000,219.365,106.590,48.357,85.997,5122.690,684149.320,135.510,,production,OP
2009-06-21,15/9-F-12,24.000,233.810,106.429,67.242,49.617,3421.750,457372.670,98.890,,production,OP
2009-06-22,15/9-F-12,24.000,235.216,106.387,69.400,47.670,3345.000,448830.330,95.370,,production,OP
2009-06-23,15/9-F-12,24.000,234.717,106.390,68.611,48.196,3393.700,455038.160,112.910,,production,OP
2009-06-24,15/9-F-12,24.000,234.739,106.388,68.679,48.200,3399.540,455482.440,99.310,,production,OP
2009-06-25,15/9-F-12,24.000,234.724,106.387,68.901,48.234,3234.130,432800.460,91.990,,production,OP
2009-06-26,15/9-F-12,24.000,234.740,106.387,68.970,48.310,2864.240,387728.580,77.840,,production,OP
2009-06-27,15/9-F-12,24.000,234.701,106.388,68.913,48.387,2727.370,368587.990,128.590,,production,OP
2009-06-28,15/9-F-12,24.000,233.006,106.406,66.920,50.378,2723.710,367739.200,117.310,,production,OP
2009-06-29,15/9-F-12,24.000,232.302,106.421,65.785,51.217,2793.580,374705.430,111.630,,production,OP
2009-06-30,15/9-F-12,24.000,232.293,106.422,65.710,51.189,2789.430,373706.270,153.600,,production,OP
2009-07-01,15/9-F-12,24.000,232.254,106.423,65.864,51.189,2775.480,372698.060,156.760,,production,OP
2009-07-02,15/9-F-12,24.000,232.242,106.425,65.869,51.231,2766.160,371158.280,156.850,,production,OP
2009-07-03,15/9-F-12,24.000,232.249,106.426,65.804,51.240,2761.910,370129.180,156.750,,production,OP
2009-07-04,15/9-F-12,24.000,232.255,106.427,65.820,51.214,2747.270,367253.000,157.440,,production,OP
2009-07-05,15/9-F-12,24.000,232.254,106.428,65.903,51.199,2746.360,368057.840,155.390,,production,OP
2009-07-06,15/9-F-12,24.000,232.275,106.430,65.696,51.184,3414.920,463341.670,57.660,,production,OP
2009-07-07,15/9-F-12,24.000,232.276,106.430,65.699,51.172,3404.370,460568.950,71.840,,production,OP
2009-07-08,15/9-F-12,24.000,232.217,106.432,65.742,51.195,3501.350,489971.590,56.050,,production,OP
2009-07-09,15/9-F-12,24.000,232.194,106.434,65.750,51.220,3500.070,490053.560,53.860,,production,OP
2009-07-10,15/9-F-12,24.000,232.197,106.435,65.709,51.243,3485.700,487959.830,56.120,,production,OP
2009-07-11,15/9-F-12,24.000,231.809,106.440,65.258,51.783,3514.430,491136.030,56.160,,production,OP
2009-07-12,15/9-F-12,24.000,231.712,106.444,65.225,51.938,3523.090,493410.140,57.110,,production,OP
2009-07-13,15/9-F-12,24.000,231.699,106.446,65.243,51.988,3564.050,495856.940,58.040,,production,OP
2009-07-14,15/9-F-12,24.000,232.072,106.442,65.741,51.458,3514.200,489459.390,57.260,,production,OP
2009-07-15,15/9-F-12,24.000,232.613,106.435,66.409,50.768,3450.900,480362.650,56.260,,production,OP
2009-07-16,15/9-F-12,24.000,232.644,106.436,66.271,50.738,3446.150,478180.010,52.390,,production,OP
2009-07-17,15/9-F-12,24.000,232.695,106.436,66.354,50.705,3450.110,484482.300,44.220,,production,OP
2009-07-18,15/9-F-12,24.000,233.111,106.454,66.344,51.280,3395.670,389613.170,58.760,,production,OP
2009-07-19,15/9-F-12,22.167,240.718,106.397,73.222,42.468,2808.210,386647.470,69.570,,production,OP
2009-07-20,15/9-F-12,24.000,237.759,106.433,70.349,48.357,3443.720,481044.660,156.330,,production,OP
2009-07-21,15/9-F-12,24.000,235.983,106.491,67.854,50.793,3714.360,523125.840,152.200,,production,OP
2009-07-22,15/9-F-12,24.000,236.934,106.507,68.674,50.821,3721.030,525946.380,128.030,,production,OP
2009-07-23,15/9-F-12,24.000,238.343,106.515,69.713,50.320,3682.110,521503.780,146.800,,production,OP
2009-07-24,15/9-F-12,24.000,239.425,106.526,70.213,50.378,3689.010,523260.290,166.680,,production,OP
2009-07-25,15/9-F-12,24.000,240.539,106.537,70.530,49.257,3737.420,529698.640,163.620,,production,OP
2009-07-26,15/9-F-12,24.000,241.698,106.546,71.263,50.299,3718.650,529145.090,164.430,,production,OP
2009-07-27,15/9-F-12,24.000,243.001,106.553,72.333,50.114,3704.420,526019.030,167.400,,production,OP
2009-07-28,15/9-F-12,24.000,244.299,106.559,73.105,49.905,3734.370,532079.640,115.530,,production,OP
2009-07-29,15/9-F-12,24.000,245.431,106.567,73.859,49.937,3741.770,534576.770,117.280,,production,OP
2009-07-30,15/9-F-12,24.000,246.624,106.573,74.276,49.845,3755.470,536800.890,111.860,,production,OP
2009-07-31,15/9-F-12,24.000,248.700,106.564,75.972,48.866,3692.520,528426.130,110.790,,production,OP
2009-08-01,15/9-F-12,24.000,249.772,106.557,76.898,48.764,3691.350,529970.550,111.760,,production,OP
2009-08-02,15/9-F-12,10.658,251.032,106.553,77.955,46.087,1632.310,239745.520,48.300,,production,OP
2009-08-04,15/9-F-12,0.250,280.050,104.670,108.341,1.200,11.980,13300.020,0.070,,production,OP
2009-08-05,15/9-F-12,23.842,252.227,106.574,74.195,53.600,4407.160,616384.540,156.880,,production,OP
2009-08-06,15/9-F-12,24.000,246.176,106.699,67.183,61.002,4663.070,647439.480,200.950,,production,OP
2009-08-07,15/9-F-12,22.908,244.786,106.704,65.517,62.592,4360.710,604384.300,215.620,,production,OP
2009-08-08,15/9-F-12,13.925,259.380,106.478,84.073,40.599,2424.200,354292.440,97.190,,production,OP
2009-08-09,15/9-F-12,24.000,246.087,106.627,68.389,58.516,4366.570,603300.120,160.000,,production,OP
2009-08-10,15/9-F-12,24.000,243.911,106.643,66.126,60.535,4437.790,612099.850,172.070,,production,OP
2009-08-11,15/9-F-12,24.000,242.306,106.647,64.363,62.178,4445.560,614367.800,170.750,,production,OP
2009-08-12,15/9-F-12,24.000,240.240,106.665,61.910,64.987,4594.220,636081.640,326.870,,production,OP
2009-08-13,15/9-F-12,24.000,239.388,106.664,61.317,65.275,4549.480,628768.980,202.770,,production,OP
2009-08-14,15/9-F-12,24.000,237.636,106.673,59.517,67.525,4638.620,640028.040,208.320,,production,OP
2009-08-15,15/9-F-12,24.000,235.784,106.683,57.901,70.024,4721.860,653955.150,206.850,,production,OP
2009-08-16,15/9-F-12,24.000,235.067,106.695,57.106,71.521,4767.400,662261.810,217.730,,production,OP
2009-08-17,15/9-F-12,24.000,235.220,106.714,56.692,71.691,4783.380,664475.430,214.660,,production,OP
2009-08-18,15/9-F-12,24.000,235.541,106.725,56.937,71.745,4779.420,665021.720,210.050,,production,OP
2009-08-19,15/9-F-12,24.000,235.858,106.733,57.218,71.982,4795.270,667424.610,198.590,,production,OP
2009-08-20,15/9-F-12,24.000,236.231,106.740,57.338,71.988,4800.540,668449.460,210.290,,production,OP
2009-08-21,15/9-F-12,24.000,236.624,106.745,57.489,71.822,4793.550,666777.920,192.390,,production,OP
2009-08-22,15/9-F-12,24.000,236.920,106.749,57.482,71.832,4795.400,666527.530,208.780,,production,OP
2009-08-23,15/9-F-12,24.000,237.117,106.751,57.560,71.879,4788.330,666189.260,203.880,,production,OP
2009-08-24,15/9-F-12,24.000,237.327,106.757,57.442,72.365,4817.270,670317.970,211.080,,production,OP
2009-08-25,15/9-F-12,24.000,236.879,106.773,56.308,74.911,4950.960,688051.450,216.160,,production,OP
2009-08-26,15/9-F-12,13.992,245.161,106.724,58.484,55.682,2665.860,372319.420,282.400,,production,OP
2009-08-27,15/9-F-12,21.342,248.319,106.622,71.062,55.120,3733.660,528401.120,243.910,,production,OP
2009-08-28,15/9-F-12,24.000,239.707,106.744,59.351,69.239,4689.980,652605.790,125.630,,production,OP
2009-08-29,15/9-F-12,2.158,243.334,106.744,64.079,54.451,308.370,43408.040,10.060,,production,OP
2009-08-30,15/9-F-12,0.000,277.121,104.929,87.985,,0.000,0.000,0.000,,production,OP
2009-08-31,15/9-F-12,0.000,278.646,104.648,5.057,,0.000,0.000,0.000,,production,OP
2009-09-02,15/9-F-12,0.000,140.256,52.361,2.469,,0.000,0.000,0.000,,production,OP
2009-09-03,15/9-F-12,0.000,279.223,104.241,4.560,,0.000,0.000,0.000,,production,OP
2009-09-04,15/9-F-12,0.000,278.503,104.416,45.595,,0.000,0.000,0.000,,production,OP
2009-09-05,15/9-F-12,11.583,270.345,106.248,94.160,28.534,1278.610,153306.810,0.800,,production,OP
2009-09-06,15/9-F-12,14.342,260.681,106.505,83.294,44.431,2441.380,349062.680,2.040,,production,OP
2009-09-07,15/9-F-12,24.000,248.135,105.585,69.356,55.284,5053.840,707675.350,5.170,,production,OP
2009-09-08,15/9-F-12,24.000,251.405,106.722,70.254,58.102,4573.770,638461.150,180.060,,production,OP
2009-09-09,15/9-F-12,24.000,251.658,106.730,69.994,58.101,4354.630,603564.350,183.760,,production,OP
2009-09-10,15/9-F-12,24.000,251.827,106.733,69.950,58.096,4340.510,601872.520,133.880,,production,OP
2009-09-11,15/9-F-12,24.000,251.298,106.744,69.000,59.310,4393.440,608017.510,131.210,,production,OP
2009-09-12,15/9-F-12,24.000,249.993,106.758,67.300,61.331,4477.040,620412.560,150.500,,production,OP
2009-09-13,15/9-F-12,24.000,249.865,106.771,66.909,61.839,4489.880,623900.830,165.380,,production,OP
2009-09-14,15/9-F-12,24.000,250.139,106.780,66.925,61.994,4464.080,623859.070,215.650,,production,OP
2009-09-15,15/9-F-12,24.000,249.834,106.797,65.814,64.337,4526.120,635907.490,191.530,,production,OP
2009-09-16,15/9-F-12,24.000,250.179,106.805,66.256,63.025,4512.230,632118.060,152.680,,production,OP
2009-09-17,15/9-F-12,24.000,250.682,106.800,66.883,62.371,4464.890,625323.890,180.390,,production,OP
2009-09-18,15/9-F-12,24.000,250.394,106.807,66.546,63.077,4492.250,629714.140,176.280,,production,OP
2009-09-19,15/9-F-12,24.000,253.233,106.782,70.577,59.248,4154.300,581271.010,175.360,,production,OP
2009-09-20,15/9-F-12,24.000,260.055,106.673,80.124,49.253,3305.880,460547.960,106.890,,production,OP
2009-09-21,15/9-F-12,24.000,259.306,106.682,79.161,50.391,4206.640,586030.640,13.890,,production,OP
2009-09-22,15/9-F-12,24.000,259.484,106.681,79.208,50.408,4199.230,585043.940,14.870,,production,OP
2009-09-23,15/9-F-12,24.000,259.663,106.682,79.128,50.398,4322.810,602914.350,10.250,,production,OP
2009-09-24,15/9-F-12,24.000,255.680,106.744,72.772,57.022,4684.690,655592.280,15.290,,production,OP
2009-09-25,15/9-F-12,24.000,251.719,106.825,66.634,63.733,5057.910,708322.490,19.120,,production,OP
2009-09-26,15/9-F-12,10.825,251.948,106.843,66.459,62.920,2272.730,319210.700,9.970,,production,OP
2009-09-27,15/9-F-12,0.500,286.313,105.121,112.133,0.600,32.030,1291.910,0.110,,production,OP
2009-09-28,15/9-F-12,0.000,286.425,104.751,111.525,,0.000,0.000,0.000,,production,OP
2009-09-29,15/9-F-12,0.000,286.415,104.539,110.944,,0.000,0.000,0.000,,production,OP
2009-09-30,15/9-F-12,0.000,286.312,104.423,109.249,,0.000,0.000,0.000,,production,OP
2009-10-01,15/9-F-12,22.008,261.972,106.633,79.622,48.727,3565.940,529790.380,22.940,,production,OP
2009-10-02,15/9-F-12,24.000,253.207,106.803,68.169,61.728,4883.020,687689.420,7.830,,production,OP
2009-10-03,15/9-F-12,24.000,252.836,106.823,67.754,62.451,5037.570,703024.660,10.800,,production,OP
2009-10-04,15/9-F-12,24.000,252.784,106.835,67.222,62.733,5032.990,706391.970,10.560,,production,OP
2009-10-05,15/9-F-12,24.000,252.773,106.845,66.958,62.994,5072.510,709305.740,23.510,,production,OP
2009-10-06,15/9-F-12,24.000,260.207,106.749,78.110,52.213,4326.830,611182.900,266.150,,production,OP
2009-10-07,15/9-F-12,24.000,257.439,106.786,73.675,55.740,4616.270,646991.190,85.190,,production,OP
2009-10-08,15/9-F-12,24.000,257.939,106.788,74.309,55.215,4545.120,636428.370,108.060,,production,OP
2009-10-09,15/9-F-12,24.000,258.344,106.784,74.840,54.676,4420.650,620759.260,133.270,,production,OP
2009-10-10,15/9-F-12,24.000,254.268,105.439,74.040,53.653,4441.140,622663.390,139.980,,production,OP
2009-10-11,15/9-F-12,24.000,258.233,106.782,74.761,54.733,4426.340,620058.470,149.760,,production,OP
2009-10-12,15/9-F-12,24.000,257.747,106.789,73.958,55.375,4454.140,623072.240,163.790,,production,OP
2009-10-13,15/9-F-12,21.750,258.175,106.783,74.783,52.824,3766.370,526029.480,519.790,,production,OP
2009-10-14,15/9-F-12,24.000,258.398,106.756,76.004,53.560,4257.960,599091.430,204.390,,production,OP
2009-10-15,15/9-F-12,23.167,262.741,106.686,80.854,45.562,3550.580,516544.680,668.290,,production,OP
2009-10-16,15/9-F-12,24.000,254.412,106.802,70.013,59.209,4728.630,656307.980,180.000,,production,OP
2009-10-17,15/9-F-12,6.492,253.228,106.829,68.112,58.086,1377.020,181699.550,1.710,,production,OP
2009-10-18,15/9-F-12,23.500,258.222,106.744,75.752,52.392,4118.700,585095.940,289.080,,production,OP
2009-10-19,15/9-F-12,24.000,256.929,106.748,74.750,53.766,4334.820,608788.100,169.990,,production,OP
2009-10-20,15/9-F-12,24.000,256.600,106.746,74.612,54.011,4339.020,607252.720,326.980,,production,OP
2009-10-21,15/9-F-12,24.000,256.489,106.747,74.640,54.009,4333.240,605895.870,340.810,,production,OP
2009-10-22,15/9-F-12,24.000,256.466,106.750,74.605,54.014,4324.320,605508.820,312.730,,production,OP
2009-10-23,15/9-F-12,7.992,254.632,106.789,71.569,53.900,1587.300,218603.990,112.870,,production,OP
2009-10-24,15/9-F-12,2.675,281.008,106.277,98.919,24.844,167.170,32884.880,14.390,,production,OP
2009-10-25,15/9-F-12,24.833,261.865,106.783,77.558,51.154,4190.370,585516.230,279.620,,production,OP
2009-10-26,15/9-F-12,24.000,260.704,106.786,77.127,52.151,4306.500,602824.320,356.730,,production,OP
2009-10-27,15/9-F-12,24.000,260.420,106.786,76.806,52.216,4313.370,603085.270,357.450,,production,OP
2009-10-28,15/9-F-12,24.000,260.019,106.794,76.344,52.588,4348.440,603773.500,359.230,,production,OP
2009-10-29,15/9-F-12,23.325,259.566,106.824,73.894,57.142,4274.900,593576.380,354.670,,production,OP
2009-10-30,15/9-F-12,24.000,253.399,106.908,66.114,65.988,4957.610,692870.780,409.020,,production,OP
2009-10-31,15/9-F-12,24.000,254.229,106.905,67.413,64.187,4840.810,676986.370,433.200,,production,OP
2009-11-01,15/9-F-12,24.000,254.045,106.914,67.046,64.259,4852.060,678487.140,413.980,,production,OP
2009-11-02,15/9-F-12,24.000,254.311,106.916,67.387,63.910,4829.380,675577.420,401.360,,production,OP
2009-11-03,15/9-F-12,24.000,254.321,106.922,67.276,63.823,4817.070,675254.230,380.410,,production,OP
2009-11-04,15/9-F-12,15.500,257.933,106.875,72.210,56.604,3153.990,445344.140,234.970,,production,OP
2009-11-05,15/9-F-12,24.000,258.324,106.864,73.380,56.642,4434.990,620794.820,344.590,,production,OP
2009-11-06,15/9-F-12,24.000,258.457,106.856,73.582,56.450,4403.930,617191.430,338.530,,production,OP
2009-11-07,15/9-F-12,24.000,258.031,106.865,72.679,57.263,4448.000,623010.350,363.260,,production,OP
2009-11-08,15/9-F-12,24.000,257.823,106.869,72.129,57.670,4470.570,625587.920,369.060,,production,OP
2009-11-09,15/9-F-12,23.333,260.217,106.848,75.365,52.673,4089.830,572179.750,350.170,,production,OP
2009-11-10,15/9-F-12,24.000,259.530,106.847,73.947,56.101,4245.190,594946.250,388.590,,production,OP
2009-11-11,15/9-F-12,24.000,258.279,106.874,72.901,56.532,4401.540,617863.620,396.540,,production,OP
2009-11-12,15/9-F-12,24.000,258.142,106.876,72.764,56.935,4408.510,618894.680,416.180,,production,OP
2009-11-13,15/9-F-12,24.000,258.353,106.875,72.906,56.805,4378.760,623603.780,412.730,,production,OP
2009-11-14,15/9-F-12,24.000,258.063,106.884,72.345,57.365,4413.390,620425.580,410.550,,production,OP
2009-11-15,15/9-F-12,24.000,257.395,106.895,71.254,58.310,4446.800,626209.690,434.700,,production,OP
2009-11-16,15/9-F-12,24.000,256.242,106.915,69.457,60.355,4517.330,636382.840,394.400,,production,OP
2009-11-17,15/9-F-12,24.000,254.036,106.953,65.785,64.943,4724.620,666975.150,263.680,,production,OP
2009-11-18,15/9-F-12,24.000,253.018,106.978,63.945,67.055,4874.860,687647.420,398.550,,production,OP
2009-11-19,15/9-F-12,24.000,253.252,106.979,64.523,66.707,4842.290,684780.800,384.770,,production,OP
2009-11-20,15/9-F-12,23.000,258.435,106.920,70.956,58.024,4004.630,564352.250,330.920,,production,OP
2009-11-21,15/9-F-12,24.000,253.368,106.981,64.416,66.730,4846.820,685492.590,401.140,,production,OP
2009-11-22,15/9-F-12,24.000,253.086,106.985,64.217,67.053,4840.840,683920.980,379.560,,production,OP
2009-11-23,15/9-F-12,21.500,256.618,106.937,68.732,60.943,3930.030,556602.230,314.520,,production,OP
2009-11-24,15/9-F-12,22.417,256.393,106.954,68.810,61.221,4126.560,585995.170,553.120,,production,OP
2009-11-25,15/9-F-12,24.000,252.727,106.995,64.566,67.114,4837.350,680810.870,170.890,,production,OP
2009-11-26,15/9-F-12,24.000,252.751,106.994,64.531,67.097,4880.730,692847.970,415.720,,production,OP
2009-11-27,15/9-F-12,24.000,252.836,107.002,63.960,66.048,4864.710,690194.230,381.680,,production,OP
2009-11-28,15/9-F-12,24.000,252.930,107.014,63.386,67.843,4855.390,688773.850,382.230,,production,OP
2009-11-29,15/9-F-12,24.000,252.253,107.032,61.923,70.100,5013.400,726586.540,413.850,,production,OP
2009-11-30,15/9-F-12,24.000,252.001,107.038,61.400,69.294,5062.110,714849.890,446.220,,production,OP
2009-12-01,15/9-F-12,24.000,252.171,107.041,61.690,70.522,5031.440,711208.600,409.230,,production,OP
2009-12-02,15/9-F-12,24.000,252.212,107.043,61.835,70.524,5047.980,714500.660,452.590,,production,OP
2009-12-03,15/9-F-12,24.000,252.125,107.045,61.708,70.714,5043.730,713782.360,447.890,,production,OP
2009-12-04,15/9-F-12,24.000,251.495,107.054,60.581,72.767,5485.340,774012.050,573.670,,production,OP
2009-12-05,15/9-F-12,24.000,253.411,107.034,63.514,69.459,5189.700,732244.750,535.580,,production,OP
2009-12-06,15/9-F-12,24.000,252.990,107.033,62.785,69.432,5303.400,744579.970,564.840,,production,OP
2009-12-07,15/9-F-12,24.000,251.512,107.060,60.473,72.926,5467.620,767621.170,578.470,,production,OP
2009-12-08,15/9-F-12,24.000,251.402,107.063,60.145,73.079,5604.330,785560.550,539.310,,production,OP
2009-12-09,15/9-F-12,24.000,251.435,107.065,60.325,72.906,5601.130,781600.760,551.150,,production,OP
2009-12-10,15/9-F-12,24.000,251.665,107.061,60.435,71.953,5549.210,773988.580,422.920,,production,OP
2009-12-11,15/9-F-12,24.000,251.862,107.055,60.768,70.915,5480.450,767199.360,350.080,,production,OP
2009-12-12,15/9-F-12,24.000,251.793,107.054,60.789,70.742,5465.070,763675.410,562.800,,production,OP
2009-12-13,15/9-F-12,23.000,253.186,107.040,62.050,68.151,5049.730,706496.770,599.270,,production,OP
2009-12-14,15/9-F-12,24.000,252.148,107.048,61.169,69.890,5380.510,754743.060,592.030,,production,OP
2009-12-15,15/9-F-12,24.000,252.187,107.043,61.157,70.570,5366.630,776432.230,581.410,,production,OP
2009-12-16,15/9-F-12,24.000,251.867,107.046,61.022,69.942,5358.320,749752.390,359.580,,production,OP
2009-12-17,15/9-F-12,22.858,252.179,107.044,61.366,68.832,5017.660,705591.740,552.070,,production,OP
2009-12-18,15/9-F-12,23.475,271.189,106.752,88.106,40.842,2516.720,348481.680,310.250,,production,OP
2009-12-19,15/9-F-12,15.025,250.041,107.047,58.673,73.503,3377.750,469681.150,446.760,,production,OP
2009-12-20,15/9-F-12,20.142,252.496,106.987,62.683,69.732,4228.610,583871.560,587.920,,production,OP
2009-12-21,15/9-F-12,24.000,247.853,107.026,57.651,76.154,5347.190,739004.920,700.950,,production,OP
2009-12-22,15/9-F-12,24.000,247.098,107.031,56.958,77.302,5355.930,743748.510,526.970,,production,OP
2009-12-23,15/9-F-12,24.000,248.066,107.025,58.311,73.549,5153.650,715681.170,605.350,,production,OP
2009-12-24,15/9-F-12,24.000,248.530,107.021,58.907,72.076,5063.780,703199.580,661.120,,production,OP
2009-12-25,15/9-F-12,24.000,248.517,107.027,58.844,72.529,5164.960,723178.830,622.330,,production,OP
2009-12-26,15/9-F-12,24.000,248.719,107.034,58.579,72.730,5148.700,719081.400,680.440,,production,OP
2009-12-27,15/9-F-12,24.000,248.651,107.036,58.448,72.938,5098.580,711628.090,466.250,,production,OP
2009-12-28,15/9-F-12,24.000,248.478,107.038,58.213,73.334,5298.310,738483.970,768.150,,production,OP
2009-12-29,15/9-F-12,24.000,248.387,107.043,58.132,73.617,5281.460,739635.470,734.310,,production,OP
2009-12-30,15/9-F-12,24.000,248.351,107.046,58.115,73.735,5280.420,738860.570,783.630,,production,OP
2009-12-31,15/9-F-12,24.000,248.422,107.049,58.108,73.423,5243.210,763335.140,753.880,,production,OP
2010-01-01,15/9-F-12,24.000,248.271,107.054,58.029,73.835,5261.930,736984.710,790.980,,production,OP
2010-01-02,15/9-F-12,24.000,248.140,107.058,57.879,74.126,5256.370,735525.780,847.960,,production,OP
2010-01-03,15/9-F-12,24.000,248.068,107.062,57.576,74.231,5227.610,732785.120,793.610,,production,OP
2010-01-04,15/9-F-12,24.000,248.100,107.067,57.581,74.065,5199.020,730335.590,749.920,,production,OP
2010-01-05,15/9-F-12,24.000,248.051,107.072,57.562,74.136,5206.380,731148.300,541.740,,production,OP
2010-01-06,15/9-F-12,24.000,248.050,107.077,57.604,74.094,5200.270,729365.980,550.930,,production,OP
2010-01-07,15/9-F-12,24.000,248.007,107.082,57.424,72.825,5189.620,728597.690,709.950,,production,OP
2010-01-08,15/9-F-12,24.000,247.997,107.087,57.307,72.940,5185.950,727881.150,579.990,,production,OP
2010-01-09,15/9-F-12,22.833,255.408,107.010,67.373,60.410,4034.530,592005.170,515.070,,production,OP
2010-01-10,15/9-F-12,24.000,248.434,107.071,58.135,71.873,5140.650,720907.510,606.100,,production,OP
2010-01-11,15/9-F-12,24.000,247.903,107.087,57.144,74.679,5157.860,722935.240,693.440,,production,OP
2010-01-12,15/9-F-12,24.000,247.750,107.095,57.097,75.140,5161.220,722042.160,626.000,,production,OP
2010-01-13,15/9-F-12,24.000,247.609,107.105,56.924,75.047,5136.390,718018.450,694.520,,production,OP
2010-01-14,15/9-F-12,24.000,247.243,107.119,56.479,75.249,5092.000,712515.800,889.860,,production,OP
2010-01-15,15/9-F-12,24.000,246.884,107.134,56.015,75.240,5033.930,704357.870,864.020,,production,OP
2010-01-16,15/9-F-12,24.000,246.513,107.152,55.611,75.165,4979.190,694861.230,927.280,,production,OP
2010-01-17,15/9-F-12,24.000,246.205,107.166,55.086,75.234,4905.730,685492.940,927.840,,production,OP
2010-01-18,15/9-F-12,24.000,246.060,107.181,54.743,75.154,4689.190,654091.110,1122.190,,production,OP
2010-01-19,15/9-F-12,24.000,245.945,107.192,54.528,75.175,4647.390,648792.300,1097.790,,production,OP
2010-01-20,15/9-F-12,24.000,245.771,107.205,54.353,75.196,4628.380,645710.520,1315.920,,production,OP
2010-01-21,15/9-F-12,24.000,245.761,107.216,54.107,75.251,4586.620,643438.140,1320.540,,production,OP
2010-01-22,15/9-F-12,24.000,245.866,107.224,53.995,75.249,4563.260,641682.810,1317.590,,production,OP
2010-01-23,15/9-F-12,24.000,246.717,107.225,54.829,74.026,4010.690,585272.220,1131.120,,production,OP
2010-01-24,15/9-F-12,24.000,247.162,107.242,54.240,75.266,4441.060,637970.890,1253.550,,production,OP
2010-01-25,15/9-F-12,24.000,248.758,107.226,54.568,75.261,4596.670,642488.680,1342.980,,production,OP
2010-01-26,15/9-F-12,23.333,253.939,107.177,61.328,64.598,3953.580,567279.450,1135.630,,production,OP
2010-01-27,15/9-F-12,24.000,250.519,107.208,56.365,72.129,4419.930,620159.900,1279.510,,production,OP
2010-01-28,15/9-F-12,24.000,248.753,107.248,52.680,81.162,4625.590,648793.030,1389.090,,production,OP
2010-01-29,15/9-F-12,24.000,248.625,107.264,51.767,83.687,4705.520,660019.140,1352.200,,production,OP
2010-01-30,15/9-F-12,24.000,248.731,107.276,51.337,85.116,4720.130,662547.040,1400.620,,production,OP
2010-01-31,15/9-F-12,24.000,249.079,107.284,51.246,85.239,4702.170,660598.100,1462.330,,production,OP
2010-02-01,15/9-F-12,24.000,249.613,107.289,51.395,84.220,4673.250,655437.090,1456.500,,production,OP
2010-02-02,15/9-F-12,24.000,250.801,107.289,52.632,81.744,4544.830,639511.890,1466.290,,production,OP
2010-02-03,15/9-F-12,24.000,251.903,107.277,53.849,77.166,4285.020,625088.660,1489.970,,production,OP
2010-02-04,15/9-F-12,24.000,254.105,107.259,57.064,72.821,4111.360,583842.940,1756.150,,production,OP
2010-02-05,15/9-F-12,24.000,252.867,107.283,55.209,74.075,4257.010,597777.670,1447.560,,production,OP
2010-02-06,15/9-F-12,24.000,253.168,107.289,55.087,74.038,4234.420,595403.850,1070.430,,production,OP
2010-02-07,15/9-F-12,24.000,254.470,107.283,56.055,73.209,4140.350,587079.150,1508.610,,production,OP
2010-02-08,15/9-F-12,24.000,252.972,107.310,53.984,76.252,4326.640,608912.300,1647.330,,production,OP
2010-02-09,15/9-F-12,24.000,253.163,107.315,53.873,76.215,4300.520,604874.510,1640.550,,production,OP
2010-02-10,15/9-F-12,24.000,253.480,107.317,54.029,75.994,4248.970,598834.310,1591.720,,production,OP
2010-02-11,15/9-F-12,24.000,254.277,107.314,54.514,74.473,4106.170,576166.160,1738.390,,production,OP
2010-02-12,15/9-F-12,24.000,256.964,107.291,57.850,69.938,3815.940,533211.350,1681.050,,production,OP
2010-02-13,15/9-F-12,24.000,258.093,107.257,59.461,66.404,3737.490,513995.490,1687.570,,production,OP
2010-02-14,15/9-F-12,13.592,257.847,107.287,55.442,64.484,2111.370,295953.030,878.820,,production,OP
2010-02-15,15/9-F-12,13.800,254.246,107.272,57.358,70.476,2059.140,281382.780,639.090,,production,OP
2010-02-16,15/9-F-12,24.000,253.496,107.288,57.335,70.735,4108.390,576669.560,1703.330,,production,OP
2010-02-17,15/9-F-12,24.000,253.934,107.298,56.896,70.767,4040.400,567407.260,1652.190,,production,OP
2010-02-18,15/9-F-12,22.042,259.907,107.243,63.263,63.033,3211.460,450951.410,1377.450,,production,OP
2010-02-19,15/9-F-12,24.000,254.169,107.335,56.459,71.586,4027.020,565795.150,1785.820,,production,OP
2010-02-20,15/9-F-12,24.000,254.546,107.337,55.920,70.837,3945.820,554370.950,1795.750,,production,OP
2010-02-21,15/9-F-12,24.000,254.949,107.342,55.468,72.837,4037.430,566968.140,1855.520,,production,OP
2010-02-22,15/9-F-12,24.000,255.395,107.348,55.218,72.938,3994.390,562626.380,1849.680,,production,OP
2010-02-23,15/9-F-12,23.500,259.597,107.330,59.603,65.906,3461.100,496990.840,1592.960,,production,OP
2010-02-24,15/9-F-12,24.000,256.376,107.356,55.582,72.296,3991.130,568507.650,1939.700,,production,OP
2010-02-25,15/9-F-12,18.500,254.708,106.128,55.653,69.431,3287.550,467359.970,1389.710,,production,OP
2010-02-26,15/9-F-12,19.692,264.385,107.266,64.725,59.277,2860.870,412150.990,2132.690,,production,OP
2010-02-27,15/9-F-12,17.600,257.118,107.377,55.425,67.017,3107.960,433320.460,2440.830,,production,OP
2010-03-02,15/9-F-12,0.000,301.588,104.979,111.525,,0.000,0.000,0.000,,production,OP
2010-03-03,15/9-F-12,23.500,265.381,107.169,69.361,54.659,3466.010,478305.510,1789.620,,production,OP
2010-03-04,15/9-F-12,24.000,256.524,107.285,62.183,62.790,4144.870,573524.630,1807.790,,production,OP
2010-03-05,15/9-F-12,24.000,256.629,107.258,62.929,60.895,4025.560,556182.880,1801.990,,production,OP
2010-03-06,15/9-F-12,20.825,256.529,107.240,63.129,59.834,3444.620,475403.850,1577.810,,production,OP
2010-03-08,15/9-F-12,13.342,256.208,107.210,61.283,63.669,2405.720,333858.610,806.990,,production,OP
2010-03-09,15/9-F-12,24.000,251.625,107.265,57.885,67.704,4344.860,599227.030,2405.020,,production,OP
2010-03-10,15/9-F-12,24.000,250.598,107.256,56.878,67.802,4258.590,587889.320,1899.800,,production,OP
2010-03-11,15/9-F-12,23.667,254.037,107.205,60.766,61.125,3500.930,485685.380,1439.770,,production,OP
2010-03-12,15/9-F-12,15.333,251.910,107.197,59.089,60.393,2540.890,359846.820,968.720,,production,OP
2010-03-13,15/9-F-12,24.000,249.574,107.226,56.248,64.271,3716.440,536774.930,1564.220,,production,OP
2010-03-14,15/9-F-12,24.000,248.590,107.265,53.963,70.190,3801.870,543770.700,1655.800,,production,OP
2010-03-15,15/9-F-12,24.000,248.358,107.294,52.305,73.667,3860.920,545239.210,2058.330,,production,OP
2010-03-16,15/9-F-12,24.000,249.980,107.291,53.306,70.748,3717.810,527216.280,1776.230,,production,OP
2010-03-17,15/9-F-12,24.000,249.331,107.314,51.725,76.126,3831.200,535713.370,2037.720,,production,OP
2010-03-18,15/9-F-12,24.000,248.354,107.315,50.502,79.850,3926.860,573530.500,1865.090,,production,OP
2010-03-19,15/9-F-12,24.000,247.760,107.303,50.136,80.000,3887.460,543342.620,2123.280,,production,OP
2010-03-20,15/9-F-12,24.000,247.158,107.293,49.463,80.078,3848.110,537024.400,2120.620,,production,OP
2010-03-21,15/9-F-12,24.000,246.566,107.285,48.943,80.642,3827.750,533775.740,2133.740,,production,OP
2010-03-22,15/9-F-12,24.000,246.024,107.276,48.837,80.917,3454.150,482476.790,1878.410,,production,OP
2010-03-23,15/9-F-12,24.000,245.482,107.269,48.428,81.157,3413.360,483316.170,2065.540,,production,OP
2010-03-24,15/9-F-12,24.000,245.862,107.280,48.467,81.334,3405.790,481386.340,1953.810,,production,OP
2010-03-25,15/9-F-12,24.000,246.389,107.294,48.394,82.183,3426.370,484059.070,2028.140,,production,OP
2010-03-26,15/9-F-12,24.000,246.651,107.310,47.862,86.566,3524.650,497797.960,2180.460,,production,OP
2010-03-27,15/9-F-12,24.000,247.008,107.323,47.402,89.864,3587.860,507921.240,2192.830,,production,OP
2010-03-28,15/9-F-12,23.000,247.280,107.336,46.910,92.688,3510.630,495565.390,2214.830,,production,OP
2010-03-29,15/9-F-12,24.000,247.683,107.346,46.562,99.947,3739.710,528779.690,2389.650,,production,OP
2010-03-30,15/9-F-12,24.000,248.357,107.353,47.020,100.000,3473.560,494748.720,2510.250,,production,OP
2010-03-31,15/9-F-12,24.000,248.922,107.360,46.915,97.917,3485.060,496155.650,2752.040,,production,OP
2010-04-01,15/9-F-12,11.167,274.007,107.024,73.169,38.453,786.820,119260.910,617.720,,production,OP
2010-04-02,15/9-F-12,24.000,250.889,107.391,48.306,89.779,3407.690,494941.470,2499.070,,production,OP
2010-04-03,15/9-F-12,23.500,255.144,107.358,52.827,81.008,3186.880,448582.500,2429.430,,production,OP
2010-04-04,15/9-F-12,24.000,251.461,107.404,47.552,93.851,3495.150,491688.700,2679.050,,production,OP
2010-04-05,15/9-F-12,24.000,252.639,107.399,48.459,84.920,3428.880,484318.020,2573.880,,production,OP
2010-04-06,15/9-F-12,24.000,254.033,107.391,49.458,80.200,3342.400,473561.060,2465.790,,production,OP
2010-04-07,15/9-F-12,24.000,254.790,107.392,49.365,79.238,3330.010,472635.760,2653.200,,production,OP
2010-04-08,15/9-F-12,24.000,255.339,107.397,49.279,79.251,3198.190,455297.510,2855.950,,production,OP
2010-04-09,15/9-F-12,24.000,255.858,107.398,49.347,78.547,3170.370,445620.470,2663.940,,production,OP
2010-04-10,15/9-F-12,24.000,255.399,107.380,49.315,78.114,3148.090,439985.540,2684.870,,production,OP
2010-04-11,15/9-F-12,24.000,254.714,107.364,49.206,78.241,3124.350,436803.040,2609.430,,production,OP
2010-04-12,15/9-F-12,24.000,254.096,107.351,48.938,78.334,3107.580,435013.560,2603.500,,production,OP
2010-04-13,15/9-F-12,24.000,253.471,107.342,48.487,78.940,3100.020,435421.870,2636.730,,production,OP
2010-04-14,15/9-F-12,24.000,252.748,107.334,48.066,79.735,3215.360,447504.820,1789.190,,production,OP
2010-04-15,15/9-F-12,24.000,251.985,107.329,47.589,80.914,3220.010,449867.210,2284.950,,production,OP
2010-04-16,15/9-F-12,24.000,251.040,107.324,46.965,84.009,3258.750,455114.700,2296.290,,production,OP
2010-04-17,15/9-F-12,23.333,254.279,107.284,51.160,71.784,2865.270,400336.610,2165.140,,production,OP
2010-04-18,15/9-F-12,24.000,250.411,107.303,47.449,78.622,3150.880,438645.570,2145.350,,production,OP
2010-04-19,15/9-F-12,24.000,249.188,107.293,46.791,81.945,3190.980,453679.070,2313.470,,production,OP
2010-04-20,15/9-F-12,24.000,247.289,107.290,45.462,97.481,3403.930,473051.860,2080.350,,production,OP
2010-04-21,15/9-F-12,24.000,246.405,107.281,44.876,99.892,2968.510,412427.710,2346.780,,production,OP
2010-04-22,15/9-F-12,24.000,245.454,107.268,44.708,99.928,2949.860,411157.090,2517.250,,production,OP
2010-04-23,15/9-F-12,24.000,244.202,107.255,44.401,99.962,2903.270,415791.810,2483.400,,production,OP
2010-04-24,15/9-F-12,24.000,252.838,107.173,53.350,70.811,2516.030,359254.390,2235.330,,production,OP
2010-04-25,15/9-F-12,24.000,258.294,107.112,58.768,51.242,2154.230,297181.970,2015.120,,production,OP
2010-04-26,15/9-F-12,24.000,269.759,106.994,66.610,38.128,1635.390,233630.450,1523.530,,production,OP
2010-04-27,15/9-F-12,24.000,254.953,107.222,53.952,58.722,2507.960,355951.950,2251.290,,production,OP
2010-04-28,15/9-F-12,24.000,268.374,107.064,66.662,42.227,1793.490,256517.890,1494.850,,production,OP
2010-04-29,15/9-F-12,24.000,265.354,107.145,61.224,48.904,2119.150,302184.580,1857.540,,production,OP
2010-04-30,15/9-F-12,24.000,257.114,107.283,54.019,59.810,2574.110,365717.840,2223.700,,production,OP
2010-05-01,15/9-F-12,24.000,257.745,107.287,53.867,60.180,2587.540,367983.810,2229.250,,production,OP
2010-05-02,15/9-F-12,24.000,257.781,107.299,53.071,62.111,2641.290,374436.170,2244.970,,production,OP
2010-05-03,15/9-F-12,24.000,257.641,107.301,52.555,63.224,2658.880,375797.000,2255.190,,production,OP
2010-05-04,15/9-F-12,15.500,263.138,107.214,57.877,53.515,1522.510,215981.520,1234.470,,production,OP
2010-05-05,15/9-F-12,24.000,259.196,107.320,54.161,59.623,2573.930,362884.920,2333.430,,production,OP
2010-05-06,15/9-F-12,24.000,259.753,107.314,54.620,59.219,2530.850,358552.250,2110.440,,production,OP
2010-05-07,15/9-F-12,24.000,260.281,107.315,54.606,59.255,2493.990,353907.140,2262.590,,production,OP
2010-05-08,15/9-F-12,24.000,260.900,107.316,54.387,59.212,2482.150,352485.330,2304.620,,production,OP
2010-05-09,15/9-F-12,24.000,261.444,107.319,54.418,59.179,2474.840,351180.380,2297.600,,production,OP
2010-05-10,15/9-F-12,24.000,262.004,107.324,54.500,59.162,2766.030,393105.230,2505.580,,production,OP
2010-05-11,15/9-F-12,24.000,262.686,107.325,54.634,58.819,2748.610,390316.160,2485.710,,production,OP
2010-05-12,15/9-F-12,24.000,263.468,107.324,54.975,58.458,2712.340,373903.910,2473.390,,production,OP
2010-05-13,15/9-F-12,24.000,263.895,107.331,55.007,58.813,2666.040,383273.340,2334.900,,production,OP
2010-05-14,15/9-F-12,24.000,264.487,107.335,55.190,58.874,2701.720,387666.950,2354.790,,production,OP
2010-05-15,15/9-F-12,24.000,265.052,107.338,55.136,57.674,2696.780,385413.710,2449.320,,production,OP
2010-05-16,15/9-F-12,24.000,265.669,107.340,54.981,58.878,2685.180,383866.450,2317.470,,production,OP
2010-05-17,15/9-F-12,24.000,266.257,107.344,55.064,58.883,2669.660,381679.600,2563.540,,production,OP
2010-05-18,15/9-F-12,24.000,267.224,107.341,55.836,57.924,2640.270,377151.820,2753.610,,production,OP
2010-05-19,15/9-F-12,24.000,268.339,107.335,56.667,57.139,2573.720,367958.480,2541.970,,production,OP
2010-05-20,15/9-F-12,24.000,269.441,107.331,57.248,56.290,2549.160,364275.440,2795.890,,production,OP
2010-05-21,15/9-F-12,24.000,270.520,107.325,57.915,55.333,2520.760,361267.830,2666.620,,production,OP
2010-05-22,15/9-F-12,24.000,271.373,107.324,58.428,54.841,2503.590,361752.860,2657.470,,production,OP
2010-05-23,15/9-F-12,24.000,271.915,107.328,58.508,54.869,2500.340,357574.490,2594.510,,production,OP
2010-05-24,15/9-F-12,24.000,272.455,107.333,58.752,54.900,2496.190,357401.350,2589.240,,production,OP
2010-05-25,15/9-F-12,24.000,273.102,107.336,58.945,54.704,2483.030,355613.590,2687.870,,production,OP
2010-05-26,15/9-F-12,24.000,273.690,107.339,59.135,54.619,2475.770,353860.410,2846.850,,production,OP
2010-05-27,15/9-F-12,24.000,274.049,107.339,59.362,54.654,2420.870,346658.580,2472.430,,production,OP
2010-05-28,15/9-F-12,21.667,276.963,107.320,61.441,50.137,2013.370,287367.960,1788.270,,production,OP
2010-05-29,15/9-F-12,24.000,274.203,107.357,58.861,54.790,2455.940,348887.550,2876.420,,production,OP
2010-05-30,15/9-F-12,24.000,276.010,107.330,61.180,52.543,2345.760,328847.130,2759.730,,production,OP
2010-05-31,15/9-F-12,24.000,295.847,107.040,81.407,31.888,1522.450,209329.940,1650.170,,production,OP
2010-06-01,15/9-F-12,24.000,292.419,107.094,78.226,36.969,1812.370,253710.520,1317.950,,production,OP
2010-06-02,15/9-F-12,24.000,279.885,107.296,65.003,50.253,2421.430,342119.040,2797.040,,production,OP
2010-06-03,15/9-F-12,24.000,279.381,107.298,64.325,50.478,2404.050,341810.240,2719.020,,production,OP
2010-06-04,15/9-F-12,24.000,279.578,107.305,64.056,50.905,2384.740,339406.060,2639.480,,production,OP
2010-06-05,15/9-F-12,24.000,279.891,107.310,63.909,51.063,2349.810,335320.810,3017.500,,production,OP
2010-06-06,15/9-F-12,24.000,280.156,107.315,63.743,51.249,2343.560,334683.380,2919.500,,production,OP
2010-06-07,15/9-F-12,24.000,280.269,107.320,63.281,51.585,2380.740,340908.540,2907.680,,production,OP
2010-06-08,15/9-F-12,24.000,280.309,107.323,63.206,51.749,2384.640,340424.280,2913.150,,production,OP
2010-06-09,15/9-F-12,24.000,280.148,107.324,62.735,52.013,2381.920,340230.610,2743.320,,production,OP
2010-06-10,15/9-F-12,24.000,280.197,107.322,62.614,52.056,2377.700,332560.410,2846.610,,production,OP
2010-06-11,15/9-F-12,24.000,280.202,107.323,62.435,52.140,2420.550,345299.500,2606.690,,production,OP
2010-06-12,15/9-F-12,24.000,280.139,107.322,62.398,52.204,2408.200,344660.790,2701.250,,production,OP
2010-06-13,15/9-F-12,24.000,279.169,107.337,61.172,53.345,2434.380,347692.910,2423.990,,production,OP
2010-06-14,15/9-F-12,22.833,279.294,107.338,61.496,52.766,2391.830,342222.030,2808.750,,production,OP
2010-06-15,15/9-F-12,24.000,280.013,107.326,62.253,51.828,2383.610,341216.850,2931.670,,production,OP
2010-06-16,15/9-F-12,24.000,280.725,107.314,63.107,50.939,2353.230,337049.450,2836.210,,production,OP
2010-06-17,15/9-F-12,24.000,280.169,107.324,62.168,51.946,2377.860,340595.190,2891.170,,production,OP
2010-06-18,15/9-F-12,24.000,280.250,107.324,62.203,51.985,2370.380,340025.290,2836.010,,production,OP
2010-06-19,15/9-F-12,22.333,285.765,107.256,67.420,44.695,1944.860,282070.990,2384.760,,production,OP
2010-06-20,15/9-F-12,24.000,279.199,107.361,60.127,52.792,2342.720,334433.220,3005.320,,production,OP
2010-06-21,15/9-F-12,24.000,279.162,107.356,60.184,52.840,2347.600,335066.150,2996.590,,production,OP
2010-06-22,15/9-F-12,24.000,279.685,107.345,60.778,52.342,2329.460,333876.600,2962.850,,production,OP
2010-06-23,15/9-F-12,24.000,280.153,107.337,61.378,51.925,2314.210,332297.750,2956.980,,production,OP
2010-06-24,15/9-F-12,24.000,280.642,107.327,61.754,51.385,2312.640,327536.190,2952.540,,production,OP
2010-06-25,15/9-F-12,24.000,280.609,107.317,61.782,51.195,2284.200,328557.430,2856.650,,production,OP
2010-06-26,15/9-F-12,24.000,280.725,107.315,61.709,51.258,2281.660,326332.180,2863.110,,production,OP
2010-06-27,15/9-F-12,24.000,280.677,107.312,61.900,51.313,2277.830,327249.110,2862.680,,production,OP
2010-06-28,15/9-F-12,24.000,280.894,107.313,61.930,51.319,2271.850,326715.860,2868.350,,production,OP
2010-06-29,15/9-F-12,24.000,281.086,107.312,61.828,51.325,2266.840,325920.800,2838.670,,production,OP
2010-06-30,15/9-F-12,24.000,281.291,107.312,61.584,51.284,2262.500,324542.090,2862.870,,production,OP
2010-07-01,15/9-F-12,24.000,281.353,107.310,61.876,51.293,2254.670,324252.550,2874.480,,production,OP
2010-07-02,15/9-F-12,24.000,281.100,107.311,61.524,51.685,2257.160,325298.630,2898.740,,production,OP
2010-07-03,15/9-F-12,24.000,273.163,107.432,51.218,67.677,2574.630,377098.550,3483.380,,production,OP
2010-07-04,15/9-F-12,24.000,271.796,107.450,49.499,71.931,2607.440,378887.550,3443.160,,production,OP
2010-07-05,15/9-F-12,24.000,271.589,107.459,48.622,73.821,2617.560,380188.300,3441.220,,production,OP
2010-07-06,15/9-F-12,24.000,271.601,107.463,47.899,75.347,2625.720,385272.000,3508.200,,production,OP
2010-07-07,15/9-F-12,24.000,271.634,107.467,47.762,76.927,2544.950,371624.900,3438.080,,production,OP
2010-07-08,15/9-F-12,24.000,271.794,107.468,47.341,77.922,2553.360,372444.360,3492.770,,production,OP
2010-07-09,15/9-F-12,24.000,271.949,107.469,47.063,78.833,2555.110,372721.780,3545.170,,production,OP
2010-07-10,15/9-F-12,22.333,278.155,107.402,52.485,67.481,1939.010,286798.540,2751.290,,production,OP
2010-07-11,15/9-F-12,24.000,272.995,107.488,46.867,78.437,2424.140,354358.110,3558.140,,production,OP
2010-07-12,15/9-F-12,24.000,276.106,107.441,50.588,71.055,2269.880,329873.970,3252.820,,production,OP
2010-07-13,15/9-F-12,24.000,282.699,107.325,58.664,51.125,1826.450,263292.340,2538.270,,production,OP
2010-07-14,15/9-F-12,24.000,282.645,107.317,58.920,51.222,1827.730,262934.150,2564.530,,production,OP
2010-07-15,15/9-F-12,24.000,282.561,107.313,59.176,51.330,1826.060,263352.680,2333.430,,production,OP
2010-07-16,15/9-F-12,24.000,282.582,107.308,59.327,51.235,1823.130,263099.380,2445.790,,production,OP
2010-07-17,15/9-F-12,24.000,282.612,107.304,59.355,51.221,1815.130,262074.950,2446.340,,production,OP
2010-07-18,15/9-F-12,24.000,282.684,107.299,59.368,51.184,1806.680,260713.920,1900.530,,production,OP
2010-07-19,15/9-F-12,24.000,282.694,107.295,59.278,51.199,1802.240,259493.300,2788.460,,production,OP
2010-07-20,15/9-F-12,24.000,282.565,107.292,59.322,51.303,1801.560,259637.630,3022.300,,production,OP
2010-07-21,15/9-F-12,24.000,282.613,107.288,59.325,51.157,1792.800,258421.000,3032.960,,production,OP
2010-07-22,15/9-F-12,24.000,282.648,107.283,59.226,51.137,1784.020,257662.870,3059.890,,production,OP
2010-07-23,15/9-F-12,24.000,282.652,107.281,59.207,51.136,1862.910,269010.540,3224.170,,production,OP
2010-07-24,15/9-F-12,24.000,282.653,107.279,59.239,51.214,1864.500,269479.730,3238.480,,production,OP
2010-07-25,15/9-F-12,24.000,282.720,107.279,59.366,51.266,1864.860,269233.870,3248.020,,production,OP
2010-07-26,15/9-F-12,24.000,282.820,107.276,59.212,51.264,1857.440,268110.000,3251.250,,production,OP
2010-07-27,15/9-F-12,24.000,282.784,107.274,59.345,51.266,1859.600,268867.780,3257.210,,production,OP
2010-07-28,15/9-F-12,24.000,282.834,107.272,59.165,51.262,1857.200,268279.250,3258.540,,production,OP
2010-07-29,15/9-F-12,24.000,282.869,107.271,59.180,51.316,1854.410,268151.420,3262.010,,production,OP
2010-07-30,15/9-F-12,24.000,283.076,107.266,59.450,51.023,1846.250,266477.100,3245.610,,production,OP
2010-07-31,15/9-F-12,24.000,283.154,107.263,59.573,50.981,1843.090,266265.620,3248.910,,production,OP
2010-08-01,15/9-F-12,24.000,283.227,107.261,59.541,50.990,1840.050,265814.600,3257.040,,production,OP
2010-08-02,15/9-F-12,24.000,283.112,107.261,59.729,51.040,1845.510,266543.660,3260.240,,production,OP
2010-08-03,15/9-F-12,24.000,283.032,107.260,59.885,51.060,1842.670,266022.790,3277.130,,production,OP
2010-08-04,15/9-F-12,24.000,283.066,107.259,59.779,51.092,1841.260,266084.140,3273.360,,production,OP
2010-08-05,15/9-F-12,22.167,284.694,107.250,60.153,47.342,1571.990,229109.330,3014.530,,production,OP
2010-08-06,15/9-F-12,24.000,282.694,107.288,58.494,50.957,1795.620,260244.040,3438.750,,production,OP
2010-08-07,15/9-F-12,22.500,286.846,107.238,61.677,44.772,1497.630,218786.360,2880.850,,production,OP
2010-08-08,15/9-F-12,24.000,282.881,107.287,58.318,50.913,1800.730,261017.400,3453.200,,production,OP
2010-08-09,15/9-F-12,24.000,282.870,107.283,58.562,51.023,1813.430,262577.760,3457.490,,production,OP
2010-08-10,15/9-F-12,24.000,282.976,107.279,58.770,51.053,1819.750,262941.310,3362.600,,production,OP
2010-08-11,15/9-F-12,24.000,283.009,107.277,58.670,51.074,1821.230,262698.910,3374.800,,production,OP
2010-08-12,15/9-F-12,24.000,282.992,107.274,58.827,51.184,1818.760,263280.830,3382.230,,production,OP
2010-08-13,15/9-F-12,24.000,282.947,107.272,58.564,51.262,1820.430,263654.190,3393.560,,production,OP
2010-08-14,15/9-F-12,24.000,282.951,107.269,58.508,51.309,1821.210,263027.380,3391.060,,production,OP
2010-08-15,15/9-F-12,23.092,283.453,107.265,59.088,49.593,1728.560,248262.020,3192.860,,production,OP
2010-08-17,15/9-F-12,0.000,313.881,105.314,2.275,,0.000,0.000,0.000,,production,OP
2010-08-20,15/9-F-12,0.000,313.978,104.618,3.995,,0.000,0.000,0.000,,production,OP
2010-08-21,15/9-F-12,0.000,316.056,104.580,4.028,,0.000,0.000,0.000,,production,OP
2010-08-22,15/9-F-12,0.000,317.672,104.537,3.538,,0.000,0.000,0.000,,production,OP
2010-08-23,15/9-F-12,0.000,317.701,104.479,3.677,,0.000,0.000,0.000,,production,OP
2010-08-25,15/9-F-12,0.000,317.609,104.382,3.485,,0.000,0.000,0.000,,production,OP
2010-08-26,15/9-F-12,0.000,317.567,104.336,3.448,,0.000,0.000,0.000,,production,OP
2010-08-27,15/9-F-12,0.000,317.531,104.290,3.122,,0.000,0.000,0.000,,production,OP
2010-08-28,15/9-F-12,0.175,314.778,104.170,102.187,5.745,0.000,535.160,0.000,,production,OP
2010-08-29,15/9-F-12,23.500,301.520,106.838,84.388,30.087,1070.350,155880.560,2078.070,,production,OP
2010-08-30,15/9-F-12,24.000,299.948,106.941,84.875,32.736,1242.200,174132.230,1690.150,,production,OP
2010-08-31,15/9-F-12,24.000,301.908,106.904,87.166,29.396,1125.980,155891.580,1609.730,,production,OP
2010-09-01,15/9-F-12,20.417,302.647,106.861,87.013,26.874,983.230,139681.110,2112.600,,production,OP
2010-09-02,15/9-F-12,24.000,286.790,107.153,70.129,45.571,1940.090,358600.530,2660.010,,production,OP
2010-09-03,15/9-F-12,24.000,284.174,107.209,66.360,47.717,2007.250,296793.090,2820.100,,production,OP
2010-09-04,15/9-F-12,24.000,282.115,107.249,62.995,49.738,2080.810,308175.660,3008.870,,production,OP
2010-09-05,15/9-F-12,24.000,281.692,107.259,61.801,50.550,2071.120,307854.630,3260.950,,production,OP
2010-09-06,15/9-F-12,24.000,281.766,107.261,61.389,50.800,2041.110,292789.320,3187.650,,production,OP
2010-09-07,15/9-F-12,24.000,281.900,107.259,61.225,50.805,2037.380,303912.000,3471.540,,production,OP
2010-09-08,15/9-F-12,24.000,282.068,107.257,60.926,50.784,2016.260,301615.640,3324.430,,production,OP
2010-09-09,15/9-F-12,24.000,282.390,107.254,60.725,50.807,2000.420,299241.800,3503.220,,production,OP
2010-09-10,15/9-F-12,24.000,282.501,107.252,60.327,50.847,1893.540,282962.080,3085.320,,production,OP
2010-09-11,15/9-F-12,24.000,282.316,107.254,59.505,51.323,1907.680,280233.140,3160.410,,production,OP
2010-09-12,15/9-F-12,24.000,276.723,107.350,51.726,62.176,2023.300,317016.570,3456.170,,production,OP
2010-09-13,15/9-F-12,24.000,276.300,107.368,50.886,64.170,1968.770,298170.140,3614.750,,production,OP
2010-09-14,15/9-F-12,24.000,275.096,107.387,48.621,69.082,2038.680,318143.830,3520.070,,production,OP
2010-09-15,15/9-F-12,24.000,274.682,107.403,47.273,72.189,2055.210,324494.450,4130.860,,production,OP
2010-09-16,15/9-F-12,24.000,275.096,107.401,46.971,70.771,2047.270,314339.850,4066.180,,production,OP
2010-09-17,15/9-F-12,24.000,275.573,107.384,46.172,70.772,2048.290,305756.810,4000.500,,production,OP
2010-09-18,15/9-F-12,22.500,282.679,107.287,52.020,59.780,1452.330,216174.460,3151.950,,production,OP
2010-09-19,15/9-F-12,24.000,275.865,107.377,45.008,74.096,1870.380,294135.690,4006.270,,production,OP
2010-09-20,15/9-F-12,21.492,279.422,107.340,49.223,64.461,1456.410,221734.960,3371.470,,production,OP
2010-09-21,15/9-F-12,4.175,294.660,106.979,56.237,39.137,172.220,24653.110,386.420,,production,OP
2010-09-22,15/9-F-12,15.658,294.429,107.125,63.850,37.782,595.310,87560.930,1441.700,,production,OP
2010-09-23,15/9-F-12,0.000,312.120,105.532,33.443,,0.000,0.000,0.000,,production,OP
2010-09-24,15/9-F-12,23.342,274.537,107.344,59.071,48.953,1827.690,264573.970,2879.490,,production,OP
2010-09-25,15/9-F-12,24.000,267.081,107.508,55.091,54.785,2119.340,309891.270,3302.690,,production,OP
2010-09-26,15/9-F-12,23.167,268.509,107.471,55.694,51.513,1959.450,287201.140,3039.150,,production,OP
2010-09-27,15/9-F-12,24.000,266.348,107.500,53.468,55.779,2083.050,309948.560,3060.170,,production,OP
2010-09-28,15/9-F-12,24.000,266.796,107.502,53.227,55.878,2048.500,304810.130,2741.000,,production,OP
2010-09-29,15/9-F-12,24.000,267.022,107.506,52.772,56.385,2023.290,301572.680,3101.540,,production,OP
2010-09-30,15/9-F-12,10.000,277.547,107.322,57.746,42.764,544.550,78173.330,2563.320,,production,OP
2010-10-01,15/9-F-12,24.000,276.822,107.336,57.541,47.372,1549.020,232645.160,2616.880,,production,OP
2010-10-02,15/9-F-12,24.000,267.923,107.494,52.648,56.738,1975.260,296694.510,2959.070,,production,OP
2010-10-03,15/9-F-12,24.000,271.392,107.464,55.144,53.268,1895.180,285464.320,2839.080,,production,OP
2010-10-04,15/9-F-12,24.000,279.901,107.363,61.490,44.691,1400.070,208969.770,2218.590,,production,OP
2010-10-05,15/9-F-12,24.000,284.417,107.259,63.387,42.172,1145.880,173377.000,2073.290,,production,OP
2010-10-06,15/9-F-12,24.000,273.029,107.439,55.759,52.539,1836.440,276200.640,2997.970,,production,OP
2010-10-07,15/9-F-12,24.000,272.570,107.443,55.126,53.115,1846.830,277179.940,3454.060,,production,OP
2010-10-08,15/9-F-12,22.000,281.604,107.313,61.898,39.646,876.190,131541.260,1764.910,,production,OP
2010-10-09,15/9-F-12,24.000,272.958,107.426,54.648,52.639,1790.640,267977.020,3488.760,,production,OP
2010-10-10,15/9-F-12,24.000,272.758,107.404,54.511,52.701,1778.200,267093.360,3294.830,,production,OP
2010-10-11,15/9-F-12,24.000,253.852,100.389,54.269,51.597,1764.810,265545.940,3486.860,,production,OP
2010-10-12,15/9-F-12,24.000,0.000,0.000,54.108,52.879,1759.080,265044.850,3377.100,,production,OP
2010-10-13,15/9-F-12,24.000,0.000,0.000,53.973,53.020,1759.790,265356.430,3272.800,,production,OP
2010-10-14,15/9-F-12,24.000,0.000,0.000,53.845,53.133,1740.580,262627.110,3234.520,,production,OP
2010-10-15,15/9-F-12,24.000,0.000,0.000,53.695,53.182,1732.860,261612.880,3276.270,,production,OP
2010-10-16,15/9-F-12,24.000,0.000,0.000,53.473,53.289,1726.590,260468.200,3259.690,,production,OP
2010-10-17,15/9-F-12,24.000,0.000,0.000,53.639,53.334,1716.490,259104.700,3297.900,,production,OP
2010-10-18,15/9-F-12,24.000,0.000,0.000,53.375,53.424,1707.170,255134.610,3315.270,,production,OP
2010-10-19,15/9-F-12,24.000,0.000,0.000,52.905,53.558,1695.080,254889.270,3399.680,,production,OP
2010-10-20,15/9-F-12,24.000,0.000,0.000,52.621,53.778,1685.300,253193.790,3412.610,,production,OP
2010-10-21,15/9-F-12,24.000,0.000,0.000,52.482,53.843,1679.850,255221.720,3447.930,,production,OP
2010-10-22,15/9-F-12,24.000,0.000,0.000,52.354,53.915,1662.050,247799.190,3415.870,,production,OP
2010-10-23,15/9-F-12,24.000,0.000,0.000,52.364,53.916,1665.040,252824.480,3475.120,,production,OP
2010-10-24,15/9-F-12,24.000,0.000,0.000,52.407,53.955,1664.760,250613.710,3468.190,,production,OP
2010-10-25,15/9-F-12,24.000,0.000,0.000,52.768,53.522,1646.790,249162.960,3532.130,,production,OP
2010-10-26,15/9-F-12,24.000,0.000,0.000,53.696,52.481,1619.750,245775.960,3493.510,,production,OP
2010-10-27,15/9-F-12,24.000,0.000,0.000,53.840,52.324,1610.700,244205.230,3490.150,,production,OP
2010-10-28,15/9-F-12,24.000,0.000,0.000,53.580,52.278,1612.300,242999.020,3494.630,,production,OP
2010-10-29,15/9-F-12,24.000,0.000,0.000,53.823,52.191,1603.850,242772.070,3490.610,,production,OP
2010-10-30,15/9-F-12,24.000,0.000,0.000,53.554,52.500,1606.350,241105.850,3518.550,,production,OP
2010-10-31,15/9-F-12,25.000,0.000,0.000,52.642,53.119,1677.680,248776.290,3676.040,,production,OP
2010-11-01,15/9-F-12,24.000,0.000,0.000,52.115,53.190,1597.110,237082.400,3491.870,,production,OP
2010-11-02,15/9-F-12,24.000,0.000,0.000,52.116,53.305,1581.710,240202.800,3431.340,,production,OP
2010-11-03,15/9-F-12,24.000,0.000,0.000,51.734,53.303,1577.190,239406.410,3454.380,,production,OP
2010-11-04,15/9-F-12,24.000,0.000,0.000,51.651,53.344,1569.620,233134.550,3499.740,,production,OP
2010-11-05,15/9-F-12,24.000,0.000,0.000,51.513,53.217,1546.950,232394.320,3433.340,,production,OP
2010-11-06,15/9-F-12,24.000,0.000,0.000,51.359,53.176,1539.910,233892.430,3435.270,,production,OP
2010-11-07,15/9-F-12,24.000,0.000,0.000,51.340,53.433,1533.550,233447.570,3472.270,,production,OP
2010-11-08,15/9-F-12,20.750,0.000,0.000,52.339,50.101,1283.180,196683.630,2992.270,,production,OP
2010-11-09,15/9-F-12,24.000,0.000,0.000,48.225,55.846,1591.770,241376.070,3784.360,,production,OP
2010-11-10,15/9-F-12,24.000,0.000,0.000,49.930,54.017,1494.830,231836.720,3599.860,,production,OP
2010-11-11,15/9-F-12,24.000,0.000,0.000,51.260,53.225,1543.200,235823.920,3667.640,,production,OP
2010-11-12,15/9-F-12,24.000,0.000,0.000,51.213,53.233,1533.150,232196.210,3791.810,,production,OP
2010-11-13,15/9-F-12,24.000,0.000,0.000,51.046,53.248,1529.040,230402.920,3737.070,,production,OP
2010-11-14,15/9-F-12,24.000,0.000,0.000,50.987,53.222,1507.720,220192.110,3857.320,,production,OP
2010-11-15,15/9-F-12,3.158,0.000,0.000,53.921,44.681,156.290,23536.380,439.110,,production,OP
2010-11-16,15/9-F-12,20.342,0.000,0.000,49.882,48.931,1074.050,163273.240,2836.500,,production,OP
2010-11-17,15/9-F-12,22.083,0.000,0.000,52.316,48.814,1239.040,187269.510,2471.310,,production,OP
2010-11-18,15/9-F-12,24.000,0.000,0.000,51.175,51.173,1474.610,221348.150,3465.290,,production,OP
2010-11-19,15/9-F-12,24.000,0.000,0.000,51.063,51.239,1538.400,231845.620,3426.460,,production,OP
2010-11-20,15/9-F-12,24.000,0.000,0.000,50.739,52.285,1530.690,231412.750,3495.830,,production,OP
2010-11-21,15/9-F-12,24.000,0.000,0.000,49.791,52.106,1543.050,232623.120,3444.010,,production,OP
2010-11-22,15/9-F-12,24.000,0.000,0.000,48.833,53.039,1596.130,241498.570,3723.010,,production,OP
2010-11-23,15/9-F-12,24.000,0.000,0.000,48.607,54.264,1611.640,246813.970,3525.830,,production,OP
2010-11-24,15/9-F-12,24.000,0.000,0.000,48.832,54.348,1613.680,247542.440,3578.390,,production,OP
2010-11-25,15/9-F-12,24.000,0.000,0.000,49.166,54.340,1609.870,247608.440,3634.710,,production,OP
2010-11-26,15/9-F-12,24.000,0.000,0.000,49.512,54.331,1613.490,248121.450,3680.500,,production,OP
2010-11-27,15/9-F-12,24.000,0.000,0.000,49.953,54.240,1612.240,247776.730,3721.260,,production,OP
2010-11-28,15/9-F-12,24.000,0.000,0.000,50.190,54.154,1614.240,247884.520,3754.280,,production,OP
2010-11-29,15/9-F-12,24.000,0.000,0.000,51.173,53.035,1585.800,243324.480,3726.340,,production,OP
2010-11-30,15/9-F-12,24.000,0.000,0.000,51.343,52.987,1626.300,247126.210,3664.280,,production,OP
2010-12-01,15/9-F-12,24.000,0.000,0.000,51.725,52.491,1609.920,245401.660,3621.360,,production,OP
2010-12-02,15/9-F-12,24.000,0.000,0.000,51.984,52.085,1589.750,243035.790,3603.630,,production,OP
2010-12-03,15/9-F-12,24.000,0.000,0.000,52.232,52.046,1585.550,241525.760,3618.700,,production,OP
2010-12-04,15/9-F-12,24.000,0.000,0.000,52.136,52.125,1578.540,242675.290,3623.490,,production,OP
2010-12-05,15/9-F-12,24.000,0.000,0.000,52.622,51.261,1550.790,238475.970,3568.010,,production,OP
2010-12-06,15/9-F-12,24.000,0.000,0.000,52.818,50.919,1491.360,229164.520,3710.340,,production,OP
2010-12-07,15/9-F-12,24.000,0.000,0.000,52.820,50.945,1474.380,226841.090,3546.360,,production,OP
2010-12-08,15/9-F-12,24.000,0.000,0.000,52.855,50.926,1472.380,226043.610,3552.880,,production,OP
2010-12-09,15/9-F-12,22.333,0.000,0.000,52.248,48.286,1201.170,183251.820,3198.250,,production,OP
2010-12-10,15/9-F-12,24.000,0.000,0.000,51.315,52.084,1470.570,226112.140,3641.170,,production,OP
2010-12-11,15/9-F-12,24.000,0.000,0.000,51.349,52.069,1471.190,226462.190,3563.750,,production,OP
2010-12-12,15/9-F-12,24.000,0.000,0.000,51.297,52.090,1477.120,220800.070,3575.170,,production,OP
2010-12-13,15/9-F-12,24.000,0.000,0.000,51.372,50.983,1466.790,223129.160,3644.130,,production,OP
2010-12-14,15/9-F-12,24.000,0.000,0.000,51.565,52.211,1483.230,227085.520,3684.350,,production,OP
2010-12-15,15/9-F-12,24.000,0.000,0.000,52.309,51.132,1453.720,223944.600,3628.710,,production,OP
2010-12-16,15/9-F-12,24.000,0.000,0.000,52.871,50.428,1445.200,222095.180,3590.910,,production,OP
2010-12-17,15/9-F-12,24.000,0.000,0.000,52.879,50.396,1441.390,220688.560,3597.640,,production,OP
2010-12-18,15/9-F-12,24.000,0.000,0.000,53.097,50.453,1442.420,219764.920,3657.700,,production,OP
2010-12-19,15/9-F-12,24.000,0.000,0.000,53.010,50.461,1434.650,219213.200,3573.560,,production,OP
2010-12-20,15/9-F-12,24.000,0.000,0.000,52.917,50.482,1439.580,220414.500,3586.950,,production,OP
2010-12-21,15/9-F-12,24.000,0.000,0.000,52.794,50.635,1451.050,222092.030,3629.370,,production,OP
2010-12-22,15/9-F-12,24.000,0.000,0.000,52.797,50.673,1457.000,222283.300,3639.710,,production,OP
2010-12-23,15/9-F-12,24.000,0.000,0.000,52.210,51.471,1494.000,226240.570,3705.160,,production,OP
2010-12-24,15/9-F-12,24.000,0.000,0.000,52.602,50.982,1479.110,224893.420,3692.720,,production,OP
2010-12-25,15/9-F-12,24.000,0.000,0.000,52.801,50.683,1465.350,223328.870,3693.400,,production,OP
2010-12-26,15/9-F-12,24.000,0.000,0.000,52.982,50.445,1454.920,222372.300,3667.590,,production,OP
2010-12-27,15/9-F-12,24.000,0.000,0.000,53.174,50.390,1447.750,221843.760,3665.900,,production,OP
2010-12-28,15/9-F-12,23.000,0.000,0.000,54.894,45.537,1174.410,177469.720,3093.010,,production,OP
2010-12-29,15/9-F-12,24.000,0.000,0.000,52.414,48.689,1365.360,208244.730,3616.990,,production,OP
2010-12-30,15/9-F-12,24.000,0.000,0.000,51.850,50.179,1432.750,218828.470,3511.250,,production,OP
2010-12-31,15/9-F-12,24.000,0.000,0.000,52.273,49.686,1416.560,216937.740,3633.730,,production,OP
2011-01-01,15/9-F-12,24.000,0.000,0.000,52.799,49.194,1400.530,213708.610,3480.070,,production,OP
2011-01-02,15/9-F-12,24.000,0.000,0.000,52.821,49.191,1445.490,220374.470,3717.990,,production,OP
2011-01-03,15/9-F-12,23.500,0.000,0.000,53.032,49.239,1467.690,224415.730,3767.720,,production,OP
2011-01-04,15/9-F-12,24.000,0.000,0.000,53.672,49.679,1495.620,228677.490,3828.870,,production,OP
2011-01-05,15/9-F-12,24.000,0.000,0.000,53.895,49.389,1489.760,227706.580,3796.000,,production,OP
2011-01-06,15/9-F-12,24.000,0.000,0.000,53.608,49.417,1489.080,227472.200,3802.560,,production,OP
2011-01-07,15/9-F-12,24.000,0.000,0.000,53.705,49.391,1493.720,227027.750,3806.850,,production,OP
2011-01-08,15/9-F-12,24.000,0.000,0.000,53.786,49.415,1493.770,227347.670,3807.740,,production,OP
2011-01-09,15/9-F-12,24.000,0.000,0.000,53.575,49.474,1494.080,227605.350,3633.710,,production,OP
2011-01-10,15/9-F-12,24.000,0.000,0.000,54.200,49.185,1470.670,223604.670,3639.640,,production,OP
2011-01-11,15/9-F-12,24.000,0.000,0.000,54.028,49.011,1459.020,222107.100,3652.250,,production,OP
2011-01-12,15/9-F-12,24.000,0.000,0.000,53.984,49.001,1485.570,222798.360,3820.060,,production,OP
2011-01-13,15/9-F-12,24.000,0.000,0.000,52.313,51.500,1534.900,233758.150,3988.660,,production,OP
2011-01-14,15/9-F-12,24.000,0.000,0.000,52.376,51.464,1510.090,230527.630,3917.270,,production,OP
2011-01-15,15/9-F-12,24.000,0.000,0.000,52.569,51.519,1508.390,229845.310,3945.410,,production,OP
2011-01-16,15/9-F-12,24.000,0.000,0.000,52.679,51.600,1506.750,229144.550,3928.910,,production,OP
2011-01-17,15/9-F-12,24.000,0.000,0.000,52.477,51.601,1441.680,219891.530,3805.280,,production,OP
2011-01-18,15/9-F-12,24.000,0.000,0.000,52.220,51.584,1435.360,219064.580,3808.310,,production,OP
2011-01-19,15/9-F-12,24.000,0.000,0.000,52.158,51.611,1429.730,217983.690,3807.730,,production,OP
2011-01-20,15/9-F-12,24.000,0.000,0.000,52.445,51.141,1403.070,213950.290,3754.860,,production,OP
2011-01-21,15/9-F-12,24.000,0.000,0.000,52.589,50.858,1416.320,215863.360,3785.290,,production,OP
2011-01-22,15/9-F-12,24.000,0.000,0.000,52.585,49.779,1400.070,213904.450,3695.290,,production,OP
2011-01-23,15/9-F-12,24.000,0.000,0.000,52.571,50.845,1391.190,212402.540,3735.490,,production,OP
2011-01-24,15/9-F-12,24.000,0.000,0.000,52.478,50.862,1392.680,212634.830,3741.570,,production,OP
2011-01-25,15/9-F-12,24.000,0.000,0.000,52.446,50.811,1377.340,210821.800,3728.580,,production,OP
2011-01-26,15/9-F-12,24.000,0.000,0.000,52.350,50.769,1379.340,210675.970,3723.030,,production,OP
2011-01-27,15/9-F-12,24.000,0.000,0.000,52.302,50.858,1375.870,210335.670,3726.210,,production,OP
2011-01-28,15/9-F-12,24.000,0.000,0.000,52.401,50.814,1379.020,210613.350,3736.120,,production,OP
2011-01-29,15/9-F-12,24.000,0.000,0.000,52.273,50.826,1399.770,214213.130,3787.130,,production,OP
2011-01-30,15/9-F-12,24.000,0.000,0.000,52.516,50.882,1399.710,213688.210,3782.120,,production,OP
2011-01-31,15/9-F-12,24.000,0.000,0.000,52.471,50.882,1380.270,211835.870,3734.820,,production,OP
2011-02-01,15/9-F-12,14.775,0.000,0.000,53.196,48.959,805.800,127637.940,2355.230,,production,OP
2011-02-05,15/9-F-12,14.058,0.000,0.000,45.267,49.069,529.630,83902.190,1739.280,,production,OP
2011-02-06,15/9-F-12,22.667,0.000,0.000,47.001,54.636,1234.510,184401.990,3859.070,,production,OP
2011-02-07,15/9-F-12,24.000,0.000,0.000,46.959,55.657,1411.050,214713.850,3912.020,,production,OP
2011-02-08,15/9-F-12,24.000,0.000,0.000,47.619,54.459,1382.220,211755.050,3754.950,,production,OP
2011-02-09,15/9-F-12,24.000,0.000,0.000,47.809,54.571,1386.990,214619.940,3892.410,,production,OP
2011-02-10,15/9-F-12,24.000,0.000,0.000,47.721,53.963,1408.320,215290.250,3793.080,,production,OP
2011-02-11,15/9-F-12,24.000,0.000,0.000,46.487,54.897,1416.920,216670.790,3995.270,,production,OP
2011-02-12,15/9-F-12,24.000,0.000,0.000,45.883,55.729,1410.460,216128.280,3776.380,,production,OP
2011-02-13,15/9-F-12,20.500,0.000,0.000,45.377,55.051,1032.640,162596.990,2842.370,,production,OP
2011-02-14,15/9-F-12,8.000,0.000,0.000,46.030,50.543,444.510,92921.710,1230.160,,production,OP
2011-02-15,15/9-F-12,21.250,0.000,0.000,49.749,42.638,836.160,124521.860,1627.110,,production,OP
2011-02-16,15/9-F-12,24.000,0.000,0.000,45.782,56.204,1425.220,217731.600,4028.430,,production,OP
2011-02-17,15/9-F-12,24.000,0.000,0.000,45.947,55.870,1291.790,200601.420,3531.060,,production,OP
2011-02-18,15/9-F-12,24.000,0.000,0.000,46.526,55.299,1279.330,199842.180,3741.150,,production,OP
2011-02-19,15/9-F-12,24.000,0.000,0.000,47.364,53.997,1261.790,196505.030,3735.160,,production,OP
2011-02-20,15/9-F-12,24.000,0.000,0.000,47.540,53.996,1262.540,196306.280,3956.120,,production,OP
2011-02-21,15/9-F-12,24.000,0.000,0.000,47.672,53.996,1262.700,196339.050,3809.160,,production,OP
2011-02-22,15/9-F-12,24.000,0.000,0.000,48.207,53.321,1190.170,185687.380,3683.090,,production,OP
2011-02-23,15/9-F-12,24.000,0.000,0.000,48.967,52.397,1178.160,183816.550,3694.140,,production,OP
2011-02-24,15/9-F-12,24.000,0.000,0.000,49.305,52.151,1166.610,181615.310,3715.720,,production,OP
2011-02-25,15/9-F-12,24.000,0.000,0.000,50.076,51.214,1150.790,177198.670,3682.650,,production,OP
2011-02-26,15/9-F-12,24.000,0.000,0.000,50.072,50.845,1136.010,173769.700,3634.690,,production,OP
2011-02-27,15/9-F-12,24.000,0.000,0.000,49.885,50.814,1130.400,172794.260,3642.440,,production,OP
2011-02-28,15/9-F-12,24.000,0.000,0.000,50.057,50.532,1122.770,171858.800,3643.040,,production,OP
2011-03-01,15/9-F-12,24.000,0.000,0.000,49.806,50.577,1127.970,172527.990,3678.740,,production,OP
2011-03-02,15/9-F-12,24.000,0.000,0.000,50.840,49.768,1107.670,169579.280,3634.540,,production,OP
2011-03-03,15/9-F-12,24.000,0.000,0.000,51.103,49.434,1095.790,168285.890,3604.220,,production,OP
2011-03-04,15/9-F-12,24.000,0.000,0.000,50.141,50.072,1111.010,169926.290,3673.270,,production,OP
2011-03-05,15/9-F-12,24.000,0.000,0.000,50.750,49.905,1099.870,168700.190,3652.400,,production,OP
2011-03-06,15/9-F-12,24.000,0.000,0.000,50.848,49.846,1099.110,166899.390,3665.820,,production,OP
2011-03-07,15/9-F-12,24.000,0.000,0.000,51.039,49.874,1094.180,167634.570,3624.120,,production,OP
2011-03-08,15/9-F-12,24.000,0.000,0.000,51.004,49.820,1085.720,169749.850,3665.570,,production,OP
2011-03-09,15/9-F-12,24.000,0.000,0.000,50.752,49.792,1084.880,167656.960,3642.200,,production,OP
2011-03-10,15/9-F-12,24.000,0.000,0.000,50.110,49.900,1093.520,168753.110,3650.800,,production,OP
2011-03-11,15/9-F-12,24.000,0.000,0.000,49.647,49.137,1155.480,177382.670,3340.130,,production,OP
2011-03-12,15/9-F-12,24.000,0.000,0.000,45.928,57.754,1273.270,194993.660,3655.370,,production,OP
2011-03-13,15/9-F-12,24.000,0.000,0.000,44.820,59.577,1317.830,203200.230,3793.550,,production,OP
2011-03-14,15/9-F-12,24.000,0.000,0.000,44.641,59.579,1319.880,202966.410,3627.490,,production,OP
2011-03-15,15/9-F-12,24.000,0.000,0.000,44.822,60.798,1339.330,206414.280,3684.120,,production,OP
2011-03-16,15/9-F-12,24.000,0.000,0.000,44.848,60.786,1335.730,206782.350,3687.170,,production,OP
2011-03-17,15/9-F-12,10.833,0.000,0.000,46.408,58.000,512.150,79669.280,1604.010,,production,OP
2011-03-18,15/9-F-12,24.000,0.000,0.000,42.850,62.364,1307.390,200794.600,3824.710,,production,OP
2011-03-19,15/9-F-12,24.000,0.000,0.000,42.178,66.708,1367.360,210158.760,3931.280,,production,OP
2011-03-20,15/9-F-12,24.000,0.000,0.000,42.704,66.987,1377.510,212213.770,3991.800,,production,OP
2011-03-21,15/9-F-12,24.000,0.000,0.000,42.745,67.760,1401.730,216774.920,3978.400,,production,OP
2011-03-22,15/9-F-12,24.000,0.000,0.000,42.505,67.916,1310.290,201566.590,3872.660,,production,OP
2011-03-23,15/9-F-12,24.000,0.000,0.000,42.709,65.746,1272.220,196270.500,3687.830,,production,OP
2011-03-24,15/9-F-12,24.000,0.000,0.000,42.418,65.238,1269.450,196569.220,3795.400,,production,OP
2011-03-25,15/9-F-12,24.000,0.000,0.000,42.260,65.483,1270.220,196708.240,3769.830,,production,OP
2011-03-26,15/9-F-12,24.000,0.000,0.000,42.308,65.438,1273.010,196502.470,3726.360,,production,OP
2011-03-27,15/9-F-12,23.000,0.000,0.000,42.402,65.427,1221.620,188421.990,3673.120,,production,OP
2011-03-28,15/9-F-12,24.000,0.000,0.000,42.224,67.948,1273.760,196845.470,3806.320,,production,OP
2011-03-29,15/9-F-12,24.000,0.000,0.000,42.557,67.988,1268.710,195098.620,3789.100,,production,OP
2011-03-30,15/9-F-12,24.000,0.000,0.000,42.776,67.857,1256.640,194682.760,3787.030,,production,OP
2011-03-31,15/9-F-12,24.000,0.000,0.000,40.974,64.959,1271.750,196488.900,3721.990,,production,OP
2011-04-01,15/9-F-12,24.000,0.000,0.000,42.767,67.927,1258.590,194231.820,3792.210,,production,OP
2011-04-02,15/9-F-12,24.000,0.000,0.000,42.865,67.918,1252.490,194020.510,3786.500,,production,OP
2011-04-03,15/9-F-12,24.000,0.000,0.000,42.829,67.931,1248.110,193499.680,3791.930,,production,OP
2011-04-04,15/9-F-12,24.000,0.000,0.000,42.892,67.999,1246.030,193337.750,3795.890,,production,OP
2011-04-05,15/9-F-12,23.000,0.000,0.000,44.176,60.782,1143.410,178945.540,4120.210,,production,OP
2011-04-06,15/9-F-12,24.000,0.000,0.000,41.812,68.572,1241.860,191741.480,3934.050,,production,OP
2011-04-07,15/9-F-12,24.000,0.000,0.000,41.435,69.699,1259.700,195517.720,3776.800,,production,OP
2011-04-08,15/9-F-12,24.000,0.000,0.000,41.334,69.932,1260.440,198491.650,3901.370,,production,OP
2011-04-09,15/9-F-12,24.000,0.000,0.000,41.372,69.923,1253.930,194442.120,3863.400,,production,OP
2011-04-10,15/9-F-12,24.000,0.000,0.000,41.736,69.887,1251.180,195424.320,3785.890,,production,OP
2011-04-11,15/9-F-12,24.000,0.000,0.000,41.633,69.995,1255.760,196051.880,3816.300,,production,OP
2011-04-12,15/9-F-12,24.000,0.000,0.000,41.410,70.032,1256.690,195815.120,3723.620,,production,OP
2011-04-13,15/9-F-12,22.917,0.000,0.000,42.897,63.691,1106.350,173155.150,3761.380,,production,OP
2011-04-14,15/9-F-12,24.000,0.000,0.000,40.589,77.216,1270.150,194790.560,3816.040,,production,OP
2011-04-15,15/9-F-12,24.000,0.000,0.000,40.020,83.021,1293.920,199509.410,3885.010,,production,OP
2011-04-16,15/9-F-12,24.000,0.000,0.000,39.866,84.851,1301.460,200895.030,3904.590,,production,OP
2011-04-17,15/9-F-12,24.000,0.000,0.000,39.896,84.930,1303.220,201259.010,3914.210,,production,OP
2011-04-18,15/9-F-12,24.000,0.000,0.000,39.900,84.930,1295.850,201362.600,3978.980,,production,OP
2011-04-19,15/9-F-12,24.000,0.000,0.000,39.900,84.930,1292.720,201138.750,3871.870,,production,OP
2011-04-20,15/9-F-12,24.000,0.000,0.000,39.700,84.900,1292.570,200671.110,3865.760,,production,OP
2011-04-21,15/9-F-12,24.000,0.000,0.000,39.700,84.900,1290.470,199048.170,3937.210,,production,OP
2011-04-22,15/9-F-12,24.000,0.000,0.000,39.700,84.900,1288.230,200849.430,3913.630,,production,OP
2011-04-23,15/9-F-12,24.000,0.000,0.000,39.700,84.900,1286.050,201260.040,3914.320,,production,OP
2011-04-24,15/9-F-12,24.000,0.000,0.000,39.700,84.900,1286.180,200373.490,3922.210,,production,OP
2011-04-25,15/9-F-12,24.000,0.000,0.000,39.700,84.900,1283.340,199789.860,3928.750,,production,OP
2011-04-26,15/9-F-12,24.000,0.000,0.000,39.700,85.101,1279.870,199617.730,3939.830,,production,OP
2011-04-27,15/9-F-12,24.000,0.000,0.000,39.716,85.155,1281.080,199600.820,3943.930,,production,OP
2011-04-28,15/9-F-12,24.000,0.000,0.000,39.867,85.128,1247.890,194283.660,3871.720,,production,OP
2011-04-29,15/9-F-12,24.000,0.000,0.000,40.088,85.121,1247.090,194222.700,3867.110,,production,OP
2011-04-30,15/9-F-12,24.000,0.000,0.000,39.721,85.189,1245.090,194113.760,3871.660,,production,OP
2011-05-01,15/9-F-12,24.000,0.000,0.000,39.710,85.156,1243.580,193748.200,3869.070,,production,OP
2011-05-02,15/9-F-12,24.000,0.000,0.000,39.855,85.084,1241.780,193390.270,3865.840,,production,OP
2011-05-03,15/9-F-12,24.000,0.000,0.000,39.692,85.154,1238.300,193134.830,3796.070,,production,OP
2011-05-04,15/9-F-12,24.000,0.000,0.000,39.664,85.192,1240.010,192836.030,3866.370,,production,OP
2011-05-05,15/9-F-12,24.000,0.000,0.000,39.705,85.098,1235.080,192287.700,3870.820,,production,OP
2011-05-06,15/9-F-12,24.000,0.000,0.000,39.932,85.077,1232.250,193510.390,3870.420,,production,OP
2011-05-07,15/9-F-12,24.000,0.000,0.000,40.088,85.092,1231.840,192563.780,3866.410,,production,OP
2011-05-08,15/9-F-12,24.000,0.000,0.000,40.188,85.098,1232.650,191841.430,3862.400,,production,OP
2011-05-09,15/9-F-12,24.000,0.000,0.000,40.028,85.032,1226.300,191679.190,3864.320,,production,OP
2011-05-10,15/9-F-12,24.000,0.000,0.000,39.957,85.048,1224.720,191699.340,3864.640,,production,OP
2011-05-11,15/9-F-12,18.042,0.000,0.000,40.303,83.156,960.770,151039.470,3180.370,,production,OP
2011-05-12,15/9-F-12,24.000,0.000,0.000,39.490,85.436,1123.470,175129.840,3663.060,,production,OP
2011-05-13,15/9-F-12,24.000,0.000,0.000,39.424,86.324,1206.180,188219.840,3923.170,,production,OP
2011-05-14,15/9-F-12,24.000,0.000,0.000,39.504,86.313,1208.960,188405.200,3935.190,,production,OP
2011-05-15,15/9-F-12,24.000,0.000,0.000,39.499,86.301,1213.770,188950.300,3937.930,,production,OP
2011-05-16,15/9-F-12,24.000,0.000,0.000,39.612,86.264,1214.140,190530.800,3932.210,,production,OP
2011-05-17,15/9-F-12,24.000,0.000,0.000,39.599,86.316,1213.400,190337.770,3936.920,,production,OP
2011-05-18,15/9-F-12,24.000,0.000,0.000,40.000,86.293,1201.850,188671.230,3825.870,,production,OP
2011-05-19,15/9-F-12,22.000,0.000,0.000,42.930,70.692,919.930,146118.530,3735.720,,production,OP
2011-05-20,15/9-F-12,24.000,0.000,0.000,38.741,92.540,1157.760,183793.640,3847.150,,production,OP
2011-05-21,15/9-F-12,24.000,0.000,0.000,38.725,95.765,1206.490,186355.360,3850.700,,production,OP
2011-05-22,15/9-F-12,24.000,0.000,0.000,38.759,95.731,1204.150,187700.710,3843.590,,production,OP
2011-05-23,15/9-F-12,24.000,0.000,0.000,38.831,95.802,1227.410,192170.310,3922.360,,production,OP
2011-05-24,15/9-F-12,24.000,0.000,0.000,38.682,95.818,1236.720,190596.160,3937.720,,production,OP
2011-05-25,15/9-F-12,24.000,0.000,0.000,38.580,95.916,1238.620,190922.270,3950.790,,production,OP
2011-05-26,15/9-F-12,24.000,0.000,0.000,38.795,95.920,1231.650,191879.670,3952.450,,production,OP
2011-05-27,15/9-F-12,24.000,0.000,0.000,38.506,96.039,1230.100,191689.610,3950.700,,production,OP
2011-05-28,15/9-F-12,24.000,0.000,0.000,38.826,96.106,1229.070,191705.800,3955.030,,production,OP
2011-05-29,15/9-F-12,24.000,0.000,0.000,39.448,91.692,1215.320,187768.630,3906.660,,production,OP
2011-05-30,15/9-F-12,24.000,0.000,0.000,39.537,90.001,1210.160,186673.270,3888.300,,production,OP
2011-05-31,15/9-F-12,24.000,0.000,0.000,39.338,90.125,1208.280,186390.720,3895.220,,production,OP
2011-06-01,15/9-F-12,24.000,0.000,0.000,39.758,88.215,1206.930,186315.890,3887.240,,production,OP
2011-06-02,15/9-F-12,19.592,0.000,0.000,40.604,77.823,876.720,134848.310,2262.950,,production,OP
2011-06-03,15/9-F-12,24.000,0.000,0.000,37.693,85.010,1098.450,172444.670,3844.760,,production,OP
2011-06-04,15/9-F-12,24.000,0.000,0.000,37.029,89.909,1143.660,179502.760,3934.390,,production,OP
2011-06-05,15/9-F-12,24.000,0.000,0.000,37.136,89.921,1151.850,180305.890,3942.740,,production,OP
2011-06-06,15/9-F-12,24.000,0.000,0.000,37.212,88.075,1133.900,177436.230,3946.260,,production,OP
2011-06-07,15/9-F-12,24.000,0.000,0.000,37.502,89.926,1133.950,177254.810,3944.190,,production,OP
2011-06-08,15/9-F-12,24.000,0.000,0.000,38.294,89.947,1130.010,177074.520,3921.880,,production,OP
2011-06-09,15/9-F-12,24.000,0.000,0.000,38.292,89.959,1134.300,177256.020,3922.990,,production,OP
2011-06-10,15/9-F-12,24.000,0.000,0.000,38.135,89.937,1135.130,177120.500,3932.950,,production,OP
2011-06-11,15/9-F-12,24.000,0.000,0.000,38.025,89.915,1135.730,177547.920,3934.190,,production,OP
2011-06-12,15/9-F-12,24.000,0.000,0.000,38.112,89.940,1142.120,177435.060,3924.870,,production,OP
2011-06-13,15/9-F-12,24.000,0.000,0.000,38.473,89.950,1145.260,177575.050,3924.660,,production,OP
2011-06-14,15/9-F-12,24.000,0.000,0.000,38.184,89.939,1145.140,178103.420,3925.750,,production,OP
2011-06-15,15/9-F-12,24.000,0.000,0.000,38.248,89.951,1143.470,177668.550,3925.640,,production,OP
2011-06-16,15/9-F-12,24.000,0.000,0.000,38.887,89.962,1106.610,170219.360,3862.210,,production,OP
2011-06-17,15/9-F-12,24.000,0.000,0.000,38.410,89.937,1119.280,173460.550,3960.040,,production,OP
2011-06-18,15/9-F-12,24.000,0.000,0.000,38.210,89.945,1144.130,178837.190,3932.160,,production,OP
2011-06-19,15/9-F-12,24.000,0.000,0.000,38.082,89.922,1143.760,178595.460,3940.340,,production,OP
2011-06-20,15/9-F-12,11.675,0.000,0.000,39.058,84.800,655.660,83023.610,1693.230,,production,OP
2011-06-24,15/9-F-12,0.000,0.000,0.000,87.828,,0.000,0.000,0.000,,production,OP
2011-06-28,15/9-F-12,0.000,0.000,0.000,87.825,,0.000,0.000,0.000,,production,OP
2011-07-01,15/9-F-12,24.000,0.000,0.000,39.159,78.478,910.350,137024.920,3067.480,,production,OP
2011-07-02,15/9-F-12,7.675,0.000,0.000,36.392,92.130,397.670,53326.970,1087.450,,production,OP
2011-07-03,15/9-F-12,8.800,0.000,0.000,38.718,66.419,263.170,50445.450,930.820,,production,OP
2011-07-04,15/9-F-12,8.842,0.000,0.000,37.176,92.410,472.210,66421.960,1281.940,,production,OP
2011-07-05,15/9-F-12,0.000,0.000,0.000,88.317,,0.000,0.000,0.000,,production,OP
2011-07-07,15/9-F-12,4.242,0.000,0.000,37.569,77.830,187.540,31708.560,604.500,,production,OP
2011-07-08,15/9-F-12,16.175,0.000,0.000,37.531,91.712,922.030,133249.470,2399.210,,production,OP
2011-07-09,15/9-F-12,0.000,0.000,0.000,90.005,,0.000,0.000,0.000,,production,OP
2011-07-10,15/9-F-12,23.000,0.000,0.000,37.314,88.204,786.960,119194.390,2349.530,,production,OP
2011-07-11,15/9-F-12,18.008,0.000,0.000,38.142,88.141,1079.820,151479.980,2761.990,,production,OP
2011-07-13,15/9-F-12,0.000,0.000,0.000,94.209,,0.000,0.000,0.000,,production,OP
2011-07-14,15/9-F-12,0.000,0.000,0.000,94.104,,0.000,0.000,0.000,,production,OP
2011-07-15,15/9-F-12,3.080,0.000,0.000,61.835,23.625,109.440,10061.560,170.530,,production,OP
2011-07-16,15/9-F-12,11.175,0.000,0.000,39.429,75.810,546.800,84030.360,1515.880,,production,OP
2011-07-17,15/9-F-12,0.000,0.000,0.000,91.093,,0.000,0.000,0.000,,production,OP
2011-07-18,15/9-F-12,0.000,0.000,0.000,93.943,,0.000,0.000,0.000,,production,OP
2011-07-20,15/9-F-12,21.000,0.000,0.000,39.149,78.069,1207.410,178763.130,2856.940,,production,OP
2011-07-21,15/9-F-12,24.000,0.000,0.000,41.457,66.652,1346.900,199534.870,3199.140,,production,OP
2011-07-22,15/9-F-12,6.842,0.000,0.000,43.694,61.274,401.810,53684.060,829.650,,production,OP
2011-07-23,15/9-F-12,0.000,0.000,0.000,95.851,,0.000,0.000,0.000,,production,OP
2011-07-24,15/9-F-12,0.000,0.000,0.000,95.556,,0.000,0.000,0.000,,production,OP
2011-07-25,15/9-F-12,17.400,0.000,0.000,39.666,72.965,923.980,137065.350,2282.400,,production,OP
2011-07-26,15/9-F-12,20.675,0.000,0.000,41.952,64.643,1197.220,169123.100,2636.660,,production,OP
2011-07-27,15/9-F-12,0.000,0.000,0.000,95.244,,0.000,0.000,0.000,,production,OP
2011-07-28,15/9-F-12,4.325,0.000,0.000,40.226,64.359,231.020,34161.500,602.920,,production,OP
2011-07-29,15/9-F-12,24.000,0.000,0.000,41.483,65.840,1363.790,201579.640,3110.210,,production,OP
2011-07-30,15/9-F-12,2.008,0.000,0.000,47.505,45.732,114.300,12896.080,200.260,,production,OP
2011-07-31,15/9-F-12,0.000,0.000,0.000,95.311,,0.000,0.000,0.000,,production,OP
2011-08-01,15/9-F-12,0.000,0.000,0.000,95.527,,0.000,0.000,0.000,,production,OP
2011-08-02,15/9-F-12,0.000,0.000,0.000,96.618,,0.000,0.000,0.000,,production,OP
2011-08-03,15/9-F-12,0.000,0.000,0.000,99.563,,0.000,0.000,0.000,,production,OP
2011-08-04,15/9-F-12,6.992,0.000,0.000,40.808,62.880,382.520,55689.790,841.680,,production,OP
2011-08-05,15/9-F-12,24.000,0.000,0.000,41.606,66.539,1455.670,212983.420,3091.700,,production,OP
2011-08-06,15/9-F-12,22.333,0.000,0.000,42.226,65.895,1290.190,190499.590,3685.790,,production,OP
2011-08-07,15/9-F-12,24.000,0.000,0.000,40.728,74.628,1496.930,222832.630,3290.750,,production,OP
2011-08-08,15/9-F-12,24.000,0.000,0.000,40.290,75.965,1472.390,219110.820,3338.350,,production,OP
2011-08-09,15/9-F-12,24.000,0.000,0.000,40.017,76.323,1449.780,215688.930,3376.930,,production,OP
2011-08-10,15/9-F-12,24.000,0.000,0.000,38.738,87.551,1490.050,221727.660,3540.700,,production,OP
2011-08-11,15/9-F-12,24.000,0.000,0.000,38.184,94.827,1485.170,221750.150,3625.030,,production,OP
2011-08-12,15/9-F-12,24.000,0.000,0.000,38.063,94.811,1463.530,218313.760,3651.900,,production,OP
2011-08-13,15/9-F-12,24.000,0.000,0.000,38.169,94.855,1439.420,215370.090,3665.850,,production,OP
2011-08-14,15/9-F-12,24.000,0.000,0.000,38.045,94.884,1419.050,212382.900,3681.300,,production,OP
2011-08-15,15/9-F-12,24.000,0.000,0.000,37.546,98.087,1406.460,212220.770,3714.590,,production,OP
2011-08-16,15/9-F-12,24.000,0.000,0.000,37.585,99.823,1383.520,207513.640,3718.940,,production,OP
2011-08-17,15/9-F-12,24.000,0.000,0.000,37.273,99.850,1363.860,205263.740,3725.290,,production,OP
2011-08-18,15/9-F-12,24.000,0.000,0.000,37.074,99.843,1354.080,204372.060,3742.620,,production,OP
2011-08-19,15/9-F-12,24.000,0.000,0.000,37.049,99.880,1345.610,201317.200,3764.400,,production,OP
2011-08-20,15/9-F-12,24.000,0.000,0.000,37.349,99.919,1333.210,199993.520,3772.650,,production,OP
2011-08-21,15/9-F-12,24.000,0.000,0.000,37.252,99.911,1320.770,198450.060,3783.530,,production,OP
2011-08-22,15/9-F-12,24.000,0.000,0.000,36.982,99.924,1311.030,196680.290,3796.870,,production,OP
2011-08-23,15/9-F-12,24.000,0.000,0.000,36.946,99.922,1304.590,196188.310,3809.760,,production,OP
2011-08-24,15/9-F-12,24.000,0.000,0.000,37.192,99.900,1286.360,193856.910,3816.760,,production,OP
2011-08-25,15/9-F-12,23.158,0.000,0.000,37.575,95.291,1216.140,183253.150,3758.170,,production,OP
2011-08-26,15/9-F-12,23.010,0.000,0.000,40.324,71.781,941.390,142812.590,3115.250,,production,OP
2011-08-27,15/9-F-12,24.000,0.000,0.000,37.048,85.807,1199.020,180474.350,3771.130,,production,OP
2011-08-28,15/9-F-12,24.000,0.000,0.000,37.478,85.884,1204.780,181957.750,3785.550,,production,OP
2011-08-29,15/9-F-12,24.000,0.000,0.000,37.472,83.025,1196.980,180482.060,3751.260,,production,OP
2011-08-30,15/9-F-12,24.000,0.000,0.000,37.639,79.682,1186.270,178010.730,3698.700,,production,OP
2011-08-31,15/9-F-12,24.000,0.000,0.000,37.640,79.704,1181.380,177319.660,3689.420,,production,OP
2011-09-01,15/9-F-12,24.000,0.000,0.000,37.704,79.059,1172.730,176505.080,3680.520,,production,OP
2011-09-02,15/9-F-12,24.000,0.000,0.000,38.369,76.306,1153.980,174474.200,3633.390,,production,OP
2011-09-03,15/9-F-12,24.000,0.000,0.000,38.273,76.181,1151.360,174007.830,3632.070,,production,OP
2011-09-04,15/9-F-12,24.000,0.000,0.000,38.063,76.155,1150.130,173216.520,3629.720,,production,OP
2011-09-05,15/9-F-12,24.000,0.000,0.000,38.217,76.163,1147.020,173780.300,3631.020,,production,OP
2011-09-06,15/9-F-12,24.000,0.000,0.000,38.366,76.191,1142.990,175497.310,3630.290,,production,OP
2011-09-07,15/9-F-12,24.000,0.000,0.000,38.264,73.734,1142.600,175286.210,3746.900,,production,OP
2011-09-08,15/9-F-12,24.000,0.000,0.000,38.446,71.544,1126.170,173078.290,3719.740,,production,OP
2011-09-09,15/9-F-12,24.000,0.000,0.000,38.681,70.207,1115.420,170714.230,3679.090,,production,OP
2011-09-10,15/9-F-12,24.000,0.000,0.000,38.821,70.245,1108.090,169008.020,3689.840,,production,OP
2011-09-11,15/9-F-12,24.000,0.000,0.000,39.122,70.262,1104.050,167854.510,3692.590,,production,OP
2011-09-12,15/9-F-12,24.000,0.000,0.000,39.138,70.264,1104.510,167512.110,3693.630,,production,OP
2011-09-13,15/9-F-12,11.000,0.000,0.000,38.124,66.392,337.370,50314.860,2666.940,,production,OP
2011-09-14,15/9-F-12,24.000,0.000,0.000,36.415,80.861,1064.910,162510.280,4692.040,,production,OP
2011-09-15,15/9-F-12,24.000,0.000,0.000,36.571,82.020,1086.430,165417.500,4180.850,,production,OP
2011-09-16,15/9-F-12,24.000,0.000,0.000,36.648,82.056,965.790,147028.210,3869.210,,production,OP
2011-09-17,15/9-F-12,24.000,0.000,0.000,37.154,80.776,955.410,145599.720,3745.160,,production,OP
2011-09-18,15/9-F-12,24.000,0.000,0.000,37.190,80.306,956.690,147062.630,3892.170,,production,OP
2011-09-19,15/9-F-12,24.000,0.000,0.000,37.190,80.306,962.320,147174.290,3669.400,,production,OP
2011-09-20,15/9-F-12,24.000,0.000,0.000,37.385,79.685,954.740,145909.730,3678.620,,production,OP
2011-09-21,15/9-F-12,24.000,0.000,0.000,37.507,79.090,933.880,142999.410,3649.800,,production,OP
2011-09-22,15/9-F-12,24.000,0.000,0.000,37.542,76.506,904.320,137822.520,3568.430,,production,OP
2011-09-23,15/9-F-12,24.000,0.000,0.000,38.057,72.441,885.870,134390.820,3498.480,,production,OP
2011-09-24,15/9-F-12,24.000,0.000,0.000,38.811,69.065,873.170,132775.310,3453.400,,production,OP
2011-09-25,15/9-F-12,24.000,0.000,0.000,38.983,68.307,869.430,132195.070,3446.220,,production,OP
2011-09-26,15/9-F-12,24.000,0.000,0.000,38.919,68.158,868.380,131899.470,3451.350,,production,OP
2011-09-27,15/9-F-12,24.000,0.000,0.000,39.001,68.127,865.500,131499.900,3454.360,,production,OP
2011-09-28,15/9-F-12,24.000,0.000,0.000,39.027,68.108,972.570,147943.700,3819.830,,production,OP
2011-09-29,15/9-F-12,24.000,0.000,0.000,38.155,65.184,954.600,145304.960,3805.190,,production,OP
2011-09-30,15/9-F-12,24.000,0.000,0.000,38.991,68.136,968.740,147623.770,3871.590,,production,OP
2011-10-01,15/9-F-12,24.000,0.000,0.000,38.776,68.125,965.200,147009.110,3849.030,,production,OP
2011-10-02,15/9-F-12,24.000,0.000,0.000,38.471,69.298,970.490,148306.750,3879.100,,production,OP
2011-10-03,15/9-F-12,24.000,0.000,0.000,38.602,70.038,974.770,148947.870,3917.420,,production,OP
2011-10-04,15/9-F-12,24.000,0.000,0.000,38.684,70.043,970.840,148451.610,3923.450,,production,OP
2011-10-05,15/9-F-12,24.000,0.000,0.000,38.715,70.047,968.750,148201.920,3931.080,,production,OP
2011-10-06,15/9-F-12,24.000,0.000,0.000,38.430,70.069,967.340,148005.610,3928.850,,production,OP
2011-10-07,15/9-F-12,12.992,0.000,0.000,40.498,35.884,441.160,57695.810,1520.440,,production,OP
2011-10-08,15/9-F-12,13.000,0.000,0.000,33.976,47.888,351.820,56034.960,1909.370,,production,OP
2011-10-09,15/9-F-12,24.000,0.000,0.000,33.888,99.827,937.950,144451.220,4099.270,,production,OP
2011-10-10,15/9-F-12,24.000,0.000,0.000,34.338,95.930,967.240,149089.550,4271.980,,production,OP
2011-10-11,15/9-F-12,24.000,0.000,0.000,36.975,74.722,943.180,144792.790,4111.920,,production,OP
2011-10-12,15/9-F-12,24.000,0.000,0.000,36.773,77.741,958.710,146550.950,4146.850,,production,OP
2011-10-13,15/9-F-12,24.000,0.000,0.000,36.960,77.768,967.990,146556.890,4148.190,,production,OP
2011-10-14,15/9-F-12,20.000,0.000,0.000,37.341,57.598,654.160,101156.660,2901.650,,production,OP
2011-10-15,15/9-F-12,15.670,0.000,0.000,37.702,50.522,607.900,84412.530,2337.200,,production,OP
2011-10-19,15/9-F-12,0.000,0.000,0.000,85.583,1.262,0.000,0.000,0.000,,production,OP
2011-10-20,15/9-F-12,0.000,0.000,0.000,85.314,1.316,0.000,0.000,0.000,,production,OP
2011-10-21,15/9-F-12,0.000,0.000,0.000,86.834,1.157,0.000,0.000,0.000,,production,OP
2011-10-22,15/9-F-12,0.000,0.000,0.000,85.901,1.144,0.000,0.000,0.000,,production,OP
2011-10-23,15/9-F-12,0.000,0.000,0.000,90.874,1.153,0.000,0.000,0.000,,production,OP
2011-10-24,15/9-F-12,0.000,0.000,0.000,97.039,1.125,0.000,0.000,0.000,,production,OP
2011-10-26,15/9-F-12,0.000,0.000,0.000,122.146,1.187,0.000,0.000,0.000,,production,OP
2011-10-27,15/9-F-12,0.000,0.000,0.000,124.123,1.193,0.000,0.000,0.000,,production,OP
2011-10-28,15/9-F-12,0.000,0.000,0.000,124.123,1.193,0.000,0.000,0.000,,production,OP
2011-10-29,15/9-F-12,0.000,0.000,0.000,124.123,1.193,0.000,0.000,0.000,,production,OP
2011-10-30,15/9-F-12,0.000,0.000,0.000,121.324,1.174,0.000,0.000,0.000,,production,OP
2011-10-31,15/9-F-12,0.000,0.000,0.000,110.606,1.140,0.000,0.000,0.000,,production,OP
2011-11-01,15/9-F-12,0.000,0.000,0.000,72.093,1.681,0.000,0.000,0.000,,production,OP
2011-11-02,15/9-F-12,0.000,0.000,0.000,113.852,1.270,0.000,0.000,0.000,,production,OP
2011-11-03,15/9-F-12,0.000,0.000,0.000,117.649,1.327,0.000,0.000,0.000,,production,OP
2011-11-04,15/9-F-12,0.000,0.000,0.000,116.206,1.324,0.000,0.000,0.000,,production,OP
2011-11-05,15/9-F-12,6.500,0.000,0.000,63.744,16.509,223.000,31959.400,703.610,,production,OP
2011-11-06,15/9-F-12,24.000,0.000,0.000,34.959,99.572,1147.250,168323.350,3990.050,,production,OP
2011-11-07,15/9-F-12,24.000,0.000,0.000,36.793,85.264,1174.470,174950.000,4016.980,,production,OP
2011-11-08,15/9-F-12,24.000,0.000,0.000,37.893,75.757,1175.750,175382.570,3964.940,,production,OP
2011-11-09,15/9-F-12,24.000,0.000,0.000,38.419,72.906,1186.780,177180.790,3967.370,,production,OP
2011-11-10,15/9-F-12,24.000,0.000,0.000,38.587,72.161,1208.990,180160.100,3948.480,,production,OP
2011-11-11,15/9-F-12,11.642,0.000,0.000,39.446,34.914,594.800,79580.240,1641.700,,production,OP
2011-11-12,15/9-F-12,14.025,0.000,0.000,38.445,41.308,534.990,82724.170,2013.230,,production,OP
2011-11-13,15/9-F-12,24.000,0.000,0.000,37.263,83.803,1220.410,179676.250,4012.240,,production,OP
2011-11-14,15/9-F-12,24.000,0.000,0.000,37.364,83.799,1218.940,180319.890,4034.310,,production,OP
2011-11-15,15/9-F-12,24.000,0.000,0.000,37.713,80.405,1204.520,179282.500,4034.920,,production,OP
2011-11-16,15/9-F-12,24.000,0.000,0.000,38.008,79.138,1183.120,176498.380,4021.080,,production,OP
2011-11-17,15/9-F-12,24.000,0.000,0.000,38.099,79.141,1175.680,175590.200,4032.170,,production,OP
2011-11-18,15/9-F-12,24.000,0.000,0.000,38.151,78.574,1163.610,174330.640,4045.800,,production,OP
2011-11-19,15/9-F-12,24.000,0.000,0.000,38.044,78.324,1151.400,172528.750,4054.790,,production,OP
2011-11-20,15/9-F-12,24.000,0.000,0.000,38.107,78.359,1139.380,170410.000,4064.320,,production,OP
2011-11-21,15/9-F-12,24.000,0.000,0.000,38.194,78.245,1127.620,169050.400,4067.260,,production,OP
2011-11-22,15/9-F-12,24.000,0.000,0.000,38.098,78.225,1116.190,167604.920,4083.240,,production,OP
2011-11-23,15/9-F-12,24.000,0.000,0.000,38.081,78.214,1103.320,165787.610,4093.970,,production,OP
2011-11-24,15/9-F-12,23.475,0.000,0.000,38.575,73.997,1050.430,157894.810,3984.700,,production,OP
2011-11-28,15/9-F-12,19.692,0.000,0.000,35.960,63.209,688.400,103198.710,2997.770,,production,OP
2011-12-02,15/9-F-12,20.967,0.000,0.000,39.694,58.165,779.840,116757.910,3087.800,,production,OP
2011-12-05,15/9-F-12,14.358,0.000,0.000,37.613,47.623,550.960,81689.940,2143.220,,production,OP
2011-12-06,15/9-F-12,4.558,0.000,0.000,40.254,14.411,68.370,8463.790,244.370,,production,OP
2011-12-07,15/9-F-12,19.000,0.000,0.000,39.310,55.272,760.830,114501.400,2863.730,,production,OP
2011-12-08,15/9-F-12,14.308,0.000,0.000,39.035,44.150,602.260,84138.550,2034.650,,production,OP
2011-12-10,15/9-F-12,0.000,0.000,0.000,75.692,15.447,0.000,0.000,0.000,,production,OP
2011-12-11,15/9-F-12,24.000,0.000,0.000,38.674,71.679,1143.110,165788.230,4019.720,,production,OP
2011-12-12,15/9-F-12,24.000,0.000,0.000,41.849,59.187,1055.230,155468.580,3661.440,,production,OP
2011-12-13,15/9-F-12,4.308,0.000,0.000,46.144,10.082,0.000,0.000,0.000,,production,OP
2011-12-15,15/9-F-12,24.000,0.000,0.000,38.431,68.169,1095.940,161822.530,3867.550,,production,OP
2011-12-16,15/9-F-12,24.000,0.000,0.000,41.504,58.554,1056.520,155569.290,3588.400,,production,OP
2011-12-17,15/9-F-12,21.142,0.000,0.000,40.915,54.913,972.030,135225.200,3059.800,,production,OP
2011-12-18,15/9-F-12,16.730,0.000,0.000,40.769,42.680,606.520,91751.240,2313.230,,production,OP
2011-12-19,15/9-F-12,24.000,0.000,0.000,39.736,65.869,1118.520,165113.600,3894.070,,production,OP
2011-12-20,15/9-F-12,24.000,0.000,0.000,40.037,64.654,1101.130,162989.100,3864.020,,production,OP
2011-12-21,15/9-F-12,24.000,0.000,0.000,40.247,62.800,1076.400,159687.880,3838.790,,production,OP
2011-12-22,15/9-F-12,24.000,0.000,0.000,40.234,64.140,1076.790,159663.870,3876.130,,production,OP
2011-12-23,15/9-F-12,24.000,0.000,0.000,40.148,64.171,1070.170,158527.570,3875.010,,production,OP
2011-12-24,15/9-F-12,17.975,0.000,0.000,40.437,48.500,780.090,107141.220,2623.420,,production,OP
2011-12-26,15/9-F-12,0.000,0.000,0.000,79.995,0.327,0.000,7.090,9.710,,production,OP
2011-12-27,15/9-F-12,17.000,0.000,0.000,38.688,49.956,559.570,84899.760,2359.700,,production,OP
2011-12-28,15/9-F-12,10.475,0.000,0.000,38.002,35.853,484.480,61280.210,1498.980,,production,OP
2011-12-29,15/9-F-12,0.000,0.000,0.000,81.380,5.283,0.000,0.000,0.000,,production,OP
2011-12-30,15/9-F-12,24.000,0.000,0.000,38.020,68.994,1047.080,158378.770,3952.040,,production,OP
2011-12-31,15/9-F-12,24.000,0.000,0.000,38.996,70.017,1084.360,161627.580,4000.910,,production,OP
2012-01-01,15/9-F-12,24.000,0.000,0.000,39.231,69.313,1072.500,159518.600,3998.250,,production,OP
2012-01-02,15/9-F-12,23.392,0.000,0.000,40.009,65.713,1018.720,150530.410,3757.850,,production,OP
2012-01-14,15/9-F-12,2.750,0.000,0.000,60.500,5.335,76.030,11350.870,260.670,,production,OP
2012-01-15,15/9-F-12,24.000,0.000,0.000,37.464,71.039,1182.900,172799.240,3853.900,,production,OP
2012-01-16,15/9-F-12,24.000,0.000,0.000,39.592,67.157,1176.130,172763.390,3832.840,,production,OP
2012-01-17,15/9-F-12,24.000,0.000,0.000,41.184,61.306,1104.080,162727.600,3744.300,,production,OP
2012-01-18,15/9-F-12,24.000,0.000,0.000,40.951,62.396,1127.590,166047.090,4046.540,,production,OP
2012-01-19,15/9-F-12,24.000,0.000,0.000,40.702,62.848,1144.710,168234.720,3942.140,,production,OP
2012-01-20,15/9-F-12,24.000,0.000,0.000,40.555,62.895,1134.090,167612.340,3743.110,,production,OP
2012-01-21,15/9-F-12,13.175,0.000,0.000,41.541,34.168,492.320,69208.930,1679.490,,production,OP
2012-01-22,15/9-F-12,18.000,0.000,0.000,39.582,45.186,503.280,76291.440,1988.480,,production,OP
2012-01-23,15/9-F-12,24.000,0.000,0.000,39.644,66.810,1100.460,163430.420,3867.650,,production,OP
2012-01-24,15/9-F-12,24.000,0.000,0.000,39.929,67.219,1096.410,164199.960,3869.290,,production,OP
2012-01-25,15/9-F-12,16.342,0.000,0.000,40.932,45.713,683.760,94775.960,2246.610,,production,OP
2012-01-27,15/9-F-12,14.000,0.000,0.000,49.211,39.609,431.620,65275.160,1819.330,,production,OP
2012-01-28,15/9-F-12,24.000,0.000,0.000,37.544,80.592,1087.750,160976.750,3988.620,,production,OP
2012-01-29,15/9-F-12,24.000,0.000,0.000,35.696,99.801,1247.690,201294.510,5017.300,,production,OP
2012-01-30,15/9-F-12,24.000,0.000,0.000,35.909,99.948,1160.720,187187.700,4548.490,,production,OP
2012-01-31,15/9-F-12,24.000,0.000,0.000,36.082,100.000,1377.090,208348.360,3652.850,,production,OP
2012-02-01,15/9-F-12,24.000,0.000,0.000,35.531,100.000,1191.570,180246.180,3864.000,,production,OP
2012-02-02,15/9-F-12,24.000,0.000,0.000,35.138,100.000,1027.830,161982.950,4369.850,,production,OP
2012-02-03,15/9-F-12,24.000,0.000,0.000,35.163,100.000,1014.410,160777.530,4399.000,,production,OP
2012-02-04,15/9-F-12,24.000,0.000,0.000,35.484,100.000,991.760,157726.040,4439.130,,production,OP
2012-02-05,15/9-F-12,24.000,0.000,0.000,35.814,100.000,971.490,154294.960,4468.570,,production,OP
2012-02-06,15/9-F-12,24.000,0.000,0.000,36.134,100.000,971.720,152821.030,4469.510,,production,OP
2012-02-07,15/9-F-12,24.000,0.000,0.000,36.512,100.000,1028.460,161812.050,4464.890,,production,OP
2012-02-08,15/9-F-12,24.000,0.000,0.000,35.953,100.000,1027.900,162217.390,4520.550,,production,OP
2012-02-09,15/9-F-12,16.758,0.000,0.000,35.749,73.708,683.350,107593.810,3494.590,,production,OP
2012-02-10,15/9-F-12,24.000,0.000,0.000,39.398,100.000,798.180,129668.310,6391.890,,production,OP
2012-02-11,15/9-F-12,24.000,0.000,0.000,34.856,99.801,949.990,122562.180,6109.260,,production,OP
2012-02-12,15/9-F-12,24.000,0.000,0.000,34.530,99.841,957.840,150412.810,4658.010,,production,OP
2012-02-13,15/9-F-12,24.000,0.000,0.000,34.692,99.987,972.370,153410.300,4499.540,,production,OP
2012-02-14,15/9-F-12,24.000,0.000,0.000,34.699,100.000,948.870,150169.020,4615.690,,production,OP
2012-02-15,15/9-F-12,24.000,0.000,0.000,34.757,100.000,944.400,149617.410,4631.360,,production,OP
2012-02-16,15/9-F-12,24.000,0.000,0.000,34.708,100.000,944.230,149118.240,4641.620,,production,OP
2012-02-17,15/9-F-12,24.000,0.000,0.000,34.846,100.000,936.870,148382.160,4658.090,,production,OP
2012-02-18,15/9-F-12,24.000,0.000,0.000,34.878,100.000,928.550,146853.530,4658.470,,production,OP
2012-02-19,15/9-F-12,24.000,0.000,0.000,34.783,100.000,919.290,146592.370,4657.010,,production,OP
2012-02-20,15/9-F-12,24.000,0.000,0.000,34.965,100.000,926.170,146710.930,4586.140,,production,OP
2012-02-21,15/9-F-12,24.000,0.000,0.000,34.786,100.000,921.420,145886.160,4590.490,,production,OP
2012-02-22,15/9-F-12,24.000,0.000,0.000,34.957,100.000,924.470,145630.210,4592.120,,production,OP
2012-02-23,15/9-F-12,24.000,0.000,0.000,34.817,100.000,919.090,144826.170,4596.850,,production,OP
2012-02-24,15/9-F-12,24.000,0.000,0.000,34.672,100.000,916.310,144298.590,4593.780,,production,OP
2012-02-25,15/9-F-12,24.000,0.000,0.000,34.604,100.000,914.060,143974.390,4607.130,,production,OP
2012-02-26,15/9-F-12,24.000,0.000,0.000,34.821,100.000,911.610,143583.270,4536.970,,production,OP
2012-02-27,15/9-F-12,24.000,0.000,0.000,34.868,100.000,908.830,143313.620,4613.690,,production,OP
2012-02-28,15/9-F-12,24.000,0.000,0.000,34.686,100.000,907.190,142891.070,4611.410,,production,OP
2012-02-29,15/9-F-12,24.000,0.000,0.000,34.623,100.000,904.030,142552.150,4615.320,,production,OP
2012-03-01,15/9-F-12,24.000,0.000,0.000,35.018,100.000,897.440,141548.700,4597.920,,production,OP
2012-03-02,15/9-F-12,24.000,0.000,0.000,34.777,100.000,895.920,142101.140,4612.790,,production,OP
2012-03-03,15/9-F-12,24.000,0.000,0.000,34.966,100.000,891.960,142457.520,4615.270,,production,OP
2012-03-04,15/9-F-12,24.000,0.000,0.000,34.890,100.000,887.180,141508.310,4616.820,,production,OP
2012-03-05,15/9-F-12,24.000,0.000,0.000,34.652,100.000,882.140,140564.970,4617.190,,production,OP
2012-03-06,15/9-F-12,24.000,0.000,0.000,34.889,100.000,877.360,140224.820,4618.110,,production,OP
2012-03-07,15/9-F-12,24.000,0.000,0.000,34.784,100.000,877.110,139829.290,4634.410,,production,OP
2012-03-08,15/9-F-12,24.000,0.000,0.000,34.779,100.000,873.460,139268.190,4644.010,,production,OP
2012-03-09,15/9-F-12,24.000,0.000,0.000,34.885,99.988,871.710,138986.090,4639.820,,production,OP
2012-03-10,15/9-F-12,24.000,0.000,0.000,34.455,99.870,871.140,138850.350,4644.830,,production,OP
2012-03-11,15/9-F-12,24.000,0.000,0.000,34.477,100.000,865.600,138591.290,4653.630,,production,OP
2012-03-12,15/9-F-12,24.000,0.000,0.000,34.469,100.000,866.180,138254.370,4656.940,,production,OP
2012-03-13,15/9-F-12,22.000,0.000,0.000,34.412,83.388,735.640,123081.240,4168.420,,production,OP
2012-03-14,15/9-F-12,24.000,0.000,0.000,34.304,99.778,855.200,133617.430,4688.450,,production,OP
2012-03-15,15/9-F-12,23.417,0.000,0.000,36.620,90.451,759.630,123047.060,4328.870,,production,OP
2012-03-16,15/9-F-12,24.000,0.000,0.000,34.422,99.853,841.700,133613.320,4578.390,,production,OP
2012-03-17,15/9-F-12,24.000,0.000,0.000,34.410,99.963,849.760,135203.960,4608.540,,production,OP
2012-03-18,15/9-F-12,24.000,0.000,0.000,34.379,97.915,850.410,135722.920,4609.510,,production,OP
2012-03-19,15/9-F-12,24.000,0.000,0.000,34.640,100.000,855.300,136901.000,4628.310,,production,OP
2012-03-20,15/9-F-12,24.000,0.000,0.000,34.638,100.000,855.640,136491.820,4525.170,,production,OP
2012-03-21,15/9-F-12,24.000,0.000,0.000,34.596,100.000,854.780,136145.200,4532.640,,production,OP
2012-03-22,15/9-F-12,24.000,0.000,0.000,34.460,100.000,855.420,136205.110,4543.620,,production,OP
2012-03-23,15/9-F-12,24.000,0.000,0.000,34.804,99.843,806.480,130225.370,4466.390,,production,OP
2012-03-24,15/9-F-12,24.000,0.000,0.000,36.052,90.306,968.340,159208.800,4852.710,,production,OP
2012-03-25,15/9-F-12,23.000,0.000,0.000,36.492,87.293,806.560,132680.970,4376.680,,production,OP
2012-03-26,15/9-F-12,24.000,0.000,0.000,36.457,89.169,855.100,140737.410,4742.600,,production,OP
2012-03-27,15/9-F-12,24.000,0.000,0.000,35.862,92.285,938.200,150585.940,4567.920,,production,OP
2012-03-28,15/9-F-12,24.000,0.000,0.000,34.514,100.000,880.200,140547.450,4661.860,,production,OP
2012-03-29,15/9-F-12,24.000,0.000,0.000,34.493,99.944,870.820,139700.610,4600.270,,production,OP
2012-03-30,15/9-F-12,24.000,0.000,0.000,34.466,100.000,844.920,135634.870,4576.980,,production,OP
2012-03-31,15/9-F-12,24.000,0.000,0.000,34.499,100.000,838.580,134650.400,4574.940,,production,OP
2012-04-01,15/9-F-12,24.000,0.000,0.000,34.457,100.000,833.820,133948.370,4571.050,,production,OP
2012-04-02,15/9-F-12,24.000,0.000,0.000,34.427,100.000,829.390,132829.340,4547.200,,production,OP
2012-04-03,15/9-F-12,24.000,0.000,0.000,34.550,100.000,836.960,133346.210,4569.460,,production,OP
2012-04-04,15/9-F-12,24.000,0.000,0.000,34.595,100.000,834.410,131820.810,4605.710,,production,OP
2012-04-05,15/9-F-12,24.000,0.000,0.000,34.545,100.000,833.030,132025.820,4651.190,,production,OP
2012-04-06,15/9-F-12,24.000,0.000,0.000,34.360,100.000,829.770,131556.500,4654.460,,production,OP
2012-04-07,15/9-F-12,24.000,0.000,0.000,34.370,100.000,826.510,130883.510,4663.230,,production,OP
2012-04-08,15/9-F-12,24.000,0.000,0.000,34.710,100.000,820.220,130404.160,4676.430,,production,OP
2012-04-09,15/9-F-12,24.000,0.000,0.000,34.619,100.000,818.360,129821.630,4675.870,,production,OP
2012-04-10,15/9-F-12,24.000,0.000,0.000,34.527,100.000,830.890,132069.520,4659.600,,production,OP
2012-04-11,15/9-F-12,24.000,0.000,0.000,34.278,100.000,830.980,131905.540,4681.130,,production,OP
2012-04-12,15/9-F-12,24.000,0.000,0.000,34.301,100.000,826.470,131309.650,4677.690,,production,OP
2012-04-13,15/9-F-12,24.000,0.000,0.000,34.430,100.000,836.000,132948.090,4651.720,,production,OP
2012-04-14,15/9-F-12,24.000,0.000,0.000,34.312,100.000,832.320,132366.830,4649.920,,production,OP
2012-04-15,15/9-F-12,24.000,0.000,0.000,34.351,100.000,826.880,131802.540,4652.920,,production,OP
2012-04-16,15/9-F-12,24.000,0.000,0.000,34.350,100.000,825.090,131303.060,4661.830,,production,OP
2012-04-17,15/9-F-12,24.000,0.000,0.000,34.672,100.000,821.910,130818.200,4658.160,,production,OP
2012-04-18,15/9-F-12,24.000,0.000,0.000,34.506,100.000,811.850,131860.140,4671.780,,production,OP
2012-04-19,15/9-F-12,24.000,0.000,0.000,34.628,100.000,810.570,131559.560,4717.980,,production,OP
2012-04-20,15/9-F-12,24.000,0.000,0.000,34.777,100.000,809.110,131576.030,4675.130,,production,OP
2012-04-21,15/9-F-12,24.000,0.000,0.000,34.572,100.000,820.620,132625.410,4751.640,,production,OP
2012-04-22,15/9-F-12,24.000,0.000,0.000,34.528,100.000,821.180,132650.370,4706.620,,production,OP
2012-04-23,15/9-F-12,24.000,0.000,0.000,34.507,100.000,816.040,131896.820,4722.730,,production,OP
2012-04-24,15/9-F-12,24.000,0.000,0.000,34.431,100.000,814.330,131576.560,4726.190,,production,OP
2012-04-25,15/9-F-12,24.000,0.000,0.000,34.469,100.000,813.780,131388.280,4774.320,,production,OP
2012-04-26,15/9-F-12,24.000,0.000,0.000,34.348,100.000,811.240,131334.120,4714.870,,production,OP
2012-04-27,15/9-F-12,24.000,0.000,0.000,34.195,100.000,806.090,130857.440,4730.720,,production,OP
2012-04-28,15/9-F-12,14.292,0.000,0.000,34.318,61.469,414.390,69287.710,2724.380,,production,OP
2012-04-29,15/9-F-12,24.000,0.000,0.000,33.116,98.320,707.490,116289.660,4631.200,,production,OP
2012-04-30,15/9-F-12,24.000,0.000,0.000,33.535,97.733,738.650,122088.310,4657.300,,production,OP
2012-05-01,15/9-F-12,24.000,0.000,0.000,33.490,99.917,751.870,121673.540,4690.740,,production,OP
2012-05-02,15/9-F-12,24.000,0.000,0.000,33.605,100.000,755.060,122666.990,4743.410,,production,OP
2012-05-03,15/9-F-12,24.000,0.000,0.000,33.671,100.000,750.910,121609.150,4618.680,,production,OP
2012-05-04,15/9-F-12,24.000,0.000,0.000,33.731,100.000,755.630,122247.740,4603.470,,production,OP
2012-05-05,15/9-F-12,24.000,0.000,0.000,33.820,100.000,757.540,123645.940,4603.030,,production,OP
2012-05-06,15/9-F-12,24.000,0.000,0.000,33.830,100.000,759.520,122521.910,4592.020,,production,OP
2012-05-07,15/9-F-12,24.000,0.000,0.000,33.966,100.000,715.750,115560.240,4526.160,,production,OP
2012-05-08,15/9-F-12,24.000,0.000,0.000,34.235,100.000,722.090,116728.660,4578.050,,production,OP
2012-05-09,15/9-F-12,24.000,0.000,0.000,33.846,100.000,722.040,116371.210,4609.160,,production,OP
2012-05-10,15/9-F-12,24.000,0.000,0.000,33.962,100.000,719.660,116322.450,4587.370,,production,OP
2012-05-11,15/9-F-12,24.000,0.000,0.000,33.831,100.000,718.630,116174.160,4520.780,,production,OP
2012-05-12,15/9-F-12,24.000,0.000,0.000,33.923,100.000,727.770,117693.790,4597.240,,production,OP
2012-05-13,15/9-F-12,24.000,0.000,0.000,34.232,100.000,727.820,117522.400,4589.240,,production,OP
2012-05-14,15/9-F-12,24.000,0.000,0.000,34.175,100.000,727.650,117475.240,4572.290,,production,OP
2012-05-15,15/9-F-12,24.000,0.000,0.000,33.819,100.000,725.740,117206.180,4543.650,,production,OP
2012-05-16,15/9-F-12,24.000,0.000,0.000,33.945,100.000,724.180,117383.250,4555.760,,production,OP
2012-05-17,15/9-F-12,24.000,0.000,0.000,33.927,100.000,725.540,117383.250,4561.980,,production,OP
2012-05-18,15/9-F-12,24.000,0.000,0.000,33.901,100.000,725.540,117449.500,4911.190,,production,OP
2012-05-19,15/9-F-12,24.000,0.000,0.000,33.923,100.000,726.680,117675.690,5218.010,,production,OP
2012-05-20,15/9-F-12,24.000,0.000,0.000,34.047,100.000,745.900,120714.920,4359.690,,production,OP
2012-05-21,15/9-F-12,24.000,0.000,0.000,33.950,100.000,746.260,120324.200,4459.260,,production,OP
2012-05-22,15/9-F-12,17.692,0.000,0.000,35.036,76.293,465.520,78235.690,3236.580,,production,OP
2012-05-23,15/9-F-12,24.000,0.000,0.000,33.677,99.843,692.250,113394.840,4433.570,,production,OP
2012-05-24,15/9-F-12,24.000,0.000,0.000,33.876,99.966,710.930,116500.230,4374.730,,production,OP
2012-05-25,15/9-F-12,24.000,0.000,0.000,33.912,100.000,715.950,116172.750,4303.720,,production,OP
2012-05-26,15/9-F-12,24.000,0.000,0.000,33.693,100.000,722.730,117061.850,4437.760,,production,OP
2012-05-27,15/9-F-12,24.000,0.000,0.000,33.729,100.000,729.880,117958.900,4475.260,,production,OP
2012-05-28,15/9-F-12,24.000,0.000,0.000,33.765,100.000,736.220,118569.690,4481.590,,production,OP
2012-05-29,15/9-F-12,24.000,0.000,0.000,33.850,100.000,739.350,118950.410,4466.690,,production,OP
2012-05-30,15/9-F-12,24.000,0.000,0.000,33.865,100.000,735.060,118866.650,4470.580,,production,OP
2012-05-31,15/9-F-12,24.000,0.000,0.000,33.871,100.000,735.480,118896.850,4481.770,,production,OP
2012-06-01,15/9-F-12,24.000,0.000,0.000,33.947,100.000,735.040,119127.050,4493.630,,production,OP
2012-06-02,15/9-F-12,24.000,0.000,0.000,33.945,100.000,733.880,119117.710,4465.010,,production,OP
2012-06-03,15/9-F-12,24.000,0.000,0.000,33.913,100.000,730.300,118569.150,4469.470,,production,OP
2012-06-04,15/9-F-12,24.000,0.000,0.000,33.930,100.000,729.240,118559.320,4483.310,,production,OP
2012-06-05,15/9-F-12,24.000,0.000,0.000,33.992,100.000,726.650,118011.690,4499.280,,production,OP
2012-06-06,15/9-F-12,24.000,0.000,0.000,34.354,100.000,730.040,118550.180,4501.050,,production,OP
2012-06-07,15/9-F-12,24.000,0.000,0.000,34.428,100.000,746.200,120888.370,4530.480,,production,OP
2012-06-08,15/9-F-12,24.000,0.000,0.000,34.224,100.000,743.540,120489.890,4537.660,,production,OP
2012-06-09,15/9-F-12,24.000,0.000,0.000,34.071,100.000,743.220,120841.210,4551.860,,production,OP
2012-06-10,15/9-F-12,24.000,0.000,0.000,33.937,100.000,746.370,120834.330,4599.600,,production,OP
2012-06-11,15/9-F-12,24.000,0.000,0.000,34.010,100.000,735.850,119575.730,4581.510,,production,OP
2012-06-12,15/9-F-12,24.000,0.000,0.000,33.951,100.000,742.220,120568.510,4600.220,,production,OP
2012-06-13,15/9-F-12,23.333,0.000,0.000,35.692,100.000,632.080,104149.210,4150.150,,production,OP
2012-06-14,15/9-F-12,24.000,0.000,0.000,33.552,99.979,714.530,115954.850,4582.430,,production,OP
2012-06-15,15/9-F-12,24.000,0.000,0.000,33.865,100.000,723.640,117528.550,4617.310,,production,OP
2012-06-16,15/9-F-12,24.000,0.000,0.000,33.811,100.000,729.600,118651.960,4606.070,,production,OP
2012-06-17,15/9-F-12,24.000,0.000,0.000,33.759,100.000,732.160,118545.470,4580.570,,production,OP
2012-06-18,15/9-F-12,24.000,0.000,0.000,33.785,100.000,730.970,118344.810,4595.990,,production,OP
2012-06-19,15/9-F-12,24.000,0.000,0.000,33.989,100.000,732.430,118735.870,4608.250,,production,OP
2012-06-20,15/9-F-12,16.000,0.000,0.000,48.992,56.597,375.740,61340.250,2893.780,,production,OP
2012-06-21,15/9-F-12,24.000,0.000,0.000,32.851,99.712,640.440,104776.540,4838.560,,production,OP
2012-06-22,15/9-F-12,24.000,0.000,0.000,33.432,100.000,671.650,109055.170,4556.050,,production,OP
2012-06-23,15/9-F-12,24.000,0.000,0.000,33.577,100.000,685.070,111537.380,4553.060,,production,OP
2012-06-24,15/9-F-12,24.000,0.000,0.000,33.581,100.000,690.190,112211.920,4492.130,,production,OP
2012-06-25,15/9-F-12,24.000,0.000,0.000,33.292,100.000,693.180,112781.850,4372.420,,production,OP
2012-06-26,15/9-F-12,24.000,0.000,0.000,33.314,100.000,693.180,113044.090,4481.450,,production,OP
2012-06-27,15/9-F-12,24.000,0.000,0.000,33.340,100.000,646.300,105279.390,4507.870,,production,OP
2012-06-28,15/9-F-12,24.000,0.000,0.000,33.591,100.000,649.330,105474.300,4519.830,,production,OP
2012-06-29,15/9-F-12,24.000,0.000,0.000,33.926,100.000,652.070,105860.510,4389.100,,production,OP
2012-06-30,15/9-F-12,24.000,0.000,0.000,33.947,100.000,652.270,106241.100,4423.140,,production,OP
2012-07-01,15/9-F-12,24.000,0.000,0.000,33.877,100.000,657.360,106368.790,4085.550,,production,OP
2012-07-02,15/9-F-12,24.000,0.000,0.000,33.568,100.000,671.110,108717.210,4595.870,,production,OP
2012-07-03,15/9-F-12,24.000,0.000,0.000,33.689,100.000,670.620,108585.660,4463.570,,production,OP
2012-07-04,15/9-F-12,24.000,0.000,0.000,33.807,100.000,670.240,108872.380,4475.880,,production,OP
2012-07-05,15/9-F-12,24.000,0.000,0.000,33.836,100.000,670.540,109366.530,4479.010,,production,OP
2012-07-06,15/9-F-12,24.000,0.000,0.000,33.645,100.000,670.240,109432.540,4435.350,,production,OP
2012-07-07,15/9-F-12,24.000,0.000,0.000,33.547,100.000,672.250,109385.480,4402.560,,production,OP
2012-07-08,15/9-F-12,24.000,0.000,0.000,33.665,100.000,670.910,109073.490,4386.740,,production,OP
2012-07-09,15/9-F-12,24.000,0.000,0.000,33.549,100.000,687.940,112043.550,4530.870,,production,OP
2012-07-10,15/9-F-12,24.000,0.000,0.000,33.597,100.000,685.950,111675.240,4539.930,,production,OP
2012-07-11,15/9-F-12,24.000,0.000,0.000,33.630,100.000,685.850,111868.440,4573.910,,production,OP
2012-07-12,15/9-F-12,24.000,0.000,0.000,33.632,100.000,687.830,112277.380,4548.710,,production,OP
2012-07-13,15/9-F-12,24.000,0.000,0.000,33.639,100.000,690.530,112558.620,4518.300,,production,OP
2012-07-14,15/9-F-12,24.000,0.000,0.000,33.627,100.000,689.560,111910.380,4541.690,,production,OP
2012-07-15,15/9-F-12,24.000,0.000,0.000,33.826,100.000,689.420,111537.060,4558.010,,production,OP
2012-07-16,15/9-F-12,24.000,0.000,0.000,33.674,100.000,689.640,111517.540,4563.960,,production,OP
2012-07-17,15/9-F-12,24.000,0.000,0.000,33.700,100.000,690.050,111702.830,4558.330,,production,OP
2012-07-18,15/9-F-12,24.000,0.000,0.000,33.804,100.000,689.590,112239.870,4552.250,,production,OP
2012-07-19,15/9-F-12,24.000,0.000,0.000,33.717,97.917,691.220,112606.190,4548.250,,production,OP
2012-07-20,15/9-F-12,24.000,0.000,0.000,33.691,100.000,689.130,112077.460,4566.510,,production,OP
2012-07-21,15/9-F-12,24.000,0.000,0.000,33.724,100.000,689.040,111175.370,4559.940,,production,OP
2012-07-22,15/9-F-12,24.000,0.000,0.000,34.091,100.000,688.090,111405.920,4575.880,,production,OP
2012-07-23,15/9-F-12,24.000,0.000,0.000,34.071,100.000,689.460,111626.990,4578.690,,production,OP
2012-07-24,15/9-F-12,24.000,0.000,0.000,33.897,100.000,689.720,111644.240,4602.320,,production,OP
2012-07-25,15/9-F-12,24.000,0.000,0.000,33.642,100.000,687.910,111443.170,4599.190,,production,OP
2012-07-26,15/9-F-12,24.000,0.000,0.000,33.599,100.000,687.490,111152.690,4587.760,,production,OP
2012-07-27,15/9-F-12,24.000,0.000,0.000,33.878,100.000,685.150,111214.390,4562.940,,production,OP
2012-07-28,15/9-F-12,24.000,0.000,0.000,33.856,100.000,682.910,111120.370,4524.770,,production,OP
2012-07-29,15/9-F-12,24.000,0.000,0.000,33.967,100.000,685.410,111726.590,4541.810,,production,OP
2012-07-30,15/9-F-12,24.000,0.000,0.000,33.874,100.000,699.100,113917.650,4549.260,,production,OP
2012-07-31,15/9-F-12,24.000,0.000,0.000,33.652,100.000,702.680,114524.670,4556.720,,production,OP
2012-08-01,15/9-F-12,24.000,0.000,0.000,33.877,100.000,700.480,112068.110,4561.880,,production,OP
2012-08-02,15/9-F-12,24.000,0.000,0.000,33.859,100.000,699.130,113267.280,4551.050,,production,OP
2012-08-03,15/9-F-12,24.000,0.000,0.000,33.834,100.000,698.210,113169.390,4520.990,,production,OP
2012-08-04,15/9-F-12,24.000,0.000,0.000,33.603,100.000,693.880,113527.400,4507.580,,production,OP
2012-08-05,15/9-F-12,24.000,0.000,0.000,33.709,100.000,690.650,113527.400,4546.330,,production,OP
2012-08-06,15/9-F-12,24.000,0.000,0.000,33.711,100.000,695.570,113259.200,4623.360,,production,OP
2012-08-07,15/9-F-12,24.000,0.000,0.000,33.727,100.000,697.390,113204.120,4646.500,,production,OP
2012-08-08,15/9-F-12,24.000,0.000,0.000,33.723,100.000,697.390,116964.320,4643.460,,production,OP
2012-08-09,15/9-F-12,24.000,0.000,0.000,33.691,100.000,694.340,112557.090,4630.580,,production,OP
2012-08-10,15/9-F-12,24.000,0.000,0.000,33.083,100.000,698.370,113243.220,4653.150,,production,OP
2012-08-11,15/9-F-12,24.000,0.000,0.000,32.465,100.000,701.580,115203.710,4649.750,,production,OP
2012-08-12,15/9-F-12,24.000,0.000,0.000,32.422,100.000,698.290,114040.470,4709.830,,production,OP
2012-08-13,15/9-F-12,0.625,0.000,0.000,50.951,21.992,632.960,12123.370,-457.840,,production,OP
2012-08-15,15/9-F-12,0.000,0.000,0.000,2.404,1.249,0.000,0.000,0.000,,production,OP
2012-08-16,15/9-F-12,0.000,0.000,0.000,2.356,15.311,0.000,0.000,0.000,,production,OP
2012-08-17,15/9-F-12,0.000,0.000,0.000,2.289,38.442,0.000,0.000,0.000,,production,OP
2012-08-19,15/9-F-12,0.000,0.000,0.000,2.134,0.138,0.000,0.000,0.000,,production,OP
2012-08-20,15/9-F-12,0.000,0.000,0.000,2.050,0.054,0.000,0.000,0.000,,production,OP
2012-08-21,15/9-F-12,0.000,0.000,0.000,1.978,1.015,0.000,0.000,0.000,,production,OP
2012-08-22,15/9-F-12,0.000,0.000,0.000,1.939,14.793,0.000,0.000,0.000,,production,OP
2012-08-23,15/9-F-12,0.000,0.000,0.000,1.910,14.173,0.000,0.000,0.000,,production,OP
2012-08-24,15/9-F-12,0.000,0.000,0.000,1.906,13.809,0.000,0.000,0.000,,production,OP
2012-08-25,15/9-F-12,0.000,0.000,0.000,1.892,12.077,0.000,0.000,0.000,,production,OP
2012-08-26,15/9-F-12,0.000,0.000,0.000,1.881,6.991,0.000,0.000,0.000,,production,OP
2012-08-27,15/9-F-12,0.000,0.000,0.000,1.943,0.000,0.000,0.000,0.000,,production,OP
2012-08-28,15/9-F-12,0.000,0.000,0.000,2.132,0.690,0.000,0.000,0.000,,production,OP
2012-08-29,15/9-F-12,0.000,0.000,0.000,1.849,0.983,0.000,0.000,0.000,,production,OP
2012-08-30,15/9-F-12,0.000,0.000,0.000,1.734,1.028,0.000,0.000,0.000,,production,OP
2012-08-31,15/9-F-12,0.000,0.000,0.000,1.585,1.025,0.000,0.000,0.000,,production,OP
2012-09-01,15/9-F-12,0.000,0.000,0.000,1.554,0.971,0.000,0.000,0.000,,production,OP
2012-09-02,15/9-F-12,0.000,0.000,0.000,1.501,0.878,0.000,0.000,0.000,,production,OP
2012-09-03,15/9-F-12,0.000,0.000,0.000,1.540,0.872,0.000,0.000,0.000,,production,OP
2012-09-07,15/9-F-12,0.000,0.000,0.000,1.344,1.231,0.000,0.000,0.000,,production,OP
2012-09-11,15/9-F-12,0.000,0.000,0.000,4.116,1.311,0.000,0.000,0.000,,production,OP
2012-09-15,15/9-F-12,0.000,0.000,0.000,123.567,1.400,0.000,0.000,0.000,,production,OP
2012-09-16,15/9-F-12,0.000,0.000,0.000,125.157,1.172,0.000,0.000,0.000,,production,OP
2012-09-17,15/9-F-12,0.000,0.000,0.000,123.102,2.617,0.000,0.000,0.000,,production,OP
2012-09-19,15/9-F-12,0.000,0.000,0.000,125.358,1.316,0.000,0.000,0.000,,production,OP
2012-09-21,15/9-F-12,0.000,0.000,0.000,125.263,1.315,0.000,0.000,0.000,,production,OP
2012-09-23,15/9-F-12,0.000,0.000,0.000,124.096,1.323,0.000,0.000,0.000,,production,OP
2012-09-25,15/9-F-12,0.000,0.000,0.000,123.409,1.277,0.000,0.000,0.000,,production,OP
2012-09-26,15/9-F-12,0.000,0.000,0.000,123.360,1.225,0.000,0.000,0.000,,production,OP
2012-09-27,15/9-F-12,0.000,0.000,0.000,123.305,1.220,0.000,0.000,0.000,,production,OP
2012-09-29,15/9-F-12,2.992,0.000,0.000,34.599,15.895,193.440,26890.650,638.290,,production,OP
2012-09-30,15/9-F-12,24.000,0.000,0.000,33.495,98.365,820.490,130029.750,3874.790,,production,OP
2012-10-01,15/9-F-12,24.000,0.000,0.000,32.093,98.393,795.280,125971.290,4243.260,,production,OP
2012-10-02,15/9-F-12,24.000,0.000,0.000,32.667,98.408,740.280,115950.850,4500.020,,production,OP
2012-10-03,15/9-F-12,24.000,0.000,0.000,32.261,98.423,799.360,124553.290,4584.460,,production,OP
2012-10-04,15/9-F-12,24.000,0.000,0.000,32.033,98.439,829.610,128237.730,4596.420,,production,OP
2012-10-05,15/9-F-12,24.000,0.000,0.000,32.320,98.427,730.080,113101.250,4604.390,,production,OP
2012-10-06,15/9-F-12,24.000,0.000,0.000,32.327,98.434,727.780,113405.140,4621.420,,production,OP
2012-10-07,15/9-F-12,24.000,0.000,0.000,32.416,98.425,721.140,112946.980,4637.290,,production,OP
2012-10-08,15/9-F-12,24.000,0.000,0.000,32.452,98.426,718.110,112321.340,4626.570,,production,OP
2012-10-09,15/9-F-12,24.000,0.000,0.000,32.490,98.408,708.140,111280.160,4617.840,,production,OP
2012-10-10,15/9-F-12,24.000,0.000,0.000,32.395,98.442,736.650,116390.000,4629.110,,production,OP
2012-10-11,15/9-F-12,24.000,0.000,0.000,32.608,98.396,748.230,117082.780,4750.370,,production,OP
2012-10-12,15/9-F-12,24.000,0.000,0.000,32.774,98.405,962.740,150950.280,5522.570,,production,OP
2012-10-13,15/9-F-12,22.000,0.000,0.000,44.881,59.816,661.990,107663.770,3917.780,,production,OP
2012-10-14,15/9-F-12,5.175,0.000,0.000,33.557,22.829,401.740,44784.260,1077.210,,production,OP
2012-10-19,15/9-F-12,7.000,0.000,0.000,31.117,100.000,182.510,31523.890,1371.670,,production,OP
2012-10-20,15/9-F-12,24.000,0.000,0.000,31.385,98.385,1057.840,164884.380,5847.850,,production,OP
2012-10-21,15/9-F-12,24.000,0.000,0.000,32.024,98.388,1072.010,167921.480,5965.160,,production,OP
2012-10-22,15/9-F-12,24.000,0.000,0.000,32.235,98.384,713.890,112150.230,5004.620,,production,OP
2012-10-23,15/9-F-12,24.000,0.000,0.000,32.254,98.399,713.360,112590.790,4807.400,,production,OP
2012-10-24,15/9-F-12,24.000,0.000,0.000,32.208,98.409,716.820,112331.530,4810.970,,production,OP
2012-10-25,15/9-F-12,24.000,0.000,0.000,32.230,98.361,709.190,111792.100,4811.210,,production,OP
2012-10-26,15/9-F-12,24.000,0.000,0.000,32.151,98.363,700.410,110884.120,4734.500,,production,OP
2012-10-27,15/9-F-12,24.000,0.000,0.000,32.022,98.399,699.670,110269.460,4673.030,,production,OP
2012-10-28,15/9-F-12,24.000,0.000,0.000,32.145,98.418,719.270,113845.660,4748.810,,production,OP
2012-10-29,15/9-F-12,24.000,0.000,0.000,31.741,98.389,681.790,107766.970,4562.400,,production,OP
2012-10-30,15/9-F-12,24.000,0.000,0.000,31.816,98.399,686.280,108840.680,4525.120,,production,OP
2012-10-31,15/9-F-12,24.000,0.000,0.000,32.075,98.400,678.680,108144.990,4525.980,,production,OP
2012-11-01,15/9-F-12,24.000,0.000,0.000,31.890,98.427,673.590,107323.800,4530.960,,production,OP
2012-11-02,15/9-F-12,24.000,0.000,0.000,31.858,98.442,664.350,106066.000,4356.170,,production,OP
2012-11-03,15/9-F-12,24.000,0.000,0.000,31.378,98.502,659.980,105193.030,4350.550,,production,OP
2012-11-04,15/9-F-12,24.000,0.000,0.000,31.357,98.544,655.320,104614.440,4366.700,,production,OP
2012-11-05,15/9-F-12,24.000,0.000,0.000,31.315,98.569,647.660,105889.370,4304.750,,production,OP
2012-11-06,15/9-F-12,24.000,0.000,0.000,31.476,98.593,636.760,104444.800,4331.000,,production,OP
2012-11-07,15/9-F-12,24.000,0.000,0.000,31.630,98.643,638.850,104685.570,4394.460,,production,OP
2012-11-08,15/9-F-12,24.000,0.000,0.000,31.646,98.647,641.120,104953.560,4437.560,,production,OP
2012-11-09,15/9-F-12,24.000,0.000,0.000,32.143,98.644,634.890,105357.160,4473.730,,production,OP
2012-11-10,15/9-F-12,24.000,0.000,0.000,32.239,98.666,631.900,103217.260,4519.540,,production,OP
2012-11-11,15/9-F-12,24.000,0.000,0.000,31.955,98.696,630.900,102032.800,4565.850,,production,OP
2012-11-12,15/9-F-12,24.000,0.000,0.000,32.134,98.699,633.160,102424.210,4569.920,,production,OP
2012-11-13,15/9-F-12,24.000,0.000,0.000,32.461,98.715,633.840,102711.730,4563.600,,production,OP
2012-11-14,15/9-F-12,24.000,0.000,0.000,32.347,98.735,634.160,102334.060,4557.220,,production,OP
2012-11-15,15/9-F-12,24.000,0.000,0.000,32.310,98.729,635.090,102650.310,4576.300,,production,OP
2012-11-16,15/9-F-12,24.000,0.000,0.000,32.538,96.651,631.520,102176.230,4566.850,,production,OP
2012-11-17,15/9-F-12,24.000,0.000,0.000,32.420,98.725,633.400,102446.770,4470.620,,production,OP
2012-11-18,15/9-F-12,24.000,0.000,0.000,32.492,98.740,631.330,102081.860,4557.800,,production,OP
2012-11-19,15/9-F-12,24.000,0.000,0.000,32.720,98.719,628.960,102395.830,4576.330,,production,OP
2012-11-20,15/9-F-12,24.000,0.000,0.000,32.642,98.740,627.610,102008.010,4578.840,,production,OP
2012-11-21,15/9-F-12,24.000,0.000,0.000,32.471,98.758,627.700,101607.580,4533.910,,production,OP
2012-11-22,15/9-F-12,24.000,0.000,0.000,32.484,98.763,622.390,101312.510,4530.030,,production,OP
2012-11-23,15/9-F-12,24.000,0.000,0.000,32.549,98.797,620.460,100952.920,4521.480,,production,OP
2012-11-24,15/9-F-12,24.000,0.000,0.000,32.417,96.744,613.000,99118.810,4490.150,,production,OP
2012-11-25,15/9-F-12,24.000,0.000,0.000,32.448,98.785,614.800,100092.870,4518.290,,production,OP
2012-11-26,15/9-F-12,24.000,0.000,0.000,32.161,98.822,614.720,100628.250,4532.300,,production,OP
2012-11-27,15/9-F-12,24.000,0.000,0.000,32.042,98.843,633.480,103468.570,4501.760,,production,OP
2012-11-28,15/9-F-12,24.000,0.000,0.000,32.096,98.830,627.240,102444.030,4558.210,,production,OP
2012-11-29,15/9-F-12,24.000,0.000,0.000,32.107,98.835,622.940,101282.270,4560.110,,production,OP
2012-11-30,15/9-F-12,24.000,0.000,0.000,32.097,98.842,617.760,100525.150,4514.370,,production,OP
2012-12-01,15/9-F-12,24.000,0.000,0.000,32.112,98.840,613.390,100817.730,4566.950,,production,OP
2012-12-02,15/9-F-12,24.000,0.000,0.000,32.113,98.844,608.000,100408.870,4522.440,,production,OP
2012-12-03,15/9-F-12,24.000,0.000,0.000,32.498,98.835,600.120,99576.450,4450.810,,production,OP
2012-12-04,15/9-F-12,24.000,0.000,0.000,32.105,98.850,601.220,99052.900,4462.240,,production,OP
2012-12-05,15/9-F-12,24.000,0.000,0.000,32.058,98.856,569.750,93695.140,4397.790,,production,OP
2012-12-06,15/9-F-12,24.000,0.000,0.000,32.286,98.819,604.430,99444.270,4594.550,,production,OP
2012-12-07,15/9-F-12,24.000,0.000,0.000,32.398,98.816,603.690,98425.060,4612.700,,production,OP
2012-12-08,15/9-F-12,24.000,0.000,0.000,32.345,98.832,601.300,98628.900,4644.100,,production,OP
2012-12-09,15/9-F-12,24.000,0.000,0.000,32.137,98.871,600.300,98445.180,4688.120,,production,OP
2012-12-10,15/9-F-12,24.000,0.000,0.000,32.116,98.763,599.520,98178.570,4659.700,,production,OP
2012-12-11,15/9-F-12,22.833,0.000,0.000,33.074,88.110,497.280,83902.570,4092.500,,production,OP
2012-12-12,15/9-F-12,11.708,0.000,0.000,32.934,46.634,309.360,53275.780,2360.400,,production,OP
2012-12-13,15/9-F-12,8.542,0.000,0.000,30.405,37.630,135.580,23138.550,1503.870,,production,OP
2012-12-14,15/9-F-12,23.955,0.000,0.000,31.918,96.613,513.820,85372.820,4489.870,,production,OP
2012-12-15,15/9-F-12,9.212,0.000,0.000,31.587,47.292,221.790,37049.580,2070.510,,production,OP
2012-12-16,15/9-F-12,24.000,0.000,0.000,31.636,98.777,545.780,91269.590,4585.390,,production,OP
2012-12-17,15/9-F-12,24.000,0.000,0.000,31.634,98.783,551.960,92374.980,4566.830,,production,OP
2012-12-18,15/9-F-12,24.000,0.000,0.000,31.667,98.789,554.220,92896.990,4530.970,,production,OP
2012-12-19,15/9-F-12,24.000,0.000,0.000,31.695,98.806,558.040,93654.940,4519.760,,production,OP
2012-12-20,15/9-F-12,24.000,0.000,0.000,31.892,98.809,530.640,88842.230,4496.870,,production,OP
2012-12-21,15/9-F-12,24.000,0.000,0.000,31.969,98.815,531.290,89222.380,4507.180,,production,OP
2012-12-22,15/9-F-12,24.000,0.000,0.000,32.118,98.818,533.240,89282.410,4551.530,,production,OP
2012-12-23,15/9-F-12,24.000,0.000,0.000,32.240,98.835,535.300,89583.880,4470.700,,production,OP
2012-12-24,15/9-F-12,24.000,0.000,0.000,32.031,98.911,538.780,90054.670,4465.660,,production,OP
2012-12-25,15/9-F-12,24.000,0.000,0.000,32.159,98.931,541.130,90180.710,4434.450,,production,OP
2012-12-26,15/9-F-12,24.000,0.000,0.000,31.853,98.897,539.370,89893.030,4407.030,,production,OP
2012-12-27,15/9-F-12,24.000,0.000,0.000,31.843,98.868,538.350,89746.200,4397.340,,production,OP
2012-12-28,15/9-F-12,24.000,0.000,0.000,32.307,98.881,536.060,90084.410,4401.980,,production,OP
2012-12-29,15/9-F-12,24.000,0.000,0.000,32.240,98.930,538.280,90705.990,4357.110,,production,OP
2012-12-30,15/9-F-12,24.000,0.000,0.000,32.352,98.988,534.720,90216.520,4402.480,,production,OP
2012-12-31,15/9-F-12,24.000,0.000,0.000,32.250,99.015,533.940,89868.730,4455.600,,production,OP
2013-01-01,15/9-F-12,24.000,0.000,0.000,32.170,99.014,531.380,88974.650,4463.950,,production,OP
2013-01-02,15/9-F-12,24.000,0.000,0.000,32.779,99.048,518.560,87468.000,4415.920,,production,OP
2013-01-03,15/9-F-12,24.000,0.000,0.000,31.939,99.070,535.580,89432.610,4399.160,,production,OP
2013-01-04,15/9-F-12,24.000,0.000,0.000,31.942,99.087,584.130,97430.800,4587.200,,production,OP
2013-01-05,15/9-F-12,24.000,0.000,0.000,32.122,99.086,585.080,98081.730,4560.120,,production,OP
2013-01-06,15/9-F-12,24.000,0.000,0.000,31.922,97.031,575.180,97437.930,4532.510,,production,OP
2013-01-07,15/9-F-12,24.000,0.000,0.000,32.223,99.107,581.690,97931.310,4593.520,,production,OP
2013-01-08,15/9-F-12,24.000,0.000,0.000,32.053,97.046,577.990,96579.420,4675.570,,production,OP
2013-01-09,15/9-F-12,24.000,0.000,0.000,31.976,99.130,584.310,97443.050,4698.120,,production,OP
2013-01-10,15/9-F-12,24.000,0.000,0.000,32.285,99.129,582.140,97570.960,4671.600,,production,OP
2013-01-11,15/9-F-12,24.000,0.000,0.000,32.280,99.090,568.210,95548.060,4628.650,,production,OP
2013-01-12,15/9-F-12,24.000,0.000,0.000,32.177,99.135,576.110,97043.400,4641.620,,production,OP
2013-01-13,15/9-F-12,24.000,0.000,0.000,32.196,99.162,573.780,97096.130,4672.870,,production,OP
2013-01-14,15/9-F-12,24.000,0.000,0.000,32.154,99.186,575.160,96360.700,4529.630,,production,OP
2013-01-15,15/9-F-12,24.000,0.000,0.000,32.099,99.202,564.880,95075.190,4543.190,,production,OP
2013-01-16,15/9-F-12,24.000,0.000,0.000,32.104,99.226,569.140,102016.950,4567.590,,production,OP
2013-01-17,15/9-F-12,24.000,0.000,0.000,35.902,74.687,494.690,81029.080,4100.070,,production,OP
2013-01-18,15/9-F-12,24.000,0.000,0.000,35.056,100.000,517.520,83856.550,4279.400,,production,OP
2013-01-19,15/9-F-12,24.000,0.000,0.000,33.629,99.136,561.720,91018.990,4565.910,,production,OP
2013-01-20,15/9-F-12,24.000,0.000,0.000,33.644,99.146,560.120,90769.390,4598.490,,production,OP
2013-01-21,15/9-F-12,24.000,0.000,0.000,33.999,99.167,559.350,90792.990,4596.070,,production,OP
2013-01-22,15/9-F-12,24.000,0.000,0.000,33.718,99.171,563.120,91406.510,4351.140,,production,OP
2013-01-23,15/9-F-12,24.000,0.000,0.000,33.550,99.213,564.840,92368.670,4394.050,,production,OP
2013-01-24,15/9-F-12,24.000,0.000,0.000,33.486,99.268,565.660,91576.840,4456.280,,production,OP
2013-01-25,15/9-F-12,24.000,0.000,0.000,33.894,99.287,565.620,91436.130,4393.840,,production,OP
2013-01-26,15/9-F-12,24.000,0.000,0.000,33.712,99.315,563.370,91192.390,5002.970,,production,OP
2013-01-27,15/9-F-12,24.000,0.000,0.000,33.834,99.341,562.360,90617.940,4382.030,,production,OP
2013-01-28,15/9-F-12,24.000,0.000,0.000,33.895,99.300,563.290,90717.000,4369.240,,production,OP
2013-01-29,15/9-F-12,24.000,0.000,0.000,33.702,99.303,562.100,91638.590,4358.170,,production,OP
2013-01-30,15/9-F-12,24.000,0.000,0.000,33.862,99.316,559.920,91417.200,4382.950,,production,OP
2013-01-31,15/9-F-12,24.000,0.000,0.000,33.421,99.293,561.570,89849.800,4372.100,,production,OP
2013-02-01,15/9-F-12,24.000,0.000,0.000,33.478,99.288,558.200,90665.590,4343.380,,production,OP
2013-02-02,15/9-F-12,24.000,0.000,0.000,33.487,99.292,551.430,89547.210,4388.240,,production,OP
2013-02-03,15/9-F-12,24.000,0.000,0.000,33.582,99.302,552.280,88428.950,4368.860,,production,OP
2013-02-04,15/9-F-12,24.000,0.000,0.000,33.642,99.284,552.260,87706.060,4364.460,,production,OP
2013-02-05,15/9-F-12,24.000,0.000,0.000,33.604,99.320,549.500,87438.900,4348.950,,production,OP
2013-02-06,15/9-F-12,24.000,0.000,0.000,33.439,99.335,543.000,86981.020,4483.730,,production,OP
2013-02-07,15/9-F-12,24.000,0.000,0.000,33.461,99.345,563.900,85619.250,4542.520,,production,OP
2013-02-08,15/9-F-12,24.000,0.000,0.000,33.454,99.367,548.960,87784.340,4560.950,,production,OP
2013-02-09,15/9-F-12,24.000,0.000,0.000,33.741,97.296,546.690,88793.050,4571.300,,production,OP
2013-02-10,15/9-F-12,24.000,0.000,0.000,33.934,99.372,542.250,87891.850,4574.510,,production,OP
2013-02-11,15/9-F-12,24.000,0.000,0.000,33.894,99.367,541.390,84312.620,4563.020,,production,OP
2013-02-12,15/9-F-12,24.000,0.000,0.000,33.676,99.365,539.540,86108.900,4536.980,,production,OP
2013-02-13,15/9-F-12,24.000,0.000,0.000,33.860,99.342,537.040,88234.230,4563.130,,production,OP
2013-02-14,15/9-F-12,24.000,0.000,0.000,34.034,97.034,531.320,87369.550,4547.200,,production,OP
2013-02-15,15/9-F-12,24.000,0.000,0.000,33.826,97.060,534.510,89221.600,4558.320,,production,OP
2013-02-16,15/9-F-12,24.000,0.000,0.000,33.873,99.145,540.850,89589.430,4589.030,,production,OP
2013-02-17,15/9-F-12,24.000,0.000,0.000,33.927,97.099,537.730,89144.240,4461.450,,production,OP
2013-02-18,15/9-F-12,24.000,0.000,0.000,33.725,99.165,542.500,89202.260,4553.830,,production,OP
2013-02-19,15/9-F-12,24.000,0.000,0.000,33.699,99.143,536.320,88568.230,4540.840,,production,OP
2013-02-20,15/9-F-12,24.000,0.000,0.000,34.992,99.145,511.740,84776.050,4449.740,,production,OP
2013-02-21,15/9-F-12,24.000,0.000,0.000,33.903,99.163,537.550,88392.010,4585.640,,production,OP
2013-02-22,15/9-F-12,24.000,0.000,0.000,34.237,99.169,506.010,89653.360,4492.510,,production,OP
2013-02-23,15/9-F-12,24.000,0.000,0.000,33.782,100.000,531.090,88166.100,4607.830,,production,OP
2013-02-24,15/9-F-12,24.000,0.000,0.000,33.672,99.160,528.330,87839.210,4541.930,,production,OP
2013-02-25,15/9-F-12,24.000,0.000,0.000,33.528,99.165,532.290,87708.360,4543.870,,production,OP
2013-02-26,15/9-F-12,24.000,0.000,0.000,33.420,99.197,532.860,87557.730,4531.590,,production,OP
2013-02-27,15/9-F-12,24.000,0.000,0.000,33.400,99.205,529.400,87275.370,4551.660,,production,OP
2013-02-28,15/9-F-12,24.000,0.000,0.000,33.438,99.198,528.440,87273.050,4559.970,,production,OP
2013-03-01,15/9-F-12,24.000,0.000,0.000,33.493,99.184,523.930,87511.750,4613.950,,production,OP
2013-03-02,15/9-F-12,24.000,0.000,0.000,33.503,99.191,526.200,87651.080,4563.400,,production,OP
2013-03-03,15/9-F-12,24.000,0.000,0.000,33.614,99.186,524.240,87358.580,4579.510,,production,OP
2013-03-04,15/9-F-12,24.000,0.000,0.000,33.852,99.174,525.940,87366.420,4575.340,,production,OP
2013-03-05,15/9-F-12,24.000,0.000,0.000,33.844,99.160,526.490,87760.840,4451.770,,production,OP
2013-03-06,15/9-F-12,24.000,0.000,0.000,33.987,99.151,517.940,87333.200,4382.420,,production,OP
2013-03-07,15/9-F-12,2.358,0.000,0.000,32.728,11.115,67.350,12263.560,548.370,,production,OP
2013-03-10,15/9-F-12,8.500,0.000,0.000,30.759,27.578,96.010,17147.380,1300.600,,production,OP
2013-03-11,15/9-F-12,15.192,0.000,0.000,32.623,63.564,246.390,42838.880,3102.920,,production,OP
2013-03-13,15/9-F-12,0.000,0.000,0.000,11.094,6.230,0.000,0.000,0.000,,production,OP
2013-03-14,15/9-F-12,0.000,0.000,0.000,14.348,14.896,0.000,0.000,0.000,,production,OP
2013-03-15,15/9-F-12,0.000,0.000,0.000,15.260,13.932,0.000,0.000,0.000,,production,OP
2013-03-16,15/9-F-12,0.000,0.000,0.000,15.891,13.999,0.000,0.000,0.000,,production,OP
2013-03-17,15/9-F-12,0.000,0.000,0.000,16.311,13.804,0.000,0.000,0.000,,production,OP
2013-03-18,15/9-F-12,0.000,0.000,0.000,16.184,17.653,0.000,0.000,0.000,,production,OP
2013-03-19,15/9-F-12,0.000,0.000,0.000,16.072,18.051,0.000,0.000,0.000,,production,OP
2013-03-20,15/9-F-12,0.000,0.000,0.000,16.528,16.528,0.000,0.000,0.000,,production,OP
2013-03-21,15/9-F-12,0.000,0.000,0.000,16.535,9.468,0.000,0.000,0.000,,production,OP
2013-03-22,15/9-F-12,0.000,0.000,0.000,16.641,1.263,0.000,0.000,0.000,,production,OP
2013-03-23,15/9-F-12,0.000,0.000,0.000,16.670,1.233,0.000,0.000,0.000,,production,OP
2013-03-24,15/9-F-12,0.000,0.000,0.000,16.850,1.252,0.000,0.000,0.000,,production,OP
2013-03-25,15/9-F-12,12.860,0.000,0.000,32.351,25.599,136.810,22047.950,1261.880,,production,OP
2013-03-26,15/9-F-12,24.000,0.000,0.000,32.160,97.365,493.480,82047.510,4619.340,,production,OP
2013-03-27,15/9-F-12,24.000,0.000,0.000,32.554,99.441,514.750,85830.120,4695.830,,production,OP
2013-03-28,15/9-F-12,13.858,0.000,0.000,33.178,57.746,256.610,42825.280,2426.750,,production,OP
2013-03-29,15/9-F-12,16.000,0.000,0.000,32.749,58.264,275.050,46085.460,2614.280,,production,OP
2013-03-30,15/9-F-12,24.000,0.000,0.000,32.964,97.087,540.130,89395.250,4763.470,,production,OP
2013-03-31,15/9-F-12,23.000,0.000,0.000,33.211,97.005,534.490,88202.360,4620.930,,production,OP
2013-04-01,15/9-F-12,21.525,0.000,0.000,33.280,90.945,495.040,81881.710,4255.720,,production,OP
2013-04-03,15/9-F-12,0.000,0.000,0.000,0.162,1.109,0.000,0.000,0.000,,production,OP
2013-04-04,15/9-F-12,0.000,0.000,0.000,0.058,1.107,0.000,0.000,0.000,,production,OP
2013-04-05,15/9-F-12,7.333,0.000,0.000,35.886,23.668,64.240,10992.630,712.640,,production,OP
2013-04-09,15/9-F-12,0.000,0.000,0.000,1.213,0.894,0.000,0.000,0.000,,production,OP
2013-04-10,15/9-F-12,6.308,0.000,0.000,37.230,19.022,123.560,23907.250,1255.950,,production,OP
2013-04-11,15/9-F-12,24.000,0.000,0.000,33.158,99.383,553.610,90902.310,4775.070,,production,OP
2013-04-12,15/9-F-12,24.000,0.000,0.000,25.843,99.390,571.670,94394.750,4886.110,,production,OP
2013-04-13,15/9-F-12,24.000,0.000,0.000,33.756,99.406,591.000,97049.310,4937.120,,production,OP
2013-04-14,15/9-F-12,24.000,0.000,0.000,34.247,99.477,605.940,99526.180,4966.740,,production,OP
2013-04-15,15/9-F-12,23.999,0.000,0.000,34.339,99.536,608.460,99834.490,4971.940,,production,OP
2013-04-16,15/9-F-12,22.300,0.000,0.000,34.562,84.447,490.430,104762.440,4139.420,,production,OP
2013-04-17,15/9-F-12,24.000,0.000,0.000,34.441,99.641,618.440,101413.380,4890.370,,production,OP
2013-04-18,15/9-F-12,24.000,0.000,0.000,34.313,99.719,616.690,100594.430,4861.420,,production,OP
2013-04-19,15/9-F-12,24.000,0.000,0.000,34.011,99.747,610.480,100122.290,4885.630,,production,OP
2013-04-20,15/9-F-12,24.000,0.000,0.000,34.309,99.751,612.610,99833.890,4907.100,,production,OP
2013-04-21,15/9-F-12,24.000,0.000,0.000,34.468,99.749,607.860,99383.380,4923.860,,production,OP
2013-04-22,15/9-F-12,24.000,0.000,0.000,34.430,99.799,601.260,98220.220,4920.560,,production,OP
2013-04-23,15/9-F-12,24.000,0.000,0.000,34.245,99.846,594.460,96837.040,4924.190,,production,OP
2013-04-24,15/9-F-12,24.000,0.000,0.000,34.185,99.844,583.120,95824.790,4927.040,,production,OP
2013-04-25,15/9-F-12,24.000,0.000,0.000,34.280,99.826,574.940,94443.640,4866.380,,production,OP
2013-04-26,15/9-F-12,24.000,0.000,0.000,33.914,99.587,568.090,92537.710,4815.230,,production,OP
2013-04-27,15/9-F-12,24.000,0.000,0.000,33.859,99.727,563.280,92821.970,4788.360,,production,OP
2013-04-28,15/9-F-12,24.000,0.000,0.000,34.328,99.809,569.740,92566.050,4754.880,,production,OP
2013-04-29,15/9-F-12,24.000,0.000,0.000,34.081,99.794,548.640,90409.160,4759.860,,production,OP
2013-04-30,15/9-F-12,24.000,0.000,0.000,33.785,99.764,577.780,97032.840,4819.840,,production,OP
2013-05-01,15/9-F-12,24.000,0.000,0.000,34.128,99.758,565.690,95017.060,4801.460,,production,OP
2013-05-02,15/9-F-12,24.000,0.000,0.000,33.921,99.759,566.410,94346.280,4846.520,,production,OP
2013-05-03,15/9-F-12,24.000,0.000,0.000,34.186,99.771,565.750,93613.960,4881.850,,production,OP
2013-05-04,15/9-F-12,24.000,0.000,0.000,34.273,99.775,564.590,94651.150,4786.700,,production,OP
2013-05-05,15/9-F-12,24.000,0.000,0.000,34.330,99.353,566.610,94880.410,4710.030,,production,OP
2013-05-06,15/9-F-12,24.000,0.000,0.000,34.359,99.279,564.400,94680.450,4761.890,,production,OP
2013-05-07,15/9-F-12,24.000,0.000,0.000,34.187,99.278,561.840,94396.650,4819.560,,production,OP
2013-05-08,15/9-F-12,24.000,0.000,0.000,34.305,99.273,558.900,94679.700,4887.200,,production,OP
2013-05-09,15/9-F-12,24.000,0.000,0.000,34.269,99.299,560.270,94617.490,4870.020,,production,OP
2013-05-10,15/9-F-12,24.000,0.000,0.000,34.194,99.303,557.640,94327.500,4865.020,,production,OP
2013-05-11,15/9-F-12,24.000,0.000,0.000,34.373,99.317,558.030,94530.690,4879.540,,production,OP
2013-05-12,15/9-F-12,24.000,0.000,0.000,34.192,97.276,554.030,93400.250,4881.430,,production,OP
2013-05-13,15/9-F-12,24.000,0.000,0.000,34.402,97.459,553.560,93623.790,4923.160,,production,OP
2013-05-14,15/9-F-12,14.892,0.000,0.000,34.430,66.989,291.920,50172.420,2947.720,,production,OP
2013-05-15,15/9-F-12,24.000,0.000,0.000,33.587,96.863,398.180,67433.000,4171.600,,production,OP
2013-05-16,15/9-F-12,24.000,0.000,0.000,33.736,100.000,520.000,87690.340,4695.810,,production,OP
2013-05-17,15/9-F-12,21.167,0.000,0.000,35.592,80.922,391.040,67360.860,3852.390,,production,OP
2013-05-18,15/9-F-12,24.000,0.000,0.000,33.845,99.712,521.540,89225.220,4825.000,,production,OP
2013-05-19,15/9-F-12,24.000,0.000,0.000,33.643,99.738,530.410,90741.010,4844.880,,production,OP
2013-05-20,15/9-F-12,24.000,0.000,0.000,33.616,97.917,533.660,90510.590,5532.370,,production,OP
2013-05-21,15/9-F-12,24.000,0.000,0.000,33.647,100.000,538.240,91767.230,5860.400,,production,OP
2013-05-22,15/9-F-12,24.000,0.000,0.000,33.636,100.000,542.330,91942.610,4804.720,,production,OP
2013-05-23,15/9-F-12,24.000,0.000,0.000,34.044,100.000,533.270,90874.360,4714.280,,production,OP
2013-05-24,15/9-F-12,24.000,0.000,0.000,33.339,100.000,531.800,90498.890,4598.310,,production,OP
2013-05-25,15/9-F-12,24.000,0.000,0.000,33.308,100.000,524.990,88836.930,4629.890,,production,OP
2013-05-26,15/9-F-12,24.000,0.000,0.000,33.212,100.000,526.080,88793.700,4678.260,,production,OP
2013-05-27,15/9-F-12,24.000,0.000,0.000,33.399,100.000,525.160,89356.360,4727.230,,production,OP
2013-05-28,15/9-F-12,24.000,0.000,0.000,33.657,100.000,525.830,89213.480,4784.680,,production,OP
2013-05-29,15/9-F-12,24.000,0.000,0.000,34.164,100.000,510.640,87591.520,4770.940,,production,OP
2013-05-30,15/9-F-12,24.000,0.000,0.000,33.475,100.000,535.000,89289.770,4900.300,,production,OP
2013-05-31,15/9-F-12,24.000,0.000,0.000,33.599,99.999,535.590,89691.500,4911.530,,production,OP
2013-06-01,15/9-F-12,24.000,0.000,0.000,33.712,100.000,536.480,90217.630,4935.800,,production,OP
2013-06-02,15/9-F-12,24.000,0.000,0.000,33.702,100.000,537.520,90445.560,4960.840,,production,OP
2013-06-03,15/9-F-12,24.000,0.000,0.000,33.731,100.000,539.190,90529.220,4857.450,,production,OP
2013-06-04,15/9-F-12,24.000,0.000,0.000,33.958,100.000,527.940,90325.080,4909.770,,production,OP
2013-06-05,15/9-F-12,24.000,0.000,0.000,35.016,83.895,486.900,88307.130,4614.690,,production,OP
2013-06-06,15/9-F-12,24.000,0.000,0.000,35.056,83.714,488.390,88932.190,4565.670,,production,OP
2013-06-07,15/9-F-12,24.000,0.000,0.000,33.690,99.729,523.270,91337.480,4758.230,,production,OP
2013-06-08,15/9-F-12,24.000,0.000,0.000,33.636,99.703,516.870,90411.630,4784.430,,production,OP
2013-06-09,15/9-F-12,20.342,0.000,0.000,34.175,85.710,401.070,70919.060,3849.620,,production,OP
2013-06-10,15/9-F-12,22.500,0.000,0.000,33.035,89.374,412.170,72032.020,4242.190,,production,OP
2013-06-11,15/9-F-12,24.000,0.000,0.000,33.445,99.709,494.310,85655.510,4839.050,,production,OP
2013-06-12,15/9-F-12,24.000,0.000,0.000,33.905,99.851,499.710,86358.190,4711.510,,production,OP
2013-06-13,15/9-F-12,24.000,0.000,0.000,33.706,100.000,508.220,87622.610,4710.180,,production,OP
2013-06-14,15/9-F-12,24.000,0.000,0.000,33.785,100.000,511.370,88207.820,4718.650,,production,OP
2013-06-15,15/9-F-12,24.000,0.000,0.000,33.946,100.000,511.010,87850.280,4777.460,,production,OP
2013-06-16,15/9-F-12,24.000,0.000,0.000,33.640,100.000,516.520,89145.550,4746.730,,production,OP
2013-06-17,15/9-F-12,24.000,0.000,0.000,33.696,100.000,526.200,89005.260,4791.850,,production,OP
2013-06-18,15/9-F-12,24.000,0.000,0.000,33.958,100.000,526.930,89256.430,4843.250,,production,OP
2013-06-19,15/9-F-12,24.000,0.000,0.000,33.824,100.000,527.680,89945.770,4825.520,,production,OP
2013-06-20,15/9-F-12,24.000,0.000,0.000,33.847,100.000,525.850,86185.430,4867.890,,production,OP
2013-06-21,15/9-F-12,21.758,0.000,0.000,33.580,100.000,472.670,77563.030,4370.070,,production,OP
2013-06-22,15/9-F-12,0.000,0.000,0.000,0.084,37.833,0.000,0.000,0.000,,production,OP
2013-06-23,15/9-F-12,0.000,0.000,0.000,0.134,11.981,0.000,0.000,0.000,,production,OP
2013-06-26,15/9-F-12,12.667,0.000,0.000,32.310,58.773,177.640,28728.500,2179.730,,production,OP
2013-06-27,15/9-F-12,0.000,0.000,0.000,0.113,1.245,0.000,0.000,0.000,,production,OP
2013-06-28,15/9-F-12,9.408,0.000,0.000,33.181,62.414,144.510,24428.780,1920.110,,production,OP
2013-06-29,15/9-F-12,24.000,0.000,0.000,32.996,99.870,492.640,79899.440,4915.550,,production,OP
2013-06-30,15/9-F-12,24.000,0.000,0.000,33.771,99.924,494.510,83910.230,4862.830,,production,OP
2013-07-01,15/9-F-12,24.000,0.000,0.000,33.541,100.000,505.530,83756.930,4849.120,,production,OP
2013-07-02,15/9-F-12,24.000,0.000,0.000,33.566,99.983,518.270,83776.700,4868.850,,production,OP
2013-07-03,15/9-F-12,24.000,0.000,0.000,33.731,100.000,519.460,87111.130,4955.390,,production,OP
2013-07-04,15/9-F-12,24.000,0.000,0.000,33.709,100.000,525.320,86973.200,5170.020,,production,OP
2013-07-05,15/9-F-12,24.000,0.000,0.000,33.619,100.000,534.950,84968.380,5396.300,,production,OP
2013-07-06,15/9-F-12,5.342,0.000,0.000,35.929,24.923,37.970,6684.870,440.010,,production,OP
2013-07-07,15/9-F-12,8.492,0.000,0.000,32.845,59.655,140.540,23677.320,1642.140,,production,OP
2013-07-08,15/9-F-12,24.000,0.000,0.000,33.233,100.000,511.430,82397.970,4942.390,,production,OP
2013-07-09,15/9-F-12,23.750,0.000,0.000,34.772,93.277,483.690,79134.980,4709.620,,production,OP
2013-07-10,15/9-F-12,24.000,0.000,0.000,33.467,99.938,520.400,85458.460,5076.640,,production,OP
2013-07-11,15/9-F-12,21.500,0.000,0.000,34.569,84.496,404.230,68882.530,4029.370,,production,OP
2013-07-12,15/9-F-12,24.000,0.000,0.000,33.591,99.939,523.400,85103.340,4792.740,,production,OP
2013-07-13,15/9-F-12,24.000,0.000,0.000,34.265,99.971,516.120,85325.610,4713.200,,production,OP
2013-07-14,15/9-F-12,24.000,0.000,0.000,34.815,99.969,517.750,85234.140,4617.230,,production,OP
2013-07-15,15/9-F-12,24.000,0.000,0.000,33.697,99.979,581.970,93257.250,4986.490,,production,OP
2013-07-16,15/9-F-12,24.000,0.000,0.000,33.747,99.997,575.330,93704.360,4876.080,,production,OP
2013-07-17,15/9-F-12,24.000,0.000,0.000,33.737,99.999,572.780,93076.600,4767.790,,production,OP
2013-07-18,15/9-F-12,24.000,0.000,0.000,33.658,99.999,571.980,92796.840,4899.630,,production,OP
2013-07-19,15/9-F-12,24.000,0.000,0.000,33.693,99.957,568.380,92087.050,5019.020,,production,OP
2013-07-20,15/9-F-12,24.000,0.000,0.000,33.678,99.987,569.040,92388.610,5222.660,,production,OP
2013-07-21,15/9-F-12,24.000,0.000,0.000,33.668,99.959,567.410,91682.350,5278.220,,production,OP
2013-07-22,15/9-F-12,2.175,0.000,0.000,35.913,10.280,31.360,6233.410,402.040,,production,OP
2013-07-23,15/9-F-12,0.000,0.000,0.000,0.555,1.292,0.000,0.000,0.000,,production,OP
2013-07-24,15/9-F-12,6.500,0.000,0.000,36.575,7.806,5.710,887.370,63.670,,production,OP
2013-07-25,15/9-F-12,24.000,0.000,0.000,46.746,41.038,216.410,32518.390,2748.590,,production,OP
2013-07-26,15/9-F-12,24.000,0.000,0.000,52.311,35.934,217.370,32036.070,2186.810,,production,OP
2013-07-27,15/9-F-12,24.000,0.000,0.000,37.816,80.546,437.170,66391.860,4416.970,,production,OP
2013-07-28,15/9-F-12,0.842,0.000,0.000,33.051,3.250,14.800,2381.540,214.660,,production,OP
2013-07-29,15/9-F-12,4.000,0.000,0.000,33.702,6.775,66.020,10037.750,791.570,,production,OP
2013-07-30,15/9-F-12,24.000,0.000,0.000,32.677,99.254,547.520,82661.950,5507.860,,production,OP
2013-07-31,15/9-F-12,4.675,0.000,0.000,33.967,19.975,59.320,9075.510,587.500,,production,OP
2013-08-01,15/9-F-12,0.000,0.000,0.000,2.164,0.000,0.000,0.000,0.000,,production,OP
2013-08-02,15/9-F-12,0.000,0.000,0.000,2.060,0.000,0.000,0.000,0.000,,production,OP
2013-08-03,15/9-F-12,15.977,0.000,0.000,34.894,55.941,313.040,47070.980,3291.960,,production,OP
2013-08-04,15/9-F-12,24.000,0.000,0.000,33.300,97.854,521.180,78791.280,5309.320,,production,OP
2013-08-05,15/9-F-12,24.000,0.000,0.000,33.230,97.847,533.550,80701.050,5343.710,,production,OP
2013-08-06,15/9-F-12,24.000,0.000,0.000,33.011,99.998,540.260,81231.720,5362.740,,production,OP
2013-08-07,15/9-F-12,24.000,0.000,0.000,32.993,100.000,547.920,82054.710,5375.710,,production,OP
2013-08-08,15/9-F-12,24.000,0.000,0.000,33.035,100.000,544.360,81730.850,5414.140,,production,OP
2013-08-09,15/9-F-12,24.000,0.000,0.000,33.224,100.000,539.320,81447.880,5401.060,,production,OP
2013-08-10,15/9-F-12,24.000,0.000,0.000,33.163,100.000,540.290,81778.510,5405.780,,production,OP
2013-08-11,15/9-F-12,24.000,0.000,0.000,33.638,99.945,531.820,80772.940,5356.000,,production,OP
2013-08-12,15/9-F-12,24.000,0.000,0.000,33.664,99.992,527.030,80701.910,5369.920,,production,OP
2013-08-13,15/9-F-12,24.000,0.000,0.000,33.368,99.976,531.690,81009.320,5345.720,,production,OP
2013-08-14,15/9-F-12,24.000,0.000,0.000,33.291,99.958,534.080,81046.170,5315.140,,production,OP
2013-08-15,15/9-F-12,24.000,0.000,0.000,33.624,99.884,530.290,80700.980,5328.420,,production,OP
2013-08-16,15/9-F-12,24.000,0.000,0.000,33.401,99.974,540.400,81588.210,5340.050,,production,OP
2013-08-17,15/9-F-12,24.000,0.000,0.000,33.667,99.903,531.720,80747.570,5365.920,,production,OP
2013-08-18,15/9-F-12,24.000,0.000,0.000,33.627,100.000,533.770,81147.160,5357.830,,production,OP
2013-08-19,15/9-F-12,24.000,0.000,0.000,33.443,100.000,552.660,83690.030,5330.780,,production,OP
2013-08-20,15/9-F-12,24.000,0.000,0.000,33.493,100.000,544.620,82999.340,5337.300,,production,OP
2013-08-21,15/9-F-12,24.000,0.000,0.000,33.451,100.000,534.430,81456.470,5176.340,,production,OP
2013-08-22,15/9-F-12,24.000,0.000,0.000,33.467,97.917,528.120,80153.750,5376.760,,production,OP
2013-08-23,15/9-F-12,24.000,0.000,0.000,33.385,100.000,529.890,81134.600,5169.210,,production,OP
2013-08-24,15/9-F-12,24.000,0.000,0.000,33.479,100.000,528.260,81024.280,5321.330,,production,OP
2013-08-25,15/9-F-12,24.000,0.000,0.000,33.374,100.000,525.740,80327.370,5314.360,,production,OP
2013-08-26,15/9-F-12,24.000,0.000,0.000,33.475,100.000,522.010,79747.270,5315.490,,production,OP
2013-08-27,15/9-F-12,24.000,0.000,0.000,33.625,100.000,565.250,88108.410,5313.500,,production,OP
2013-08-28,15/9-F-12,24.000,0.000,0.000,33.232,99.998,487.720,87071.550,5562.800,,production,OP
2013-08-29,15/9-F-12,24.000,0.000,0.000,33.348,99.988,490.270,88036.980,5331.640,,production,OP
2013-08-30,15/9-F-12,24.000,0.000,0.000,33.568,99.990,496.780,88713.540,5402.070,,production,OP
2013-08-31,15/9-F-12,24.000,0.000,0.000,33.233,99.983,500.710,89256.660,5359.910,,production,OP
2013-09-01,15/9-F-12,24.000,0.000,0.000,33.349,99.972,501.000,89606.150,5267.240,,production,OP
2013-09-02,15/9-F-12,24.000,0.000,0.000,33.595,99.998,520.460,91555.080,5232.330,,production,OP
2013-09-03,15/9-F-12,24.000,0.000,0.000,33.603,99.990,524.590,81710.380,5152.660,,production,OP
2013-09-04,15/9-F-12,24.000,0.000,0.000,33.785,99.995,528.030,82286.330,5381.650,,production,OP
2013-09-05,15/9-F-12,24.000,0.000,0.000,38.643,76.877,414.290,64157.930,4426.520,,production,OP
2013-09-06,15/9-F-12,24.000,0.000,0.000,45.703,45.577,260.200,39757.300,3143.580,,production,OP
2013-09-07,15/9-F-12,24.000,0.000,0.000,45.709,45.544,258.920,39549.680,3160.870,,production,OP
2013-09-08,15/9-F-12,24.000,0.000,0.000,45.500,45.548,257.430,39160.980,3152.090,,production,OP
2013-09-09,15/9-F-12,24.000,0.000,0.000,45.358,45.569,259.060,39528.880,3147.960,,production,OP
2013-09-10,15/9-F-12,24.000,0.000,0.000,45.271,45.529,253.660,38668.270,3139.560,,production,OP
2013-09-11,15/9-F-12,24.000,0.000,0.000,45.104,45.563,249.960,38198.160,3126.290,,production,OP
2013-09-12,15/9-F-12,18.642,0.000,0.000,44.939,35.865,204.820,31987.390,2463.140,,production,OP
2013-09-13,15/9-F-12,0.000,0.000,0.000,0.747,2.235,0.000,0.000,0.000,,production,OP
2013-09-14,15/9-F-12,7.000,0.000,0.000,43.940,10.686,38.350,5498.080,1015.630,,production,OP
2013-09-15,15/9-F-12,24.000,0.000,0.000,32.095,93.949,434.550,66623.500,5272.380,,production,OP
2013-09-16,15/9-F-12,22.500,0.000,0.000,35.600,80.401,397.030,61274.910,4184.770,,production,OP
2013-09-17,15/9-F-12,24.000,0.000,0.000,32.844,99.329,494.200,76421.310,4948.500,,production,OP
2013-09-18,15/9-F-12,10.642,0.000,0.000,33.226,43.785,198.180,31287.060,2036.500,,production,OP
2013-09-20,15/9-F-12,16.310,0.000,0.000,31.375,54.953,184.800,27743.810,2546.070,,production,OP
2013-09-21,15/9-F-12,9.558,0.000,0.000,33.491,38.421,123.620,19561.820,1218.250,,production,OP
2013-09-22,15/9-F-12,24.000,0.000,0.000,32.373,93.724,383.410,58823.800,4465.600,,production,OP
2013-09-23,15/9-F-12,24.000,0.000,0.000,32.372,99.399,492.620,75611.160,4988.280,,production,OP
2013-09-24,15/9-F-12,24.000,0.000,0.000,32.525,99.329,408.260,62907.160,4742.580,,production,OP
2013-09-25,15/9-F-12,24.000,0.000,0.000,32.545,99.365,410.280,63325.400,4742.660,,production,OP
2013-09-26,15/9-F-12,24.000,0.000,0.000,32.521,99.407,411.890,63553.370,4756.800,,production,OP
2013-09-27,15/9-F-12,8.308,0.000,0.000,42.635,19.699,64.360,10647.760,841.380,,production,OP
2013-09-28,15/9-F-12,17.025,0.000,0.000,35.687,54.217,206.410,32375.820,2454.870,,production,OP
2013-09-29,15/9-F-12,24.000,0.000,0.000,32.642,99.151,367.220,56883.750,4916.330,,production,OP
2013-09-30,15/9-F-12,24.000,0.000,0.000,32.944,99.165,375.930,58114.070,4753.920,,production,OP
2013-10-01,15/9-F-12,24.000,0.000,0.000,32.964,99.164,375.710,57998.730,5739.580,,production,OP
2013-10-02,15/9-F-12,24.000,0.000,0.000,33.051,99.170,295.030,45600.830,5185.030,,production,OP
2013-10-03,15/9-F-12,24.000,0.000,0.000,33.066,99.162,293.470,45544.660,4821.690,,production,OP
2013-10-04,15/9-F-12,24.000,0.000,0.000,33.048,99.226,292.860,45402.640,4701.970,,production,OP
2013-10-05,15/9-F-12,24.000,0.000,0.000,32.690,99.437,296.710,45599.610,4760.730,,production,OP
2013-10-06,15/9-F-12,24.000,0.000,0.000,32.903,99.611,298.710,45849.470,4668.850,,production,OP
2013-10-07,15/9-F-12,24.000,0.000,0.000,32.879,97.595,298.450,46032.660,4865.450,,production,OP
2013-10-08,15/9-F-12,24.000,0.000,0.000,32.824,99.773,295.290,45517.850,4845.540,,production,OP
2013-10-09,15/9-F-12,24.000,0.000,0.000,32.663,99.744,292.160,45157.330,4698.480,,production,OP
2013-10-10,15/9-F-12,24.000,0.000,0.000,32.695,99.738,292.900,45090.810,4753.260,,production,OP
2013-10-11,15/9-F-12,12.308,0.000,0.000,33.250,54.534,163.080,25192.350,2536.030,,production,OP
2013-10-12,15/9-F-12,8.858,0.000,0.000,37.157,26.852,99.760,16125.780,1967.390,,production,OP
2013-10-13,15/9-F-12,24.000,0.000,0.000,32.112,99.054,279.170,43207.320,4869.510,,production,OP
2013-10-14,15/9-F-12,24.000,0.000,0.000,32.806,99.544,279.230,43371.540,4740.200,,production,OP
2013-10-15,15/9-F-12,24.000,0.000,0.000,32.870,97.540,280.730,43402.900,4737.670,,production,OP
2013-10-16,15/9-F-12,24.000,0.000,0.000,32.814,99.619,283.090,43785.590,4783.940,,production,OP
2013-10-17,15/9-F-12,24.000,0.000,0.000,32.547,100.000,288.490,44749.050,4838.120,,production,OP
2013-10-18,15/9-F-12,24.000,0.000,0.000,32.562,99.588,284.860,44025.760,4845.530,,production,OP
2013-10-19,15/9-F-12,24.000,0.000,0.000,33.068,99.517,282.540,43648.880,4818.020,,production,OP
2013-10-20,15/9-F-12,24.000,0.000,0.000,33.088,99.501,287.520,44858.050,4800.310,,production,OP
2013-10-21,15/9-F-12,24.000,0.000,0.000,33.038,99.492,282.060,44082.240,4801.950,,production,OP
2013-10-22,15/9-F-12,24.000,0.000,0.000,33.040,99.625,285.590,44176.620,4813.630,,production,OP
2013-10-23,15/9-F-12,24.000,0.000,0.000,32.900,99.666,285.870,44095.150,4823.070,,production,OP
2013-10-24,15/9-F-12,24.000,0.000,0.000,32.795,97.703,286.930,44205.770,4823.410,,production,OP
2013-10-25,15/9-F-12,24.000,0.000,0.000,32.926,99.691,286.030,44107.490,4778.620,,production,OP
2013-10-26,15/9-F-12,24.000,0.000,0.000,32.890,99.726,285.360,43883.410,4800.710,,production,OP
2013-10-27,15/9-F-12,24.142,0.000,0.000,33.459,95.092,280.980,43383.870,4798.500,,production,OP
2013-10-28,15/9-F-12,10.192,0.000,0.000,32.606,35.227,141.140,22015.930,1913.510,,production,OP
2013-10-29,15/9-F-12,13.475,0.000,0.000,32.190,60.037,181.220,28095.720,2808.380,,production,OP
2013-10-30,15/9-F-12,11.025,0.000,0.000,34.664,34.692,153.260,22928.830,2415.750,,production,OP
2013-10-31,15/9-F-12,24.000,0.000,0.000,32.459,100.000,276.810,42446.660,4779.790,,production,OP
2013-11-01,15/9-F-12,24.000,0.000,0.000,32.638,99.191,281.100,43128.590,4714.810,,production,OP
2013-11-02,15/9-F-12,24.000,0.000,0.000,32.618,99.120,289.260,42764.250,5262.040,,production,OP
2013-11-03,15/9-F-12,16.333,0.000,0.000,33.564,59.913,204.440,31445.720,3614.790,,production,OP
2013-11-04,15/9-F-12,8.308,0.000,0.000,37.130,27.139,56.860,8439.000,1182.220,,production,OP
2013-11-05,15/9-F-12,0.000,0.000,0.000,61.621,17.205,0.000,0.000,0.000,,production,OP
2013-11-06,15/9-F-12,0.000,0.000,0.000,56.080,22.202,0.000,0.000,0.000,,production,OP
2013-11-07,15/9-F-12,24.000,0.000,0.000,31.757,100.000,148.580,22562.470,3400.390,,production,OP
2013-11-08,15/9-F-12,24.000,0.000,0.000,32.204,99.445,259.940,39713.400,4553.790,,production,OP
2013-11-09,15/9-F-12,24.000,0.000,0.000,32.066,99.436,256.510,39269.090,4514.810,,production,OP
2013-11-10,15/9-F-12,24.000,0.000,0.000,32.127,99.383,255.680,39394.520,4582.150,,production,OP
2013-11-11,15/9-F-12,24.000,0.000,0.000,35.930,78.660,228.510,34677.510,4144.540,,production,OP
2013-11-12,15/9-F-12,24.000,0.000,0.000,32.693,98.987,273.470,41613.230,4591.030,,production,OP
2013-11-13,15/9-F-12,24.000,0.000,0.000,32.645,99.618,271.330,41464.200,4572.440,,production,OP
2013-11-14,15/9-F-12,24.000,0.000,0.000,32.472,99.696,274.550,42323.050,4513.540,,production,OP
2013-11-15,15/9-F-12,24.000,0.000,0.000,32.564,99.796,277.470,42629.630,4434.360,,production,OP
2013-11-16,15/9-F-12,24.000,0.000,0.000,32.663,99.750,280.210,42722.850,4430.950,,production,OP
2013-11-17,15/9-F-12,24.000,0.000,0.000,32.598,99.601,272.160,41763.900,4408.280,,production,OP
2013-11-18,15/9-F-12,24.000,0.000,0.000,32.552,99.664,272.090,41984.250,4386.520,,production,OP
2013-11-19,15/9-F-12,24.000,0.000,0.000,32.473,99.616,267.040,41351.920,4436.040,,production,OP
2013-11-20,15/9-F-12,24.000,0.000,0.000,32.738,99.621,273.730,42421.440,4385.600,,production,OP
2013-11-21,15/9-F-12,24.000,0.000,0.000,32.529,99.679,274.090,42237.380,4517.500,,production,OP
2013-11-22,15/9-F-12,24.000,0.000,0.000,32.382,99.744,277.750,42741.000,4660.320,,production,OP
2013-11-23,15/9-F-12,24.000,0.000,0.000,32.373,99.732,273.880,42012.510,4669.750,,production,OP
2013-11-24,15/9-F-12,24.000,0.000,0.000,32.452,99.629,271.590,42245.200,4693.140,,production,OP
2013-11-25,15/9-F-12,24.000,0.000,0.000,32.423,99.702,271.850,42340.080,4699.310,,production,OP
2013-11-26,15/9-F-12,24.000,0.000,0.000,32.599,99.808,272.840,42534.860,4698.380,,production,OP
2013-11-27,15/9-F-12,24.000,0.000,0.000,32.424,99.718,272.370,42317.170,4840.640,,production,OP
2013-11-28,15/9-F-12,24.000,0.000,0.000,32.423,99.680,271.910,42369.520,4675.530,,production,OP
2013-11-29,15/9-F-12,24.000,0.000,0.000,32.573,99.593,270.190,42231.310,4692.260,,production,OP
2013-11-30,15/9-F-12,24.000,0.000,0.000,32.460,99.587,271.160,42264.180,4718.060,,production,OP
2013-12-01,15/9-F-12,24.000,0.000,0.000,32.397,99.600,271.620,42186.030,4680.420,,production,OP
2013-12-02,15/9-F-12,24.000,0.000,0.000,32.711,99.691,281.460,43637.160,4898.970,,production,OP
2013-12-03,15/9-F-12,24.000,0.000,0.000,32.651,99.697,280.770,43239.470,4559.790,,production,OP
2013-12-04,15/9-F-12,24.000,0.000,0.000,32.500,99.558,271.960,41522.140,4565.030,,production,OP
2013-12-05,15/9-F-12,23.392,0.000,0.000,33.177,95.568,264.790,41050.580,4322.850,,production,OP
2013-12-06,15/9-F-12,10.275,0.000,0.000,32.190,52.907,106.820,17157.900,2329.900,,production,OP
2013-12-07,15/9-F-12,24.000,0.000,0.000,32.202,99.224,251.570,39497.780,4448.560,,production,OP
2013-12-08,15/9-F-12,24.000,0.000,0.000,32.341,99.683,264.780,41437.540,4465.290,,production,OP
2013-12-09,15/9-F-12,9.225,0.000,0.000,32.414,44.639,105.280,16594.710,1772.820,,production,OP
2013-12-10,15/9-F-12,14.500,0.000,0.000,32.800,72.216,154.420,22975.700,3920.940,,production,OP
2013-12-11,15/9-F-12,0.000,0.000,0.000,25.898,3.587,0.000,0.000,0.000,,production,OP
2013-12-12,15/9-F-12,24.000,0.000,0.000,31.922,95.403,209.170,33320.930,4666.820,,production,OP
2013-12-13,15/9-F-12,8.058,0.000,0.000,32.547,33.907,135.680,22774.540,2923.130,,production,OP
2013-12-14,15/9-F-12,20.275,0.000,0.000,32.289,100.000,215.120,33445.880,4195.220,,production,OP
2013-12-15,15/9-F-12,18.392,0.000,0.000,32.984,90.788,208.640,32624.590,4105.880,,production,OP
2013-12-16,15/9-F-12,24.000,0.000,0.000,32.743,100.000,253.670,39168.610,4686.250,,production,OP
2013-12-17,15/9-F-12,24.000,0.000,0.000,32.756,100.000,284.010,43589.600,4582.570,,production,OP
2013-12-18,15/9-F-12,24.000,0.000,0.000,32.887,100.000,275.190,42532.940,4614.640,,production,OP
2013-12-19,15/9-F-12,24.000,0.000,0.000,32.843,100.000,274.850,42441.900,4621.150,,production,OP
2013-12-20,15/9-F-12,13.475,0.000,0.000,33.300,71.485,151.550,22187.420,3042.360,,production,OP
2013-12-21,15/9-F-12,24.000,0.000,0.000,32.834,99.808,259.980,40805.220,4637.570,,production,OP
2013-12-22,15/9-F-12,24.000,0.000,0.000,32.801,100.000,276.480,42797.360,4647.110,,production,OP
2013-12-23,15/9-F-12,24.000,0.000,0.000,32.936,99.803,274.740,42528.060,4680.900,,production,OP
2013-12-24,15/9-F-12,24.000,0.000,0.000,32.999,99.801,274.490,42477.520,4794.060,,production,OP
2013-12-25,15/9-F-12,24.000,0.000,0.000,33.058,99.911,282.760,43702.080,4669.520,,production,OP
2013-12-26,15/9-F-12,21.142,0.000,0.000,33.369,86.903,240.710,37720.680,4037.870,,production,OP
2013-12-27,15/9-F-12,16.000,0.000,0.000,34.312,64.353,154.550,25280.040,3023.070,,production,OP
2013-12-28,15/9-F-12,24.000,0.000,0.000,33.012,99.397,268.240,41859.950,4609.520,,production,OP
2013-12-29,15/9-F-12,24.000,0.000,0.000,32.373,99.468,273.760,42372.830,4663.070,,production,OP
2013-12-30,15/9-F-12,24.000,0.000,0.000,32.894,99.446,273.250,42356.030,4645.610,,production,OP
2013-12-31,15/9-F-12,22.667,0.000,0.000,36.184,80.490,239.210,38103.340,4048.370,,production,OP
2014-01-01,15/9-F-12,24.000,0.000,0.000,32.844,99.147,276.250,43268.980,4858.050,,production,OP
2014-01-02,15/9-F-12,24.000,0.000,0.000,32.979,99.306,275.190,42627.150,4749.760,,production,OP
2014-01-03,15/9-F-12,24.000,0.000,0.000,37.815,76.352,232.870,36286.840,4095.270,,production,OP
2014-01-04,15/9-F-12,13.975,0.000,0.000,36.678,49.281,171.120,26607.840,2697.100,,production,OP
2014-01-05,15/9-F-12,5.192,0.000,0.000,35.350,17.142,51.310,8248.860,1406.060,,production,OP
2014-01-06,15/9-F-12,24.000,0.000,0.000,32.311,98.889,260.470,40551.430,4812.540,,production,OP
2014-01-07,15/9-F-12,24.000,0.000,0.000,32.738,98.949,269.880,42187.240,4512.670,,production,OP
2014-01-08,15/9-F-12,24.000,0.000,0.000,32.520,99.168,281.940,43513.920,4660.420,,production,OP
2014-01-09,15/9-F-12,24.000,0.000,0.000,32.309,99.171,275.230,42627.900,4592.620,,production,OP
2014-01-10,15/9-F-12,24.000,0.000,0.000,32.294,99.231,275.860,42533.230,4590.650,,production,OP
2014-01-11,15/9-F-12,24.000,0.000,0.000,32.283,99.162,274.600,42303.550,4511.310,,production,OP
2014-01-12,15/9-F-12,24.000,0.000,0.000,32.405,99.184,273.450,42278.900,4399.340,,production,OP
2014-01-13,15/9-F-12,24.000,0.000,0.000,32.671,99.128,275.890,42818.860,4538.730,,production,OP
2014-01-14,15/9-F-12,24.000,0.000,0.000,32.723,99.162,269.080,41669.750,4678.580,,production,OP
2014-01-15,15/9-F-12,24.000,0.000,0.000,39.672,67.098,213.770,33276.440,3755.700,,production,OP
2014-01-16,15/9-F-12,24.000,0.000,0.000,44.573,46.570,203.720,30405.290,3384.200,,production,OP
2014-01-17,15/9-F-12,24.000,0.000,0.000,33.151,96.862,269.910,40074.020,4523.610,,production,OP
2014-01-18,15/9-F-12,10.142,0.000,0.000,33.460,46.985,83.390,12611.330,1613.290,,production,OP
2014-01-19,15/9-F-12,0.000,0.000,0.000,19.177,25.309,0.000,0.000,0.000,,production,OP
2014-01-20,15/9-F-12,0.000,0.000,0.000,24.499,24.791,0.000,0.000,0.000,,production,OP
2014-01-21,15/9-F-12,0.000,0.000,0.000,26.272,25.314,0.000,0.000,0.000,,production,OP
2014-01-22,15/9-F-12,0.000,0.000,0.000,28.513,25.352,0.000,0.000,0.000,,production,OP
2014-01-23,15/9-F-12,0.000,0.000,0.000,31.562,25.363,0.000,0.000,0.000,,production,OP
2014-01-24,15/9-F-12,4.192,0.000,0.000,41.526,23.103,23.510,3384.110,471.640,,production,OP
2014-01-25,15/9-F-12,13.475,0.000,0.000,42.522,29.444,111.810,16504.840,1981.080,,production,OP
2014-01-26,15/9-F-12,24.000,0.000,0.000,45.315,40.177,146.410,20945.070,3150.010,,production,OP
2014-01-27,15/9-F-12,21.833,0.000,0.000,45.241,35.551,152.650,21067.400,3032.590,,production,OP
2014-01-28,15/9-F-12,9.642,0.000,0.000,46.563,35.489,71.220,10293.640,1389.390,,production,OP
2014-01-29,15/9-F-12,2.000,0.000,0.000,53.444,5.335,3.990,586.410,55.230,,production,OP
2014-01-31,15/9-F-12,21.692,0.000,0.000,32.923,100.000,253.720,39522.720,4570.420,,production,OP
2014-02-01,15/9-F-12,24.000,0.000,0.000,32.199,97.170,242.400,36929.330,4844.610,,production,OP
2014-02-02,15/9-F-12,24.000,0.000,0.000,32.977,97.359,249.210,37171.370,4896.260,,production,OP
2014-02-03,15/9-F-12,24.000,0.000,0.000,32.681,97.382,250.290,37120.060,4815.290,,production,OP
2014-02-04,15/9-F-12,24.000,0.000,0.000,32.661,97.406,249.140,36971.140,4816.710,,production,OP
2014-02-05,15/9-F-12,24.000,0.000,0.000,32.768,97.472,249.990,37034.430,4782.870,,production,OP
2014-02-06,15/9-F-12,7.900,0.000,0.000,34.413,53.528,129.540,19836.230,1843.980,,production,OP
2014-02-08,15/9-F-12,6.500,0.000,0.000,31.653,17.574,37.320,5467.200,412.450,,production,OP
2014-02-09,15/9-F-12,24.000,0.000,0.000,32.236,99.945,246.210,36916.230,4568.550,,production,OP
2014-02-10,15/9-F-12,4.000,0.000,0.000,32.777,17.524,25.890,4151.330,562.930,,production,OP
2014-02-11,15/9-F-12,0.000,0.000,0.000,0.389,0.623,0.000,0.000,0.000,,production,OP
2014-02-12,15/9-F-12,22.500,0.000,0.000,33.529,84.606,227.190,34644.750,4426.630,,production,OP
2014-02-13,15/9-F-12,24.000,0.000,0.000,33.136,100.000,261.340,39595.090,4702.650,,production,OP
2014-02-14,15/9-F-12,24.000,0.000,0.000,32.933,100.000,265.940,40195.090,4792.390,,production,OP
2014-02-15,15/9-F-12,24.000,0.000,0.000,38.829,72.034,219.140,32951.900,3988.560,,production,OP
2014-02-16,15/9-F-12,24.000,0.000,0.000,32.756,99.728,266.270,40069.250,4788.290,,production,OP
2014-02-17,15/9-F-12,24.000,0.000,0.000,32.731,100.000,269.760,41173.570,4822.190,,production,OP
2014-02-18,15/9-F-12,17.000,0.000,0.000,33.305,62.155,188.330,29814.320,3440.500,,production,OP
2014-02-19,15/9-F-12,24.000,0.000,0.000,32.759,100.000,266.530,40492.750,4947.360,,production,OP
2014-02-20,15/9-F-12,24.000,0.000,0.000,33.225,100.000,273.390,41393.060,4777.290,,production,OP
2014-02-21,15/9-F-12,24.000,0.000,0.000,33.346,100.000,276.260,41899.650,4889.520,,production,OP
2014-02-22,15/9-F-12,24.000,0.000,0.000,33.257,100.000,280.320,42249.120,5003.190,,production,OP
2014-02-23,15/9-F-12,24.000,0.000,0.000,33.211,100.000,275.250,41872.740,4911.060,,production,OP
2014-02-24,15/9-F-12,24.000,0.000,0.000,33.015,100.000,276.340,41679.100,4654.950,,production,OP
2014-02-25,15/9-F-12,24.000,0.000,0.000,32.951,100.000,269.440,40754.850,4638.200,,production,OP
2014-02-26,15/9-F-12,24.000,0.000,0.000,33.004,100.000,269.070,40542.070,4673.490,,production,OP
2014-02-27,15/9-F-12,24.000,0.000,0.000,32.999,100.000,266.840,40387.270,4652.080,,production,OP
2014-02-28,15/9-F-12,24.000,0.000,0.000,32.881,100.000,270.000,40655.110,4645.860,,production,OP
2014-03-01,15/9-F-12,24.000,0.000,0.000,32.914,100.000,262.880,39718.980,4664.630,,production,OP
2014-03-02,15/9-F-12,24.000,0.000,0.000,33.001,100.000,262.860,40170.790,4673.850,,production,OP
2014-03-03,15/9-F-12,24.000,0.000,0.000,32.821,97.917,270.420,41020.320,4652.160,,production,OP
2014-03-04,15/9-F-12,24.000,0.000,0.000,32.781,100.000,264.680,40254.760,4825.410,,production,OP
2014-03-05,15/9-F-12,24.000,0.000,0.000,32.745,100.000,266.650,40366.910,4544.460,,production,OP
2014-03-06,15/9-F-12,24.000,0.000,0.000,32.785,100.000,268.370,40309.100,4545.900,,production,OP
2014-03-07,15/9-F-12,24.000,0.000,0.000,32.670,100.000,260.520,39696.490,4574.460,,production,OP
2014-03-08,15/9-F-12,24.000,0.000,0.000,32.802,100.000,258.630,38699.730,4569.440,,production,OP
2014-03-09,15/9-F-12,24.000,0.000,0.000,32.772,100.000,260.250,39055.260,4575.640,,production,OP
2014-03-10,15/9-F-12,24.000,0.000,0.000,32.354,100.000,258.200,38869.580,4624.950,,production,OP
2014-03-11,15/9-F-12,24.000,0.000,0.000,32.697,100.000,255.860,38467.370,4626.950,,production,OP
2014-03-12,15/9-F-12,24.000,0.000,0.000,33.079,100.000,254.220,38116.990,4587.750,,production,OP
2014-03-13,15/9-F-12,24.000,0.000,0.000,32.495,97.917,255.140,38350.410,5230.650,,production,OP
2014-03-14,15/9-F-12,24.000,0.000,0.000,32.611,100.000,253.390,38281.750,4748.280,,production,OP
2014-03-15,15/9-F-12,24.000,0.000,0.000,32.296,100.000,253.680,37956.040,4822.300,,production,OP
2014-03-16,15/9-F-12,24.000,0.000,0.000,32.301,100.000,251.390,37981.510,4915.370,,production,OP
2014-03-17,15/9-F-12,24.000,0.000,0.000,32.224,100.000,252.820,37932.190,4921.530,,production,OP
2014-03-18,15/9-F-12,24.000,0.000,0.000,32.368,100.000,249.780,37990.960,4828.580,,production,OP
2014-03-19,15/9-F-12,24.000,0.000,0.000,37.994,65.696,203.750,30503.990,3733.710,,production,OP
2014-03-20,15/9-F-12,24.000,0.000,0.000,34.323,90.336,240.810,36304.360,4399.490,,production,OP
2014-03-21,15/9-F-12,24.000,0.000,0.000,32.861,100.000,252.330,38243.940,4637.270,,production,OP
2014-03-22,15/9-F-12,12.392,0.000,0.000,32.737,52.925,155.750,23842.740,2593.720,,production,OP
2014-03-23,15/9-F-12,24.000,0.000,0.000,32.937,94.352,220.760,34405.990,4556.930,,production,OP
2014-03-24,15/9-F-12,6.558,0.000,0.000,33.513,26.649,89.410,15357.850,1609.460,,production,OP
2014-03-25,15/9-F-12,7.775,0.000,0.000,39.953,16.339,48.290,6960.010,1664.340,,production,OP
2014-03-26,15/9-F-12,24.000,0.000,0.000,32.846,99.622,269.000,40602.200,4770.160,,production,OP
2014-03-27,15/9-F-12,10.558,0.000,0.000,33.250,51.068,89.600,13841.670,2269.680,,production,OP
2014-03-28,15/9-F-12,6.499,0.000,0.000,40.415,18.004,20.580,3416.550,493.100,,production,OP
2014-03-29,15/9-F-12,13.942,0.000,0.000,38.347,53.260,103.600,16690.600,2382.290,,production,OP
2014-03-30,15/9-F-12,23.000,0.000,0.000,31.832,97.826,234.420,35127.580,4563.640,,production,OP
2014-03-31,15/9-F-12,24.000,0.000,0.000,32.074,99.997,247.620,37534.560,4745.080,,production,OP
2014-04-01,15/9-F-12,24.000,0.000,0.000,32.183,99.975,246.510,37248.290,4765.390,,production,OP
2014-04-02,15/9-F-12,24.000,0.000,0.000,32.194,99.977,247.150,37224.110,4783.940,,production,OP
2014-04-03,15/9-F-12,24.000,0.000,0.000,32.412,99.972,248.030,37366.850,4805.620,,production,OP
2014-04-04,15/9-F-12,24.000,0.000,0.000,32.577,99.964,206.640,31473.770,5324.800,,production,OP
2014-04-05,15/9-F-12,24.000,0.000,0.000,32.568,99.943,210.290,31878.770,5367.460,,production,OP
2014-04-06,15/9-F-12,18.058,0.000,0.000,32.799,74.435,171.100,26458.650,4142.760,,production,OP
2014-04-07,15/9-F-12,5.000,0.000,0.000,34.457,10.995,12.440,1947.910,352.230,,production,OP
2014-04-08,15/9-F-12,24.000,0.000,0.000,31.726,99.902,198.500,30469.490,5153.940,,production,OP
2014-04-09,15/9-F-12,24.000,0.000,0.000,32.148,99.964,209.390,31793.300,5151.320,,production,OP
2014-04-10,15/9-F-12,21.960,0.000,0.000,32.314,82.836,202.460,32969.590,4900.960,,production,OP
2014-04-11,15/9-F-12,24.000,0.000,0.000,32.410,99.951,213.710,32355.510,5169.150,,production,OP
2014-04-12,15/9-F-12,24.000,0.000,0.000,32.728,99.985,213.390,32345.620,5162.140,,production,OP
2014-04-13,15/9-F-12,24.000,0.000,0.000,32.371,99.924,210.650,32061.840,5203.530,,production,OP
2014-04-14,15/9-F-12,24.000,0.000,0.000,32.382,97.797,215.160,32645.810,5223.190,,production,OP
2014-04-15,15/9-F-12,24.000,0.000,0.000,32.449,99.847,210.760,31993.650,5227.060,,production,OP
2014-04-16,15/9-F-12,24.000,0.000,0.000,32.805,99.825,210.380,32139.680,5228.240,,production,OP
2014-04-17,15/9-F-12,24.000,0.000,0.000,32.597,99.924,213.000,32239.550,5223.160,,production,OP
2014-04-18,15/9-F-12,24.000,0.000,0.000,32.462,99.969,210.990,32116.800,5232.140,,production,OP
2014-04-19,15/9-F-12,24.000,0.000,0.000,32.542,99.808,211.190,31954.030,5243.690,,production,OP
2014-04-20,15/9-F-12,24.000,0.000,0.000,32.524,99.821,209.660,31739.110,5239.800,,production,OP
2014-04-21,15/9-F-12,24.000,0.000,0.000,42.451,58.247,169.260,26266.340,3904.870,,production,OP
2014-04-22,15/9-F-12,24.000,0.000,0.000,50.739,35.053,137.800,19735.050,2986.690,,production,OP
2014-04-23,15/9-F-12,24.000,0.000,0.000,47.292,40.930,151.040,21458.080,3479.230,,production,OP
2014-04-24,15/9-F-12,24.000,0.000,0.000,40.997,51.555,200.670,28707.400,4340.920,,production,OP
2014-04-25,15/9-F-12,24.000,0.000,0.000,40.605,49.299,163.060,23251.900,4134.720,,production,OP
2014-04-26,15/9-F-12,24.000,0.000,0.000,38.493,59.845,173.540,24837.240,4420.450,,production,OP
2014-04-27,15/9-F-12,24.000,0.000,0.000,32.795,99.976,213.480,30766.980,5263.790,,production,OP
2014-04-28,15/9-F-12,24.000,0.000,0.000,32.648,99.940,212.630,30482.510,5235.240,,production,OP
2014-04-29,15/9-F-12,24.000,0.000,0.000,32.746,99.812,202.330,29238.930,5238.200,,production,OP
2014-04-30,15/9-F-12,24.000,0.000,0.000,32.551,99.888,196.800,28438.240,5240.190,,production,OP
2014-05-01,15/9-F-12,24.000,0.000,0.000,32.688,99.783,194.260,27966.390,5228.850,,production,OP
2014-05-02,15/9-F-12,24.000,0.000,0.000,32.650,99.845,193.480,27898.360,5204.550,,production,OP
2014-05-03,15/9-F-12,24.000,0.000,0.000,32.563,99.885,193.050,27350.410,5243.660,,production,OP
2014-05-04,15/9-F-12,24.000,0.000,0.000,32.707,99.766,191.080,27450.320,5245.190,,production,OP
2014-05-05,15/9-F-12,24.000,0.000,0.000,32.922,99.787,199.630,28902.690,5365.150,,production,OP
2014-05-06,15/9-F-12,24.000,0.000,0.000,32.902,99.828,196.510,28403.860,5373.310,,production,OP
2014-05-07,15/9-F-12,24.000,0.000,0.000,33.464,99.865,195.860,28575.910,5338.100,,production,OP
2014-05-08,15/9-F-12,14.492,0.000,0.000,34.771,59.646,105.510,14727.720,3335.920,,production,OP
2014-05-09,15/9-F-12,0.000,0.000,0.000,70.098,0.935,0.000,0.000,0.000,,production,OP
2014-05-10,15/9-F-12,0.000,0.000,0.000,68.758,1.057,0.000,0.000,0.000,,production,OP
2014-05-11,15/9-F-12,15.180,0.000,0.000,31.222,51.037,94.400,13497.800,2678.260,,production,OP
2014-05-12,15/9-F-12,24.000,0.000,0.000,31.561,99.968,175.820,25432.230,4736.550,,production,OP
2014-05-13,15/9-F-12,24.000,0.000,0.000,31.689,97.871,177.920,25733.390,4628.900,,production,OP
2014-05-14,15/9-F-12,24.000,0.000,0.000,31.105,97.887,180.260,26001.800,4496.530,,production,OP
2014-05-15,15/9-F-12,11.158,0.000,0.000,31.812,46.832,64.250,9220.540,1832.480,,production,OP
2014-05-16,15/9-F-12,0.000,0.000,0.000,35.765,9.369,0.000,0.000,0.000,,production,OP
2014-05-17,15/9-F-12,0.000,0.000,0.000,3.209,0.916,0.000,0.000,0.000,,production,OP
2014-05-18,15/9-F-12,0.000,0.000,0.000,51.304,9.993,0.000,0.000,0.000,,production,OP
2014-05-19,15/9-F-12,0.000,0.000,0.000,49.953,2.276,0.000,0.000,0.000,,production,OP
2014-05-20,15/9-F-12,0.000,0.000,0.000,45.963,1.062,0.000,0.000,0.000,,production,OP
2014-05-21,15/9-F-12,0.000,0.000,0.000,46.281,1.050,0.000,0.000,0.000,,production,OP
2014-05-22,15/9-F-12,0.000,0.000,0.000,46.641,1.635,0.000,0.000,0.000,,production,OP
2014-05-23,15/9-F-12,0.000,0.000,0.000,49.173,1.289,0.000,0.000,0.000,,production,OP
2014-05-24,15/9-F-12,0.000,0.000,0.000,51.605,1.276,0.000,0.000,0.000,,production,OP
2014-05-25,15/9-F-12,2.500,0.000,0.000,52.225,3.618,1.300,183.170,43.390,,production,OP
2014-05-26,15/9-F-12,24.000,0.000,0.000,38.827,60.233,144.140,21111.240,4259.980,,production,OP
2014-05-27,15/9-F-12,24.000,0.000,0.000,31.357,99.954,164.820,24371.200,5205.980,,production,OP
2014-05-28,15/9-F-12,24.000,0.000,0.000,31.381,99.987,189.100,27819.870,5081.040,,production,OP
2014-05-29,15/9-F-12,24.000,0.000,0.000,31.358,99.989,190.120,27976.080,5092.520,,production,OP
2014-05-30,15/9-F-12,24.000,0.000,0.000,31.507,99.967,191.250,28243.700,5138.900,,production,OP
2014-05-31,15/9-F-12,24.000,0.000,0.000,31.839,99.998,194.940,28797.320,5219.000,,production,OP
2014-06-01,15/9-F-12,24.000,0.000,0.000,32.034,99.933,196.080,28979.470,5261.520,,production,OP
2014-06-02,15/9-F-12,22.000,0.000,0.000,32.322,78.268,194.410,28860.260,4741.350,,production,OP
2014-06-03,15/9-F-12,24.000,0.000,0.000,32.425,99.949,194.940,28587.580,5338.860,,production,OP
2014-06-04,15/9-F-12,24.000,0.000,0.000,32.474,100.000,193.380,28517.780,5293.710,,production,OP
2014-06-05,15/9-F-12,24.000,0.000,0.000,32.406,100.000,204.210,30005.640,5302.870,,production,OP
2014-06-06,15/9-F-12,24.000,0.000,0.000,32.267,100.000,204.190,29532.130,5294.260,,production,OP
2014-06-07,15/9-F-12,24.000,0.000,0.000,32.293,100.000,205.560,29697.120,5293.330,,production,OP
2014-06-08,15/9-F-12,24.000,0.000,0.000,32.600,100.000,205.520,29742.550,5272.310,,production,OP
2014-06-09,15/9-F-12,24.000,0.000,0.000,32.421,100.000,231.660,33922.370,5310.310,,production,OP
2014-06-10,15/9-F-12,24.000,0.000,0.000,32.636,100.000,205.190,30205.950,5225.990,,production,OP
2014-06-11,15/9-F-12,24.000,0.000,0.000,32.582,100.000,205.710,30002.960,5045.960,,production,OP
2014-06-12,15/9-F-12,24.000,0.000,0.000,32.299,100.000,205.410,29746.030,5048.710,,production,OP
2014-06-13,15/9-F-12,24.000,0.000,0.000,32.264,100.000,193.500,28428.450,5041.780,,production,OP
2014-06-14,15/9-F-12,24.000,0.000,0.000,32.274,100.000,190.400,28119.740,4977.800,,production,OP
2014-06-15,15/9-F-12,24.000,0.000,0.000,32.270,100.000,190.810,28168.320,4978.240,,production,OP
2014-06-16,15/9-F-12,24.000,0.000,0.000,32.257,100.000,192.670,28274.180,4958.670,,production,OP
2014-06-17,15/9-F-12,24.000,0.000,0.000,32.222,100.000,188.430,27765.170,4941.760,,production,OP
2014-06-18,15/9-F-12,24.000,0.000,0.000,32.194,100.000,187.270,27537.260,4989.680,,production,OP
2014-06-19,15/9-F-12,24.000,0.000,0.000,32.214,100.000,186.050,27525.890,5179.110,,production,OP
2014-06-20,15/9-F-12,24.000,0.000,0.000,32.187,100.000,185.520,27376.250,4993.580,,production,OP
2014-06-21,15/9-F-12,24.000,0.000,0.000,32.172,100.000,184.040,27072.610,4933.400,,production,OP
2014-06-22,15/9-F-12,24.000,0.000,0.000,32.177,100.000,182.390,26582.120,5045.650,,production,OP
2014-06-23,15/9-F-12,24.000,0.000,0.000,32.504,100.000,179.370,26369.990,5010.680,,production,OP
2014-06-24,15/9-F-12,24.000,0.000,0.000,32.209,100.000,187.640,27550.700,5238.810,,production,OP
2014-06-25,15/9-F-12,24.000,0.000,0.000,32.204,100.000,196.910,29067.880,5264.070,,production,OP
2014-06-26,15/9-F-12,13.833,0.000,0.000,32.669,53.949,120.500,18057.570,3255.870,,production,OP
2014-06-27,15/9-F-12,23.500,0.000,0.000,35.180,84.623,173.730,26245.530,4773.030,,production,OP
2014-06-28,15/9-F-12,24.000,0.000,0.000,32.118,97.917,186.580,27938.740,5638.600,,production,OP
2014-06-29,15/9-F-12,24.000,0.000,0.000,32.079,97.917,187.260,28035.380,5196.920,,production,OP
2014-06-30,15/9-F-12,24.000,0.000,0.000,32.099,97.917,191.870,28818.120,5187.850,,production,OP
2014-07-01,15/9-F-12,24.000,0.000,0.000,32.114,100.000,186.830,27964.710,5068.400,,production,OP
2014-07-02,15/9-F-12,24.000,0.000,0.000,32.412,100.000,186.850,27936.400,5061.940,,production,OP
2014-07-03,15/9-F-12,24.000,0.000,0.000,32.439,100.000,187.020,27917.200,5069.620,,production,OP
2014-07-04,15/9-F-12,24.000,0.000,0.000,32.646,100.000,185.510,27702.710,5083.200,,production,OP
2014-07-05,15/9-F-12,24.000,0.000,0.000,32.423,100.000,185.200,27566.950,5102.590,,production,OP
2014-07-06,15/9-F-12,24.000,0.000,0.000,32.302,100.000,184.960,27530.160,5119.570,,production,OP
2014-07-07,15/9-F-12,24.000,0.000,0.000,32.442,100.000,188.380,28092.830,5033.010,,production,OP
2014-07-08,15/9-F-12,24.000,0.000,0.000,32.242,100.000,189.500,28202.170,5010.600,,production,OP
2014-07-09,15/9-F-12,24.000,0.000,0.000,32.228,100.000,188.900,28177.120,5007.600,,production,OP
2014-07-10,15/9-F-12,24.000,0.000,0.000,32.268,100.000,191.880,28651.790,4893.560,,production,OP
2014-07-11,15/9-F-12,24.000,0.000,0.000,32.299,100.000,192.490,28536.010,5823.760,,production,OP
2014-07-12,15/9-F-12,24.000,0.000,0.000,32.212,100.000,188.820,28080.590,4630.880,,production,OP
2014-07-13,15/9-F-12,24.000,0.000,0.000,32.056,100.000,188.110,27933.360,4585.410,,production,OP
2014-07-14,15/9-F-12,24.000,0.000,0.000,31.975,100.000,185.570,27569.540,4771.960,,production,OP
2014-07-15,15/9-F-12,24.000,0.000,0.000,32.052,100.000,189.030,27970.550,4775.010,,production,OP
2014-07-16,15/9-F-12,24.000,0.000,0.000,32.136,100.000,187.730,27907.760,4781.870,,production,OP
2014-07-17,15/9-F-12,24.000,0.000,0.000,32.137,100.000,187.620,27847.250,4769.290,,production,OP
2014-07-18,15/9-F-12,24.000,0.000,0.000,31.971,100.000,186.270,27719.560,4760.990,,production,OP
2014-07-19,15/9-F-12,24.000,0.000,0.000,32.211,100.000,185.940,27789.840,4759.920,,production,OP
2014-07-20,15/9-F-12,23.167,0.000,0.000,34.971,86.665,191.610,29591.020,4471.780,,production,OP
2014-07-21,15/9-F-12,24.000,0.000,0.000,32.334,99.783,191.450,28665.910,4894.810,,production,OP
2014-07-22,15/9-F-12,24.000,0.000,0.000,32.144,100.000,189.900,28071.710,4783.260,,production,OP
2014-07-23,15/9-F-12,24.000,0.000,0.000,32.304,100.000,188.170,28266.730,4727.220,,production,OP
2014-07-24,15/9-F-12,24.000,0.000,0.000,32.113,100.000,190.510,28476.100,4624.710,,production,OP
2014-07-25,15/9-F-12,24.000,0.000,0.000,32.222,100.000,189.060,28198.070,4631.530,,production,OP
2014-07-26,15/9-F-12,24.000,0.000,0.000,32.604,97.123,186.070,27908.650,4968.990,,production,OP
2014-07-27,15/9-F-12,24.000,0.000,0.000,32.224,100.000,189.060,28158.670,5199.990,,production,OP
2014-07-28,15/9-F-12,24.000,0.000,0.000,32.097,100.000,187.630,27996.660,5310.150,,production,OP
2014-07-29,15/9-F-12,24.000,0.000,0.000,32.270,100.000,186.180,27795.640,5287.000,,production,OP
2014-07-30,15/9-F-12,24.000,0.000,0.000,41.189,60.398,153.930,22732.240,4041.450,,production,OP
2014-07-31,15/9-F-12,24.000,0.000,0.000,32.234,98.101,181.660,27088.030,5264.310,,production,OP
2014-08-01,15/9-F-12,24.000,0.000,0.000,32.405,100.000,183.950,27419.240,5294.420,,production,OP
2014-08-02,15/9-F-12,24.000,0.000,0.000,32.474,100.000,184.750,27409.400,5294.720,,production,OP
2014-08-03,15/9-F-12,24.000,0.000,0.000,32.535,100.000,183.880,27560.940,5175.950,,production,OP
2014-08-04,15/9-F-12,24.000,0.000,0.000,32.613,100.000,186.960,27692.770,5094.160,,production,OP
2014-08-05,15/9-F-12,24.000,0.000,0.000,32.246,100.000,180.420,26678.380,5070.690,,production,OP
2014-08-06,15/9-F-12,24.000,0.000,0.000,32.384,100.000,180.220,26747.170,5053.070,,production,OP
2014-08-07,15/9-F-12,24.000,0.000,0.000,32.278,97.917,174.560,25916.230,5122.890,,production,OP
2014-08-08,15/9-F-12,24.000,0.000,0.000,32.237,97.917,173.470,25768.720,5181.660,,production,OP
2014-08-09,15/9-F-12,24.000,0.000,0.000,32.475,100.000,170.150,25401.630,5209.330,,production,OP
2014-08-10,15/9-F-12,24.000,0.000,0.000,32.568,97.917,170.250,25410.410,5280.510,,production,OP
2014-08-11,15/9-F-12,24.000,0.000,0.000,32.713,97.917,175.910,26488.790,5285.870,,production,OP
2014-08-12,15/9-F-12,24.000,0.000,0.000,32.806,100.000,175.230,27368.180,5254.650,,production,OP
2014-08-13,15/9-F-12,24.000,0.000,0.000,32.572,100.000,174.510,27750.720,5273.220,,production,OP
2014-08-14,15/9-F-12,24.000,0.000,0.000,32.228,100.000,175.420,27784.500,5263.620,,production,OP
2014-08-15,15/9-F-12,24.000,0.000,0.000,32.208,100.000,175.960,27496.550,5253.820,,production,OP
2014-08-16,15/9-F-12,24.000,0.000,0.000,32.476,100.000,175.160,26150.000,5221.690,,production,OP
2014-08-17,15/9-F-12,24.000,0.000,0.000,32.362,100.000,175.230,26180.780,5238.070,,production,OP
2014-08-18,15/9-F-12,24.000,0.000,0.000,32.184,100.000,174.030,26152.970,5246.330,,production,OP
2014-08-19,15/9-F-12,1.325,0.000,0.000,33.105,16.994,10.200,2443.000,382.810,,production,OP
2014-08-20,15/9-F-12,0.000,0.000,0.000,0.293,0.326,0.000,0.000,0.000,,production,OP
2014-08-21,15/9-F-12,0.000,0.000,0.000,0.264,0.350,0.000,0.000,0.000,,production,OP
2014-08-22,15/9-F-12,0.000,0.000,0.000,0.264,0.350,0.000,0.000,0.000,,production,OP
2014-08-23,15/9-F-12,0.000,0.000,0.000,0.264,0.350,0.000,0.000,0.000,,production,OP
2014-08-24,15/9-F-12,0.000,0.000,0.000,0.264,0.350,0.000,0.000,0.000,,production,OP
2014-08-25,15/9-F-12,16.542,0.000,0.000,32.909,77.426,108.650,18368.940,4285.070,,production,OP
2014-08-26,15/9-F-12,24.000,0.000,0.000,31.467,100.000,187.400,32675.020,4948.240,,production,OP
2014-08-27,15/9-F-12,24.000,0.000,0.000,31.641,100.000,184.600,32977.710,4600.850,,production,OP
2014-08-28,15/9-F-12,23.500,0.000,0.000,33.718,87.822,190.170,33151.150,4557.650,,production,OP
2014-08-29,15/9-F-12,24.000,0.000,0.000,32.007,100.000,193.790,34758.890,4648.420,,production,OP
2014-08-30,15/9-F-12,24.000,0.000,0.000,32.085,100.000,189.570,33987.330,4592.980,,production,OP
2014-08-31,15/9-F-12,24.000,0.000,0.000,31.877,100.000,194.050,34798.740,4798.400,,production,OP
2014-09-01,15/9-F-12,24.000,0.000,0.000,32.258,100.000,190.070,34313.550,5149.090,,production,OP
2014-09-02,15/9-F-12,24.000,0.000,0.000,33.368,93.234,210.770,36101.350,5043.820,,production,OP
2014-09-03,15/9-F-12,22.000,0.000,0.000,36.615,72.015,188.010,30665.750,4823.810,,production,OP
2014-09-04,15/9-F-12,24.000,0.000,0.000,32.621,100.000,175.620,28054.330,5130.020,,production,OP
2014-09-05,15/9-F-12,24.000,0.000,0.000,32.307,100.000,172.510,28031.350,4963.180,,production,OP
2014-09-06,15/9-F-12,24.000,0.000,0.000,32.126,97.917,174.270,28373.320,5049.000,,production,OP
2014-09-07,15/9-F-12,24.000,0.000,0.000,32.291,100.000,171.510,27976.200,5017.630,,production,OP
2014-09-08,15/9-F-12,24.000,0.000,0.000,32.183,100.000,171.290,27861.560,5030.460,,production,OP
2014-09-09,15/9-F-12,24.000,0.000,0.000,32.183,100.000,170.510,27655.300,4983.670,,production,OP
2014-09-10,15/9-F-12,24.000,0.000,0.000,32.122,100.000,170.940,27765.170,4952.800,,production,OP
2014-09-11,15/9-F-12,24.000,0.000,0.000,32.161,100.000,167.990,26944.070,5174.610,,production,OP
2014-09-12,15/9-F-12,24.000,0.000,0.000,32.219,100.000,173.840,25364.980,5167.900,,production,OP
2014-09-13,15/9-F-12,24.000,0.000,0.000,32.199,100.000,173.190,25260.530,5204.350,,production,OP
2014-09-14,15/9-F-12,24.000,0.000,0.000,32.264,100.000,170.700,25135.780,5128.540,,production,OP
2014-09-15,15/9-F-12,24.000,0.000,0.000,32.517,100.000,174.560,25999.250,5111.790,,production,OP
2014-09-16,15/9-F-12,24.000,0.000,0.000,32.708,100.000,172.690,25961.730,5107.410,,production,OP
2014-09-17,15/9-F-12,24.000,0.000,0.000,32.688,97.917,174.000,26227.860,5166.830,,production,OP
2014-09-18,15/9-F-12,24.000,0.000,0.000,32.629,97.917,173.910,25943.750,5249.760,,production,OP
2014-09-19,15/9-F-12,24.000,0.000,0.000,32.527,97.917,172.940,26026.360,5241.170,,production,OP
2014-09-20,15/9-F-12,24.000,0.000,0.000,32.310,97.917,177.560,26578.960,5247.550,,production,OP
2014-09-21,15/9-F-12,24.000,0.000,0.000,32.373,97.917,174.020,26161.340,5273.250,,production,OP
2014-09-22,15/9-F-12,24.000,0.000,0.000,32.344,97.917,173.940,26135.700,5349.970,,production,OP
2014-09-23,15/9-F-12,24.000,0.000,0.000,32.453,100.000,174.280,26225.600,5330.730,,production,OP
2014-09-24,15/9-F-12,24.000,0.000,0.000,32.379,100.000,173.700,26365.140,5397.370,,production,OP
2014-09-25,15/9-F-12,24.000,0.000,0.000,32.530,100.000,174.240,26466.480,5398.050,,production,OP
2014-09-26,15/9-F-12,24.000,0.000,0.000,32.573,100.000,174.240,26482.260,5372.070,,production,OP
2014-09-27,15/9-F-12,24.000,0.000,0.000,32.636,100.000,172.710,26408.220,5386.610,,production,OP
2014-09-28,15/9-F-12,24.000,0.000,0.000,32.552,100.000,172.140,26269.980,5346.960,,production,OP
2014-09-29,15/9-F-12,1.258,0.000,0.000,34.404,9.954,9.020,2056.660,319.020,,production,OP
2014-09-30,15/9-F-12,14.575,0.000,0.000,31.886,65.098,137.420,35158.140,4258.360,,production,OP
2014-10-01,15/9-F-12,24.000,0.000,0.000,32.258,100.000,166.200,26984.190,5370.590,,production,OP
2014-10-02,15/9-F-12,24.000,0.000,0.000,32.416,100.000,175.550,27981.780,5309.760,,production,OP
2014-10-03,15/9-F-12,24.000,0.000,0.000,33.040,100.000,160.100,25013.590,5166.480,,production,OP
2014-10-04,15/9-F-12,24.000,0.000,0.000,32.546,100.000,167.590,25694.380,5233.290,,production,OP
2014-10-05,15/9-F-12,24.000,0.000,0.000,32.566,100.000,165.770,25390.240,5299.920,,production,OP
2014-10-06,15/9-F-12,24.000,0.000,0.000,32.709,100.000,164.910,25225.940,5277.470,,production,OP
2014-10-07,15/9-F-12,24.000,0.000,0.000,32.819,100.000,166.420,24878.060,5072.840,,production,OP
2014-10-08,15/9-F-12,24.000,0.000,0.000,32.653,97.917,163.670,25533.010,5169.640,,production,OP
2014-10-09,15/9-F-12,24.000,0.000,0.000,32.621,100.000,177.410,27476.560,5160.040,,production,OP
2014-10-10,15/9-F-12,24.000,0.000,0.000,32.524,100.000,179.640,27771.490,4923.910,,production,OP
2014-10-11,15/9-F-12,24.000,0.000,0.000,32.604,100.000,177.490,27391.380,4914.160,,production,OP
2014-10-12,15/9-F-12,24.000,0.000,0.000,32.388,100.000,176.780,27260.140,4911.840,,production,OP
2014-10-13,15/9-F-12,24.000,0.000,0.000,32.189,100.000,175.480,27143.690,5068.160,,production,OP
2014-10-14,15/9-F-12,24.000,0.000,0.000,32.257,100.000,175.310,27122.760,5096.350,,production,OP
2014-10-15,15/9-F-12,24.000,0.000,0.000,32.314,100.000,175.490,27058.060,5033.170,,production,OP
2014-10-16,15/9-F-12,24.000,0.000,0.000,32.422,100.000,174.390,26857.150,4947.790,,production,OP
2014-10-17,15/9-F-12,24.000,0.000,0.000,32.547,100.000,173.810,26854.710,4930.240,,production,OP
2014-10-18,15/9-F-12,24.000,0.000,0.000,32.710,100.000,174.600,27040.820,4925.680,,production,OP
2014-10-19,15/9-F-12,24.000,0.000,0.000,32.676,100.000,175.340,27150.510,4916.060,,production,OP
2014-10-20,15/9-F-12,24.000,0.000,0.000,32.388,100.000,173.650,26962.290,4908.410,,production,OP
2014-10-21,15/9-F-12,24.000,0.000,0.000,32.594,100.000,177.170,27208.310,4896.400,,production,OP
2014-10-22,15/9-F-12,24.000,0.000,0.000,32.451,100.000,176.380,27221.000,4986.330,,production,OP
2014-10-23,15/9-F-12,24.000,0.000,0.000,32.743,100.000,176.370,27317.350,4905.360,,production,OP
2014-10-24,15/9-F-12,24.000,0.000,0.000,32.690,100.000,176.780,27346.140,4947.710,,production,OP
2014-10-25,15/9-F-12,24.000,0.000,0.000,32.782,100.000,178.540,27675.310,4972.320,,production,OP
2014-10-26,15/9-F-12,25.000,0.000,0.000,32.823,100.000,187.270,28884.470,5004.000,,production,OP
2014-10-27,15/9-F-12,24.000,0.000,0.000,32.581,100.000,178.980,27669.030,4956.580,,production,OP
2014-10-28,15/9-F-12,24.000,0.000,0.000,32.503,100.000,178.740,27565.180,4888.460,,production,OP
2014-10-29,15/9-F-12,24.000,0.000,0.000,37.009,76.377,159.750,24526.980,4452.030,,production,OP
2014-10-30,15/9-F-12,24.000,0.000,0.000,32.605,99.556,177.390,27188.140,4883.350,,production,OP
2014-10-31,15/9-F-12,24.000,0.000,0.000,32.595,100.000,178.640,27727.910,4837.340,,production,OP
2014-11-01,15/9-F-12,24.000,0.000,0.000,32.707,100.000,177.310,27475.220,4802.780,,production,OP
2014-11-02,15/9-F-12,24.000,0.000,0.000,32.708,100.000,180.040,27890.650,4894.830,,production,OP
2014-11-03,15/9-F-12,24.000,0.000,0.000,32.628,100.000,190.440,29476.380,4757.510,,production,OP
2014-11-04,15/9-F-12,24.000,0.000,0.000,32.267,100.000,187.730,29123.290,4786.160,,production,OP
2014-11-05,15/9-F-12,24.000,0.000,0.000,32.307,100.000,185.040,28778.190,4785.830,,production,OP
2014-11-06,15/9-F-12,24.000,0.000,0.000,32.700,100.000,185.140,28778.770,4783.050,,production,OP
2014-11-07,15/9-F-12,24.000,0.000,0.000,32.723,100.000,189.550,29254.950,4771.910,,production,OP
2014-11-08,15/9-F-12,24.000,0.000,0.000,32.652,100.000,189.180,29550.080,5063.750,,production,OP
2014-11-09,15/9-F-12,24.000,0.000,0.000,32.645,100.000,187.680,29544.100,5126.750,,production,OP
2014-11-10,15/9-F-12,24.000,0.000,0.000,32.582,100.000,179.260,29164.590,4987.550,,production,OP
2014-11-11,15/9-F-12,24.000,0.000,0.000,32.506,100.000,186.410,29509.610,5102.760,,production,OP
2014-11-12,15/9-F-12,24.000,0.000,0.000,32.763,100.000,187.160,29293.800,4901.060,,production,OP
2014-11-13,15/9-F-12,24.000,0.000,0.000,32.596,100.000,184.540,28966.370,4811.700,,production,OP
2014-11-14,15/9-F-12,24.000,0.000,0.000,32.722,100.000,184.340,28872.380,4812.360,,production,OP
2014-11-15,15/9-F-12,24.000,0.000,0.000,32.773,100.000,186.200,29083.070,4794.980,,production,OP
2014-11-16,15/9-F-12,24.000,0.000,0.000,32.715,100.000,183.700,28709.710,4869.330,,production,OP
2014-11-17,15/9-F-12,24.000,0.000,0.000,32.421,100.000,181.310,27860.480,4966.400,,production,OP
2014-11-18,15/9-F-12,24.000,0.000,0.000,32.446,100.000,186.420,28473.870,4912.120,,production,OP
2014-11-19,15/9-F-12,24.000,0.000,0.000,32.371,100.000,181.770,27811.870,4799.020,,production,OP
2014-11-20,15/9-F-12,24.000,0.000,0.000,32.069,100.000,184.030,28222.090,4745.710,,production,OP
2014-11-21,15/9-F-12,24.000,0.000,0.000,31.966,100.000,183.000,28181.690,4718.720,,production,OP
2014-11-22,15/9-F-12,24.000,0.000,0.000,32.224,100.000,182.720,28054.030,4716.010,,production,OP
2014-11-23,15/9-F-12,24.000,0.000,0.000,31.889,100.000,176.440,27585.510,4709.500,,production,OP
2014-11-24,15/9-F-12,8.942,0.000,0.000,32.501,36.977,50.870,7747.260,1376.430,,production,OP
2014-11-25,15/9-F-12,0.000,0.000,0.000,20.693,1.205,0.000,0.000,0.000,,production,OP
2014-11-26,15/9-F-12,0.000,0.000,0.000,31.623,0.963,0.000,0.000,0.000,,production,OP
2014-11-27,15/9-F-12,0.000,0.000,0.000,19.097,0.739,0.000,0.000,0.000,,production,OP
2014-11-28,15/9-F-12,5.775,0.000,0.000,50.511,30.869,58.690,9146.290,836.010,,production,OP
2014-11-29,15/9-F-12,14.225,0.000,0.000,83.154,16.578,146.090,24443.970,828.470,,production,OP
2014-11-30,15/9-F-12,0.000,0.000,0.000,127.710,1.007,0.000,0.000,0.000,,production,OP
2014-12-01,15/9-F-12,0.000,0.000,0.000,130.912,0.996,0.000,0.000,0.000,,production,OP
2014-12-02,15/9-F-12,0.000,0.000,0.000,132.887,0.988,0.000,0.000,0.000,,production,OP
2014-12-03,15/9-F-12,0.000,0.000,0.000,134.429,0.994,0.000,0.000,0.000,,production,OP
2014-12-04,15/9-F-12,0.000,0.000,0.000,135.702,1.057,0.000,0.000,0.000,,production,OP
2014-12-05,15/9-F-12,0.000,0.000,0.000,136.016,1.182,0.000,0.000,0.000,,production,OP
2014-12-06,15/9-F-12,0.000,0.000,0.000,136.153,1.237,0.000,0.000,0.000,,production,OP
2014-12-07,15/9-F-12,0.000,0.000,0.000,136.224,1.273,0.000,0.000,0.000,,production,OP
2014-12-08,15/9-F-12,0.000,0.000,0.000,136.266,1.341,0.000,0.000,0.000,,production,OP
2014-12-09,15/9-F-12,0.000,0.000,0.000,136.437,1.325,0.000,0.000,0.000,,production,OP
2014-12-10,15/9-F-12,0.000,0.000,0.000,136.606,1.297,0.000,0.000,0.000,,production,OP
2014-12-11,15/9-F-12,0.000,0.000,0.000,136.593,1.299,0.000,0.000,0.000,,production,OP
2014-12-12,15/9-F-12,0.000,0.000,0.000,136.507,1.263,0.000,0.000,0.000,,production,OP
2014-12-13,15/9-F-12,0.000,0.000,0.000,136.363,1.291,0.000,0.000,0.000,,production,OP
2014-12-14,15/9-F-12,0.000,0.000,0.000,136.309,1.269,0.000,0.000,0.000,,production,OP
2014-12-15,15/9-F-12,0.000,0.000,0.000,136.055,1.289,0.000,0.000,0.000,,production,OP
2014-12-16,15/9-F-12,0.000,0.000,0.000,135.986,0.000,0.000,0.000,0.000,,production,OP
2014-12-17,15/9-F-12,0.000,0.000,0.000,136.034,0.000,0.000,0.000,0.000,,production,OP
2014-12-18,15/9-F-12,0.000,0.000,0.000,136.129,0.000,0.000,0.000,0.000,,production,OP
2014-12-19,15/9-F-12,0.000,0.000,0.000,136.156,0.000,0.000,0.000,0.000,,production,OP
2014-12-20,15/9-F-12,0.000,0.000,0.000,136.142,0.000,0.000,0.000,0.000,,production,OP
2014-12-21,15/9-F-12,0.000,0.000,0.000,136.266,0.000,0.000,0.000,0.000,,production,OP
2014-12-22,15/9-F-12,0.000,0.000,0.000,136.379,0.000,0.000,0.000,0.000,,production,OP
2014-12-23,15/9-F-12,0.000,0.000,0.000,136.524,1.253,0.000,0.000,0.000,,production,OP
2014-12-24,15/9-F-12,0.000,0.000,0.000,136.670,1.327,0.000,0.000,0.000,,production,OP
2014-12-25,15/9-F-12,0.000,0.000,0.000,136.790,1.186,0.000,0.000,0.000,,production,OP
2014-12-26,15/9-F-12,0.000,0.000,0.000,136.976,1.151,0.000,0.000,0.000,,production,OP
2014-12-27,15/9-F-12,0.000,0.000,0.000,137.153,1.171,0.000,0.000,0.000,,production,OP
2014-12-28,15/9-F-12,0.000,0.000,0.000,137.311,1.149,0.000,0.000,0.000,,production,OP
2014-12-29,15/9-F-12,0.000,0.000,0.000,135.674,1.147,0.000,0.000,0.000,,production,OP
2014-12-30,15/9-F-12,0.000,0.000,0.000,124.687,1.151,0.000,0.000,0.000,,production,OP
2014-12-31,15/9-F-12,0.000,0.000,0.000,124.492,1.141,0.000,0.000,0.000,,production,OP
2015-01-01,15/9-F-12,9.500,0.000,0.000,109.868,7.945,14.940,2666.650,251.950,,production,OP
2015-01-02,15/9-F-12,24.000,0.000,0.000,90.647,26.502,782.750,117687.800,226.180,,production,OP
2015-01-03,15/9-F-12,24.000,0.000,0.000,85.895,27.869,871.140,141238.560,237.970,,production,OP
2015-01-04,15/9-F-12,24.000,0.000,0.000,83.780,27.864,855.130,125297.080,237.930,,production,OP
2015-01-05,15/9-F-12,24.000,0.000,0.000,83.320,27.840,838.830,122544.670,235.740,,production,OP
2015-01-06,15/9-F-12,24.000,0.000,0.000,81.483,28.280,834.130,121244.680,239.980,,production,OP
2015-01-07,15/9-F-12,24.000,0.000,0.000,80.828,28.306,859.230,125729.030,238.000,,production,OP
2015-01-08,15/9-F-12,24.000,0.000,0.000,79.315,28.317,829.950,120372.400,234.260,,production,OP
2015-01-09,15/9-F-12,15.667,0.000,0.000,79.243,20.456,532.530,77253.850,179.110,,production,OP
2015-01-10,15/9-F-12,20.417,0.000,0.000,75.266,25.642,786.250,114011.460,245.210,,production,OP
2015-01-11,15/9-F-12,24.000,0.000,0.000,61.835,36.204,1069.610,154367.680,340.950,,production,OP
2015-01-12,15/9-F-12,24.000,0.000,0.000,71.453,30.255,859.510,124574.140,254.880,,production,OP
2015-01-13,15/9-F-12,24.000,0.000,0.000,71.292,30.195,865.580,126008.150,255.410,,production,OP
2015-01-14,15/9-F-12,24.000,0.000,0.000,70.954,30.250,775.250,113698.050,247.410,,production,OP
2015-01-15,15/9-F-12,24.000,0.000,0.000,70.847,30.248,827.200,120132.220,457.430,,production,OP
2015-01-16,15/9-F-12,24.000,0.000,0.000,70.356,30.271,839.360,119289.820,439.910,,production,OP
2015-01-17,15/9-F-12,24.000,0.000,0.000,70.057,30.286,776.660,114069.040,419.250,,production,OP
2015-01-18,15/9-F-12,24.000,0.000,0.000,70.057,30.286,819.660,119879.930,419.380,,production,OP
2015-01-19,15/9-F-12,24.000,0.000,0.000,70.057,30.286,829.230,120889.590,423.320,,production,OP
2015-01-20,15/9-F-12,22.000,0.000,0.000,69.475,28.218,767.760,112293.950,472.870,,production,OP
2015-01-21,15/9-F-12,24.000,0.000,0.000,65.120,32.553,948.120,139195.830,538.490,,production,OP
2015-01-22,15/9-F-12,24.000,0.000,0.000,64.486,33.327,944.390,139604.560,510.550,,production,OP
2015-01-23,15/9-F-12,24.000,0.000,0.000,64.506,33.084,924.640,137135.430,493.600,,production,OP
2015-01-24,15/9-F-12,24.000,0.000,0.000,63.878,32.398,902.120,133129.550,478.800,,production,OP
2015-01-25,15/9-F-12,24.000,0.000,0.000,63.913,32.438,890.650,132640.160,479.030,,production,OP
2015-01-26,15/9-F-12,24.000,0.000,0.000,63.444,32.432,886.770,131879.140,474.380,,production,OP
2015-01-27,15/9-F-12,24.000,0.000,0.000,63.135,33.174,943.930,138718.340,637.540,,production,OP
2015-01-28,15/9-F-12,24.000,0.000,0.000,62.343,33.197,927.740,136482.980,475.450,,production,OP
2015-01-29,15/9-F-12,24.000,0.000,0.000,61.272,33.202,925.050,137159.060,472.870,,production,OP
2015-01-30,15/9-F-12,24.000,0.000,0.000,60.724,33.187,898.870,132438.970,452.600,,production,OP
2015-01-31,15/9-F-12,24.000,0.000,0.000,59.903,33.189,885.570,128826.660,517.770,,production,OP
2015-02-01,15/9-F-12,24.000,0.000,0.000,58.828,33.221,913.750,134764.670,532.070,,production,OP
2015-02-02,15/9-F-12,24.000,0.000,0.000,58.100,33.221,875.950,129278.270,449.130,,production,OP
2015-02-03,15/9-F-12,24.000,0.000,0.000,57.183,33.235,873.070,129445.490,764.480,,production,OP
2015-02-04,15/9-F-12,16.108,0.000,0.000,56.971,35.007,554.000,88290.660,479.840,,production,OP
2015-02-05,15/9-F-12,2.225,0.000,0.000,31.979,28.972,89.290,14766.240,36.340,,production,OP
2015-02-06,15/9-F-12,24.000,0.000,0.000,44.552,59.624,1162.070,176360.070,746.560,,production,OP
2015-02-07,15/9-F-12,24.000,0.000,0.000,54.678,33.341,810.620,125387.250,451.090,,production,OP
2015-02-08,15/9-F-12,17.108,0.000,0.000,56.168,24.178,433.410,69589.350,239.720,,production,OP
2015-02-09,15/9-F-12,11.975,0.000,0.000,55.870,26.435,381.150,62260.600,184.760,,production,OP
2015-02-10,15/9-F-12,24.000,0.000,0.000,55.366,33.182,812.310,124876.920,524.670,,production,OP
2015-02-11,15/9-F-12,24.000,0.000,0.000,55.446,33.217,708.940,108457.090,604.370,,production,OP
2015-02-12,15/9-F-12,24.000,0.000,0.000,55.602,33.224,697.180,106358.900,597.270,,production,OP
2015-02-13,15/9-F-12,24.000,0.000,0.000,55.195,32.803,710.020,108166.320,600.360,,production,OP
2015-02-14,15/9-F-12,24.000,0.000,0.000,55.780,33.324,706.050,107370.970,610.410,,production,OP
2015-02-15,15/9-F-12,24.000,0.000,0.000,55.547,32.565,704.300,106814.550,606.410,,production,OP
2015-02-16,15/9-F-12,24.000,0.000,0.000,56.450,33.274,702.340,106691.180,568.780,,production,OP
2015-02-17,15/9-F-12,24.000,0.000,0.000,56.530,31.136,683.840,105013.340,574.130,,production,OP
2015-02-18,15/9-F-12,24.000,0.000,0.000,57.018,33.294,716.300,107076.040,551.180,,production,OP
2015-02-19,15/9-F-12,24.000,0.000,0.000,57.038,33.284,724.370,107743.560,561.760,,production,OP
2015-02-20,15/9-F-12,24.000,0.000,0.000,57.036,33.254,706.940,105677.470,636.680,,production,OP
2015-02-21,15/9-F-12,24.000,0.000,0.000,56.758,33.137,689.520,102956.520,607.170,,production,OP
2015-02-22,15/9-F-12,24.000,0.000,0.000,56.481,33.187,717.380,107037.190,596.070,,production,OP
2015-02-23,15/9-F-12,24.000,0.000,0.000,56.637,33.177,716.150,107725.130,560.520,,production,OP
2015-02-24,15/9-F-12,24.000,0.000,0.000,56.564,33.087,699.150,103855.930,572.940,,production,OP
2015-02-25,15/9-F-12,24.000,0.000,0.000,56.380,33.083,705.720,103379.960,578.130,,production,OP
2015-02-26,15/9-F-12,24.000,0.000,0.000,56.590,33.078,704.860,103475.580,526.680,,production,OP
2015-02-27,15/9-F-12,24.000,0.000,0.000,56.597,33.113,709.020,105429.210,694.760,,production,OP
2015-02-28,15/9-F-12,23.380,0.000,0.000,56.936,32.112,670.850,102425.780,659.220,,production,OP
2015-03-01,15/9-F-12,24.000,0.000,0.000,55.285,33.777,716.240,108722.610,696.620,,production,OP
2015-03-02,15/9-F-12,24.000,0.000,0.000,54.706,33.862,713.850,108177.850,694.490,,production,OP
2015-03-03,15/9-F-12,24.000,0.000,0.000,54.723,33.951,717.160,108139.680,688.670,,production,OP
2015-03-04,15/9-F-12,24.000,0.000,0.000,53.758,32.043,715.860,108076.930,669.330,,production,OP
2015-03-05,15/9-F-12,24.000,0.000,0.000,54.274,34.183,718.680,108784.140,695.770,,production,OP
2015-03-06,15/9-F-12,24.000,0.000,0.000,54.122,34.254,697.730,105053.880,696.230,,production,OP
2015-03-07,15/9-F-12,24.000,0.000,0.000,54.106,34.361,693.610,105168.180,698.350,,production,OP
2015-03-08,15/9-F-12,24.000,0.000,0.000,53.827,33.658,691.710,104777.780,697.430,,production,OP
2015-03-09,15/9-F-12,24.000,0.000,0.000,53.484,34.588,706.940,106179.050,704.740,,production,OP
2015-03-10,15/9-F-12,24.000,0.000,0.000,53.008,34.809,705.800,104809.480,705.240,,production,OP
2015-03-11,15/9-F-12,24.000,0.000,0.000,52.808,34.948,706.670,104706.640,709.840,,production,OP
2015-03-12,15/9-F-12,24.000,0.000,0.000,52.425,35.109,707.620,104988.430,733.430,,production,OP
2015-03-13,15/9-F-12,24.000,0.000,0.000,52.147,35.234,700.360,105134.460,712.210,,production,OP
2015-03-14,15/9-F-12,24.000,0.000,0.000,51.696,35.468,708.180,105583.800,716.340,,production,OP
2015-03-15,15/9-F-12,24.000,0.000,0.000,51.508,35.574,703.700,103867.870,719.690,,production,OP
2015-03-16,15/9-F-12,24.000,0.000,0.000,51.184,35.657,712.240,104653.540,732.260,,production,OP
2015-03-17,15/9-F-12,24.000,0.000,0.000,50.529,35.713,721.350,105072.330,716.810,,production,OP
2015-03-18,15/9-F-12,24.000,0.000,0.000,50.025,35.523,722.860,105086.240,712.300,,production,OP
2015-03-19,15/9-F-12,24.000,0.000,0.000,50.708,34.872,713.910,104494.330,703.860,,production,OP
2015-03-20,15/9-F-12,24.000,0.000,0.000,50.330,34.882,733.310,106881.590,762.440,,production,OP
2015-03-21,15/9-F-12,24.000,0.000,0.000,49.799,34.876,740.900,107716.610,716.640,,production,OP
2015-03-22,15/9-F-12,8.125,0.000,0.000,51.970,11.635,91.330,13844.810,92.740,,production,OP
2015-03-23,15/9-F-12,0.000,0.000,0.000,108.254,0.837,0.000,0.000,0.000,,production,OP
2015-03-24,15/9-F-12,0.000,0.000,0.000,110.390,0.841,0.000,0.000,0.000,,production,OP
2015-03-25,15/9-F-12,9.000,0.000,0.000,51.369,13.306,44.330,6696.260,45.810,,production,OP
2015-03-26,15/9-F-12,24.000,0.000,0.000,51.779,35.346,736.050,108155.790,732.590,,production,OP
2015-03-27,15/9-F-12,24.000,0.000,0.000,51.560,35.002,741.770,106792.820,712.210,,production,OP
2015-03-28,15/9-F-12,24.000,0.000,0.000,51.112,34.938,706.560,94615.720,707.680,,production,OP
2015-03-29,15/9-F-12,24.000,0.000,0.000,50.216,33.423,666.680,95840.040,663.720,,production,OP
2015-03-30,15/9-F-12,24.000,0.000,0.000,49.884,34.184,697.600,100737.040,712.340,,production,OP
2015-03-31,15/9-F-12,24.000,0.000,0.000,49.367,35.006,708.430,100674.930,705.880,,production,OP
2015-04-01,15/9-F-12,24.000,0.000,0.000,48.944,35.064,681.400,99765.660,699.440,,production,OP
2015-04-02,15/9-F-12,24.000,0.000,0.000,48.526,35.211,696.820,101558.450,701.720,,production,OP
2015-04-03,15/9-F-12,24.000,0.000,0.000,48.297,35.248,692.080,99344.030,697.960,,production,OP
2015-04-04,15/9-F-12,24.000,0.000,0.000,48.316,35.341,691.590,100578.020,697.870,,production,OP
2015-04-05,15/9-F-12,24.000,0.000,0.000,48.238,35.318,687.750,100294.830,692.460,,production,OP
2015-04-06,15/9-F-12,24.000,0.000,0.000,48.187,35.346,687.950,100035.750,702.270,,production,OP
2015-04-07,15/9-F-12,24.000,0.000,0.000,48.135,35.143,680.560,98875.150,649.520,,production,OP
2015-04-08,15/9-F-12,24.000,0.000,0.000,47.963,35.124,683.380,99076.160,651.390,,production,OP
2015-04-09,15/9-F-12,24.000,0.000,0.000,47.876,35.100,680.740,98786.850,649.110,,production,OP
2015-04-10,15/9-F-12,24.000,0.000,0.000,47.618,35.108,673.760,98601.320,651.830,,production,OP
2015-04-11,15/9-F-12,24.000,0.000,0.000,47.406,35.125,676.680,98252.020,649.330,,production,OP
2015-04-12,15/9-F-12,24.000,0.000,0.000,47.312,35.155,678.430,99254.250,649.180,,production,OP
2015-04-13,15/9-F-12,24.000,0.000,0.000,47.117,35.167,677.430,101585.600,658.360,,production,OP
2015-04-14,15/9-F-12,24.000,0.000,0.000,47.359,35.317,682.490,102365.510,684.410,,production,OP
2015-04-15,15/9-F-12,24.000,0.000,0.000,47.388,34.554,682.370,101142.300,693.710,,production,OP
2015-04-16,15/9-F-12,24.000,0.000,0.000,47.646,35.304,688.320,102173.740,710.170,,production,OP
2015-04-17,15/9-F-12,24.000,0.000,0.000,47.894,34.604,696.200,103552.830,716.980,,production,OP
2015-04-18,15/9-F-12,24.000,0.000,0.000,48.218,34.589,689.540,102675.470,730.260,,production,OP
2015-04-19,15/9-F-12,24.000,0.000,0.000,48.772,34.546,695.300,100431.950,736.600,,production,OP
2015-04-20,15/9-F-12,24.000,0.000,0.000,48.956,35.285,696.950,101189.330,737.040,,production,OP
2015-04-21,15/9-F-12,24.000,0.000,0.000,48.987,35.282,702.600,103411.560,700.170,,production,OP
2015-04-22,15/9-F-12,24.000,0.000,0.000,48.914,35.277,702.840,102824.300,715.570,,production,OP
2015-04-23,15/9-F-12,24.000,0.000,0.000,48.786,35.256,590.640,85441.990,668.530,,production,OP
2015-04-24,15/9-F-12,24.000,0.000,0.000,48.788,35.264,588.040,85113.700,667.120,,production,OP
2015-04-25,15/9-F-12,24.000,0.000,0.000,48.514,35.251,582.390,84282.580,674.750,,production,OP
2015-04-26,15/9-F-12,24.000,0.000,0.000,48.195,35.299,582.170,84159.260,664.290,,production,OP
2015-04-27,15/9-F-12,24.000,0.000,0.000,48.332,35.302,585.190,84352.350,667.020,,production,OP
2015-04-28,15/9-F-12,24.000,0.000,0.000,48.655,35.098,579.580,83410.890,656.950,,production,OP
2015-04-29,15/9-F-12,24.000,0.000,0.000,48.450,35.103,580.260,83228.160,821.710,,production,OP
2015-04-30,15/9-F-12,24.000,0.000,0.000,48.054,35.132,583.110,83630.950,812.340,,production,OP
2015-05-01,15/9-F-12,24.000,0.000,0.000,47.851,35.142,582.930,83165.670,812.000,,production,OP
2015-05-02,15/9-F-12,24.000,0.000,0.000,47.680,35.136,578.200,82379.400,808.700,,production,OP
2015-05-03,15/9-F-12,24.000,0.000,0.000,47.731,35.117,570.350,82201.520,805.790,,production,OP
2015-05-04,15/9-F-12,24.000,0.000,0.000,47.616,35.130,559.850,81392.880,812.060,,production,OP
2015-05-05,15/9-F-12,24.000,0.000,0.000,47.418,35.125,559.220,81809.620,809.910,,production,OP
2015-05-06,15/9-F-12,24.000,0.000,0.000,47.364,35.081,547.960,80050.630,808.910,,production,OP
2015-05-07,15/9-F-12,24.000,0.000,0.000,46.910,35.084,549.330,79722.990,806.030,,production,OP
2015-05-08,15/9-F-12,24.000,0.000,0.000,46.827,35.094,542.910,80974.090,805.700,,production,OP
2015-05-09,15/9-F-12,24.000,0.000,0.000,46.731,35.128,545.050,79297.760,808.340,,production,OP
2015-05-10,15/9-F-12,24.000,0.000,0.000,46.556,35.216,546.420,79706.190,808.580,,production,OP
2015-05-11,15/9-F-12,24.000,0.000,0.000,46.636,35.243,546.980,79687.360,805.680,,production,OP
2015-05-12,15/9-F-12,24.000,0.000,0.000,46.646,35.267,546.480,79501.170,804.960,,production,OP
2015-05-13,15/9-F-12,24.000,0.000,0.000,46.388,35.188,540.490,78494.130,798.070,,production,OP
2015-05-14,15/9-F-12,24.000,0.000,0.000,46.183,35.185,555.570,80563.120,787.730,,production,OP
2015-05-15,15/9-F-12,24.000,0.000,0.000,46.168,35.178,555.330,80361.460,784.680,,production,OP
2015-05-16,15/9-F-12,24.000,0.000,0.000,45.985,35.184,558.780,80609.890,783.880,,production,OP
2015-05-17,15/9-F-12,24.000,0.000,0.000,45.912,35.187,557.270,80683.630,782.750,,production,OP
2015-05-18,15/9-F-12,24.000,0.000,0.000,45.935,35.190,553.860,80671.960,781.860,,production,OP
2015-05-19,15/9-F-12,24.000,0.000,0.000,45.787,35.263,557.580,80647.260,781.260,,production,OP
2015-05-20,15/9-F-12,24.000,0.000,0.000,45.528,35.284,557.210,80458.050,779.830,,production,OP
2015-05-21,15/9-F-12,24.000,0.000,0.000,45.765,35.279,549.510,80350.860,790.070,,production,OP
2015-05-22,15/9-F-12,24.000,0.000,0.000,45.560,35.249,542.280,79173.750,864.590,,production,OP
2015-05-23,15/9-F-12,24.000,0.000,0.000,45.395,35.252,514.190,77929.620,785.970,,production,OP
2015-05-24,15/9-F-12,24.000,0.000,0.000,45.667,35.274,550.410,80793.270,885.790,,production,OP
2015-05-25,15/9-F-12,24.000,0.000,0.000,45.486,35.286,518.830,76359.670,825.660,,production,OP
2015-05-26,15/9-F-12,24.000,0.000,0.000,45.448,35.295,535.650,78730.330,815.820,,production,OP
2015-05-27,15/9-F-12,24.000,0.000,0.000,45.572,34.522,526.440,77088.230,817.450,,production,OP
2015-05-28,15/9-F-12,24.000,0.000,0.000,45.428,34.527,536.590,79098.490,906.000,,production,OP
2015-05-29,15/9-F-12,24.000,0.000,0.000,45.808,35.195,540.600,79514.830,849.620,,production,OP
2015-05-30,15/9-F-12,24.000,0.000,0.000,45.628,35.104,535.150,78982.310,879.700,,production,OP
2015-05-31,15/9-F-12,24.000,0.000,0.000,45.606,34.359,535.060,79220.260,803.440,,production,OP
2015-06-01,15/9-F-12,24.000,0.000,0.000,42.623,37.979,568.680,84724.230,917.590,,production,OP
2015-06-02,15/9-F-12,24.000,0.000,0.000,38.756,41.184,602.670,90049.340,973.870,,production,OP
2015-06-03,15/9-F-12,24.000,0.000,0.000,38.177,41.174,598.360,88851.860,959.160,,production,OP
2015-06-04,15/9-F-12,24.000,0.000,0.000,37.358,42.165,607.860,89887.700,944.390,,production,OP
2015-06-05,15/9-F-12,24.000,0.000,0.000,35.718,44.206,629.600,91736.930,940.540,,production,OP
2015-06-06,15/9-F-12,24.000,0.000,0.000,35.792,44.175,627.770,91422.170,940.430,,production,OP
2015-06-07,15/9-F-12,13.317,0.000,0.000,41.381,23.983,234.460,35078.500,415.970,,production,OP
2015-06-08,15/9-F-12,24.000,0.000,0.000,37.201,42.246,609.250,88619.250,924.370,,production,OP
2015-06-09,15/9-F-12,24.000,0.000,0.000,34.345,46.129,647.220,94044.650,961.190,,production,OP
2015-06-10,15/9-F-12,24.000,0.000,0.000,31.256,67.516,692.560,100556.160,1102.640,,production,OP
2015-06-11,15/9-F-12,24.000,0.000,0.000,29.800,100.000,700.390,101930.780,1223.890,,production,OP
2015-06-12,15/9-F-12,24.000,0.000,0.000,29.682,100.000,702.030,102427.430,1127.790,,production,OP
2015-06-13,15/9-F-12,24.000,0.000,0.000,29.428,100.000,693.270,99960.330,1119.000,,production,OP
2015-06-14,15/9-F-12,24.000,0.000,0.000,29.460,100.000,680.440,99038.020,1175.730,,production,OP
2015-06-15,15/9-F-12,24.000,0.000,0.000,29.504,100.000,682.660,98931.200,1146.360,,production,OP
2015-06-16,15/9-F-12,24.000,0.000,0.000,29.565,100.000,675.990,97908.340,1163.150,,production,OP
2015-06-17,15/9-F-12,24.000,0.000,0.000,29.607,100.000,672.570,98356.130,1169.200,,production,OP
2015-06-18,15/9-F-12,24.000,0.000,0.000,29.833,100.000,672.090,97776.560,1146.600,,production,OP
2015-06-19,15/9-F-12,24.000,0.000,0.000,29.982,100.000,661.690,98204.460,1117.330,,production,OP
2015-06-20,15/9-F-12,24.000,0.000,0.000,29.532,100.000,680.310,100659.520,1151.620,,production,OP
2015-06-21,15/9-F-12,24.000,0.000,0.000,29.757,100.000,674.560,100486.590,1177.070,,production,OP
2015-06-22,15/9-F-12,24.000,0.000,0.000,29.609,100.000,688.830,101887.660,1192.520,,production,OP
2015-06-23,15/9-F-12,24.000,0.000,0.000,29.603,100.000,680.550,100673.300,1207.920,,production,OP
2015-06-24,15/9-F-12,24.000,0.000,0.000,29.615,100.000,682.740,100514.910,1220.980,,production,OP
2015-06-25,15/9-F-12,24.000,0.000,0.000,29.599,100.000,680.770,100248.160,1247.230,,production,OP
2015-06-26,15/9-F-12,24.000,0.000,0.000,29.870,100.000,666.480,97528.710,1242.460,,production,OP
2015-06-27,15/9-F-12,24.000,0.000,0.000,29.844,100.000,675.330,98647.140,1260.080,,production,OP
2015-06-28,15/9-F-12,24.000,0.000,0.000,29.881,100.000,714.270,104432.100,1291.730,,production,OP
2015-06-29,15/9-F-12,24.000,0.000,0.000,30.035,100.000,712.930,102472.330,1239.090,,production,OP
2015-06-30,15/9-F-12,24.000,0.000,0.000,29.862,100.000,719.970,102652.640,1202.780,,production,OP
2015-07-01,15/9-F-12,24.000,0.000,0.000,30.085,100.000,665.360,98432.720,1280.990,,production,OP
2015-07-02,15/9-F-12,24.000,0.000,0.000,30.001,100.000,726.330,107230.620,1262.990,,production,OP
2015-07-03,15/9-F-12,24.000,0.000,0.000,29.731,100.000,723.420,106546.110,1263.020,,production,OP
2015-07-04,15/9-F-12,24.000,0.000,0.000,29.807,100.000,711.930,104631.500,1244.710,,production,OP
2015-07-05,15/9-F-12,24.000,0.000,0.000,29.810,100.000,707.580,104184.380,1207.330,,production,OP
2015-07-06,15/9-F-12,24.000,0.000,0.000,29.537,100.000,701.270,103160.240,1207.570,,production,OP
2015-07-07,15/9-F-12,24.000,0.000,0.000,29.770,100.000,697.710,102198.220,1238.550,,production,OP
2015-07-08,15/9-F-12,24.000,0.000,0.000,29.577,100.000,689.140,101532.330,1155.350,,production,OP
2015-07-09,15/9-F-12,24.000,0.000,0.000,29.584,100.000,684.000,100426.710,1112.870,,production,OP
2015-07-10,15/9-F-12,24.000,0.000,0.000,29.509,97.917,678.740,99516.450,1131.040,,production,OP
2015-07-11,15/9-F-12,24.000,0.000,0.000,29.727,97.917,667.440,98986.890,1116.080,,production,OP
2015-07-12,15/9-F-12,24.000,0.000,0.000,29.654,100.000,663.260,97553.260,1096.060,,production,OP
2015-07-13,15/9-F-12,24.000,0.000,0.000,29.467,100.000,610.090,89963.120,1134.410,,production,OP
2015-07-14,15/9-F-12,24.000,0.000,0.000,29.461,100.000,600.230,88517.760,1121.910,,production,OP
2015-07-15,15/9-F-12,24.000,0.000,0.000,29.363,100.000,592.410,87521.400,1100.290,,production,OP
2015-07-16,15/9-F-12,24.000,0.000,0.000,29.333,100.000,585.180,86448.970,1095.890,,production,OP
2015-07-17,15/9-F-12,24.000,0.000,0.000,29.551,100.000,580.800,85845.650,1095.270,,production,OP
2015-07-18,15/9-F-12,24.000,0.000,0.000,29.689,100.000,579.910,86691.270,1168.960,,production,OP
2015-07-19,15/9-F-12,24.000,0.000,0.000,29.449,100.000,571.400,85750.820,1181.860,,production,OP
2015-07-20,15/9-F-12,24.000,0.000,0.000,29.286,100.000,566.970,84823.660,1172.890,,production,OP
2015-07-21,15/9-F-12,24.000,0.000,0.000,29.567,100.000,571.980,85842.080,1180.050,,production,OP
2015-07-22,15/9-F-12,24.000,0.000,0.000,29.323,100.000,577.120,87765.280,1181.150,,production,OP
2015-07-23,15/9-F-12,24.000,0.000,0.000,29.606,100.000,577.310,87238.600,1179.210,,production,OP
2015-07-24,15/9-F-12,24.000,0.000,0.000,29.403,100.000,571.510,86074.590,1185.120,,production,OP
2015-07-25,15/9-F-12,24.000,0.000,0.000,29.286,100.000,565.630,85222.500,1179.670,,production,OP
2015-07-26,15/9-F-12,24.000,0.000,0.000,29.299,100.000,558.570,83897.540,1175.950,,production,OP
2015-07-27,15/9-F-12,24.000,0.000,0.000,29.256,100.000,554.050,83234.120,1176.760,,production,OP
2015-07-28,15/9-F-12,24.000,0.000,0.000,29.201,100.000,544.540,82308.820,1164.160,,production,OP
2015-07-29,15/9-F-12,24.000,0.000,0.000,29.225,100.000,555.110,83697.600,1323.850,,production,OP
2015-07-30,15/9-F-12,24.000,0.000,0.000,29.303,100.000,544.610,81657.200,1173.300,,production,OP
2015-07-31,15/9-F-12,24.000,0.000,0.000,29.319,100.000,533.850,79920.510,1173.270,,production,OP
2015-08-01,15/9-F-12,24.000,0.000,0.000,29.513,100.000,531.460,79409.410,1171.460,,production,OP
2015-08-02,15/9-F-12,24.000,0.000,0.000,29.284,100.000,531.270,79058.440,1173.510,,production,OP
2015-08-03,15/9-F-12,24.000,0.000,0.000,29.484,100.000,525.840,78960.360,1172.350,,production,OP
2015-08-04,15/9-F-12,24.000,0.000,0.000,29.415,100.000,527.990,79498.580,1173.140,,production,OP
2015-08-05,15/9-F-12,24.000,0.000,0.000,29.547,100.000,529.550,77925.050,1169.110,,production,OP
2015-08-06,15/9-F-12,24.000,0.000,0.000,29.362,100.000,521.220,77515.830,1174.550,,production,OP
2015-08-07,15/9-F-12,24.000,0.000,0.000,29.120,100.000,515.530,78720.420,1174.290,,production,OP
2015-08-08,15/9-F-12,24.000,0.000,0.000,29.356,100.000,506.250,78512.730,1175.620,,production,OP
2015-08-09,15/9-F-12,24.000,0.000,0.000,29.522,100.000,510.380,78206.100,1173.780,,production,OP
2015-08-10,15/9-F-12,24.000,0.000,0.000,29.421,100.000,507.310,77776.380,1173.650,,production,OP
2015-08-11,15/9-F-12,24.000,0.000,0.000,29.278,100.000,499.800,77501.980,1115.910,,production,OP
2015-08-12,15/9-F-12,24.000,0.000,0.000,29.254,100.000,504.140,77151.620,1160.430,,production,OP
2015-08-13,15/9-F-12,24.000,0.000,0.000,29.323,100.000,500.320,77101.890,1157.230,,production,OP
2015-08-14,15/9-F-12,24.000,0.000,0.000,29.438,100.000,501.260,77063.520,1157.290,,production,OP
2015-08-15,15/9-F-12,24.000,0.000,0.000,29.370,100.000,501.100,76215.130,1158.870,,production,OP
2015-08-16,15/9-F-12,24.000,0.000,0.000,29.119,100.000,499.860,75125.020,1136.530,,production,OP
2015-08-17,15/9-F-12,24.000,0.000,0.000,29.166,100.000,493.680,74788.440,1135.080,,production,OP
2015-08-18,15/9-F-12,24.000,0.000,0.000,29.487,100.000,496.730,74765.950,1095.420,,production,OP
2015-08-19,15/9-F-12,24.000,0.000,0.000,29.453,97.917,502.270,75630.340,1220.320,,production,OP
2015-08-20,15/9-F-12,24.000,0.000,0.000,29.327,100.000,501.070,75235.270,1178.560,,production,OP
2015-08-21,15/9-F-12,24.000,0.000,0.000,29.427,100.000,496.790,74828.020,1149.250,,production,OP
2015-08-22,15/9-F-12,24.000,0.000,0.000,29.405,100.000,496.050,74122.930,1134.580,,production,OP
2015-08-23,15/9-F-12,24.000,0.000,0.000,29.467,100.000,484.620,72033.730,1157.440,,production,OP
2015-08-24,15/9-F-12,24.000,0.000,0.000,29.432,100.000,483.490,72342.380,1145.960,,production,OP
2015-08-25,15/9-F-12,24.000,0.000,0.000,29.322,100.000,482.300,71930.240,1140.080,,production,OP
2015-08-26,15/9-F-12,13.608,0.000,0.000,29.610,56.386,323.160,49193.670,857.110,,production,OP
2015-08-27,15/9-F-12,0.000,0.000,0.000,1.282,0.140,0.000,0.000,0.000,,production,OP
2015-08-28,15/9-F-12,0.000,0.000,0.000,1.265,0.138,0.000,0.000,0.000,,production,OP
2015-08-29,15/9-F-12,0.000,0.000,0.000,1.272,0.127,0.000,0.000,0.000,,production,OP
2015-08-30,15/9-F-12,0.000,0.000,0.000,2.907,0.599,0.000,0.000,0.000,,production,OP
2015-08-31,15/9-F-12,23.075,0.000,0.000,30.516,89.857,499.830,86507.280,1797.500,,production,OP
2015-09-01,15/9-F-12,24.000,0.000,0.000,29.196,100.000,469.310,75526.410,1223.670,,production,OP
2015-09-02,15/9-F-12,24.000,0.000,0.000,29.453,100.000,442.930,67977.400,1124.820,,production,OP
2015-09-03,15/9-F-12,24.000,0.000,0.000,30.361,100.000,429.990,67960.860,1138.720,,production,OP
2015-09-04,15/9-F-12,24.000,0.000,0.000,29.800,100.000,413.540,64158.540,1180.780,,production,OP
2015-09-05,15/9-F-12,24.000,0.000,0.000,29.323,100.000,429.770,65011.330,1240.890,,production,OP
2015-09-06,15/9-F-12,24.000,0.000,0.000,29.221,100.000,415.640,62391.210,1131.460,,production,OP
2015-09-07,15/9-F-12,24.000,0.000,0.000,29.149,100.000,412.740,61802.980,1184.450,,production,OP
2015-09-08,15/9-F-12,24.000,0.000,0.000,29.107,100.000,409.370,61374.570,1203.970,,production,OP
2015-09-09,15/9-F-12,24.000,0.000,0.000,29.140,100.000,409.620,61222.900,1206.780,,production,OP
2015-09-10,15/9-F-12,24.000,0.000,0.000,29.308,100.000,408.280,61031.840,1233.140,,production,OP
2015-09-11,15/9-F-12,24.000,0.000,0.000,29.435,100.000,409.620,61631.700,1232.890,,production,OP
2015-09-12,15/9-F-12,24.000,0.000,0.000,29.484,100.000,415.130,61562.680,1221.560,,production,OP
2015-09-13,15/9-F-12,24.000,0.000,0.000,29.378,100.000,411.610,60921.600,1222.930,,production,OP
2015-09-14,15/9-F-12,24.000,0.000,0.000,29.373,100.000,400.780,60120.840,1217.740,,production,OP
2015-09-15,15/9-F-12,24.000,0.000,0.000,29.393,100.000,414.940,61485.550,1212.410,,production,OP
2015-09-16,15/9-F-12,24.000,0.000,0.000,29.323,100.000,418.980,61801.050,1207.210,,production,OP
2015-09-17,15/9-F-12,24.000,0.000,0.000,29.162,100.000,414.920,61630.320,1216.420,,production,OP
2015-09-18,15/9-F-12,24.000,0.000,0.000,29.129,100.000,431.600,63144.890,1133.460,,production,OP
2015-09-19,15/9-F-12,24.000,0.000,0.000,29.173,100.000,419.130,61158.040,1111.840,,production,OP
2015-09-20,15/9-F-12,24.000,0.000,0.000,29.263,100.000,401.250,60289.880,1052.880,,production,OP
2015-09-21,15/9-F-12,24.000,0.000,0.000,29.336,100.000,424.750,64015.150,1091.250,,production,OP
2015-09-22,15/9-F-12,23.325,0.000,0.000,34.854,68.647,350.770,54818.620,909.360,,production,OP
2015-09-23,15/9-F-12,24.000,0.000,0.000,29.576,99.998,426.960,64382.830,1175.760,,production,OP
2015-09-24,15/9-F-12,24.000,0.000,0.000,29.868,100.000,426.300,64254.290,1194.730,,production,OP
2015-09-25,15/9-F-12,24.000,0.000,0.000,29.704,100.000,423.330,64601.700,1195.450,,production,OP
2015-09-26,15/9-F-12,24.000,0.000,0.000,29.496,100.000,424.500,64126.090,1191.230,,production,OP
2015-09-27,15/9-F-12,24.000,0.000,0.000,29.610,100.000,419.130,64125.170,1189.710,,production,OP
2015-09-28,15/9-F-12,24.000,0.000,0.000,29.902,100.000,417.560,63498.910,1183.760,,production,OP
2015-09-29,15/9-F-12,24.000,0.000,0.000,29.851,97.917,416.210,63438.540,1130.320,,production,OP
2015-09-30,15/9-F-12,24.000,0.000,0.000,29.568,97.917,385.850,58582.770,1105.770,,production,OP
2015-10-01,15/9-F-12,24.000,0.000,0.000,28.611,100.000,391.950,59617.510,1142.570,,production,OP
2015-10-02,15/9-F-12,24.000,0.000,0.000,26.566,100.000,408.030,61964.740,1175.530,,production,OP
2015-10-03,15/9-F-12,24.000,0.000,0.000,26.607,100.000,404.510,61605.550,1210.310,,production,OP
2015-10-04,15/9-F-12,24.000,0.000,0.000,26.463,97.917,402.230,60879.640,1194.950,,production,OP
2015-10-05,15/9-F-12,24.000,0.000,0.000,26.765,100.000,399.950,60963.680,1203.890,,production,OP
2015-10-06,15/9-F-12,24.000,0.000,0.000,26.950,100.000,397.870,60771.580,1202.050,,production,OP
2015-10-07,15/9-F-12,24.000,0.000,0.000,26.986,100.000,399.040,60539.930,1194.880,,production,OP
2015-10-08,15/9-F-12,24.000,0.000,0.000,26.650,100.000,393.220,60119.930,1193.000,,production,OP
2015-10-09,15/9-F-12,24.000,0.000,0.000,26.311,100.000,400.260,60494.360,1210.660,,production,OP
2015-10-10,15/9-F-12,24.000,0.000,0.000,26.576,100.000,399.080,60427.910,1218.660,,production,OP
2015-10-11,15/9-F-12,24.000,0.000,0.000,26.846,100.000,400.330,60582.520,1217.090,,production,OP
2015-10-12,15/9-F-12,24.000,0.000,0.000,26.898,100.000,395.790,60327.540,1219.150,,production,OP
2015-10-13,15/9-F-12,23.167,0.000,0.000,28.064,90.672,347.600,53518.600,1186.210,,production,OP
2015-10-14,15/9-F-12,24.000,0.000,0.000,27.411,100.000,387.470,58262.340,1234.810,,production,OP
2015-10-15,15/9-F-12,24.000,0.000,0.000,28.451,100.000,385.640,58955.080,1215.470,,production,OP
2015-10-16,15/9-F-12,24.000,0.000,0.000,26.474,100.000,396.940,59902.760,1278.450,,production,OP
2015-10-17,15/9-F-12,24.000,0.000,0.000,26.419,100.000,392.730,58958.310,1248.710,,production,OP
2015-10-18,15/9-F-12,24.000,0.000,0.000,26.299,100.000,394.250,58672.870,1240.700,,production,OP
2015-10-19,15/9-F-12,24.000,0.000,0.000,26.526,100.000,382.110,57364.850,1221.640,,production,OP
2015-10-20,15/9-F-12,24.000,0.000,0.000,26.705,100.000,382.770,57398.320,1184.900,,production,OP
2015-10-21,15/9-F-12,24.000,0.000,0.000,26.818,100.000,380.090,56999.140,1209.430,,production,OP
2015-10-22,15/9-F-12,24.000,0.000,0.000,26.750,100.000,379.880,56834.850,1150.030,,production,OP
2015-10-23,15/9-F-12,24.000,0.000,0.000,26.647,100.000,375.300,56481.090,1182.470,,production,OP
2015-10-24,15/9-F-12,24.000,0.000,0.000,26.937,99.945,370.780,56169.380,1267.920,,production,OP
2015-10-25,15/9-F-12,24.000,0.000,0.000,26.746,100.000,391.930,58579.990,1274.340,,production,OP
2015-10-26,15/9-F-12,24.000,0.000,0.000,26.727,100.000,342.900,56227.270,1263.480,,production,OP
2015-10-27,15/9-F-12,24.000,0.000,0.000,26.728,100.000,342.740,56056.240,1277.120,,production,OP
2015-10-28,15/9-F-12,24.000,0.000,0.000,27.144,100.000,372.180,59801.330,1344.660,,production,OP
2015-10-29,15/9-F-12,19.500,0.000,0.000,29.597,77.573,316.070,48698.410,1180.530,,production,OP
2015-10-30,15/9-F-12,24.000,0.000,0.000,29.905,89.989,365.260,57232.370,1325.300,,production,OP
2015-10-31,15/9-F-12,24.000,0.000,0.000,27.150,99.999,389.730,66920.060,1482.210,,production,OP
2015-11-01,15/9-F-12,24.000,0.000,0.000,27.134,100.000,393.430,66533.820,1422.590,,production,OP
2015-11-02,15/9-F-12,23.500,0.000,0.000,28.276,94.022,375.460,63223.600,1186.680,,production,OP
2015-11-03,15/9-F-12,24.000,0.000,0.000,27.731,99.994,376.810,58417.980,1199.060,,production,OP
2015-11-04,15/9-F-12,24.000,0.000,0.000,27.929,100.000,390.010,59143.730,1208.110,,production,OP
2015-11-05,15/9-F-12,24.000,0.000,0.000,28.226,100.000,394.870,59246.560,1238.860,,production,OP
2015-11-06,15/9-F-12,24.000,0.000,0.000,27.532,100.000,363.730,55607.870,1252.860,,production,OP
2015-11-07,15/9-F-12,24.000,0.000,0.000,27.309,100.000,357.880,55004.010,1247.990,,production,OP
2015-11-08,15/9-F-12,24.000,0.000,0.000,27.439,100.000,348.140,53532.850,1264.410,,production,OP
2015-11-09,15/9-F-12,24.000,0.000,0.000,27.442,100.000,322.030,49467.950,1255.770,,production,OP
2015-11-10,15/9-F-12,24.000,0.000,0.000,27.148,100.000,319.060,49289.210,1269.710,,production,OP
2015-11-11,15/9-F-12,24.000,0.000,0.000,26.521,100.000,335.830,50984.340,1306.360,,production,OP
2015-11-12,15/9-F-12,24.000,0.000,0.000,26.635,100.000,393.730,60052.270,1322.630,,production,OP
2015-11-13,15/9-F-12,24.000,0.000,0.000,26.906,100.000,390.970,59760.730,1309.180,,production,OP
2015-11-14,15/9-F-12,24.000,0.000,0.000,26.433,100.000,399.340,61133.770,1326.710,,production,OP
2015-11-15,15/9-F-12,24.000,0.000,0.000,26.555,100.000,401.440,60496.130,1405.190,,production,OP
2015-11-16,15/9-F-12,24.000,0.000,0.000,27.135,97.917,400.740,60493.040,1325.880,,production,OP
2015-11-17,15/9-F-12,24.000,0.000,0.000,27.098,100.000,398.690,60170.580,1278.830,,production,OP
2015-11-18,15/9-F-12,24.000,0.000,0.000,26.513,100.000,394.480,61101.500,1281.400,,production,OP
2015-11-19,15/9-F-12,24.000,0.000,0.000,26.200,100.000,406.600,62809.480,1285.030,,production,OP
2015-11-20,15/9-F-12,24.000,0.000,0.000,27.019,100.000,389.280,60057.810,1257.620,,production,OP
2015-11-21,15/9-F-12,24.000,0.000,0.000,27.783,100.000,400.070,61517.280,1231.500,,production,OP
2015-11-22,15/9-F-12,24.000,0.000,0.000,27.869,100.000,389.200,59611.650,1250.490,,production,OP
2015-11-23,15/9-F-12,24.000,0.000,0.000,27.980,100.000,390.200,59372.000,1255.350,,production,OP
2015-11-24,15/9-F-12,24.000,0.000,0.000,27.817,100.000,386.750,58598.810,1202.790,,production,OP
2015-11-25,15/9-F-12,24.000,0.000,0.000,27.846,100.000,382.540,58129.040,1187.880,,production,OP
2015-11-26,15/9-F-12,24.000,0.000,0.000,27.929,100.000,379.980,57895.500,1200.680,,production,OP
2015-11-27,15/9-F-12,24.000,0.000,0.000,28.121,100.000,377.070,57006.240,1182.240,,production,OP
2015-11-28,15/9-F-12,24.000,0.000,0.000,28.059,100.000,373.940,57355.080,1175.430,,production,OP
2015-11-29,15/9-F-12,24.000,0.000,0.000,27.957,100.000,370.090,56423.530,1173.320,,production,OP
2015-11-30,15/9-F-12,24.000,0.000,0.000,27.720,100.000,367.120,55874.990,1157.950,,production,OP
2015-12-01,15/9-F-12,24.000,0.000,0.000,27.831,100.000,361.850,55375.530,1145.370,,production,OP
2015-12-02,15/9-F-12,24.000,0.000,0.000,28.149,100.000,360.290,54723.820,1143.320,,production,OP
2015-12-03,15/9-F-12,24.000,0.000,0.000,28.074,100.000,361.400,55111.360,1149.200,,production,OP
2015-12-04,15/9-F-12,24.000,0.000,0.000,27.429,100.000,355.130,56582.390,1186.110,,production,OP
2015-12-05,15/9-F-12,24.000,0.000,0.000,27.643,100.000,371.070,57219.130,1213.660,,production,OP
2015-12-06,15/9-F-12,24.000,0.000,0.000,27.400,100.000,365.870,56275.270,1238.840,,production,OP
2015-12-07,15/9-F-12,24.000,0.000,0.000,27.632,100.000,369.250,56949.170,1257.130,,production,OP
2015-12-08,15/9-F-12,24.000,0.000,0.000,28.143,100.000,367.880,56673.830,1262.510,,production,OP
2015-12-09,15/9-F-12,11.333,0.000,0.000,27.939,65.086,155.480,24240.130,681.040,,production,OP
2015-12-10,15/9-F-12,24.000,0.000,0.000,27.195,100.000,413.590,62259.650,1510.790,,production,OP
2015-12-11,15/9-F-12,24.000,0.000,0.000,27.096,100.000,384.790,58597.710,1324.560,,production,OP
2015-12-12,15/9-F-12,24.000,0.000,0.000,26.969,100.000,377.790,57294.530,1240.700,,production,OP
2015-12-13,15/9-F-12,24.000,0.000,0.000,26.933,100.000,371.780,56265.980,1215.300,,production,OP
2015-12-14,15/9-F-12,24.000,0.000,0.000,27.073,100.000,368.620,55940.460,1216.710,,production,OP
2015-12-15,15/9-F-12,24.000,0.000,0.000,27.005,100.000,366.550,55491.070,1255.010,,production,OP
2015-12-16,15/9-F-12,24.000,0.000,0.000,27.023,100.000,361.650,55082.840,1244.590,,production,OP
2015-12-17,15/9-F-12,24.000,0.000,0.000,27.003,100.000,364.640,55205.880,1244.170,,production,OP
2015-12-18,15/9-F-12,24.000,0.000,0.000,27.036,100.000,359.130,54634.700,1245.380,,production,OP
2015-12-19,15/9-F-12,24.000,0.000,0.000,26.954,100.000,356.430,54133.410,1225.530,,production,OP
2015-12-20,15/9-F-12,24.000,0.000,0.000,26.911,100.000,351.170,53611.680,1218.400,,production,OP
2015-12-21,15/9-F-12,24.000,0.000,0.000,26.887,100.000,349.400,53148.460,1210.700,,production,OP
2015-12-22,15/9-F-12,24.000,0.000,0.000,26.873,100.000,345.580,52658.150,1204.940,,production,OP
2015-12-23,15/9-F-12,24.000,0.000,0.000,26.629,97.917,344.540,52754.910,1215.110,,production,OP
2015-12-24,15/9-F-12,24.000,0.000,0.000,26.544,100.000,341.770,52540.470,1202.130,,production,OP
2015-12-25,15/9-F-12,24.000,0.000,0.000,26.293,100.000,340.830,52027.360,1191.580,,production,OP
2015-12-26,15/9-F-12,24.000,0.000,0.000,26.344,100.000,337.530,51885.500,1193.960,,production,OP
2015-12-27,15/9-F-12,24.000,0.000,0.000,26.446,100.000,329.950,51591.050,1169.530,,production,OP
2015-12-28,15/9-F-12,24.000,0.000,0.000,26.454,97.917,332.550,51266.000,1180.420,,production,OP
2015-12-29,15/9-F-12,24.000,0.000,0.000,26.505,100.000,330.810,51165.050,1171.950,,production,OP
2015-12-30,15/9-F-12,24.000,0.000,0.000,26.575,100.000,330.630,51016.320,1164.260,,production,OP
2015-12-31,15/9-F-12,24.000,0.000,0.000,26.493,100.000,328.020,50731.370,1165.100,,production,OP
2016-01-01,15/9-F-12,24.000,0.000,0.000,26.386,100.000,326.820,50295.290,1160.830,,production,OP
2016-01-02,15/9-F-12,24.000,0.000,0.000,26.721,100.000,319.900,49664.220,1148.870,,production,OP
2016-01-03,15/9-F-12,21.667,0.000,0.000,37.823,70.951,225.770,34907.520,845.480,,production,OP
2016-01-04,15/9-F-12,24.000,0.000,0.000,33.655,76.121,254.520,41294.330,1125.350,,production,OP
2016-01-05,15/9-F-12,24.000,0.000,0.000,26.675,100.000,323.410,52239.810,1255.970,,production,OP
2016-01-06,15/9-F-12,24.000,0.000,0.000,26.746,100.000,318.970,51927.900,1351.950,,production,OP
2016-01-07,15/9-F-12,24.000,0.000,0.000,26.725,100.000,320.530,51868.430,1256.990,,production,OP
2016-01-08,15/9-F-12,24.000,0.000,0.000,26.796,100.000,322.820,51673.950,1277.840,,production,OP
2016-01-09,15/9-F-12,24.000,0.000,0.000,26.953,100.000,323.930,51878.010,1278.870,,production,OP
2016-01-10,15/9-F-12,24.000,0.000,0.000,26.971,100.000,324.930,52097.680,1289.190,,production,OP
2016-01-11,15/9-F-12,24.000,0.000,0.000,27.078,100.000,328.190,52427.520,1295.670,,production,OP
2016-01-12,15/9-F-12,24.000,0.000,0.000,26.922,100.000,329.820,52576.920,1322.230,,production,OP
2016-01-13,15/9-F-12,23.333,0.000,0.000,28.470,90.168,294.840,47019.550,1294.210,,production,OP
2016-01-14,15/9-F-12,24.000,0.000,0.000,27.203,100.000,332.950,51353.610,1354.360,,production,OP
2016-01-15,15/9-F-12,24.000,0.000,0.000,26.869,100.000,332.780,51813.970,1424.950,,production,OP
2016-01-16,15/9-F-12,24.000,0.000,0.000,26.595,100.000,330.910,51360.330,1358.120,,production,OP
2016-01-17,15/9-F-12,24.000,0.000,0.000,26.412,100.000,327.470,50817.220,1313.500,,production,OP
2016-01-18,15/9-F-12,24.000,0.000,0.000,26.626,100.000,325.020,50602.100,1362.520,,production,OP
2016-01-19,15/9-F-12,24.000,0.000,0.000,26.716,100.000,315.310,48940.520,1370.030,,production,OP
2016-01-20,15/9-F-12,20.833,0.000,0.000,27.938,84.532,264.180,42853.360,1240.870,,production,OP
2016-01-21,15/9-F-12,24.000,0.000,0.000,28.355,100.000,303.820,47188.530,1348.280,,production,OP
2016-01-22,15/9-F-12,24.000,0.000,0.000,28.194,100.000,290.200,45749.450,1227.500,,production,OP
2016-01-23,15/9-F-12,24.000,0.000,0.000,27.167,100.000,299.330,46536.960,1265.920,,production,OP
2016-01-24,15/9-F-12,24.000,0.000,0.000,26.478,100.000,302.850,46869.620,1262.740,,production,OP
2016-01-25,15/9-F-12,22.667,0.000,0.000,30.091,76.067,303.880,40376.820,1105.630,,production,OP
2016-01-26,15/9-F-12,24.000,0.000,0.000,30.596,80.907,271.650,43123.290,1166.410,,production,OP
2016-01-27,15/9-F-12,24.000,0.000,0.000,26.181,100.000,307.970,47526.470,1265.890,,production,OP
2016-01-28,15/9-F-12,24.000,0.000,0.000,26.435,100.000,293.860,45946.310,1257.400,,production,OP
2016-01-29,15/9-F-12,24.000,0.000,0.000,26.560,100.000,295.250,45875.970,1256.290,,production,OP
2016-01-30,15/9-F-12,24.000,0.000,0.000,26.534,100.000,293.690,45578.360,1250.260,,production,OP
2016-01-31,15/9-F-12,24.000,0.000,0.000,26.164,100.000,289.410,44956.040,1235.740,,production,OP
2016-02-01,15/9-F-12,24.000,0.000,0.000,26.531,100.000,286.590,44778.310,1236.700,,production,OP
2016-02-02,15/9-F-12,24.000,0.000,0.000,26.548,100.000,286.730,44520.060,1229.050,,production,OP
2016-02-03,15/9-F-12,24.000,0.000,0.000,26.461,100.000,281.830,44197.930,1213.800,,production,OP
2016-02-04,15/9-F-12,23.583,0.000,0.000,28.882,83.148,243.730,38393.870,1082.170,,production,OP
2016-02-05,15/9-F-12,24.000,0.000,0.000,26.751,99.955,288.650,45515.230,1264.810,,production,OP
2016-02-06,15/9-F-12,24.000,0.000,0.000,26.492,100.000,283.740,43974.140,1234.420,,production,OP
2016-02-07,15/9-F-12,24.000,0.000,0.000,26.741,100.000,277.350,43991.250,1224.930,,production,OP
2016-02-08,15/9-F-12,24.000,0.000,0.000,26.680,100.000,276.800,43975.840,1216.440,,production,OP
2016-02-09,15/9-F-12,24.000,0.000,0.000,26.749,100.000,278.150,44418.830,1224.180,,production,OP
2016-02-10,15/9-F-12,24.000,0.000,0.000,26.878,100.000,274.690,42599.890,1202.850,,production,OP
2016-02-11,15/9-F-12,24.000,0.000,0.000,27.526,100.000,278.410,43352.360,1179.170,,production,OP
2016-02-12,15/9-F-12,24.000,0.000,0.000,27.816,100.000,263.090,40780.040,1183.470,,production,OP
2016-02-13,15/9-F-12,24.000,0.000,0.000,27.651,100.000,255.450,39730.930,1181.580,,production,OP
2016-02-14,15/9-F-12,24.000,0.000,0.000,27.870,100.000,260.260,40811.270,1157.070,,production,OP
2016-02-15,15/9-F-12,24.000,0.000,0.000,27.724,100.000,259.400,40483.270,1152.920,,production,OP
2016-02-16,15/9-F-12,24.000,0.000,0.000,28.154,100.000,256.590,40231.910,1148.480,,production,OP
2016-02-17,15/9-F-12,24.000,0.000,0.000,28.246,100.000,255.840,39908.530,1136.120,,production,OP
2016-02-18,15/9-F-12,24.000,0.000,0.000,27.894,100.000,251.190,39495.820,1130.390,,production,OP
2016-02-19,15/9-F-12,24.000,0.000,0.000,28.033,100.000,242.830,38184.210,1152.600,,production,OP
2016-02-20,15/9-F-12,24.000,0.000,0.000,27.563,100.000,250.990,39000.780,1174.300,,production,OP
2016-02-21,15/9-F-12,24.000,0.000,0.000,27.569,100.000,238.950,37984.390,1182.600,,production,OP
2016-02-22,15/9-F-12,24.000,0.000,0.000,26.971,100.000,243.520,39071.080,1217.620,,production,OP
2016-02-23,15/9-F-12,24.000,0.000,0.000,27.152,100.000,243.300,38914.990,1229.450,,production,OP
2016-02-24,15/9-F-12,24.000,0.000,0.000,27.167,100.000,242.500,38611.180,1249.350,,production,OP
2016-02-25,15/9-F-12,24.000,0.000,0.000,27.574,100.000,247.630,39223.000,1274.680,,production,OP
2016-02-26,15/9-F-12,24.000,0.000,0.000,26.481,100.000,269.160,43492.470,1314.590,,production,OP
2016-02-27,15/9-F-12,24.000,0.000,0.000,26.672,100.000,267.490,43321.060,1317.410,,production,OP
2016-02-28,15/9-F-12,24.000,0.000,0.000,26.842,100.000,270.650,43425.400,1321.080,,production,OP
2016-02-29,15/9-F-12,24.000,0.000,0.000,27.344,100.000,268.610,43161.060,1421.230,,production,OP
2016-03-01,15/9-F-12,24.000,0.000,0.000,27.407,100.000,272.840,42974.230,1360.940,,production,OP
2016-03-02,15/9-F-12,24.000,0.000,0.000,27.002,100.000,268.900,42430.890,1358.120,,production,OP
2016-03-03,15/9-F-12,24.000,0.000,0.000,26.956,100.000,266.080,42263.960,1351.400,,production,OP
2016-03-04,15/9-F-12,24.000,0.000,0.000,27.047,100.000,264.090,41885.130,1340.140,,production,OP
2016-03-05,15/9-F-12,24.000,0.000,0.000,26.893,100.000,260.420,41455.960,1342.230,,production,OP
2016-03-06,15/9-F-12,24.000,0.000,0.000,26.864,100.000,260.010,41228.630,1339.300,,production,OP
2016-03-07,15/9-F-12,24.000,0.000,0.000,26.762,100.000,257.300,40949.120,1330.170,,production,OP
2016-03-08,15/9-F-12,24.000,0.000,0.000,27.091,100.000,254.390,40657.440,1320.730,,production,OP
2016-03-09,15/9-F-12,24.000,0.000,0.000,27.136,100.000,251.090,40205.360,1313.190,,production,OP
2016-03-10,15/9-F-12,24.000,0.000,0.000,27.067,100.000,250.980,39803.440,1308.190,,production,OP
2016-03-11,15/9-F-12,24.000,0.000,0.000,27.301,100.000,247.770,39556.380,1300.110,,production,OP
2016-03-12,15/9-F-12,24.000,0.000,0.000,26.956,100.000,247.140,39480.120,1376.860,,production,OP
2016-03-13,15/9-F-12,24.000,0.000,0.000,27.493,100.000,238.350,38731.250,1298.090,,production,OP
2016-03-14,15/9-F-12,24.000,0.000,0.000,26.254,100.000,245.190,39218.470,1326.140,,production,OP
2016-03-15,15/9-F-12,24.000,0.000,0.000,26.195,100.000,243.120,38989.030,1321.760,,production,OP
2016-03-16,15/9-F-12,24.000,0.000,0.000,26.197,100.000,245.900,39731.660,1316.250,,production,OP
2016-03-17,15/9-F-12,24.000,0.000,0.000,26.204,100.000,233.530,37544.120,1234.490,,production,OP
2016-03-18,15/9-F-12,24.000,0.000,0.000,26.364,100.000,230.160,37595.670,1305.250,,production,OP
2016-03-19,15/9-F-12,24.000,0.000,0.000,26.264,100.000,228.000,37464.580,1319.150,,production,OP
2016-03-20,15/9-F-12,24.000,0.000,0.000,26.369,100.000,229.510,37272.870,1315.440,,production,OP
2016-03-21,15/9-F-12,24.000,0.000,0.000,26.554,100.000,227.010,37095.490,1300.190,,production,OP
2016-03-22,15/9-F-12,24.000,0.000,0.000,26.507,100.000,219.850,35522.650,1290.220,,production,OP
2016-03-23,15/9-F-12,24.000,0.000,0.000,26.725,100.000,218.290,35045.020,1292.830,,production,OP
2016-03-24,15/9-F-12,24.000,0.000,0.000,27.084,100.000,219.770,35639.640,1295.030,,production,OP
2016-03-25,15/9-F-12,24.000,0.000,0.000,26.741,100.000,220.900,36014.690,1296.230,,production,OP
2016-03-26,15/9-F-12,24.000,0.000,0.000,27.289,100.000,216.630,35611.640,1278.260,,production,OP
2016-03-27,15/9-F-12,23.000,0.000,0.000,27.498,100.000,205.990,34246.400,1215.190,,production,OP
2016-03-28,15/9-F-12,24.000,0.000,0.000,27.402,100.000,211.560,35021.700,1263.170,,production,OP
2016-03-29,15/9-F-12,24.000,0.000,0.000,27.013,100.000,213.020,34900.560,1270.860,,production,OP
2016-03-30,15/9-F-12,24.000,0.000,0.000,27.046,100.000,208.100,34088.480,1271.880,,production,OP
2016-03-31,15/9-F-12,24.000,0.000,0.000,27.286,100.000,204.040,33268.980,1255.400,,production,OP
2016-04-01,15/9-F-12,24.000,0.000,0.000,27.798,100.000,200.490,32603.010,1249.040,,production,OP
2016-04-02,15/9-F-12,24.000,0.000,0.000,27.575,100.000,197.480,32515.740,1248.490,,production,OP
2016-04-03,15/9-F-12,24.000,0.000,0.000,27.391,100.000,198.760,32522.780,1247.050,,production,OP
2016-04-04,15/9-F-12,24.000,0.000,0.000,27.155,100.000,199.000,32328.850,1322.090,,production,OP
2016-04-05,15/9-F-12,24.000,0.000,0.000,27.038,100.000,198.270,32479.150,1266.530,,production,OP
2016-04-06,15/9-F-12,22.833,0.000,0.000,28.450,86.524,167.160,28126.120,1114.720,,production,OP
2016-04-07,15/9-F-12,24.000,0.000,0.000,26.480,100.000,196.960,31740.740,1310.260,,production,OP
2016-04-08,15/9-F-12,24.000,0.000,0.000,26.263,100.000,222.820,36763.880,1264.940,,production,OP
2016-04-09,15/9-F-12,24.000,0.000,0.000,26.451,100.000,217.220,35805.770,1251.150,,production,OP
2016-04-10,15/9-F-12,24.000,0.000,0.000,26.425,100.000,215.980,35248.170,1238.120,,production,OP
2016-04-11,15/9-F-12,24.000,0.000,0.000,26.332,100.000,211.090,35164.060,1234.590,,production,OP
2016-04-12,15/9-F-12,24.000,0.000,0.000,26.416,100.000,204.610,34026.180,1231.240,,production,OP
2016-04-13,15/9-F-12,24.000,0.000,0.000,26.442,100.000,204.270,33838.070,1220.490,,production,OP
2016-04-14,15/9-F-12,24.000,0.000,0.000,26.129,100.000,205.600,33573.840,1219.860,,production,OP
2016-04-15,15/9-F-12,24.000,0.000,0.000,26.171,100.000,199.840,33249.130,1217.360,,production,OP
2016-04-16,15/9-F-12,24.000,0.000,0.000,26.139,100.000,211.330,41066.670,1256.030,,production,OP
2016-04-17,15/9-F-12,24.000,0.000,0.000,25.963,100.000,218.970,40958.990,1265.650,,production,OP
2016-04-18,15/9-F-12,24.000,0.000,0.000,26.261,100.000,187.470,33474.490,1305.030,,production,OP
2016-04-19,15/9-F-12,24.000,0.000,0.000,26.203,100.000,223.850,36789.770,1240.860,,production,OP
2016-04-20,15/9-F-12,24.000,0.000,0.000,26.220,100.000,216.570,37203.840,1228.280,,production,OP
2016-04-21,15/9-F-12,24.000,0.000,0.000,26.143,100.000,209.750,32906.030,1223.060,,production,OP
2016-04-22,15/9-F-12,24.000,0.000,0.000,26.163,100.000,198.750,29910.740,1260.720,,production,OP
2016-04-23,15/9-F-12,24.000,0.000,0.000,26.245,100.000,207.280,33341.260,1265.610,,production,OP
2016-04-24,15/9-F-12,24.000,0.000,0.000,26.197,100.000,202.130,32639.510,1279.960,,production,OP
2016-04-25,15/9-F-12,24.000,0.000,0.000,26.360,100.000,207.170,33244.200,1222.310,,production,OP
2016-04-26,15/9-F-12,24.000,0.000,0.000,26.419,100.000,211.560,33869.790,1210.970,,production,OP
2016-04-27,15/9-F-12,24.000,0.000,0.000,26.339,100.000,208.610,33629.380,1191.410,,production,OP
2016-04-28,15/9-F-12,24.000,0.000,0.000,26.429,100.000,210.840,33158.380,1178.960,,production,OP
2016-04-29,15/9-F-12,24.000,0.000,0.000,26.573,100.000,199.250,31484.070,1185.440,,production,OP
2016-04-30,15/9-F-12,24.000,0.000,0.000,26.361,100.000,199.090,31371.750,1175.820,,production,OP
2016-05-01,15/9-F-12,24.000,0.000,0.000,26.514,100.000,193.890,31273.220,1163.490,,production,OP
2016-05-02,15/9-F-12,24.000,0.000,0.000,26.436,100.000,201.140,32438.110,1167.200,,production,OP
2016-05-03,15/9-F-12,24.000,0.000,0.000,26.227,100.000,201.030,32199.800,1176.730,,production,OP
2016-05-04,15/9-F-12,24.000,0.000,0.000,26.432,100.000,199.270,31758.790,1182.840,,production,OP
2016-05-05,15/9-F-12,24.000,0.000,0.000,26.474,100.000,200.490,31653.970,1188.300,,production,OP
2016-05-06,15/9-F-12,24.000,0.000,0.000,26.325,100.000,201.320,31617.660,1180.180,,production,OP
2016-05-07,15/9-F-12,24.000,0.000,0.000,26.216,100.000,200.430,31745.210,1178.020,,production,OP
2016-05-08,15/9-F-12,24.000,0.000,0.000,26.388,100.000,199.770,31496.170,1173.380,,production,OP
2016-05-09,15/9-F-12,24.000,0.000,0.000,26.322,100.000,197.200,31176.060,1181.650,,production,OP
2016-05-10,15/9-F-12,24.000,0.000,0.000,26.129,100.000,194.870,30825.230,1566.060,,production,OP
2016-05-11,15/9-F-12,24.000,0.000,0.000,26.060,100.000,194.210,30795.220,1152.770,,production,OP
2016-05-12,15/9-F-12,24.000,0.000,0.000,25.984,100.000,192.590,30605.570,1152.650,,production,OP
2016-05-13,15/9-F-12,24.000,0.000,0.000,26.069,100.000,191.230,30374.230,1153.070,,production,OP
2016-05-14,15/9-F-12,24.000,0.000,0.000,26.138,100.000,189.540,30155.460,1147.010,,production,OP
2016-05-15,15/9-F-12,20.500,0.000,0.000,28.848,69.281,146.360,23608.340,892.330,,production,OP
2016-05-16,15/9-F-12,24.000,0.000,0.000,26.063,99.987,190.970,22017.680,1161.610,,production,OP
2016-05-17,15/9-F-12,24.000,0.000,0.000,26.062,100.000,187.880,30089.200,1141.850,,production,OP
2016-05-18,15/9-F-12,24.000,0.000,0.000,26.118,100.000,186.860,30027.190,1137.070,,production,OP
2016-05-19,15/9-F-12,24.000,0.000,0.000,26.230,100.000,185.120,29825.360,1133.150,,production,OP
2016-05-20,15/9-F-12,24.000,0.000,0.000,26.318,100.000,184.860,29395.950,1131.490,,production,OP
2016-05-21,15/9-F-12,24.000,0.000,0.000,26.363,100.000,182.240,28916.860,1145.110,,production,OP
2016-05-22,15/9-F-12,24.000,0.000,0.000,26.177,100.000,183.080,29157.080,1166.020,,production,OP
2016-05-23,15/9-F-12,24.000,0.000,0.000,26.015,100.000,183.820,29301.810,1168.530,,production,OP
2016-05-24,15/9-F-12,24.000,0.000,0.000,26.072,100.000,185.070,29487.590,1166.000,,production,OP
2016-05-25,15/9-F-12,24.000,0.000,0.000,26.051,100.000,185.850,29495.920,1160.130,,production,OP
2016-05-26,15/9-F-12,24.000,0.000,0.000,25.999,100.000,185.890,29511.080,1161.670,,production,OP
2016-05-27,15/9-F-12,24.000,0.000,0.000,26.016,100.000,184.120,29310.490,1160.040,,production,OP
2016-05-28,15/9-F-12,24.000,0.000,0.000,26.064,100.000,184.750,29430.590,1167.850,,production,OP
2016-05-29,15/9-F-12,24.000,0.000,0.000,26.260,100.000,182.980,29324.390,1169.910,,production,OP
2016-05-30,15/9-F-12,24.000,0.000,0.000,25.972,100.000,182.400,28927.470,1162.280,,production,OP
2016-05-31,15/9-F-12,24.000,0.000,0.000,26.021,100.000,185.900,29572.140,1159.390,,production,OP
2016-06-01,15/9-F-12,24.000,0.000,0.000,26.045,100.000,185.750,29185.440,1152.880,,production,OP
2016-06-02,15/9-F-12,24.000,0.000,0.000,26.075,100.000,184.280,29399.370,1162.230,,production,OP
2016-06-03,15/9-F-12,24.000,0.000,0.000,25.974,100.000,175.830,28223.000,1144.950,,production,OP
2016-06-04,15/9-F-12,24.000,0.000,0.000,26.009,100.000,185.690,30511.440,1163.780,,production,OP
2016-06-05,15/9-F-12,24.000,0.000,0.000,26.009,100.000,186.700,30459.490,1167.430,,production,OP
2016-06-06,15/9-F-12,24.000,0.000,0.000,26.019,100.000,186.990,30363.700,1171.460,,production,OP
2016-06-07,15/9-F-12,24.000,0.000,0.000,26.053,100.000,187.600,30555.150,1177.590,,production,OP
2016-06-08,15/9-F-12,16.258,0.000,0.000,26.208,67.709,116.930,19085.670,726.730,,production,OP
2016-06-09,15/9-F-12,15.000,0.000,0.000,26.316,48.957,96.320,15644.360,651.130,,production,OP
2016-06-10,15/9-F-12,24.000,0.000,0.000,26.308,99.990,187.510,30822.660,1209.980,,production,OP
2016-06-11,15/9-F-12,24.000,0.000,0.000,26.332,100.000,188.190,30443.630,1189.550,,production,OP
2016-06-12,15/9-F-12,24.000,0.000,0.000,26.452,100.000,179.180,28861.930,1123.900,,production,OP
2016-06-13,15/9-F-12,24.000,0.000,0.000,26.521,100.000,187.630,30439.780,1192.040,,production,OP
2016-06-14,15/9-F-12,24.000,0.000,0.000,26.582,100.000,188.280,30317.480,1191.660,,production,OP
2016-06-15,15/9-F-12,24.000,0.000,0.000,26.567,100.000,187.060,30177.910,1198.430,,production,OP
2016-06-16,15/9-F-12,24.000,0.000,0.000,26.612,100.000,188.560,30339.500,1206.300,,production,OP
2016-06-17,15/9-F-12,24.000,0.000,0.000,26.248,100.000,186.170,29662.300,1196.540,,production,OP
2016-06-18,15/9-F-12,24.000,0.000,0.000,26.321,100.000,186.430,29828.710,1193.650,,production,OP
2016-06-19,15/9-F-12,24.000,0.000,0.000,26.302,100.000,186.610,29778.970,1198.430,,production,OP
2016-06-20,15/9-F-12,24.000,0.000,0.000,26.449,100.000,187.020,29788.520,1196.170,,production,OP
2016-06-21,15/9-F-12,24.000,0.000,0.000,26.393,100.000,186.450,29755.820,1201.820,,production,OP
2016-06-22,15/9-F-12,24.000,0.000,0.000,26.565,100.000,186.030,29759.690,1202.080,,production,OP
2016-06-23,15/9-F-12,24.000,0.000,0.000,26.428,100.000,186.140,29860.230,1213.960,,production,OP
2016-06-24,15/9-F-12,24.000,0.000,0.000,26.231,100.000,186.370,29749.300,1197.090,,production,OP
2016-06-25,15/9-F-12,24.000,0.000,0.000,26.274,100.000,184.920,29630.870,1197.460,,production,OP
2016-06-26,15/9-F-12,24.000,0.000,0.000,26.221,100.000,185.410,29748.890,1198.320,,production,OP
2016-06-27,15/9-F-12,24.000,0.000,0.000,26.348,100.000,182.800,29322.630,1194.830,,production,OP
2016-06-28,15/9-F-12,24.000,0.000,0.000,26.520,100.000,184.230,29627.800,1193.670,,production,OP
2016-06-29,15/9-F-12,24.000,0.000,0.000,26.416,100.000,184.420,29648.290,1196.060,,production,OP
2016-06-30,15/9-F-12,24.000,0.000,0.000,26.407,100.000,182.810,29540.870,1198.330,,production,OP
2016-07-01,15/9-F-12,24.000,0.000,0.000,26.605,100.000,185.360,29491.310,1195.770,,production,OP
2016-07-02,15/9-F-12,24.000,0.000,0.000,26.331,100.000,183.000,29483.260,1200.900,,production,OP
2016-07-03,15/9-F-12,24.000,0.000,0.000,26.374,100.000,184.550,29314.230,1195.000,,production,OP
2016-07-04,15/9-F-12,24.000,0.000,0.000,26.267,100.000,181.400,29303.760,1200.380,,production,OP
2016-07-05,15/9-F-12,24.000,0.000,0.000,26.198,100.000,183.580,29342.870,1194.060,,production,OP
2016-07-06,15/9-F-12,24.000,0.000,0.000,26.229,100.000,176.830,29172.080,1200.240,,production,OP
2016-07-07,15/9-F-12,24.000,0.000,0.000,26.416,100.000,182.400,29936.510,1214.330,,production,OP
2016-07-08,15/9-F-12,24.000,0.000,0.000,26.466,100.000,181.600,29966.210,1213.380,,production,OP
2016-07-09,15/9-F-12,23.500,0.000,0.000,26.748,89.872,176.040,28764.650,893.710,,production,OP
2016-07-10,15/9-F-12,24.000,0.000,0.000,26.278,100.000,188.960,31255.200,1182.860,,production,OP
2016-07-11,15/9-F-12,23.667,0.000,0.000,26.752,92.771,180.550,29824.060,1129.540,,production,OP
2016-07-12,15/9-F-12,24.000,0.000,0.000,26.186,100.000,189.740,30906.260,1169.290,,production,OP
2016-07-13,15/9-F-12,14.892,0.000,0.000,26.387,60.490,106.490,16471.680,660.910,,production,OP
2016-07-14,15/9-F-12,6.500,0.000,0.000,30.032,11.700,47.820,7652.040,286.760,,production,OP
2016-07-15,15/9-F-12,14.442,0.000,0.000,40.060,12.189,38.420,6150.890,271.540,,production,OP
2016-07-16,15/9-F-12,24.000,0.000,0.000,39.667,22.907,184.020,29442.570,998.020,,production,OP
2016-07-17,15/9-F-12,20.726,0.000,0.000,38.825,21.106,80.780,12933.520,399.190,,production,OP
2016-07-18,15/9-F-12,24.000,0.000,0.000,33.954,30.164,125.940,20158.230,812.900,,production,OP
2016-07-19,15/9-F-12,24.000,0.000,0.000,26.999,40.275,143.870,23020.360,1112.910,,production,OP
2016-07-20,15/9-F-12,24.000,0.000,0.000,27.094,40.300,145.490,23270.270,1030.590,,production,OP
2016-07-21,15/9-F-12,24.000,0.000,0.000,26.946,40.011,142.500,22801.670,976.580,,production,OP
2016-07-22,15/9-F-12,24.000,0.000,0.000,27.751,39.099,134.800,21569.020,968.170,,production,OP
2016-07-23,15/9-F-12,24.000,0.000,0.000,26.353,40.519,136.300,21807.050,989.130,,production,OP
2016-07-24,15/9-F-12,24.000,0.000,0.000,26.172,40.032,139.910,22385.530,996.870,,production,OP
2016-07-25,15/9-F-12,24.000,0.000,0.000,28.917,34.576,133.660,21383.600,878.390,,production,OP
2016-07-26,15/9-F-12,24.000,0.000,0.000,31.294,32.116,129.530,20719.180,837.400,,production,OP
2016-07-27,15/9-F-12,24.000,0.000,0.000,31.447,31.920,126.900,20303.610,905.640,,production,OP
2016-07-28,15/9-F-12,24.000,0.000,0.000,31.440,31.940,128.630,20581.420,941.790,,production,OP
2016-07-29,15/9-F-12,24.000,0.000,0.000,31.309,31.935,130.180,20427.410,953.360,,production,OP
2016-07-30,15/9-F-12,24.000,0.000,0.000,31.091,31.931,132.630,21016.340,975.550,,production,OP
2016-07-31,15/9-F-12,24.000,0.000,0.000,30.132,33.609,131.940,20464.370,955.020,,production,OP
2016-08-01,15/9-F-12,24.000,0.000,0.000,29.735,34.261,136.170,20696.740,931.340,,production,OP
2016-08-02,15/9-F-12,24.000,0.000,0.000,30.964,31.557,129.850,21210.160,889.320,,production,OP
2016-08-03,15/9-F-12,24.000,0.000,0.000,32.499,29.829,123.160,18692.570,1203.960,,production,OP
2016-08-04,15/9-F-12,24.000,0.000,0.000,32.437,30.332,118.810,21069.490,1006.110,,production,OP
2016-08-05,15/9-F-12,24.000,0.000,0.000,32.421,30.260,121.770,19527.950,915.960,,production,OP
2016-08-06,15/9-F-12,24.000,0.000,0.000,32.402,30.281,118.700,18916.660,860.510,,production,OP
2016-08-07,15/9-F-12,24.000,0.000,0.000,32.615,30.269,119.960,20282.280,863.420,,production,OP
2016-08-08,15/9-F-12,24.000,0.000,0.000,32.412,30.251,119.630,19170.050,863.730,,production,OP
2016-08-09,15/9-F-12,23.750,0.000,0.000,32.787,29.346,110.610,18060.660,817.250,,production,OP
2016-08-10,15/9-F-12,24.000,0.000,0.000,32.752,30.232,118.120,19262.510,850.790,,production,OP
2016-08-11,15/9-F-12,24.000,0.000,0.000,32.819,30.217,120.410,19069.010,854.050,,production,OP
2016-08-12,15/9-F-12,22.142,0.000,0.000,33.147,27.296,104.840,16599.630,880.700,,production,OP
2016-08-13,15/9-F-12,0.000,0.000,0.000,2.007,1.618,0.000,0.000,0.000,,production,OP
2016-08-14,15/9-F-12,0.000,0.000,0.000,0.000,0.619,0.000,0.000,0.000,,production,OP
2016-08-15,15/9-F-12,0.000,0.000,0.000,0.000,0.586,0.000,0.000,0.000,,production,OP
2016-08-16,15/9-F-12,0.000,0.000,0.000,0.000,0.572,0.000,0.000,0.000,,production,OP
2016-08-17,15/9-F-12,0.000,0.000,0.000,0.000,0.560,0.000,0.000,0.000,,production,OP
2016-08-18,15/9-F-12,0.000,0.000,0.000,0.000,0.572,0.000,0.000,0.000,,production,OP
2016-08-19,15/9-F-12,0.000,0.000,0.000,0.000,0.575,0.000,0.000,0.000,,production,OP
2016-08-20,15/9-F-12,0.000,0.000,0.000,0.000,0.585,0.000,0.000,0.000,,production,OP
2016-08-21,15/9-F-12,0.000,0.000,0.000,0.000,0.576,0.000,0.000,0.000,,production,OP
2016-08-22,15/9-F-12,0.000,0.000,0.000,0.000,0.561,0.000,0.000,0.000,,production,OP
2016-08-23,15/9-F-12,0.000,0.000,0.000,0.000,0.583,0.000,0.000,0.000,,production,OP
2016-08-24,15/9-F-12,0.000,0.000,0.000,0.000,0.599,0.000,0.000,0.000,,production,OP
2016-08-25,15/9-F-12,0.000,0.000,0.000,0.000,0.654,0.000,0.000,0.000,,production,OP
2016-08-26,15/9-F-12,0.000,0.000,0.000,0.000,0.961,0.000,0.000,0.000,,production,OP
2016-08-27,15/9-F-12,0.000,0.000,0.000,0.000,0.989,0.000,0.000,0.000,,production,OP
2016-08-28,15/9-F-12,0.000,0.000,0.000,0.000,0.992,0.000,0.000,0.000,,production,OP
2016-08-29,15/9-F-12,0.000,0.000,0.000,0.000,0.992,0.000,0.000,0.000,,production,OP
2016-08-30,15/9-F-12,0.000,0.000,0.000,0.000,1.240,0.000,0.000,0.000,,production,OP
2016-08-31,15/9-F-12,0.000,0.000,0.000,0.000,1.289,0.000,0.000,0.000,,production,OP
2016-09-01,15/9-F-12,0.000,0.000,0.000,0.000,1.347,0.000,0.000,0.000,,production,OP
2016-09-02,15/9-F-12,0.000,0.000,0.000,0.000,1.192,0.000,0.000,0.000,,production,OP
2016-09-03,15/9-F-12,0.000,0.000,0.000,0.000,1.120,0.000,0.000,0.000,,production,OP
2016-09-04,15/9-F-12,0.000,0.000,0.000,0.000,1.132,0.000,0.000,0.000,,production,OP
2016-09-05,15/9-F-12,0.000,0.000,0.000,0.000,1.107,0.000,0.000,0.000,,production,OP
2016-09-06,15/9-F-12,0.000,0.000,0.000,0.000,1.107,0.000,0.000,0.000,,production,OP
2016-09-07,15/9-F-12,0.000,0.000,0.000,0.000,1.087,0.000,0.000,0.000,,production,OP
2016-09-08,15/9-F-12,0.000,0.000,0.000,0.000,1.032,0.000,0.000,0.000,,production,OP
2016-09-09,15/9-F-12,0.000,0.000,0.000,0.000,1.010,0.000,0.000,0.000,,production,OP
2016-09-10,15/9-F-12,0.000,0.000,0.000,0.000,0.992,0.000,0.000,0.000,,production,OP
2016-09-11,15/9-F-12,0.000,0.000,0.000,0.000,1.004,0.000,0.000,0.000,,production,OP
2016-09-12,15/9-F-12,0.000,0.000,0.000,0.000,1.010,0.000,0.000,0.000,,production,OP
2016-09-13,15/9-F-12,0.000,0.000,0.000,0.000,0.993,0.000,0.000,0.000,,production,OP
2016-09-14,15/9-F-12,0.000,0.000,0.000,0.000,0.973,0.000,0.000,0.000,,production,OP
2016-09-15,15/9-F-12,0.000,0.000,0.000,0.000,0.978,0.000,0.000,0.000,,production,OP
2016-09-16,15/9-F-12,0.000,0.000,0.000,0.000,0.961,0.000,0.000,0.000,,production,OP
2016-09-17,15/9-F-12,0.000,0.000,0.000,0.000,0.903,0.000,0.000,0.000,,production,OP
