DATEPRD,NPD_WELL_BORE_NAME,ON_STREAM_HRS,AVG_DOWNHOLE_PRESSURE,AVG_DOWNHOLE_TEMPERATURE,AVG_WHP_P,AVG_CHOKE_SIZE_P,BORE_OIL_VOL,BORE_GAS_VOL,BORE_WAT_VOL,BORE_WI_VOL,FLOW_KIND,WELL_TYPE
2007-09-01,15/9-F-5,,,,,,,,,,injection,WI
2007-09-02,15/9-F-5,,,,,,,,,,injection,WI
2007-09-03,15/9-F-5,,,,,,,,,,injection,WI
2007-09-04,15/9-F-5,,,,,,,,,,injection,WI
2007-09-05,15/9-F-5,,,,,,,,,,injection,WI
2007-09-06,15/9-F-5,,,,,,,,,,injection,WI
2007-09-07,15/9-F-5,,,,,,,,,,injection,WI
2007-09-08,15/9-F-5,,,,,,,,,,injection,WI
2007-09-09,15/9-F-5,,,,,,,,,,injection,WI
2007-09-10,15/9-F-5,,,,,,,,,,injection,WI
2007-09-11,15/9-F-5,,,,,,,,,,injection,WI
2007-09-12,15/9-F-5,,,,,,,,,,injection,WI
2007-09-13,15/9-F-5,,,,,,,,,,injection,WI
2007-09-14,15/9-F-5,,,,,,,,,,injection,WI
2007-09-15,15/9-F-5,,,,,,,,,,injection,WI
2007-09-16,15/9-F-5,,,,,,,,,,injection,WI
2007-09-17,15/9-F-5,,,,,,,,,,injection,WI
2007-09-18,15/9-F-5,,,,,,,,,,injection,WI
2007-09-19,15/9-F-5,,,,,,,,,,injection,WI
2007-09-20,15/9-F-5,,,,,,,,,,injection,WI
2007-09-21,15/9-F-5,,,,,,,,,,injection,WI
2007-09-22,15/9-F-5,,,,,,,,,,injection,WI
2007-09-23,15/9-F-5,,,,,,,,,,injection,WI
2007-09-24,15/9-F-5,,,,,,,,,,injection,WI
2007-09-25,15/9-F-5,,,,,,,,,,injection,WI
2007-09-26,15/9-F-5,,,,,,,,,,injection,WI
2007-09-27,15/9-F-5,,,,,,,,,,injection,WI
2007-09-28,15/9-F-5,,,,,,,,,,injection,WI
2007-09-29,15/9-F-5,,,,,,,,,,injection,WI
2007-09-30,15/9-F-5,,,,,,,,,,injection,WI
2007-10-01,15/9-F-5,,,,,,,,,,injection,WI
2007-10-02,15/9-F-5,,,,,,,,,,injection,WI
2007-10-03,15/9-F-5,,,,,,,,,,injection,WI
2007-10-04,15/9-F-5,,,,,,,,,,injection,WI
2007-10-05,15/9-F-5,,,,,,,,,,injection,WI
2007-10-06,15/9-F-5,,,,,,,,,,injection,WI
2007-10-07,15/9-F-5,,,,,,,,,,injection,WI
2007-10-08,15/9-F-5,,,,,,,,,,injection,WI
2007-10-09,15/9-F-5,,,,,,,,,,injection,WI
2007-10-10,15/9-F-5,,,,,,,,,,injection,WI
2007-10-11,15/9-F-5,,,,,,,,,,injection,WI
2007-10-12,15/9-F-5,,,,,,,,,,injection,WI
2007-10-13,15/9-F-5,,,,,,,,,,injection,WI
2007-10-14,15/9-F-5,,,,,,,,,,injection,WI
2007-10-15,15/9-F-5,,,,,,,,,,injection,WI
2007-10-16,15/9-F-5,,,,,,,,,,injection,WI
2007-10-17,15/9-F-5,,,,,,,,,,injection,WI
2007-10-18,15/9-F-5,,,,,,,,,,injection,WI
2007-10-19,15/9-F-5,,,,,,,,,,injection,WI
2007-10-20,15/9-F-5,,,,,,,,,,injection,WI
2007-10-21,15/9-F-5,,,,,,,,,,injection,WI
2007-10-22,15/9-F-5,,,,,,,,,,injection,WI
2007-10-23,15/9-F-5,,,,,,,,,,injection,WI
2007-10-24,15/9-F-5,,,,,,,,,,injection,WI
2007-10-25,15/9-F-5,,,,,,,,,,injection,WI
2007-10-26,15/9-F-5,,,,,,,,,,injection,WI
2007-10-27,15/9-F-5,,,,,,,,,,injection,WI
2007-10-28,15/9-F-5,,,,,,,,,,injection,WI
2007-10-29,15/9-F-5,,,,,,,,,,injection,WI
2007-10-30,15/9-F-5,,,,,,,,,,injection,WI
2007-10-31,15/9-F-5,,,,,,,,,,injection,WI
2007-11-01,15/9-F-5,,,,,,,,,,injection,WI
2007-11-02,15/9-F-5,,,,,,,,,,injection,WI
2007-11-03,15/9-F-5,,,,,,,,,,injection,WI
2007-11-04,15/9-F-5,,,,,,,,,,injection,WI
2007-11-05,15/9-F-5,,,,,,,,,,injection,WI
2007-11-06,15/9-F-5,,,,,,,,,,injection,WI
2007-11-07,15/9-F-5,,,,,,,,,,injection,WI
2007-11-08,15/9-F-5,,,,,,,,,,injection,WI
2007-11-09,15/9-F-5,,,,,,,,,,injection,WI
2007-11-10,15/9-F-5,,,,,,,,,,injection,WI
2007-11-11,15/9-F-5,,,,,,,,,,injection,WI
2007-11-12,15/9-F-5,,,,,,,,,,injection,WI
2007-11-13,15/9-F-5,,,,,,,,,,injection,WI
2007-11-14,15/9-F-5,,,,,,,,,,injection,WI
2007-11-15,15/9-F-5,,,,,,,,,,injection,WI
2007-11-16,15/9-F-5,,,,,,,,,,injection,WI
2007-11-17,15/9-F-5,,,,,,,,,,injection,WI
2007-11-18,15/9-F-5,,,,,,,,,,injection,WI
2007-11-19,15/9-F-5,,,,,,,,,,injection,WI
2007-11-20,15/9-F-5,,,,,,,,,,injection,WI
2007-11-21,15/9-F-5,,,,,,,,,,injection,WI
2007-11-22,15/9-F-5,,,,,,,,,,injection,WI
2007-11-23,15/9-F-5,,,,,,,,,,injection,WI
2007-11-24,15/9-F-5,,,,,,,,,,injection,WI
2007-11-25,15/9-F-5,,,,,,,,,,injection,WI
2007-11-26,15/9-F-5,,,,,,,,,,injection,WI
2007-11-27,15/9-F-5,,,,,,,,,,injection,WI
2007-11-28,15/9-F-5,,,,,,,,,,injection,WI
2007-11-29,15/9-F-5,,,,,,,,,,injection,WI
2007-11-30,15/9-F-5,,,,,,,,,,injection,WI
2007-12-01,15/9-F-5,,,,,,,,,,injection,WI
2007-12-02,15/9-F-5,,,,,,,,,,injection,WI
2007-12-03,15/9-F-5,,,,,,,,,,injection,WI
2007-12-04,15/9-F-5,,,,,,,,,,injection,WI
2007-12-05,15/9-F-5,,,,,,,,,,injection,WI
2007-12-06,15/9-F-5,,,,,,,,,,injection,WI
2007-12-07,15/9-F-5,,,,,,,,,,injection,WI
2007-12-08,15/9-F-5,,,,,,,,,,injection,WI
2007-12-09,15/9-F-5,,,,,,,,,,injection,WI
2007-12-10,15/9-F-5,,,,,,,,,,injection,WI
2007-12-11,15/9-F-5,,,,,,,,,,injection,WI
2007-12-12,15/9-F-5,,,,,,,,,,injection,WI
2007-12-13,15/9-F-5,,,,,,,,,,injection,WI
2007-12-14,15/9-F-5,,,,,,,,,,injection,WI
2007-12-15,15/9-F-5,,,,,,,,,,injection,WI
2007-12-16,15/9-F-5,,,,,,,,,,injection,WI
2007-12-17,15/9-F-5,,,,,,,,,,injection,WI
2007-12-18,15/9-F-5,,,,,,,,,,injection,WI
2007-12-19,15/9-F-5,,,,,,,,,,injection,WI
2007-12-20,15/9-F-5,,,,,,,,,,injection,WI
2007-12-21,15/9-F-5,,,,,,,,,,injection,WI
2007-12-22,15/9-F-5,,,,,,,,,,injection,WI
2007-12-23,15/9-F-5,,,,,,,,,,injection,WI
2007-12-24,15/9-F-5,,,,,,,,,,injection,WI
2007-12-25,15/9-F-5,,,,,,,,,,injection,WI
2007-12-26,15/9-F-5,,,,,,,,,,injection,WI
2007-12-27,15/9-F-5,,,,,,,,,,injection,WI
2007-12-28,15/9-F-5,,,,,,,,,,injection,WI
2007-12-29,15/9-F-5,,,,,,,,,,injection,WI
2007-12-30,15/9-F-5,,,,,,,,,,injection,WI
2007-12-31,15/9-F-5,,,,,,,,,,injection,WI
2008-01-01,15/9-F-5,0.000,,,,,,,,,injection,WI
2008-01-02,15/9-F-5,0.000,,,,,,,,,injection,WI
2008-01-03,15/9-F-5,0.000,,,,,,,,,injection,WI
2008-01-04,15/9-F-5,0.000,,,,,,,,,injection,WI
2008-01-05,15/9-F-5,0.000,,,,,,,,,injection,WI
2008-01-06,15/9-F-5,0.000,,,,,,,,,injection,WI
2008-01-07,15/9-F-5,0.000,,,,,,,,,injection,WI
2008-01-08,15/9-F-5,0.000,,,,,,,,,injection,WI
2008-01-09,15/9-F-5,0.000,,,,,,,,,injection,WI
2008-01-10,15/9-F-5,0.000,,,,,,,,,injection,WI
2008-01-11,15/9-F-5,0.000,,,,,,,,,injection,WI
2008-01-12,15/9-F-5,0.000,,,,,,,,,injection,WI
2008-01-13,15/9-F-5,0.000,,,,,,,,,injection,WI
2008-01-14,15/9-F-5,0.000,,,,,,,,,injection,WI
2008-01-15,15/9-F-5,0.000,,,,,,,,,injection,WI
2008-01-16,15/9-F-5,0.000,,,,,,,,,injection,WI
2008-01-17,15/9-F-5,0.000,,,,,,,,,injection,WI
2008-01-18,15/9-F-5,0.000,,,,,,,,,injection,WI
2008-01-19,15/9-F-5,0.000,,,,,,,,,injection,WI
2008-01-20,15/9-F-5,0.000,,,,,,,,,injection,WI
2008-01-21,15/9-F-5,0.000,,,,,,,,,injection,WI
2008-01-22,15/9-F-5,,,,,,,,,,injection,WI
2008-01-23,15/9-F-5,,,,,,,,,,injection,WI
2008-01-24,15/9-F-5,,,,,,,,,,injection,WI
2008-01-25,15/9-F-5,,,,,,,,,,injection,WI
2008-01-26,15/9-F-5,,,,,,,,,,injection,WI
2008-01-27,15/9-F-5,0.000,,,,,,,,,injection,WI
2008-01-28,15/9-F-5,,,,,,,,,,injection,WI
2008-01-29,15/9-F-5,,,,,,,,,,injection,WI
2008-01-30,15/9-F-5,,,,,,,,,,injection,WI
2008-01-31,15/9-F-5,,,,,,,,,,injection,WI
2008-02-01,15/9-F-5,0.000,,,,,,,,,injection,WI
2008-02-02,15/9-F-5,0.000,,,,,,,,,injection,WI
2008-02-03,15/9-F-5,0.000,,,,,,,,,injection,WI
2008-02-04,15/9-F-5,0.000,,,,,,,,,injection,WI
2008-02-05,15/9-F-5,0.000,,,,,,,,,injection,WI
2008-02-06,15/9-F-5,0.000,,,,,,,,,injection,WI
2008-02-07,15/9-F-5,0.000,,,,,,,,,injection,WI
2008-02-08,15/9-F-5,0.000,,,,,,,,,injection,WI
2008-02-09,15/9-F-5,0.000,,,,,,,,,injection,WI
2008-02-10,15/9-F-5,0.000,,,,,,,,,injection,WI
2008-02-11,15/9-F-5,0.000,,,,,,,,,injection,WI
2008-02-12,15/9-F-5,0.000,,,,,,,,,injection,WI
2008-02-13,15/9-F-5,0.000,,,,,,,,,injection,WI
2008-02-14,15/9-F-5,0.000,,,,,,,,,injection,WI
2008-02-15,15/9-F-5,0.000,,,,,,,,,injection,WI
2008-02-16,15/9-F-5,0.000,,,,,,,,,injection,WI
2008-02-17,15/9-F-5,0.000,,,,,,,,,injection,WI
2008-02-18,15/9-F-5,0.000,,,,,,,,,injection,WI
2008-02-19,15/9-F-5,0.000,,,,,,,,,injection,WI
2008-02-20,15/9-F-5,0.000,,,,,,,,,injection,WI
2008-02-21,15/9-F-5,,,,,,,,,,injection,WI
2008-02-22,15/9-F-5,0.000,,,,,,,,,injection,WI
2008-02-23,15/9-F-5,0.000,,,,,,,,,injection,WI
2008-02-24,15/9-F-5,0.000,,,,,,,,,injection,WI
2008-02-25,15/9-F-5,0.000,,,,,,,,,injection,WI
2008-02-26,15/9-F-5,0.000,,,,,,,,,injection,WI
2008-02-27,15/9-F-5,0.000,,,,,,,,,injection,WI
2008-02-28,15/9-F-5,0.000,,,,,,,,,injection,WI
2008-02-29,15/9-F-5,0.000,,,,,,,,,injection,WI
2008-03-01,15/9-F-5,0.000,,,,,,,,,injection,WI
2008-03-02,15/9-F-5,0.000,,,,,,,,,injection,WI
2008-03-03,15/9-F-5,0.000,,,,,,,,,injection,WI
2008-03-04,15/9-F-5,0.000,,,,,,,,,injection,WI
2008-03-05,15/9-F-5,0.000,,,,,,,,,injection,WI
2008-03-06,15/9-F-5,0.000,,,,,,,,,injection,WI
2008-03-07,15/9-F-5,0.000,,,,,,,,,injection,WI
2008-03-08,15/9-F-5,0.000,,,,,,,,,injection,WI
2008-03-09,15/9-F-5,0.000,,,,,,,,,injection,WI
2008-03-10,15/9-F-5,0.000,,,,,,,,,injection,WI
2008-03-11,15/9-F-5,0.000,,,,,,,,,injection,WI
2008-03-12,15/9-F-5,0.000,,,,,,,,,injection,WI
2008-03-13,15/9-F-5,0.000,,,,,,,,,injection,WI
2008-03-14,15/9-F-5,0.000,,,,,,,,,injection,WI
2008-03-15,15/9-F-5,0.000,,,,,,,,0.000,injection,WI
2008-03-16,15/9-F-5,0.000,,,,,,,,,injection,WI
2008-03-17,15/9-F-5,0.000,,,,,,,,,injection,WI
2008-03-18,15/9-F-5,0.000,,,,,,,,,injection,WI
2008-03-19,15/9-F-5,0.000,,,,,,,,,injection,WI
2008-03-20,15/9-F-5,0.000,,,,,,,,,injection,WI
2008-03-21,15/9-F-5,0.000,,,,,,,,,injection,WI
2008-03-22,15/9-F-5,0.000,,,,,,,,,injection,WI
2008-03-23,15/9-F-5,0.000,,,,,,,,,injection,WI
2008-03-24,15/9-F-5,0.000,,,,,,,,,injection,WI
2008-03-25,15/9-F-5,0.000,,,,,,,,,injection,WI
2008-03-26,15/9-F-5,0.000,,,,,,,,,injection,WI
2008-03-27,15/9-F-5,0.000,,,,,,,,,injection,WI
2008-03-28,15/9-F-5,0.000,,,,,,,,,injection,WI
2008-03-29,15/9-F-5,0.000,,,,,,,,,injection,WI
2008-03-30,15/9-F-5,0.000,,,,,,,,0.000,injection,WI
2008-03-31,15/9-F-5,0.000,,,,,,,,,injection,WI
2008-04-01,15/9-F-5,0.000,,,,,,,,,injection,WI
2008-04-02,15/9-F-5,0.000,,,,,,,,,injection,WI
2008-04-03,15/9-F-5,0.000,,,,,,,,,injection,WI
2008-04-04,15/9-F-5,0.000,,,,,,,,,injection,WI
2008-04-05,15/9-F-5,0.000,,,,,,,,,injection,WI
2008-04-06,15/9-F-5,0.000,,,,,,,,,injection,WI
2008-04-07,15/9-F-5,0.000,,,,,,,,,injection,WI
2008-04-08,15/9-F-5,0.000,,,,,,,,,injection,WI
2008-04-09,15/9-F-5,0.000,,,,,,,,,injection,WI
2008-04-10,15/9-F-5,0.000,,,,,,,,,injection,WI
2008-04-11,15/9-F-5,0.000,,,,,,,,,injection,WI
2008-04-12,15/9-F-5,0.000,,,,,,,,,injection,WI
2008-04-13,15/9-F-5,0.000,,,,,,,,,injection,WI
2008-04-14,15/9-F-5,0.000,,,,,,,,,injection,WI
2008-04-15,15/9-F-5,0.000,,,,,,,,,injection,WI
2008-04-16,15/9-F-5,0.000,,,,,,,,,injection,WI
2008-04-17,15/9-F-5,0.000,,,,,,,,,injection,WI
2008-04-18,15/9-F-5,0.000,,,,,,,,,injection,WI
2008-04-19,15/9-F-5,0.000,,,,,,,,,injection,WI
2008-04-20,15/9-F-5,0.000,,,,,,,,,injection,WI
2008-04-21,15/9-F-5,0.000,,,,,,,,,injection,WI
2008-04-22,15/9-F-5,0.000,,,,,,,,,injection,WI
2008-04-23,15/9-F-5,0.000,,,,,,,,,injection,WI
2008-04-24,15/9-F-5,0.000,,,,,,,,,injection,WI
2008-04-25,15/9-F-5,0.000,,,,,,,,,injection,WI
2008-04-26,15/9-F-5,0.000,,,,,,,,,injection,WI
2008-04-27,15/9-F-5,0.000,,,,,,,,,injection,WI
2008-04-28,15/9-F-5,0.000,,,,,,,,,injection,WI
2008-04-29,15/9-F-5,0.000,,,,,,,,,injection,WI
2008-04-30,15/9-F-5,0.000,,,,,,,,,injection,WI
2008-05-01,15/9-F-5,0.000,,,,,,,,,injection,WI
2008-05-02,15/9-F-5,0.000,,,,,,,,,injection,WI
2008-05-03,15/9-F-5,0.000,,,,,,,,,injection,WI
2008-05-04,15/9-F-5,0.000,,,,,,,,,injection,WI
2008-05-05,15/9-F-5,0.000,,,,,,,,,injection,WI
2008-05-06,15/9-F-5,0.000,,,,,,,,,injection,WI
2008-05-07,15/9-F-5,0.000,,,,,,,,,injection,WI
2008-05-08,15/9-F-5,0.000,,,,,,,,,injection,WI
2008-05-09,15/9-F-5,0.000,,,,,,,,,injection,WI
2008-05-10,15/9-F-5,0.000,,,,,,,,,injection,WI
2008-05-11,15/9-F-5,0.000,,,,,,,,,injection,WI
2008-05-12,15/9-F-5,0.000,,,,,,,,,injection,WI
2008-05-13,15/9-F-5,0.000,,,,,,,,,injection,WI
2008-05-14,15/9-F-5,0.000,,,,,,,,,injection,WI
2008-05-15,15/9-F-5,0.000,,,,,,,,,injection,WI
2008-05-16,15/9-F-5,0.000,,,,,,,,,injection,WI
2008-05-17,15/9-F-5,0.000,,,,,,,,,injection,WI
2008-05-18,15/9-F-5,0.000,,,,,,,,,injection,WI
2008-05-19,15/9-F-5,0.000,,,,,,,,,injection,WI
2008-05-20,15/9-F-5,0.000,,,,,,,,,injection,WI
2008-05-21,15/9-F-5,0.000,,,,,,,,,injection,WI
2008-05-22,15/9-F-5,0.000,,,,,,,,,injection,WI
2008-05-23,15/9-F-5,0.000,,,,,,,,,injection,WI
2008-05-24,15/9-F-5,0.000,,,,,,,,,injection,WI
2008-05-25,15/9-F-5,0.000,,,,,,,,,injection,WI
2008-05-26,15/9-F-5,0.000,,,,,,,,,injection,WI
2008-05-27,15/9-F-5,0.000,,,,,,,,,injection,WI
2008-05-28,15/9-F-5,0.000,,,,,,,,,injection,WI
2008-05-29,15/9-F-5,0.000,,,,,,,,,injection,WI
2008-05-30,15/9-F-5,0.000,,,,,,,,,injection,WI
2008-05-31,15/9-F-5,0.000,,,,,,,,,injection,WI
2008-06-01,15/9-F-5,0.000,,,,,,,,,injection,WI
2008-06-02,15/9-F-5,0.000,,,,,,,,,injection,WI
2008-06-03,15/9-F-5,0.000,,,,,,,,,injection,WI
2008-06-04,15/9-F-5,0.000,,,,,,,,,injection,WI
2008-06-05,15/9-F-5,0.000,,,,,,,,,injection,WI
2008-06-06,15/9-F-5,0.000,,,,,,,,,injection,WI
2008-06-07,15/9-F-5,0.000,,,,,,,,,injection,WI
2008-06-08,15/9-F-5,0.000,,,,,,,,,injection,WI
2008-06-09,15/9-F-5,0.000,,,,,,,,,injection,WI
2008-06-10,15/9-F-5,0.000,,,,,,,,,injection,WI
2008-06-11,15/9-F-5,0.000,,,,,,,,,injection,WI
2008-06-12,15/9-F-5,0.000,,,,,,,,,injection,WI
2008-06-13,15/9-F-5,0.000,,,,,,,,,injection,WI
2008-06-14,15/9-F-5,0.000,,,,,,,,,injection,WI
2008-06-15,15/9-F-5,0.000,,,,,,,,,injection,WI
2008-06-16,15/9-F-5,0.000,,,,,,,,,injection,WI
2008-06-17,15/9-F-5,0.000,,,,,,,,,injection,WI
2008-06-18,15/9-F-5,0.000,,,,,,,,,injection,WI
2008-06-19,15/9-F-5,0.000,,,,,,,,,injection,WI
2008-06-20,15/9-F-5,0.000,,,,,,,,,injection,WI
2008-06-21,15/9-F-5,0.000,,,,,,,,,injection,WI
2008-06-22,15/9-F-5,0.000,,,,,,,,,injection,WI
2008-06-23,15/9-F-5,0.000,,,,,,,,,injection,WI
2008-06-24,15/9-F-5,0.000,,,,,,,,,injection,WI
2008-06-25,15/9-F-5,0.000,,,,,,,,,injection,WI
2008-06-26,15/9-F-5,0.000,,,,,,,,,injection,WI
2008-06-27,15/9-F-5,0.000,,,,,,,,,injection,WI
2008-06-28,15/9-F-5,0.000,,,,,,,,,injection,WI
2008-06-29,15/9-F-5,0.000,,,,,,,,,injection,WI
2008-06-30,15/9-F-5,0.000,,,,,,,,,injection,WI
2008-07-01,15/9-F-5,0.000,,,,,,,,,injection,WI
2008-07-02,15/9-F-5,0.000,,,,,,,,,injection,WI
2008-07-03,15/9-F-5,0.000,,,,,,,,,injection,WI
2008-07-04,15/9-F-5,0.000,,,,,,,,,injection,WI
2008-07-05,15/9-F-5,0.000,,,,,,,,,injection,WI
2008-07-06,15/9-F-5,0.000,,,,,,,,,injection,WI
2008-07-07,15/9-F-5,0.000,,,,,,,,,injection,WI
2008-07-08,15/9-F-5,0.000,,,,,,,,,injection,WI
2008-07-09,15/9-F-5,0.000,,,,,,,,,injection,WI
2008-07-10,15/9-F-5,0.000,,,,,,,,,injection,WI
2008-07-11,15/9-F-5,0.000,,,,,,,,,injection,WI
2008-07-12,15/9-F-5,0.000,,,,,,,,,injection,WI
2008-07-13,15/9-F-5,0.000,,,,,,,,,injection,WI
2008-07-14,15/9-F-5,0.000,,,,,,,,,injection,WI
2008-07-15,15/9-F-5,0.000,,,,,,,,,injection,WI
2008-07-16,15/9-F-5,0.000,,,,,,,,,injection,WI
2008-07-17,15/9-F-5,0.000,,,,,,,,,injection,WI
2008-07-18,15/9-F-5,0.000,,,,,,,,,injection,WI
2008-07-19,15/9-F-5,0.000,,,,,,,,,injection,WI
2008-07-20,15/9-F-5,0.000,,,,,,,,,injection,WI
2008-07-21,15/9-F-5,,,,,,,,,,injection,WI
2008-07-22,15/9-F-5,0.000,,,,,,,,,injection,WI
2008-07-23,15/9-F-5,0.000,,,,,,,,,injection,WI
2008-07-24,15/9-F-5,0.000,,,,,,,,,injection,WI
2008-07-25,15/9-F-5,0.000,,,,,,,,,injection,WI
2008-07-26,15/9-F-5,0.000,,,,,,,,,injection,WI
2008-07-27,15/9-F-5,0.000,,,,,,,,,injection,WI
2008-07-28,15/9-F-5,0.000,,,,,,,,,injection,WI
2008-07-29,15/9-F-5,0.000,,,,,,,,,injection,WI
2008-07-30,15/9-F-5,0.000,,,,,,,,,injection,WI
2008-07-31,15/9-F-5,0.000,,,,,,,,,injection,WI
2008-08-01,15/9-F-5,0.000,,,,,,,,,injection,WI
2008-08-02,15/9-F-5,0.000,,,,,,,,,injection,WI
2008-08-03,15/9-F-5,0.000,,,,,,,,,injection,WI
2008-08-04,15/9-F-5,0.000,,,,,,,,,injection,WI
2008-08-05,15/9-F-5,0.000,,,,,,,,,injection,WI
2008-08-06,15/9-F-5,0.000,,,,,,,,,injection,WI
2008-08-07,15/9-F-5,0.000,,,,,,,,,injection,WI
2008-08-08,15/9-F-5,0.000,,,,,,,,,injection,WI
2008-08-09,15/9-F-5,0.000,,,,,,,,,injection,WI
2008-08-10,15/9-F-5,0.000,,,,,,,,,injection,WI
2008-08-11,15/9-F-5,0.000,,,,,,,,,injection,WI
2008-08-12,15/9-F-5,0.000,,,,,,,,,injection,WI
2008-08-13,15/9-F-5,0.000,,,,,,,,,injection,WI
2008-08-14,15/9-F-5,0.000,,,,,,,,,injection,WI
2008-08-15,15/9-F-5,0.000,,,,,,,,,injection,WI
2008-08-16,15/9-F-5,0.000,,,,,,,,,injection,WI
2008-08-17,15/9-F-5,0.000,,,,,,,,,injection,WI
2008-08-18,15/9-F-5,0.000,,,,,,,,,injection,WI
2008-08-19,15/9-F-5,0.000,,,,,,,,,injection,WI
2008-08-20,15/9-F-5,0.000,,,,,,,,,injection,WI
2008-08-21,15/9-F-5,0.000,,,,,,,,,injection,WI
2008-08-22,15/9-F-5,0.000,,,,,,,,,injection,WI
2008-08-23,15/9-F-5,0.000,,,,,,,,,injection,WI
2008-08-24,15/9-F-5,0.000,,,,,,,,,injection,WI
2008-08-25,15/9-F-5,0.000,,,,,,,,,injection,WI
2008-08-26,15/9-F-5,6.500,,,,,,,,1300.073,injection,WI
2008-08-27,15/9-F-5,9.000,,,,,,,,1718.000,injection,WI
2008-08-28,15/9-F-5,18.210,,,,,,,,3092.000,injection,WI
2008-08-29,15/9-F-5,16.542,,,,,,,,2224.000,injection,WI
2008-08-30,15/9-F-5,24.000,,,,,,,,3206.859,injection,WI
2008-08-31,15/9-F-5,23.830,,,,,,,,2940.000,injection,WI
2008-09-01,15/9-F-5,24.000,,,,,,,,2791.058,injection,WI
2008-09-02,15/9-F-5,23.542,,,,,,,,2674.100,injection,WI
2008-09-03,15/9-F-5,24.000,,,,,,,,2637.706,injection,WI
2008-09-04,15/9-F-5,24.000,,,,,,,,2597.398,injection,WI
2008-09-05,15/9-F-5,24.000,,,,,,,,2524.322,injection,WI
2008-09-06,15/9-F-5,21.246,,,,,,,,2459.148,injection,WI
2008-09-07,15/9-F-5,0.000,,,,,,,,,injection,WI
2008-09-08,15/9-F-5,22.955,,,,,,,,3359.923,injection,WI
2008-09-09,15/9-F-5,21.142,,,,,,,,2395.000,injection,WI
2008-09-10,15/9-F-5,24.000,,,,,,,,2518.681,injection,WI
2008-09-11,15/9-F-5,24.000,,,,,,,,2480.728,injection,WI
2008-09-12,15/9-F-5,24.000,,,,,,,,2409.628,injection,WI
2008-09-13,15/9-F-5,24.000,,,,,,,,2456.360,injection,WI
2008-09-14,15/9-F-5,23.996,,,,,,,,2381.000,injection,WI
2008-09-15,15/9-F-5,17.292,,,,,,,,1820.000,injection,WI
2008-09-16,15/9-F-5,0.000,,,,,,,,,injection,WI
2008-09-17,15/9-F-5,0.000,,,,,,,,,injection,WI
2008-09-18,15/9-F-5,0.000,,,,,,,,,injection,WI
2008-09-19,15/9-F-5,12.292,,,,,,,,2544.000,injection,WI
2008-09-20,15/9-F-5,24.000,,,,,,,,2968.426,injection,WI
2008-09-21,15/9-F-5,7.750,,,,,,,,1333.000,injection,WI
2008-09-22,15/9-F-5,18.292,,,,,,,,2388.000,injection,WI
2008-09-23,15/9-F-5,21.500,,,,,,,,2817.251,injection,WI
2008-09-24,15/9-F-5,16.042,,,,,,,,3089.952,injection,WI
2008-09-25,15/9-F-5,21.833,,,,,,,,2525.491,injection,WI
2008-09-26,15/9-F-5,24.000,,,,,,,,2529.971,injection,WI
2008-09-27,15/9-F-5,21.500,,,,,,,,2466.827,injection,WI
2008-09-28,15/9-F-5,20.708,,,,,,,,2385.124,injection,WI
2008-09-29,15/9-F-5,23.792,,,,,,,,2360.994,injection,WI
2008-09-30,15/9-F-5,24.000,,,,,,,,1900.198,injection,WI
2008-10-01,15/9-F-5,24.000,,,,,,,,1578.505,injection,WI
2008-10-02,15/9-F-5,24.000,,,,,,,,1375.853,injection,WI
2008-10-03,15/9-F-5,24.000,,,,,,,,1692.308,injection,WI
2008-10-04,15/9-F-5,15.500,,,,,,,,1829.000,injection,WI
2008-10-05,15/9-F-5,24.000,,,,,,,,2399.427,injection,WI
2008-10-06,15/9-F-5,18.667,,,,,,,,2150.000,injection,WI
2008-10-07,15/9-F-5,24.000,,,,,,,,2401.936,injection,WI
2008-10-08,15/9-F-5,2.208,,,,,,,,200.000,injection,WI
2008-10-09,15/9-F-5,19.125,,,,,,,,3638.306,injection,WI
2008-10-10,15/9-F-5,20.583,,,,,,,,2609.878,injection,WI
2008-10-11,15/9-F-5,15.908,,,,,,,,2081.000,injection,WI
2008-10-12,15/9-F-5,9.925,,,,,,,,3373.966,injection,WI
2008-10-13,15/9-F-5,24.000,,,,,,,,2861.454,injection,WI
2008-10-14,15/9-F-5,4.908,,,,,,,,583.000,injection,WI
2008-10-15,15/9-F-5,0.000,,,,,,,,,injection,WI
2008-10-16,15/9-F-5,0.000,,,,,,,,,injection,WI
2008-10-17,15/9-F-5,9.425,,,,,,,,4653.100,injection,WI
2008-10-18,15/9-F-5,19.742,,,,,,,,6560.400,injection,WI
2008-10-19,15/9-F-5,19.758,,,,,,,,5574.420,injection,WI
2008-10-20,15/9-F-5,22.167,,,,,,,,6311.318,injection,WI
2008-10-21,15/9-F-5,24.000,,,,,,,,8026.000,injection,WI
2008-10-22,15/9-F-5,24.000,,,,,,,,6835.000,injection,WI
2008-10-23,15/9-F-5,19.833,,,,,,,,5101.000,injection,WI
2008-10-24,15/9-F-5,23.500,,,,,,,,6178.500,injection,WI
2008-10-25,15/9-F-5,24.000,,,,,,,,6409.000,injection,WI
2008-10-26,15/9-F-5,25.000,,,,,,,,6638.000,injection,WI
2008-10-27,15/9-F-5,21.167,,,,,,,,5810.000,injection,WI
2008-10-28,15/9-F-5,24.000,,,,,,,,7311.000,injection,WI
2008-10-29,15/9-F-5,16.725,,,,,,,,5948.000,injection,WI
2008-10-30,15/9-F-5,15.858,,,,,,,,4720.000,injection,WI
2008-10-31,15/9-F-5,24.000,,,,,,,,7404.000,injection,WI
2008-11-01,15/9-F-5,21.500,,,,,,,,6790.000,injection,WI
2008-11-02,15/9-F-5,24.000,,,,,,,,7384.000,injection,WI
2008-11-03,15/9-F-5,24.000,,,,,,,,7879.000,injection,WI
2008-11-04,15/9-F-5,24.000,,,,,,,,5935.000,injection,WI
2008-11-05,15/9-F-5,24.000,,,,,,,,5732.000,injection,WI
2008-11-06,15/9-F-5,24.000,,,,,,,,7433.000,injection,WI
2008-11-07,15/9-F-5,24.000,,,,,,,,6948.000,injection,WI
2008-11-08,15/9-F-5,24.000,,,,,,,,7539.000,injection,WI
2008-11-09,15/9-F-5,24.000,,,,,,,,7700.000,injection,WI
2008-11-10,15/9-F-5,24.000,,,,,,,,7537.000,injection,WI
2008-11-11,15/9-F-5,24.000,,,,,,,,7486.000,injection,WI
2008-11-12,15/9-F-5,24.000,,,,,,,,7222.000,injection,WI
2008-11-13,15/9-F-5,24.000,,,,,,,,7485.100,injection,WI
2008-11-14,15/9-F-5,24.000,,,,,,,,7528.600,injection,WI
2008-11-15,15/9-F-5,24.000,,,,,,,,7482.300,injection,WI
2008-11-16,15/9-F-5,24.000,,,,,,,,7530.600,injection,WI
2008-11-17,15/9-F-5,24.000,,,,,,,,5699.600,injection,WI
2008-11-18,15/9-F-5,24.000,,,,,,,,1111.343,injection,WI
2008-11-19,15/9-F-5,22.667,,,,,,,,4791.159,injection,WI
2008-11-20,15/9-F-5,24.000,,,,,,,,8849.715,injection,WI
2008-11-21,15/9-F-5,24.000,,,,,,,,7147.444,injection,WI
2008-11-22,15/9-F-5,24.000,,,,,,,,7532.858,injection,WI
2008-11-23,15/9-F-5,24.000,,,,,,,,7443.154,injection,WI
2008-11-24,15/9-F-5,24.000,,,,,,,,8610.409,injection,WI
2008-11-25,15/9-F-5,24.000,,,,,,,,9000.000,injection,WI
2008-11-26,15/9-F-5,24.000,,,,,,,,8452.700,injection,WI
2008-11-27,15/9-F-5,24.000,,,,,,,,8741.400,injection,WI
2008-11-28,15/9-F-5,24.000,,,,,,,,8795.000,injection,WI
2008-11-29,15/9-F-5,24.000,,,,,,,,8997.900,injection,WI
2008-11-30,15/9-F-5,24.000,,,,,,,,8995.700,injection,WI
2008-12-01,15/9-F-5,24.000,,,,,,,,8873.200,injection,WI
2008-12-02,15/9-F-5,24.000,,,,,,,,8837.000,injection,WI
2008-12-03,15/9-F-5,24.000,,,,,,,,8742.000,injection,WI
2008-12-04,15/9-F-5,24.000,,,,,,,,8752.000,injection,WI
2008-12-05,15/9-F-5,24.000,,,,,,,,8664.000,injection,WI
2008-12-06,15/9-F-5,24.000,,,,,,,,8819.000,injection,WI
2008-12-07,15/9-F-5,24.000,,,,,,,,8826.000,injection,WI
2008-12-08,15/9-F-5,24.000,,,,,,,,7544.000,injection,WI
2008-12-09,15/9-F-5,24.000,,,,,,,,9092.942,injection,WI
2008-12-10,15/9-F-5,24.000,,,,,,,,8552.005,injection,WI
2008-12-11,15/9-F-5,24.000,,,,,,,,8196.821,injection,WI
2008-12-12,15/9-F-5,22.417,,,,,,,,8509.000,injection,WI
2008-12-13,15/9-F-5,24.000,,,,,,,,8771.000,injection,WI
2008-12-14,15/9-F-5,23.833,,,,,,,,8237.000,injection,WI
2008-12-15,15/9-F-5,24.000,,,,,,,,8747.000,injection,WI
2008-12-16,15/9-F-5,24.000,,,,,,,,8777.000,injection,WI
2008-12-17,15/9-F-5,24.000,,,,,,,,8695.000,injection,WI
2008-12-18,15/9-F-5,24.000,,,,,,,,8820.000,injection,WI
2008-12-19,15/9-F-5,24.000,,,,,,,,8900.000,injection,WI
2008-12-20,15/9-F-5,24.000,,,,,,,,8890.000,injection,WI
2008-12-21,15/9-F-5,24.000,,,,,,,,8580.000,injection,WI
2008-12-22,15/9-F-5,24.000,,,,,,,,8696.000,injection,WI
2008-12-23,15/9-F-5,24.000,,,,,,,,8220.400,injection,WI
2008-12-24,15/9-F-5,24.000,,,,,,,,8644.800,injection,WI
2008-12-25,15/9-F-5,24.000,,,,,,,,8834.000,injection,WI
2008-12-26,15/9-F-5,24.000,,,,,,,,8888.500,injection,WI
2008-12-27,15/9-F-5,24.000,,,,,,,,9045.200,injection,WI
2008-12-28,15/9-F-5,24.000,,,,,,,,9110.100,injection,WI
2008-12-29,15/9-F-5,24.000,,,,,,,,9114.100,injection,WI
2008-12-30,15/9-F-5,24.000,,,,,,,,8952.000,injection,WI
2008-12-31,15/9-F-5,24.000,,,,,,,,8869.332,injection,WI
2009-01-01,15/9-F-5,24.000,,,,,,,,8635.000,injection,WI
2009-01-02,15/9-F-5,24.000,,,,,,,,8352.207,injection,WI
2009-01-03,15/9-F-5,14.417,,,,,,,,5107.000,injection,WI
2009-01-04,15/9-F-5,24.000,,,,,,,,8904.003,injection,WI
2009-01-05,15/9-F-5,24.000,,,,,,,,8865.800,injection,WI
2009-01-06,15/9-F-5,17.167,,,,,,,,6014.800,injection,WI
2009-01-07,15/9-F-5,24.000,,,,,,,,7930.165,injection,WI
2009-01-08,15/9-F-5,24.000,,,,,,,,8759.500,injection,WI
2009-01-09,15/9-F-5,24.000,,,,,,,,8656.600,injection,WI
2009-01-10,15/9-F-5,24.000,,,,,,,,8727.400,injection,WI
2009-01-11,15/9-F-5,24.000,,,,,,,,8435.800,injection,WI
2009-01-12,15/9-F-5,23.833,,,,,,,,8358.250,injection,WI
2009-01-13,15/9-F-5,24.000,,,,,,,,8869.000,injection,WI
2009-01-14,15/9-F-5,24.000,,,,,,,,8736.000,injection,WI
2009-01-15,15/9-F-5,24.000,,,,,,,,8762.000,injection,WI
2009-01-16,15/9-F-5,24.000,,,,,,,,8731.000,injection,WI
2009-01-17,15/9-F-5,24.000,,,,,,,,8838.000,injection,WI
2009-01-18,15/9-F-5,24.000,,,,,,,,8702.000,injection,WI
2009-01-19,15/9-F-5,24.000,,,,,,,,8837.000,injection,WI
2009-01-20,15/9-F-5,24.000,,,,,,,,8835.000,injection,WI
2009-01-21,15/9-F-5,22.175,,,,,,,,8561.000,injection,WI
2009-01-22,15/9-F-5,19.992,,,,,,,,8778.000,injection,WI
2009-01-23,15/9-F-5,24.000,,,,,,,,8319.200,injection,WI
2009-01-24,15/9-F-5,24.000,,,,,,,,8721.400,injection,WI
2009-01-25,15/9-F-5,24.000,,,,,,,,8661.300,injection,WI
2009-01-26,15/9-F-5,24.000,,,,,,,,8774.000,injection,WI
2009-01-27,15/9-F-5,24.000,,,,,,,,8800.000,injection,WI
2009-01-28,15/9-F-5,13.758,,,,,,,,5195.000,injection,WI
2009-01-29,15/9-F-5,10.158,,,,,,,,3681.000,injection,WI
2009-01-30,15/9-F-5,24.000,,,,,,,,8642.000,injection,WI
2009-01-31,15/9-F-5,24.000,,,,,,,,8466.000,injection,WI
2009-02-01,15/9-F-5,16.000,,,,,,,,5688.000,injection,WI
2009-02-02,15/9-F-5,24.000,,,,,,,,8213.000,injection,WI
2009-02-03,15/9-F-5,24.000,,,,,,,,8703.300,injection,WI
2009-02-04,15/9-F-5,8.833,,,,,,,,3184.600,injection,WI
2009-02-05,15/9-F-5,21.917,,,,,,,,7658.300,injection,WI
2009-02-06,15/9-F-5,24.000,,,,,,,,8511.500,injection,WI
2009-02-07,15/9-F-5,24.000,,,,,,,,8589.100,injection,WI
2009-02-08,15/9-F-5,24.000,,,,,,,,8567.500,injection,WI
2009-02-09,15/9-F-5,24.000,,,,,,,,6879.000,injection,WI
2009-02-10,15/9-F-5,24.000,,,,,,,,8607.762,injection,WI
2009-02-11,15/9-F-5,24.000,,,,,,,,8278.700,injection,WI
2009-02-12,15/9-F-5,24.000,,,,,,,,8436.000,injection,WI
2009-02-13,15/9-F-5,18.333,,,,,,,,6894.000,injection,WI
2009-02-14,15/9-F-5,24.000,,,,,,,,8396.100,injection,WI
2009-02-15,15/9-F-5,24.000,,,,,,,,8455.000,injection,WI
2009-02-16,15/9-F-5,20.667,,,,,,,,7746.200,injection,WI
2009-02-17,15/9-F-5,24.000,,,,,,,,8461.800,injection,WI
2009-02-18,15/9-F-5,24.000,,,,,,,,8101.900,injection,WI
2009-02-19,15/9-F-5,24.000,,,,,,,,8339.400,injection,WI
2009-02-20,15/9-F-5,24.000,,,,,,,,8687.000,injection,WI
2009-02-21,15/9-F-5,24.000,,,,,,,,8574.000,injection,WI
2009-02-22,15/9-F-5,24.000,,,,,,,,8738.751,injection,WI
2009-02-23,15/9-F-5,24.000,,,,,,,,8739.100,injection,WI
2009-02-24,15/9-F-5,22.000,,,,,,,,8090.000,injection,WI
2009-02-25,15/9-F-5,24.000,,,,,,,,8905.000,injection,WI
2009-02-26,15/9-F-5,24.000,,,,,,,,8850.000,injection,WI
2009-02-27,15/9-F-5,24.000,,,,,,,,8934.000,injection,WI
2009-02-28,15/9-F-5,24.000,,,,,,,,8873.000,injection,WI
2009-03-01,15/9-F-5,24.000,,,,,,,,8904.000,injection,WI
2009-03-02,15/9-F-5,24.000,,,,,,,,8910.000,injection,WI
2009-03-03,15/9-F-5,24.000,,,,,,,,8551.700,injection,WI
2009-03-04,15/9-F-5,20.750,,,,,,,,8359.000,injection,WI
2009-03-05,15/9-F-5,13.250,,,,,,,,5191.350,injection,WI
2009-03-06,15/9-F-5,19.025,,,,,,,,7355.000,injection,WI
2009-03-07,15/9-F-5,17.975,,,,,,,,7542.000,injection,WI
2009-03-08,15/9-F-5,24.000,,,,,,,,10013.600,injection,WI
2009-03-09,15/9-F-5,18.525,,,,,,,,6777.000,injection,WI
2009-03-10,15/9-F-5,0.000,,,,,,,,,injection,WI
2009-03-11,15/9-F-5,0.000,,,,,,,,,injection,WI
2009-03-12,15/9-F-5,0.000,,,,,,,,,injection,WI
2009-03-13,15/9-F-5,0.000,,,,,,,,,injection,WI
2009-03-14,15/9-F-5,0.000,,,,,,,,,injection,WI
2009-03-15,15/9-F-5,0.000,,,,,,,,,injection,WI
2009-03-16,15/9-F-5,0.000,,,,,,,,,injection,WI
2009-03-17,15/9-F-5,0.000,,,,,,,,,injection,WI
2009-03-18,15/9-F-5,0.000,,,,,,,,,injection,WI
2009-03-19,15/9-F-5,0.000,,,,,,,,,injection,WI
2009-03-20,15/9-F-5,0.000,,,,,,,,,injection,WI
2009-03-21,15/9-F-5,0.000,,,,,,,,,injection,WI
2009-03-22,15/9-F-5,0.000,,,,,,,,,injection,WI
2009-03-23,15/9-F-5,0.000,,,,,,,,,injection,WI
2009-03-24,15/9-F-5,0.000,,,,,,,,,injection,WI
2009-03-25,15/9-F-5,0.000,,,,,,,,,injection,WI
2009-03-26,15/9-F-5,0.000,,,,,,,,,injection,WI
2009-03-27,15/9-F-5,0.000,,,,,,,,,injection,WI
2009-03-28,15/9-F-5,8.058,,,,,,,,3187.000,injection,WI
2009-03-29,15/9-F-5,6.358,,,,,,,,2809.000,injection,WI
2009-03-30,15/9-F-5,0.642,,,,,,,,255.000,injection,WI
2009-03-31,15/9-F-5,24.000,,,,,,,,3819.700,injection,WI
2009-04-01,15/9-F-5,24.000,,,,,,,,4708.300,injection,WI
2009-04-02,15/9-F-5,24.000,,,,,,,,4567.450,injection,WI
2009-04-03,15/9-F-5,24.000,,,,,,,,4476.950,injection,WI
2009-04-04,15/9-F-5,24.000,,,,,,,,4716.800,injection,WI
2009-04-05,15/9-F-5,22.525,,,,,,,,4045.600,injection,WI
2009-04-06,15/9-F-5,0.000,,,,,,,,,injection,WI
2009-04-07,15/9-F-5,0.000,,,,,,,,0.000,injection,WI
2009-04-08,15/9-F-5,9.525,,,,,,,,1815.000,injection,WI
2009-04-09,15/9-F-5,16.333,,,,,,,,2981.000,injection,WI
2009-04-10,15/9-F-5,0.308,,,,,,,,264.648,injection,WI
2009-04-11,15/9-F-5,0.000,,,,,,,,,injection,WI
2009-04-12,15/9-F-5,12.858,,,,,,,,2659.000,injection,WI
2009-04-13,15/9-F-5,24.000,,,,,,,,4553.000,injection,WI
2009-04-14,15/9-F-5,24.000,,,,,,,,3646.500,injection,WI
2009-04-15,15/9-F-5,3.975,,,,,,,,699.500,injection,WI
2009-04-16,15/9-F-5,20.525,,,,,,,,3204.100,injection,WI
2009-04-17,15/9-F-5,24.000,,,,,,,,4560.000,injection,WI
2009-04-18,15/9-F-5,13.142,,,,,,,,2450.000,injection,WI
2009-04-19,15/9-F-5,6.025,,,,,,,,1238.000,injection,WI
2009-04-20,15/9-F-5,24.000,,,,,,,,4350.700,injection,WI
2009-04-21,15/9-F-5,24.000,,,,,,,,4405.000,injection,WI
2009-04-22,15/9-F-5,18.333,,,,,,,,3261.000,injection,WI
2009-04-23,15/9-F-5,24.000,,,,,,,,4269.000,injection,WI
2009-04-24,15/9-F-5,24.000,,,,,,,,4459.000,injection,WI
2009-04-25,15/9-F-5,24.000,,,,,,,,4454.000,injection,WI
2009-04-26,15/9-F-5,24.000,,,,,,,,4411.000,injection,WI
2009-04-27,15/9-F-5,24.000,,,,,,,,5267.000,injection,WI
2009-04-28,15/9-F-5,24.000,,,,,,,,6018.000,injection,WI
2009-04-29,15/9-F-5,24.000,,,,,,,,6307.700,injection,WI
2009-04-30,15/9-F-5,24.000,,,,,,,,7030.300,injection,WI
2009-05-01,15/9-F-5,24.000,,,,,,,,7004.900,injection,WI
2009-05-02,15/9-F-5,24.000,,,,,,,,6995.400,injection,WI
2009-05-03,15/9-F-5,24.000,,,,,,,,6921.900,injection,WI
2009-05-04,15/9-F-5,5.975,,,,,,,,1611.400,injection,WI
2009-05-05,15/9-F-5,8.025,,,,,,,,2361.798,injection,WI
2009-05-06,15/9-F-5,23.833,,,,,,,,6361.700,injection,WI
2009-05-07,15/9-F-5,21.167,,,,,,,,6640.039,injection,WI
2009-05-08,15/9-F-5,24.000,,,,,,,,8009.938,injection,WI
2009-05-09,15/9-F-5,24.000,,,,,,,,7958.000,injection,WI
2009-05-10,15/9-F-5,24.000,,,,,,,,7912.869,injection,WI
2009-05-11,15/9-F-5,24.000,,,,,,,,7937.960,injection,WI
2009-05-12,15/9-F-5,24.000,,,,,,,,8288.200,injection,WI
2009-05-13,15/9-F-5,24.000,,,,,,,,8231.000,injection,WI
2009-05-14,15/9-F-5,24.000,,,,,,,,8454.310,injection,WI
2009-05-15,15/9-F-5,24.000,,,,,,,,8366.840,injection,WI
2009-05-16,15/9-F-5,24.000,,,,,,,,8405.180,injection,WI
2009-05-17,15/9-F-5,24.000,,,,,,,,8382.610,injection,WI
2009-05-18,15/9-F-5,24.000,,,,,,,,8436.970,injection,WI
2009-05-19,15/9-F-5,24.000,,,,,,,,8032.000,injection,WI
2009-05-20,15/9-F-5,24.000,,,,,,,,8512.000,injection,WI
2009-05-21,15/9-F-5,24.000,,,,,,,,8517.000,injection,WI
2009-05-22,15/9-F-5,24.000,,,,,,,,8711.000,injection,WI
2009-05-23,15/9-F-5,24.000,,,,,,,,8597.000,injection,WI
2009-05-24,15/9-F-5,24.000,,,,,,,,8539.000,injection,WI
2009-05-25,15/9-F-5,24.000,,,,,,,,8592.000,injection,WI
2009-05-26,15/9-F-5,24.000,,,,,,,,8569.500,injection,WI
2009-05-27,15/9-F-5,24.000,,,,,,,,8520.000,injection,WI
2009-05-28,15/9-F-5,24.000,,,,,,,,8575.000,injection,WI
2009-05-29,15/9-F-5,24.000,,,,,,,,6975.000,injection,WI
2009-05-30,15/9-F-5,24.000,,,,,,,,6078.000,injection,WI
2009-05-31,15/9-F-5,24.000,,,,,,,,5836.000,injection,WI
2009-06-01,15/9-F-5,23.667,,,,,,,,6102.000,injection,WI
2009-06-02,15/9-F-5,24.000,,,,,,,,6432.000,injection,WI
2009-06-03,15/9-F-5,24.000,,,,,,,,4589.357,injection,WI
2009-06-04,15/9-F-5,24.000,,,,,,,,4367.000,injection,WI
2009-06-05,15/9-F-5,24.000,,,,,,,,4307.000,injection,WI
2009-06-06,15/9-F-5,18.483,,,,,,,,3264.900,injection,WI
2009-06-07,15/9-F-5,24.000,,,,,,,,4400.000,injection,WI
2009-06-08,15/9-F-5,24.000,,,,,,,,4312.000,injection,WI
2009-06-09,15/9-F-5,24.000,,,,,,,,3937.200,injection,WI
2009-06-10,15/9-F-5,24.000,,,,,,,,3817.600,injection,WI
2009-06-11,15/9-F-5,20.833,,,,,,,,3324.600,injection,WI
2009-06-12,15/9-F-5,24.000,,,,,,,,4043.000,injection,WI
2009-06-13,15/9-F-5,21.333,,,,,,,,3446.900,injection,WI
2009-06-14,15/9-F-5,13.058,,,,,,,,1399.800,injection,WI
2009-06-15,15/9-F-5,17.358,,,,,,,,2759.600,injection,WI
2009-06-16,15/9-F-5,24.000,,,,,,,,4261.000,injection,WI
2009-06-17,15/9-F-5,24.000,,,,,,,,4284.000,injection,WI
2009-06-18,15/9-F-5,24.000,,,,,,,,4614.816,injection,WI
2009-06-19,15/9-F-5,24.000,,,,,,,,4746.852,injection,WI
2009-06-20,15/9-F-5,24.000,,,,,,,,4681.608,injection,WI
2009-06-21,15/9-F-5,24.000,,,,,,,,4750.820,injection,WI
2009-06-22,15/9-F-5,24.000,,,,,,,,4560.582,injection,WI
2009-06-23,15/9-F-5,24.000,,,,,,,,4765.300,injection,WI
2009-06-24,15/9-F-5,24.000,,,,,,,,4801.500,injection,WI
2009-06-25,15/9-F-5,24.000,,,,,,,,4801.800,injection,WI
2009-06-26,15/9-F-5,24.000,,,,,,,,4210.000,injection,WI
2009-06-27,15/9-F-5,24.000,,,,,,,,5177.600,injection,WI
2009-06-28,15/9-F-5,24.000,,,,,,,,5637.300,injection,WI
2009-06-29,15/9-F-5,24.000,,,,,,,,5354.000,injection,WI
2009-06-30,15/9-F-5,24.000,,,,,,,,6054.071,injection,WI
2009-07-01,15/9-F-5,24.000,,,,,,,,6158.000,injection,WI
2009-07-02,15/9-F-5,24.000,,,,,,,,6183.000,injection,WI
2009-07-03,15/9-F-5,24.000,,,,,,,,6179.790,injection,WI
2009-07-04,15/9-F-5,24.000,,,,,,,,6213.000,injection,WI
2009-07-05,15/9-F-5,24.000,,,,,,,,6219.800,injection,WI
2009-07-06,15/9-F-5,24.000,,,,,,,,5656.500,injection,WI
2009-07-07,15/9-F-5,24.000,,,,,,,,5832.000,injection,WI
2009-07-08,15/9-F-5,24.000,,,,,,,,5871.000,injection,WI
2009-07-09,15/9-F-5,24.000,,,,,,,,5882.000,injection,WI
2009-07-10,15/9-F-5,24.000,,,,,,,,5926.000,injection,WI
2009-07-11,15/9-F-5,24.000,,,,,,,,5438.000,injection,WI
2009-07-12,15/9-F-5,24.000,,,,,,,,5053.000,injection,WI
2009-07-13,15/9-F-5,24.000,,,,,,,,5063.000,injection,WI
2009-07-14,15/9-F-5,24.000,,,,,,,,4995.000,injection,WI
2009-07-15,15/9-F-5,24.000,,,,,,,,4906.000,injection,WI
2009-07-16,15/9-F-5,21.500,,,,,,,,3942.000,injection,WI
2009-07-17,15/9-F-5,24.000,,,,,,,,6697.700,injection,WI
2009-07-18,15/9-F-5,24.000,,,,,,,,7696.400,injection,WI
2009-07-19,15/9-F-5,17.333,,,,,,,,5318.900,injection,WI
2009-07-20,15/9-F-5,24.000,,,,,,,,8009.000,injection,WI
2009-07-21,15/9-F-5,24.000,,,,,,,,8041.600,injection,WI
2009-07-22,15/9-F-5,24.000,,,,,,,,8255.200,injection,WI
2009-07-23,15/9-F-5,24.000,,,,,,,,8105.900,injection,WI
2009-07-24,15/9-F-5,24.000,,,,,,,,8043.400,injection,WI
2009-07-25,15/9-F-5,24.000,,,,,,,,8143.500,injection,WI
2009-07-26,15/9-F-5,24.000,,,,,,,,8037.600,injection,WI
2009-07-27,15/9-F-5,24.000,,,,,,,,8061.400,injection,WI
2009-07-28,15/9-F-5,24.000,,,,,,,,7913.000,injection,WI
2009-07-29,15/9-F-5,24.000,,,,,,,,7891.126,injection,WI
2009-07-30,15/9-F-5,24.000,,,,,,,,7860.917,injection,WI
2009-07-31,15/9-F-5,24.000,,,,,,,,7853.285,injection,WI
2009-08-01,15/9-F-5,24.000,,,,,,,,6452.000,injection,WI
2009-08-02,15/9-F-5,24.000,,,,,,,,8495.472,injection,WI
2009-08-03,15/9-F-5,24.000,,,,,,,,6745.500,injection,WI
2009-08-04,15/9-F-5,24.000,,,,,,,,4419.000,injection,WI
2009-08-05,15/9-F-5,24.000,,,,,,,,4679.150,injection,WI
2009-08-06,15/9-F-5,24.000,,,,,,,,5373.800,injection,WI
2009-08-07,15/9-F-5,22.908,,,,,,,,4742.000,injection,WI
2009-08-08,15/9-F-5,8.258,,,,,,,,1366.000,injection,WI
2009-08-09,15/9-F-5,24.000,,,,,,,,5355.000,injection,WI
2009-08-10,15/9-F-5,24.000,,,,,,,,4734.000,injection,WI
2009-08-11,15/9-F-5,24.000,,,,,,,,4743.000,injection,WI
2009-08-12,15/9-F-5,24.000,,,,,,,,5141.738,injection,WI
2009-08-13,15/9-F-5,24.000,,,,,,,,5147.000,injection,WI
2009-08-14,15/9-F-5,24.000,,,,,,,,4767.000,injection,WI
2009-08-15,15/9-F-5,24.000,,,,,,,,5866.000,injection,WI
2009-08-16,15/9-F-5,24.000,,,,,,,,8189.000,injection,WI
2009-08-17,15/9-F-5,24.000,,,,,,,,8195.000,injection,WI
2009-08-18,15/9-F-5,24.000,,,,,,,,8158.000,injection,WI
2009-08-19,15/9-F-5,24.000,,,,,,,,8125.000,injection,WI
2009-08-20,15/9-F-5,24.000,,,,,,,,8187.000,injection,WI
2009-08-21,15/9-F-5,24.000,,,,,,,,8129.000,injection,WI
2009-08-22,15/9-F-5,24.000,,,,,,,,7839.000,injection,WI
2009-08-23,15/9-F-5,24.000,,,,,,,,8284.000,injection,WI
2009-08-24,15/9-F-5,24.000,,,,,,,,8037.000,injection,WI
2009-08-25,15/9-F-5,24.000,,,,,,,,8392.000,injection,WI
2009-08-26,15/9-F-5,13.992,,,,,,,,4112.000,injection,WI
2009-08-27,15/9-F-5,21.342,,,,,,,,7333.000,injection,WI
2009-08-28,15/9-F-5,24.000,,,,,,,,8180.000,injection,WI
2009-08-29,15/9-F-5,24.000,,,,,,,,7727.000,injection,WI
2009-08-30,15/9-F-5,24.000,,,,,,,,7482.000,injection,WI
2009-08-31,15/9-F-5,13.325,,,,,,,,4078.000,injection,WI
2009-09-01,15/9-F-5,0.000,,,,,,,,,injection,WI
2009-09-02,15/9-F-5,0.000,,,,,,,,,injection,WI
2009-09-03,15/9-F-5,0.000,,,,,,,,,injection,WI
2009-09-04,15/9-F-5,0.000,,,,,,,,,injection,WI
2009-09-05,15/9-F-5,18.842,,,,,,,,7720.300,injection,WI
2009-09-06,15/9-F-5,24.000,,,,,,,,8239.439,injection,WI
2009-09-07,15/9-F-5,24.000,,,,,,,,8118.300,injection,WI
2009-09-08,15/9-F-5,24.000,,,,,,,,8628.269,injection,WI
2009-09-09,15/9-F-5,24.000,,,,,,,,8725.658,injection,WI
2009-09-10,15/9-F-5,24.000,,,,,,,,8453.000,injection,WI
2009-09-11,15/9-F-5,24.000,,,,,,,,7108.748,injection,WI
2009-09-12,15/9-F-5,24.000,,,,,,,,8375.000,injection,WI
2009-09-13,15/9-F-5,24.000,,,,,,,,7473.994,injection,WI
2009-09-14,15/9-F-5,24.000,,,,,,,,8041.642,injection,WI
2009-09-15,15/9-F-5,23.500,,,,,,,,7309.600,injection,WI
2009-09-16,15/9-F-5,24.000,,,,,,,,8000.000,injection,WI
2009-09-17,15/9-F-5,24.000,,,,,,,,7283.000,injection,WI
2009-09-18,15/9-F-5,24.000,,,,,,,,8000.000,injection,WI
2009-09-19,15/9-F-5,24.000,,,,,,,,8228.593,injection,WI
2009-09-20,15/9-F-5,24.000,,,,,,,,8218.961,injection,WI
2009-09-21,15/9-F-5,24.000,,,,,,,,7958.700,injection,WI
2009-09-22,15/9-F-5,24.000,,,,,,,,7993.000,injection,WI
2009-09-23,15/9-F-5,24.000,,,,,,,,8005.000,injection,WI
2009-09-24,15/9-F-5,24.000,,,,,,,,8063.000,injection,WI
2009-09-25,15/9-F-5,24.000,,,,,,,,8161.000,injection,WI
2009-09-26,15/9-F-5,10.825,,,,,,,,3668.000,injection,WI
2009-09-27,15/9-F-5,0.000,,,,,,,,,injection,WI
2009-09-28,15/9-F-5,0.000,,,,,,,,,injection,WI
2009-09-29,15/9-F-5,0.000,,,,,,,,,injection,WI
2009-09-30,15/9-F-5,0.000,,,,,,,,,injection,WI
2009-10-01,15/9-F-5,14.175,,,,,,,,4026.000,injection,WI
2009-10-02,15/9-F-5,24.000,,,,,,,,7845.000,injection,WI
2009-10-03,15/9-F-5,24.000,,,,,,,,7753.000,injection,WI
2009-10-04,15/9-F-5,24.000,,,,,,,,7770.000,injection,WI
2009-10-05,15/9-F-5,23.160,,,,,,,,7440.000,injection,WI
2009-10-06,15/9-F-5,24.000,,,,,,,,7143.962,injection,WI
2009-10-07,15/9-F-5,24.000,,,,,,,,7884.362,injection,WI
2009-10-08,15/9-F-5,24.000,,,,,,,,7587.583,injection,WI
2009-10-09,15/9-F-5,24.000,,,,,,,,7202.068,injection,WI
2009-10-10,15/9-F-5,24.000,,,,,,,,7085.270,injection,WI
2009-10-11,15/9-F-5,24.000,,,,,,,,7172.617,injection,WI
2009-10-12,15/9-F-5,24.000,,,,,,,,7124.515,injection,WI
2009-10-13,15/9-F-5,19.333,,,,,,,,5422.678,injection,WI
2009-10-14,15/9-F-5,24.000,,,,,,,,6000.447,injection,WI
2009-10-15,15/9-F-5,18.500,,,,,,,,5888.367,injection,WI
2009-10-16,15/9-F-5,24.000,,,,,,,,5660.665,injection,WI
2009-10-17,15/9-F-5,5.992,,,,,,,,1399.000,injection,WI
2009-10-18,15/9-F-5,7.175,,,,,,,,1510.000,injection,WI
2009-10-19,15/9-F-5,24.000,,,,,,,,8297.130,injection,WI
2009-10-20,15/9-F-5,24.000,,,,,,,,6473.667,injection,WI
2009-10-21,15/9-F-5,24.000,,,,,,,,6876.721,injection,WI
2009-10-22,15/9-F-5,24.000,,,,,,,,7028.956,injection,WI
2009-10-23,15/9-F-5,24.000,,,,,,,,6582.441,injection,WI
2009-10-24,15/9-F-5,19.583,,,,,,,,5729.909,injection,WI
2009-10-25,15/9-F-5,24.000,,,,,,,,6570.400,injection,WI
2009-10-26,15/9-F-5,24.000,,,,,,,,6828.432,injection,WI
2009-10-27,15/9-F-5,24.000,,,,,,,,7054.316,injection,WI
2009-10-28,15/9-F-5,24.000,,,,,,,,7051.639,injection,WI
2009-10-29,15/9-F-5,22.333,,,,,,,,6396.000,injection,WI
2009-10-30,15/9-F-5,24.000,,,,,,,,7023.393,injection,WI
2009-10-31,15/9-F-5,24.000,,,,,,,,7018.693,injection,WI
2009-11-01,15/9-F-5,24.000,,,,,,,,6873.690,injection,WI
2009-11-02,15/9-F-5,24.000,,,,,,,,6898.546,injection,WI
2009-11-03,15/9-F-5,24.000,,,,,,,,6977.000,injection,WI
2009-11-04,15/9-F-5,21.167,,,,,,,,4964.000,injection,WI
2009-11-05,15/9-F-5,24.000,,,,,,,,7042.000,injection,WI
2009-11-06,15/9-F-5,24.000,,,,,,,,6694.000,injection,WI
2009-11-07,15/9-F-5,24.000,,,,,,,,6702.000,injection,WI
2009-11-08,15/9-F-5,24.000,,,,,,,,6807.000,injection,WI
2009-11-09,15/9-F-5,21.667,,,,,,,,6280.000,injection,WI
2009-11-10,15/9-F-5,24.000,,,,,,,,6960.545,injection,WI
2009-11-11,15/9-F-5,24.000,,,,,,,,6856.146,injection,WI
2009-11-12,15/9-F-5,24.000,,,,,,,,6844.957,injection,WI
2009-11-13,15/9-F-5,24.000,,,,,,,,6857.716,injection,WI
2009-11-14,15/9-F-5,24.000,,,,,,,,7180.000,injection,WI
2009-11-15,15/9-F-5,24.000,,,,,,,,7166.500,injection,WI
2009-11-16,15/9-F-5,24.000,,,,,,,,6879.000,injection,WI
2009-11-17,15/9-F-5,24.000,,,,,,,,6718.704,injection,WI
2009-11-18,15/9-F-5,24.000,,,,,,,,6898.000,injection,WI
2009-11-19,15/9-F-5,24.000,,,,,,,,6894.000,injection,WI
2009-11-20,15/9-F-5,21.333,,,,,,,,5790.000,injection,WI
2009-11-21,15/9-F-5,24.000,,,,,,,,6896.000,injection,WI
2009-11-22,15/9-F-5,24.000,,,,,,,,6966.000,injection,WI
2009-11-23,15/9-F-5,21.083,,,,,,,,5878.000,injection,WI
2009-11-24,15/9-F-5,20.667,,,,,,,,6936.734,injection,WI
2009-11-25,15/9-F-5,24.000,,,,,,,,7111.897,injection,WI
2009-11-26,15/9-F-5,24.000,,,,,,,,7421.400,injection,WI
2009-11-27,15/9-F-5,24.000,,,,,,,,8459.000,injection,WI
2009-11-28,15/9-F-5,24.000,,,,,,,,8579.882,injection,WI
2009-11-29,15/9-F-5,23.667,,,,,,,,7993.151,injection,WI
2009-11-30,15/9-F-5,24.000,,,,,,,,8408.000,injection,WI
2009-12-01,15/9-F-5,24.000,,,,,,,,8536.334,injection,WI
2009-12-02,15/9-F-5,24.000,,,,,,,,8502.611,injection,WI
2009-12-03,15/9-F-5,24.000,,,,,,,,8538.266,injection,WI
2009-12-04,15/9-F-5,24.000,,,,,,,,8230.937,injection,WI
2009-12-05,15/9-F-5,24.000,,,,,,,,8198.999,injection,WI
2009-12-06,15/9-F-5,24.000,,,,,,,,7940.012,injection,WI
2009-12-07,15/9-F-5,24.000,,,,,,,,7933.340,injection,WI
2009-12-08,15/9-F-5,24.000,,,,,,,,7882.823,injection,WI
2009-12-09,15/9-F-5,24.000,,,,,,,,7874.886,injection,WI
2009-12-10,15/9-F-5,24.000,,,,,,,,7847.926,injection,WI
2009-12-11,15/9-F-5,24.000,,,,,,,,7832.679,injection,WI
2009-12-12,15/9-F-5,24.000,,,,,,,,7858.316,injection,WI
2009-12-13,15/9-F-5,24.000,,,,,,,,7865.926,injection,WI
2009-12-14,15/9-F-5,24.000,,,,,,,,7846.310,injection,WI
2009-12-15,15/9-F-5,24.000,,,,,,,,7858.774,injection,WI
2009-12-16,15/9-F-5,24.000,,,,,,,,8062.463,injection,WI
2009-12-17,15/9-F-5,22.858,,,,,,,,8073.054,injection,WI
2009-12-18,15/9-F-5,20.308,,,,,,,,3271.823,injection,WI
2009-12-19,15/9-F-5,24.000,,,,,,,,2245.938,injection,WI
2009-12-20,15/9-F-5,23.000,,,,,,,,2355.909,injection,WI
2009-12-21,15/9-F-5,24.000,,,,,,,,5277.995,injection,WI
2009-12-22,15/9-F-5,24.000,,,,,,,,7490.000,injection,WI
2009-12-23,15/9-F-5,24.000,,,,,,,,7615.000,injection,WI
2009-12-24,15/9-F-5,24.000,,,,,,,,7638.000,injection,WI
2009-12-25,15/9-F-5,24.000,,,,,,,,7856.548,injection,WI
2009-12-26,15/9-F-5,24.000,,,,,,,,7722.000,injection,WI
2009-12-27,15/9-F-5,24.000,,,,,,,,7118.000,injection,WI
2009-12-28,15/9-F-5,24.000,,,,,,,,7490.000,injection,WI
2009-12-29,15/9-F-5,24.000,,,,,,,,7510.738,injection,WI
2009-12-30,15/9-F-5,24.000,,,,,,,,7551.171,injection,WI
2009-12-31,15/9-F-5,24.000,,,,,,,,7428.557,injection,WI
2010-01-01,15/9-F-5,24.000,,,,,,,,7798.998,injection,WI
2010-01-02,15/9-F-5,24.000,,,,,,,,8190.278,injection,WI
2010-01-03,15/9-F-5,24.000,,,,,,,,8222.392,injection,WI
2010-01-04,15/9-F-5,24.000,,,,,,,,8259.174,injection,WI
2010-01-05,15/9-F-5,24.000,,,,,,,,8287.967,injection,WI
2010-01-06,15/9-F-5,24.000,,,,,,,,8301.062,injection,WI
2010-01-07,15/9-F-5,24.000,,,,,,,,8125.836,injection,WI
2010-01-08,15/9-F-5,24.000,,,,,,,,8097.718,injection,WI
2010-01-09,15/9-F-5,17.500,,,,,,,,5773.000,injection,WI
2010-01-10,15/9-F-5,24.000,,,,,,,,7742.037,injection,WI
2010-01-11,15/9-F-5,24.000,,,,,,,,7973.770,injection,WI
2010-01-12,15/9-F-5,24.000,,,,,,,,7915.072,injection,WI
2010-01-13,15/9-F-5,24.000,,,,,,,,7831.025,injection,WI
2010-01-14,15/9-F-5,24.000,,,,,,,,7825.095,injection,WI
2010-01-15,15/9-F-5,24.000,,,,,,,,7776.573,injection,WI
2010-01-16,15/9-F-5,24.000,,,,,,,,7791.153,injection,WI
2010-01-17,15/9-F-5,24.000,,,,,,,,7937.796,injection,WI
2010-01-18,15/9-F-5,24.000,,,,,,,,8983.803,injection,WI
2010-01-19,15/9-F-5,24.000,,,,,,,,9165.000,injection,WI
2010-01-20,15/9-F-5,24.000,,,,,,,,9000.000,injection,WI
2010-01-21,15/9-F-5,24.000,,,,,,,,8748.600,injection,WI
2010-01-22,15/9-F-5,24.000,,,,,,,,8919.639,injection,WI
2010-01-23,15/9-F-5,24.000,,,,,,,,9042.593,injection,WI
2010-01-24,15/9-F-5,24.000,,,,,,,,9059.812,injection,WI
2010-01-25,15/9-F-5,24.000,,,,,,,,8855.621,injection,WI
2010-01-26,15/9-F-5,22.167,,,,,,,,7787.108,injection,WI
2010-01-27,15/9-F-5,24.000,,,,,,,,7617.888,injection,WI
2010-01-28,15/9-F-5,24.000,,,,,,,,7609.430,injection,WI
2010-01-29,15/9-F-5,24.000,,,,,,,,7605.216,injection,WI
2010-01-30,15/9-F-5,24.000,,,,,,,,7628.354,injection,WI
2010-01-31,15/9-F-5,24.000,,,,,,,,7682.757,injection,WI
2010-02-01,15/9-F-5,24.000,,,,,,,,7675.536,injection,WI
2010-02-02,15/9-F-5,24.000,,,,,,,,7692.861,injection,WI
2010-02-03,15/9-F-5,24.000,,,,,,,,7752.500,injection,WI
2010-02-04,15/9-F-5,24.000,,,,,,,,7745.595,injection,WI
2010-02-05,15/9-F-5,24.000,,,,,,,,7692.533,injection,WI
2010-02-06,15/9-F-5,24.000,,,,,,,,7681.160,injection,WI
2010-02-07,15/9-F-5,24.000,,,,,,,,7624.041,injection,WI
2010-02-08,15/9-F-5,24.000,,,,,,,,7654.461,injection,WI
2010-02-09,15/9-F-5,24.000,,,,,,,,8019.000,injection,WI
2010-02-10,15/9-F-5,24.000,,,,,,,,8139.073,injection,WI
2010-02-11,15/9-F-5,24.000,,,,,,,,8128.981,injection,WI
2010-02-12,15/9-F-5,24.000,,,,,,,,7517.186,injection,WI
2010-02-13,15/9-F-5,24.000,,,,,,,,3044.186,injection,WI
2010-02-14,15/9-F-5,13.592,,,,,,,,3404.289,injection,WI
2010-02-15,15/9-F-5,10.325,,,,,,,,2750.000,injection,WI
2010-02-16,15/9-F-5,24.000,,,,,,,,8331.053,injection,WI
2010-02-17,15/9-F-5,24.000,,,,,,,,8549.455,injection,WI
2010-02-18,15/9-F-5,19.833,,,,,,,,8063.655,injection,WI
2010-02-19,15/9-F-5,24.000,,,,,,,,8493.518,injection,WI
2010-02-20,15/9-F-5,24.000,,,,,,,,8635.054,injection,WI
2010-02-21,15/9-F-5,24.000,,,,,,,,9128.178,injection,WI
2010-02-22,15/9-F-5,24.000,,,,,,,,9547.295,injection,WI
2010-02-23,15/9-F-5,20.500,,,,,,,,7835.000,injection,WI
2010-02-24,15/9-F-5,24.000,,,,,,,,8913.118,injection,WI
2010-02-25,15/9-F-5,18.500,,,,,,,,8608.680,injection,WI
2010-02-26,15/9-F-5,14.192,,,,,,,,6560.240,injection,WI
2010-02-27,15/9-F-5,18.475,,,,,,,,4052.531,injection,WI
2010-02-28,15/9-F-5,0.000,,,,,,,,0.000,injection,WI
2010-03-01,15/9-F-5,0.000,,,,,,,,,injection,WI
2010-03-02,15/9-F-5,0.000,,,,,,,,,injection,WI
2010-03-03,15/9-F-5,0.000,,,,,,,,,injection,WI
2010-03-04,15/9-F-5,0.000,,,,,,,,,injection,WI
2010-03-05,15/9-F-5,0.000,,,,,,,,,injection,WI
2010-03-06,15/9-F-5,13.167,,,,,,,,2661.262,injection,WI
2010-03-07,15/9-F-5,0.000,,,,,,,,,injection,WI
2010-03-08,15/9-F-5,15.842,,,,,,,,5093.000,injection,WI
2010-03-09,15/9-F-5,24.000,,,,,,,,6180.198,injection,WI
2010-03-10,15/9-F-5,24.000,,,,,,,,4154.253,injection,WI
2010-03-11,15/9-F-5,23.500,,,,,,,,4168.237,injection,WI
2010-03-12,15/9-F-5,15.500,,,,,,,,2918.000,injection,WI
2010-03-13,15/9-F-5,24.000,,,,,,,,8799.543,injection,WI
2010-03-14,15/9-F-5,24.000,,,,,,,,8817.757,injection,WI
2010-03-15,15/9-F-5,24.000,,,,,,,,8722.133,injection,WI
2010-03-16,15/9-F-5,24.000,,,,,,,,8470.903,injection,WI
2010-03-17,15/9-F-5,24.000,,,,,,,,6072.993,injection,WI
2010-03-18,15/9-F-5,24.000,,,,,,,,4708.918,injection,WI
2010-03-19,15/9-F-5,24.000,,,,,,,,4880.472,injection,WI
2010-03-20,15/9-F-5,24.000,,,,,,,,4942.563,injection,WI
2010-03-21,15/9-F-5,24.000,,,,,,,,4954.799,injection,WI
2010-03-22,15/9-F-5,24.000,,,,,,,,5037.031,injection,WI
2010-03-23,15/9-F-5,24.000,,,,,,,,6709.251,injection,WI
2010-03-24,15/9-F-5,24.000,,,,,,,,7421.374,injection,WI
2010-03-25,15/9-F-5,24.000,,,,,,,,7397.493,injection,WI
2010-03-26,15/9-F-5,24.000,,,,,,,,7608.093,injection,WI
2010-03-27,15/9-F-5,24.000,,,,,,,,7755.050,injection,WI
2010-03-28,15/9-F-5,23.000,,,,,,,,8062.067,injection,WI
2010-03-29,15/9-F-5,24.000,,,,,,,,8219.054,injection,WI
2010-03-30,15/9-F-5,24.000,,,,,,,,8110.089,injection,WI
2010-03-31,15/9-F-5,24.000,,,,,,,,8090.761,injection,WI
2010-04-01,15/9-F-5,12.000,,,,,,,,1545.000,injection,WI
2010-04-02,15/9-F-5,24.000,,,,,,,,7744.605,injection,WI
2010-04-03,15/9-F-5,22.667,,,,,,,,7718.467,injection,WI
2010-04-04,15/9-F-5,24.000,,,,,,,,8509.331,injection,WI
2010-04-05,15/9-F-5,24.000,,,,,,,,8514.000,injection,WI
2010-04-06,15/9-F-5,24.000,,,,,,,,8328.600,injection,WI
2010-04-07,15/9-F-5,24.000,,,,,,,,8645.070,injection,WI
2010-04-08,15/9-F-5,24.000,,,,,,,,8651.305,injection,WI
2010-04-09,15/9-F-5,24.000,,,,,,,,5595.818,injection,WI
2010-04-10,15/9-F-5,24.000,,,,,,,,4654.889,injection,WI
2010-04-11,15/9-F-5,21.000,,,,,,,,4186.000,injection,WI
2010-04-12,15/9-F-5,10.500,,,,,,,,2219.000,injection,WI
2010-04-13,15/9-F-5,0.000,,,,,,,,,injection,WI
2010-04-14,15/9-F-5,0.000,,,,,,,,,injection,WI
2010-04-15,15/9-F-5,0.000,,,,,,,,,injection,WI
2010-04-16,15/9-F-5,0.000,,,,,,,,,injection,WI
2010-04-17,15/9-F-5,0.000,,,,,,,,,injection,WI
2010-04-18,15/9-F-5,0.000,,,,,,,,,injection,WI
2010-04-19,15/9-F-5,0.000,,,,,,,,0.000,injection,WI
2010-04-20,15/9-F-5,0.000,,,,,,,,,injection,WI
2010-04-21,15/9-F-5,0.000,,,,,,,,,injection,WI
2010-04-22,15/9-F-5,0.000,,,,,,,,,injection,WI
2010-04-23,15/9-F-5,23.225,,,,,,,,7889.000,injection,WI
2010-04-24,15/9-F-5,24.000,,,,,,,,7845.197,injection,WI
2010-04-25,15/9-F-5,24.000,,,,,,,,7902.376,injection,WI
2010-04-26,15/9-F-5,24.000,,,,,,,,8404.257,injection,WI
2010-04-27,15/9-F-5,24.000,,,,,,,,9344.586,injection,WI
2010-04-28,15/9-F-5,24.000,,,,,,,,8829.626,injection,WI
2010-04-29,15/9-F-5,24.000,,,,,,,,8129.922,injection,WI
2010-04-30,15/9-F-5,24.000,,,,,,,,8525.179,injection,WI
2010-05-01,15/9-F-5,24.000,,,,,,,,8695.502,injection,WI
2010-05-02,15/9-F-5,24.000,,,,,,,,7712.272,injection,WI
2010-05-03,15/9-F-5,24.000,,,,,,,,6891.623,injection,WI
2010-05-04,15/9-F-5,24.000,,,,,,,,7281.097,injection,WI
2010-05-05,15/9-F-5,24.000,,,,,,,,7666.757,injection,WI
2010-05-06,15/9-F-5,24.000,,,,,,,,7998.012,injection,WI
2010-05-07,15/9-F-5,24.000,,,,,,,,8405.844,injection,WI
2010-05-08,15/9-F-5,24.000,,,,,,,,8205.160,injection,WI
2010-05-09,15/9-F-5,24.000,,,,,,,,8196.247,injection,WI
2010-05-10,15/9-F-5,24.000,,,,,,,,8161.548,injection,WI
2010-05-11,15/9-F-5,24.000,,,,,,,,8304.599,injection,WI
2010-05-12,15/9-F-5,24.000,,,,,,,,8434.941,injection,WI
2010-05-13,15/9-F-5,24.000,,,,,,,,7843.311,injection,WI
2010-05-14,15/9-F-5,24.000,,,,,,,,8198.735,injection,WI
2010-05-15,15/9-F-5,24.000,,,,,,,,8528.000,injection,WI
2010-05-16,15/9-F-5,24.000,,,,,,,,8554.346,injection,WI
2010-05-17,15/9-F-5,24.000,,,,,,,,8825.182,injection,WI
2010-05-18,15/9-F-5,24.000,,,,,,,,8900.510,injection,WI
2010-05-19,15/9-F-5,24.000,,,,,,,,8762.577,injection,WI
2010-05-20,15/9-F-5,24.000,,,,,,,,8645.626,injection,WI
2010-05-21,15/9-F-5,24.000,,,,,,,,8695.335,injection,WI
2010-05-22,15/9-F-5,24.000,,,,,,,,8795.791,injection,WI
2010-05-23,15/9-F-5,24.000,,,,,,,,8763.168,injection,WI
2010-05-24,15/9-F-5,24.000,,,,,,,,8677.572,injection,WI
2010-05-25,15/9-F-5,24.000,,,,,,,,8578.759,injection,WI
2010-05-26,15/9-F-5,24.000,,,,,,,,8194.171,injection,WI
2010-05-27,15/9-F-5,24.000,,,,,,,,8201.517,injection,WI
2010-05-28,15/9-F-5,24.000,,,,,,,,6693.439,injection,WI
2010-05-29,15/9-F-5,24.000,,,,,,,,6739.255,injection,WI
2010-05-30,15/9-F-5,24.000,,,,,,,,6898.877,injection,WI
2010-05-31,15/9-F-5,24.000,,,,,,,,7761.964,injection,WI
2010-06-01,15/9-F-5,24.000,,,,,,,,7485.688,injection,WI
2010-06-02,15/9-F-5,24.000,,,,,,,,6105.744,injection,WI
2010-06-03,15/9-F-5,24.000,,,,,,,,8117.058,injection,WI
2010-06-04,15/9-F-5,24.000,,,,,,,,8296.579,injection,WI
2010-06-05,15/9-F-5,24.000,,,,,,,,8566.682,injection,WI
2010-06-06,15/9-F-5,24.000,,,,,,,,8137.603,injection,WI
2010-06-07,15/9-F-5,24.000,,,,,,,,7956.347,injection,WI
2010-06-08,15/9-F-5,24.000,,,,,,,,7214.204,injection,WI
2010-06-09,15/9-F-5,24.000,,,,,,,,7427.803,injection,WI
2010-06-10,15/9-F-5,24.000,,,,,,,,7371.361,injection,WI
2010-06-11,15/9-F-5,24.000,,,,,,,,7080.393,injection,WI
2010-06-12,15/9-F-5,24.000,,,,,,,,7263.050,injection,WI
2010-06-13,15/9-F-5,24.000,,,,,,,,7450.827,injection,WI
2010-06-14,15/9-F-5,24.000,,,,,,,,7136.724,injection,WI
2010-06-15,15/9-F-5,24.000,,,,,,,,6831.864,injection,WI
2010-06-16,15/9-F-5,24.000,,,,,,,,7173.209,injection,WI
2010-06-17,15/9-F-5,24.000,,,,,,,,7377.626,injection,WI
2010-06-18,15/9-F-5,24.000,,,,,,,,7226.000,injection,WI
2010-06-19,15/9-F-5,20.667,,,,,,,,5499.000,injection,WI
2010-06-20,15/9-F-5,24.000,,,,,,,,7380.462,injection,WI
2010-06-21,15/9-F-5,24.000,,,,,,,,7486.049,injection,WI
2010-06-22,15/9-F-5,24.000,,,,,,,,7076.727,injection,WI
2010-06-23,15/9-F-5,24.000,,,,,,,,7125.336,injection,WI
2010-06-24,15/9-F-5,24.000,,,,,,,,5367.000,injection,WI
2010-06-25,15/9-F-5,24.000,,,,,,,,7683.000,injection,WI
2010-06-26,15/9-F-5,24.000,,,,,,,,6440.170,injection,WI
2010-06-27,15/9-F-5,24.000,,,,,,,,7482.290,injection,WI
2010-06-28,15/9-F-5,24.000,,,,,,,,7723.001,injection,WI
2010-06-29,15/9-F-5,24.000,,,,,,,,7588.848,injection,WI
2010-06-30,15/9-F-5,24.000,,,,,,,,6924.940,injection,WI
2010-07-01,15/9-F-5,24.000,,,,,,,,7041.543,injection,WI
2010-07-02,15/9-F-5,24.000,,,,,,,,7242.265,injection,WI
2010-07-03,15/9-F-5,24.000,,,,,,,,5491.145,injection,WI
2010-07-04,15/9-F-5,24.000,,,,,,,,6568.833,injection,WI
2010-07-05,15/9-F-5,24.000,,,,,,,,7324.703,injection,WI
2010-07-06,15/9-F-5,24.000,,,,,,,,7500.032,injection,WI
2010-07-07,15/9-F-5,24.000,,,,,,,,7651.789,injection,WI
2010-07-08,15/9-F-5,24.000,,,,,,,,7178.912,injection,WI
2010-07-09,15/9-F-5,24.000,,,,,,,,6787.199,injection,WI
2010-07-10,15/9-F-5,23.167,,,,,,,,5826.231,injection,WI
2010-07-11,15/9-F-5,24.000,,,,,,,,7375.767,injection,WI
2010-07-12,15/9-F-5,24.000,,,,,,,,7153.063,injection,WI
2010-07-13,15/9-F-5,24.000,,,,,,,,7153.468,injection,WI
2010-07-14,15/9-F-5,24.000,,,,,,,,7124.303,injection,WI
2010-07-15,15/9-F-5,24.000,,,,,,,,7222.608,injection,WI
2010-07-16,15/9-F-5,24.000,,,,,,,,7404.571,injection,WI
2010-07-17,15/9-F-5,24.000,,,,,,,,7506.914,injection,WI
2010-07-18,15/9-F-5,24.000,,,,,,,,6832.851,injection,WI
2010-07-19,15/9-F-5,24.000,,,,,,,,6513.107,injection,WI
2010-07-20,15/9-F-5,24.000,,,,,,,,6350.209,injection,WI
2010-07-21,15/9-F-5,24.000,,,,,,,,6372.802,injection,WI
2010-07-22,15/9-F-5,24.000,,,,,,,,6670.015,injection,WI
2010-07-23,15/9-F-5,24.000,,,,,,,,6970.372,injection,WI
2010-07-24,15/9-F-5,24.000,,,,,,,,6874.047,injection,WI
2010-07-25,15/9-F-5,24.000,,,,,,,,6678.878,injection,WI
2010-07-26,15/9-F-5,24.000,,,,,,,,6750.036,injection,WI
2010-07-27,15/9-F-5,24.000,,,,,,,,6789.206,injection,WI
2010-07-28,15/9-F-5,24.000,,,,,,,,6855.908,injection,WI
2010-07-29,15/9-F-5,24.000,,,,,,,,6880.892,injection,WI
2010-07-30,15/9-F-5,24.000,,,,,,,,6922.033,injection,WI
2010-07-31,15/9-F-5,24.000,,,,,,,,6803.239,injection,WI
2010-08-01,15/9-F-5,24.000,,,,,,,,6818.513,injection,WI
2010-08-02,15/9-F-5,24.000,,,,,,,,6882.272,injection,WI
2010-08-03,15/9-F-5,24.000,,,,,,,,6858.803,injection,WI
2010-08-04,15/9-F-5,24.000,,,,,,,,6859.102,injection,WI
2010-08-05,15/9-F-5,21.833,,,,,,,,6371.000,injection,WI
2010-08-06,15/9-F-5,24.000,,,,,,,,6919.298,injection,WI
2010-08-07,15/9-F-5,22.000,,,,,,,,6510.294,injection,WI
2010-08-08,15/9-F-5,24.000,,,,,,,,7323.998,injection,WI
2010-08-09,15/9-F-5,24.000,,,,,,,,6852.957,injection,WI
2010-08-10,15/9-F-5,24.000,,,,,,,,6799.432,injection,WI
2010-08-11,15/9-F-5,24.000,,,,,,,,6763.318,injection,WI
2010-08-12,15/9-F-5,24.000,,,,,,,,6711.527,injection,WI
2010-08-13,15/9-F-5,24.000,,,,,,,,6797.065,injection,WI
2010-08-14,15/9-F-5,24.000,,,,,,,,6813.070,injection,WI
2010-08-15,15/9-F-5,24.000,,,,,,,,6550.250,injection,WI
2010-08-16,15/9-F-5,23.833,,,,,,,,2630.372,injection,WI
2010-08-17,15/9-F-5,4.800,,,,,,,,3956.202,injection,WI
2010-08-18,15/9-F-5,0.000,,,,,,,,,injection,WI
2010-08-19,15/9-F-5,0.000,,,,,,,,,injection,WI
2010-08-20,15/9-F-5,0.000,,,,,,,,,injection,WI
2010-08-21,15/9-F-5,0.000,,,,,,,,,injection,WI
2010-08-22,15/9-F-5,0.000,,,,,,,,,injection,WI
2010-08-23,15/9-F-5,0.000,,,,,,,,,injection,WI
2010-08-24,15/9-F-5,0.000,,,,,,,,,injection,WI
2010-08-25,15/9-F-5,0.000,,,,,,,,,injection,WI
2010-08-26,15/9-F-5,0.000,,,,,,,,,injection,WI
2010-08-27,15/9-F-5,0.000,,,,,,,,,injection,WI
2010-08-28,15/9-F-5,0.000,,,,,,,,,injection,WI
2010-08-29,15/9-F-5,16.342,,,,,,,,3588.602,injection,WI
2010-08-30,15/9-F-5,24.000,,,,,,,,4438.522,injection,WI
2010-08-31,15/9-F-5,22.333,,,,,,,,3861.881,injection,WI
2010-09-01,15/9-F-5,18.167,,,,,,,,4403.690,injection,WI
2010-09-02,15/9-F-5,24.000,,,,,,,,5853.559,injection,WI
2010-09-03,15/9-F-5,24.000,,,,,,,,5973.732,injection,WI
2010-09-04,15/9-F-5,24.000,,,,,,,,6448.371,injection,WI
2010-09-05,15/9-F-5,24.000,,,,,,,,6251.036,injection,WI
2010-09-06,15/9-F-5,24.000,,,,,,,,6343.435,injection,WI
2010-09-07,15/9-F-5,24.000,,,,,,,,6627.391,injection,WI
2010-09-08,15/9-F-5,24.000,,,,,,,,6524.518,injection,WI
2010-09-09,15/9-F-5,24.000,,,,,,,,6535.578,injection,WI
2010-09-10,15/9-F-5,24.000,,,,,,,,6693.562,injection,WI
2010-09-11,15/9-F-5,24.000,,,,,,,,6154.804,injection,WI
2010-09-12,15/9-F-5,24.000,,,,,,,,4542.079,injection,WI
2010-09-13,15/9-F-5,24.000,,,,,,,,4803.788,injection,WI
2010-09-14,15/9-F-5,24.000,,,,,,,,4055.890,injection,WI
2010-09-15,15/9-F-5,24.000,,,,,,,,4280.326,injection,WI
2010-09-16,15/9-F-5,24.000,,,,,,,,4554.351,injection,WI
2010-09-17,15/9-F-5,24.000,,,,,,,,5300.000,injection,WI
2010-09-18,15/9-F-5,19.667,,,,,,,,3770.000,injection,WI
2010-09-19,15/9-F-5,24.000,,,,,,,,3323.833,injection,WI
2010-09-20,15/9-F-5,24.000,,,,,,,,3487.000,injection,WI
2010-09-21,15/9-F-5,24.000,,,,,,,,2172.766,injection,WI
2010-09-22,15/9-F-5,24.000,,,,,,,,3963.465,injection,WI
2010-09-23,15/9-F-5,23.917,,,,,,,,5903.006,injection,WI
2010-09-24,15/9-F-5,24.000,,,,,,,,6434.585,injection,WI
2010-09-25,15/9-F-5,24.000,,,,,,,,5748.529,injection,WI
2010-09-26,15/9-F-5,22.000,,,,,,,,5754.883,injection,WI
2010-09-27,15/9-F-5,24.000,,,,,,,,7465.087,injection,WI
2010-09-28,15/9-F-5,24.000,,,,,,,,7547.813,injection,WI
2010-09-29,15/9-F-5,24.000,,,,,,,,7654.192,injection,WI
2010-09-30,15/9-F-5,11.667,,,,,,,,4613.994,injection,WI
2010-10-01,15/9-F-5,24.000,,,,,,,,5577.357,injection,WI
2010-10-02,15/9-F-5,24.000,,,,,,,,8194.973,injection,WI
2010-10-03,15/9-F-5,24.000,,,,,,,,8646.185,injection,WI
2010-10-04,15/9-F-5,23.250,,,,,,,,7128.571,injection,WI
2010-10-05,15/9-F-5,24.000,,,,,,,,6167.114,injection,WI
2010-10-06,15/9-F-5,24.000,,,,,,,,6891.554,injection,WI
2010-10-07,15/9-F-5,24.000,,,,,,,,6504.087,injection,WI
2010-10-08,15/9-F-5,21.167,,,,,,,,4860.798,injection,WI
2010-10-09,15/9-F-5,24.000,,,,,,,,5988.311,injection,WI
2010-10-10,15/9-F-5,24.000,,,,,,,,6280.977,injection,WI
2010-10-11,15/9-F-5,24.000,,,,,,,,6341.871,injection,WI
2010-10-12,15/9-F-5,24.000,,,,,,,,6502.072,injection,WI
2010-10-13,15/9-F-5,24.000,,,,,,,,6600.308,injection,WI
2010-10-14,15/9-F-5,24.000,,,,,,,,6654.330,injection,WI
2010-10-15,15/9-F-5,24.000,,,,,,,,6545.342,injection,WI
2010-10-16,15/9-F-5,24.000,,,,,,,,6618.670,injection,WI
2010-10-17,15/9-F-5,24.000,,,,,,,,6711.848,injection,WI
2010-10-18,15/9-F-5,17.992,,,,,,,,6313.908,injection,WI
2010-10-19,15/9-F-5,16.833,,,,,,,,4649.000,injection,WI
2010-10-20,15/9-F-5,13.342,,,,,,,,3776.000,injection,WI
2010-10-21,15/9-F-5,24.000,,,,,,,,7085.313,injection,WI
2010-10-22,15/9-F-5,24.000,,,,,,,,6990.434,injection,WI
2010-10-23,15/9-F-5,24.000,,,,,,,,6901.566,injection,WI
2010-10-24,15/9-F-5,24.000,,,,,,,,6451.751,injection,WI
2010-10-25,15/9-F-5,24.000,,,,,,,,6244.000,injection,WI
2010-10-26,15/9-F-5,24.000,,,,,,,,6514.712,injection,WI
2010-10-27,15/9-F-5,24.000,,,,,,,,6495.899,injection,WI
2010-10-28,15/9-F-5,24.000,,,,,,,,6527.875,injection,WI
2010-10-29,15/9-F-5,24.000,,,,,,,,6555.022,injection,WI
2010-10-30,15/9-F-5,24.000,,,,,,,,6727.403,injection,WI
2010-10-31,15/9-F-5,25.000,,,,,,,,7220.000,injection,WI
2010-11-01,15/9-F-5,24.000,,,,,,,,6857.714,injection,WI
2010-11-02,15/9-F-5,24.000,,,,,,,,7139.619,injection,WI
2010-11-03,15/9-F-5,24.000,,,,,,,,7043.292,injection,WI
2010-11-04,15/9-F-5,24.000,,,,,,,,6920.330,injection,WI
2010-11-05,15/9-F-5,24.000,,,,,,,,7022.753,injection,WI
2010-11-06,15/9-F-5,24.000,,,,,,,,7056.102,injection,WI
2010-11-07,15/9-F-5,24.000,,,,,,,,7543.398,injection,WI
2010-11-08,15/9-F-5,21.417,,,,,,,,6380.000,injection,WI
2010-11-09,15/9-F-5,24.000,,,,,,,,7238.000,injection,WI
2010-11-10,15/9-F-5,24.000,,,,,,,,7168.000,injection,WI
2010-11-11,15/9-F-5,24.000,,,,,,,,7512.000,injection,WI
2010-11-12,15/9-F-5,24.000,,,,,,,,5399.000,injection,WI
2010-11-13,15/9-F-5,24.000,,,,,,,,4390.000,injection,WI
2010-11-14,15/9-F-5,24.000,,,,,,,,4402.392,injection,WI
2010-11-15,15/9-F-5,14.250,,,,,,,,2404.000,injection,WI
2010-11-16,15/9-F-5,24.000,,,,,,,,4109.112,injection,WI
2010-11-17,15/9-F-5,21.750,,,,,,,,3832.483,injection,WI
2010-11-18,15/9-F-5,24.000,,,,,,,,4170.000,injection,WI
2010-11-19,15/9-F-5,24.000,,,,,,,,4315.000,injection,WI
2010-11-20,15/9-F-5,24.000,,,,,,,,4304.000,injection,WI
2010-11-21,15/9-F-5,24.000,,,,,,,,4331.121,injection,WI
2010-11-22,15/9-F-5,22.500,,,,,,,,4566.000,injection,WI
2010-11-23,15/9-F-5,24.000,,,,,,,,8075.005,injection,WI
2010-11-24,15/9-F-5,24.000,,,,,,,,8425.852,injection,WI
2010-11-25,15/9-F-5,24.000,,,,,,,,8296.130,injection,WI
2010-11-26,15/9-F-5,24.000,,,,,,,,8257.593,injection,WI
2010-11-27,15/9-F-5,24.000,,,,,,,,8232.791,injection,WI
2010-11-28,15/9-F-5,24.000,,,,,,,,8152.903,injection,WI
2010-11-29,15/9-F-5,24.000,,,,,,,,7736.595,injection,WI
2010-11-30,15/9-F-5,24.000,,,,,,,,7154.631,injection,WI
2010-12-01,15/9-F-5,24.000,,,,,,,,6531.870,injection,WI
2010-12-02,15/9-F-5,24.000,,,,,,,,7046.068,injection,WI
2010-12-03,15/9-F-5,24.000,,,,,,,,6810.786,injection,WI
2010-12-04,15/9-F-5,24.000,,,,,,,,6179.765,injection,WI
2010-12-05,15/9-F-5,24.000,,,,,,,,6057.157,injection,WI
2010-12-06,15/9-F-5,24.000,,,,,,,,5982.149,injection,WI
2010-12-07,15/9-F-5,24.000,,,,,,,,5905.618,injection,WI
2010-12-08,15/9-F-5,24.000,,,,,,,,5301.638,injection,WI
2010-12-09,15/9-F-5,16.000,,,,,,,,3931.000,injection,WI
2010-12-10,15/9-F-5,24.000,,,,,,,,7664.230,injection,WI
2010-12-11,15/9-F-5,24.000,,,,,,,,6692.010,injection,WI
2010-12-12,15/9-F-5,24.000,,,,,,,,6683.934,injection,WI
2010-12-13,15/9-F-5,24.000,,,,,,,,6679.238,injection,WI
2010-12-14,15/9-F-5,24.000,,,,,,,,6554.328,injection,WI
2010-12-15,15/9-F-5,24.000,,,,,,,,6576.906,injection,WI
2010-12-16,15/9-F-5,24.000,,,,,,,,6377.579,injection,WI
2010-12-17,15/9-F-5,24.000,,,,,,,,5899.704,injection,WI
2010-12-18,15/9-F-5,24.000,,,,,,,,6003.170,injection,WI
2010-12-19,15/9-F-5,24.000,,,,,,,,6144.271,injection,WI
2010-12-20,15/9-F-5,24.000,,,,,,,,6289.075,injection,WI
2010-12-21,15/9-F-5,24.000,,,,,,,,6142.147,injection,WI
2010-12-22,15/9-F-5,24.000,,,,,,,,6220.787,injection,WI
2010-12-23,15/9-F-5,24.000,,,,,,,,6354.654,injection,WI
2010-12-24,15/9-F-5,24.000,,,,,,,,6394.895,injection,WI
2010-12-25,15/9-F-5,24.000,,,,,,,,6405.756,injection,WI
2010-12-26,15/9-F-5,24.000,,,,,,,,6320.276,injection,WI
2010-12-27,15/9-F-5,24.000,,,,,,,,6275.096,injection,WI
2010-12-28,15/9-F-5,20.667,,,,,,,,5298.000,injection,WI
2010-12-29,15/9-F-5,24.000,,,,,,,,5058.000,injection,WI
2010-12-30,15/9-F-5,24.000,,,,,,,,6694.283,injection,WI
2010-12-31,15/9-F-5,24.000,,,,,,,,6898.341,injection,WI
2011-01-01,15/9-F-5,24.000,,,,,,,,6061.297,injection,WI
2011-01-02,15/9-F-5,24.000,,,,,,,,6255.148,injection,WI
2011-01-03,15/9-F-5,24.000,,,,,,,,6519.398,injection,WI
2011-01-04,15/9-F-5,24.000,,,,,,,,6413.531,injection,WI
2011-01-05,15/9-F-5,24.000,,,,,,,,6154.687,injection,WI
2011-01-06,15/9-F-5,24.000,,,,,,,,6053.988,injection,WI
2011-01-07,15/9-F-5,24.000,,,,,,,,6050.957,injection,WI
2011-01-08,15/9-F-5,24.000,,,,,,,,6076.291,injection,WI
2011-01-09,15/9-F-5,24.000,,,,,,,,6226.356,injection,WI
2011-01-10,15/9-F-5,24.000,,,,,,,,6862.700,injection,WI
2011-01-11,15/9-F-5,24.000,,,,,,,,7643.000,injection,WI
2011-01-12,15/9-F-5,24.000,,,,,,,,7305.000,injection,WI
2011-01-13,15/9-F-5,24.000,,,,,,,,7094.591,injection,WI
2011-01-14,15/9-F-5,24.000,,,,,,,,6718.644,injection,WI
2011-01-15,15/9-F-5,24.000,,,,,,,,6074.801,injection,WI
2011-01-16,15/9-F-5,24.000,,,,,,,,6072.303,injection,WI
2011-01-17,15/9-F-5,24.000,,,,,,,,6090.192,injection,WI
2011-01-18,15/9-F-5,24.000,,,,,,,,6042.719,injection,WI
2011-01-19,15/9-F-5,24.000,,,,,,,,5724.227,injection,WI
2011-01-20,15/9-F-5,24.000,,,,,,,,5587.245,injection,WI
2011-01-21,15/9-F-5,24.000,,,,,,,,5665.458,injection,WI
2011-01-22,15/9-F-5,24.000,,,,,,,,5586.380,injection,WI
2011-01-23,15/9-F-5,24.000,,,,,,,,5720.459,injection,WI
2011-01-24,15/9-F-5,24.000,,,,,,,,5719.373,injection,WI
2011-01-25,15/9-F-5,24.000,,,,,,,,5640.758,injection,WI
2011-01-26,15/9-F-5,24.000,,,,,,,,5602.355,injection,WI
2011-01-27,15/9-F-5,24.000,,,,,,,,5616.533,injection,WI
2011-01-28,15/9-F-5,24.000,,,,,,,,5668.184,injection,WI
2011-01-29,15/9-F-5,24.000,,,,,,,,5985.874,injection,WI
2011-01-30,15/9-F-5,24.000,,,,,,,,5397.948,injection,WI
2011-01-31,15/9-F-5,24.000,,,,,,,,5410.724,injection,WI
2011-02-01,15/9-F-5,23.108,,,,,,,,5981.233,injection,WI
2011-02-02,15/9-F-5,0.000,,,,,,,,,injection,WI
2011-02-03,15/9-F-5,0.000,,,,,,,,,injection,WI
2011-02-04,15/9-F-5,0.000,,,,,,,,,injection,WI
2011-02-05,15/9-F-5,11.892,,,,,,,,3199.000,injection,WI
2011-02-06,15/9-F-5,21.333,,,,,,,,4720.975,injection,WI
2011-02-07,15/9-F-5,24.000,,,,,,,,4044.805,injection,WI
2011-02-08,15/9-F-5,24.000,,,,,,,,4474.000,injection,WI
2011-02-09,15/9-F-5,12.250,,,,,,,,1005.000,injection,WI
2011-02-10,15/9-F-5,24.000,,,,,,,,4456.000,injection,WI
2011-02-11,15/9-F-5,24.000,,,,,,,,4712.143,injection,WI
2011-02-12,15/9-F-5,24.000,,,,,,,,4487.032,injection,WI
2011-02-13,15/9-F-5,17.667,,,,,,,,2990.000,injection,WI
2011-02-14,15/9-F-5,7.108,,,,,,,,1263.000,injection,WI
2011-02-15,15/9-F-5,12.058,,,,,,,,3797.009,injection,WI
2011-02-16,15/9-F-5,20.333,,,,,,,,4560.958,injection,WI
2011-02-17,15/9-F-5,24.000,,,,,,,,7506.060,injection,WI
2011-02-18,15/9-F-5,24.000,,,,,,,,8082.594,injection,WI
2011-02-19,15/9-F-5,24.000,,,,,,,,8066.581,injection,WI
2011-02-20,15/9-F-5,23.000,,,,,,,,7449.035,injection,WI
2011-02-21,15/9-F-5,24.000,,,,,,,,8176.101,injection,WI
2011-02-22,15/9-F-5,24.000,,,,,,,,8284.548,injection,WI
2011-02-23,15/9-F-5,24.000,,,,,,,,8321.465,injection,WI
2011-02-24,15/9-F-5,24.000,,,,,,,,7695.856,injection,WI
2011-02-25,15/9-F-5,24.000,,,,,,,,6522.312,injection,WI
2011-02-26,15/9-F-5,24.000,,,,,,,,6597.654,injection,WI
2011-02-27,15/9-F-5,24.000,,,,,,,,6506.862,injection,WI
2011-02-28,15/9-F-5,24.000,,,,,,,,6566.335,injection,WI
2011-03-01,15/9-F-5,24.000,,,,,,,,6563.879,injection,WI
2011-03-02,15/9-F-5,24.000,,,,,,,,6029.180,injection,WI
2011-03-03,15/9-F-5,24.000,,,,,,,,5897.476,injection,WI
2011-03-04,15/9-F-5,24.000,,,,,,,,5815.429,injection,WI
2011-03-05,15/9-F-5,24.000,,,,,,,,5524.532,injection,WI
2011-03-06,15/9-F-5,22.667,,,,,,,,5336.000,injection,WI
2011-03-07,15/9-F-5,24.000,,,,,,,,5985.168,injection,WI
2011-03-08,15/9-F-5,24.000,,,,,,,,5136.029,injection,WI
2011-03-09,15/9-F-5,24.000,,,,,,,,5315.821,injection,WI
2011-03-10,15/9-F-5,24.000,,,,,,,,5965.022,injection,WI
2011-03-11,15/9-F-5,24.000,,,,,,,,5978.000,injection,WI
2011-03-12,15/9-F-5,24.000,,,,,,,,5957.045,injection,WI
2011-03-13,15/9-F-5,24.000,,,,,,,,5931.000,injection,WI
2011-03-14,15/9-F-5,24.000,,,,,,,,6211.000,injection,WI
2011-03-15,15/9-F-5,24.000,,,,,,,,6277.263,injection,WI
2011-03-16,15/9-F-5,24.000,,,,,,,,6312.154,injection,WI
2011-03-17,15/9-F-5,14.500,,,,,,,,2593.000,injection,WI
2011-03-18,15/9-F-5,24.000,,,,,,,,5913.185,injection,WI
2011-03-19,15/9-F-5,24.000,,,,,,,,6087.400,injection,WI
2011-03-20,15/9-F-5,24.000,,,,,,,,5483.769,injection,WI
2011-03-21,15/9-F-5,24.000,,,,,,,,6794.382,injection,WI
2011-03-22,15/9-F-5,24.000,,,,,,,,5852.315,injection,WI
2011-03-23,15/9-F-5,24.000,,,,,,,,6659.199,injection,WI
2011-03-24,15/9-F-5,23.508,,,,,,,,5876.725,injection,WI
2011-03-25,15/9-F-5,21.492,,,,,,,,6780.000,injection,WI
2011-03-26,15/9-F-5,24.000,,,,,,,,6542.701,injection,WI
2011-03-27,15/9-F-5,23.000,,,,,,,,7616.700,injection,WI
2011-03-28,15/9-F-5,24.000,,,,,,,,6571.304,injection,WI
2011-03-29,15/9-F-5,24.000,,,,,,,,6014.245,injection,WI
2011-03-30,15/9-F-5,24.000,,,,,,,,5826.441,injection,WI
2011-03-31,15/9-F-5,22.833,,,,,,,,5745.823,injection,WI
2011-04-01,15/9-F-5,24.000,,,,,,,,5948.587,injection,WI
2011-04-02,15/9-F-5,24.000,,,,,,,,6075.067,injection,WI
2011-04-03,15/9-F-5,24.000,,,,,,,,6040.815,injection,WI
2011-04-04,15/9-F-5,24.000,,,,,,,,6057.345,injection,WI
2011-04-05,15/9-F-5,20.833,,,,,,,,5644.378,injection,WI
2011-04-06,15/9-F-5,24.000,,,,,,,,8310.153,injection,WI
2011-04-07,15/9-F-5,24.000,,,,,,,,8888.984,injection,WI
2011-04-08,15/9-F-5,24.000,,,,,,,,8406.000,injection,WI
2011-04-09,15/9-F-5,10.667,,,,,,,,1466.000,injection,WI
2011-04-10,15/9-F-5,24.000,,,,,,,,4648.932,injection,WI
2011-04-11,15/9-F-5,24.000,,,,,,,,8095.000,injection,WI
2011-04-12,15/9-F-5,24.000,,,,,,,,6969.000,injection,WI
2011-04-13,15/9-F-5,21.333,,,,,,,,5920.444,injection,WI
2011-04-14,15/9-F-5,24.000,,,,,,,,6475.692,injection,WI
2011-04-15,15/9-F-5,24.000,,,,,,,,6441.609,injection,WI
2011-04-16,15/9-F-5,24.000,,,,,,,,6458.131,injection,WI
2011-04-17,15/9-F-5,24.000,,,,,,,,6515.818,injection,WI
2011-04-18,15/9-F-5,24.000,,,,,,,,6312.000,injection,WI
2011-04-19,15/9-F-5,24.000,,,,,,,,6355.000,injection,WI
2011-04-20,15/9-F-5,24.000,,,,,,,,6323.000,injection,WI
2011-04-21,15/9-F-5,24.000,,,,,,,,5039.000,injection,WI
2011-04-22,15/9-F-5,24.000,,,,,,,,6243.000,injection,WI
2011-04-23,15/9-F-5,24.000,,,,,,,,6439.000,injection,WI
2011-04-24,15/9-F-5,24.000,,,,,,,,6711.100,injection,WI
2011-04-25,15/9-F-5,24.000,,,,,,,,6614.000,injection,WI
2011-04-26,15/9-F-5,24.000,,,,,,,,6158.709,injection,WI
2011-04-27,15/9-F-5,24.000,,,,,,,,6231.814,injection,WI
2011-04-28,15/9-F-5,24.000,,,,,,,,6072.417,injection,WI
2011-04-29,15/9-F-5,24.000,,,,,,,,5989.837,injection,WI
2011-04-30,15/9-F-5,24.000,,,,,,,,6048.400,injection,WI
2011-05-01,15/9-F-5,24.000,,,,,,,,6127.888,injection,WI
2011-05-02,15/9-F-5,24.000,,,,,,,,6228.828,injection,WI
2011-05-03,15/9-F-5,24.000,,,,,,,,6433.099,injection,WI
2011-05-04,15/9-F-5,24.000,,,,,,,,6218.471,injection,WI
2011-05-05,15/9-F-5,24.000,,,,,,,,6033.395,injection,WI
2011-05-06,15/9-F-5,24.000,,,,,,,,6083.326,injection,WI
2011-05-07,15/9-F-5,24.000,,,,,,,,6279.723,injection,WI
2011-05-08,15/9-F-5,24.000,,,,,,,,6321.335,injection,WI
2011-05-09,15/9-F-5,24.000,,,,,,,,6228.379,injection,WI
2011-05-10,15/9-F-5,24.000,,,,,,,,6283.661,injection,WI
2011-05-11,15/9-F-5,20.833,,,,,,,,5346.000,injection,WI
2011-05-12,15/9-F-5,24.000,,,,,,,,6555.792,injection,WI
2011-05-13,15/9-F-5,24.000,,,,,,,,6541.034,injection,WI
2011-05-14,15/9-F-5,24.000,,,,,,,,6134.000,injection,WI
2011-05-15,15/9-F-5,24.000,,,,,,,,6251.263,injection,WI
2011-05-16,15/9-F-5,24.000,,,,,,,,6346.343,injection,WI
2011-05-17,15/9-F-5,24.000,,,,,,,,6329.993,injection,WI
2011-05-18,15/9-F-5,24.000,,,,,,,,6422.865,injection,WI
2011-05-19,15/9-F-5,20.000,,,,,,,,5784.122,injection,WI
2011-05-20,15/9-F-5,24.000,,,,,,,,5917.310,injection,WI
2011-05-21,15/9-F-5,23.667,,,,,,,,4921.518,injection,WI
2011-05-22,15/9-F-5,24.000,,,,,,,,5231.855,injection,WI
2011-05-23,15/9-F-5,24.000,,,,,,,,7194.456,injection,WI
2011-05-24,15/9-F-5,24.000,,,,,,,,6090.618,injection,WI
2011-05-25,15/9-F-5,24.000,,,,,,,,6302.006,injection,WI
2011-05-26,15/9-F-5,24.000,,,,,,,,6458.433,injection,WI
2011-05-27,15/9-F-5,24.000,,,,,,,,6495.783,injection,WI
2011-05-28,15/9-F-5,24.000,,,,,,,,6546.737,injection,WI
2011-05-29,15/9-F-5,24.000,,,,,,,,6245.947,injection,WI
2011-05-30,15/9-F-5,24.000,,,,,,,,6057.776,injection,WI
2011-05-31,15/9-F-5,24.000,,,,,,,,6026.129,injection,WI
2011-06-01,15/9-F-5,24.000,,,,,,,,6113.000,injection,WI
2011-06-02,15/9-F-5,17.833,,,,,,,,5673.037,injection,WI
2011-06-03,15/9-F-5,24.000,,,,,,,,6301.699,injection,WI
2011-06-04,15/9-F-5,24.000,,,,,,,,6206.809,injection,WI
2011-06-05,15/9-F-5,24.000,,,,,,,,6190.871,injection,WI
2011-06-06,15/9-F-5,24.000,,,,,,,,6152.942,injection,WI
2011-06-07,15/9-F-5,24.000,,,,,,,,6143.254,injection,WI
2011-06-08,15/9-F-5,24.000,,,,,,,,6025.116,injection,WI
2011-06-09,15/9-F-5,24.000,,,,,,,,6055.000,injection,WI
2011-06-10,15/9-F-5,24.000,,,,,,,,5811.040,injection,WI
2011-06-11,15/9-F-5,24.000,,,,,,,,5656.032,injection,WI
2011-06-12,15/9-F-5,24.000,,,,,,,,5627.078,injection,WI
2011-06-13,15/9-F-5,24.000,,,,,,,,5640.529,injection,WI
2011-06-14,15/9-F-5,24.000,,,,,,,,5661.741,injection,WI
2011-06-15,15/9-F-5,24.000,,,,,,,,5759.555,injection,WI
2011-06-16,15/9-F-5,24.000,,,,,,,,5746.101,injection,WI
2011-06-17,15/9-F-5,24.000,,,,,,,,6276.406,injection,WI
2011-06-18,15/9-F-5,24.000,,,,,,,,6132.364,injection,WI
2011-06-19,15/9-F-5,24.000,,,,,,,,5918.139,injection,WI
2011-06-20,15/9-F-5,11.842,,,,,,,,2720.000,injection,WI
2011-06-21,15/9-F-5,0.000,,,,,,,,,injection,WI
2011-06-22,15/9-F-5,0.000,,,,,,,,,injection,WI
2011-06-23,15/9-F-5,0.000,,,,,,,,,injection,WI
2011-06-24,15/9-F-5,0.000,,,,,,,,,injection,WI
2011-06-25,15/9-F-5,0.000,,,,,,,,,injection,WI
2011-06-26,15/9-F-5,0.000,,,,,,,,,injection,WI
2011-06-27,15/9-F-5,0.000,,,,,,,,,injection,WI
2011-06-28,15/9-F-5,0.000,,,,,,,,,injection,WI
2011-06-29,15/9-F-5,0.000,,,,,,,,,injection,WI
2011-06-30,15/9-F-5,0.000,,,,,,,,,injection,WI
2011-07-01,15/9-F-5,21.158,,,,,,,,5586.000,injection,WI
2011-07-02,15/9-F-5,7.508,,,,,,,,2306.000,injection,WI
2011-07-03,15/9-F-5,6.500,,,,,,,,1690.000,injection,WI
2011-07-04,15/9-F-5,8.842,,,,,,,,2499.000,injection,WI
2011-07-05,15/9-F-5,0.000,,,,,,,,,injection,WI
2011-07-06,15/9-F-5,0.000,,,,,,,,,injection,WI
2011-07-07,15/9-F-5,5.992,,,,,,,,1389.000,injection,WI
2011-07-08,15/9-F-5,16.258,,,,,,,,3888.000,injection,WI
2011-07-09,15/9-F-5,1.158,,,,,,,,190.000,injection,WI
2011-07-10,15/9-F-5,21.333,,,,,,,,4346.000,injection,WI
2011-07-11,15/9-F-5,17.842,,,,,,,,4592.000,injection,WI
2011-07-12,15/9-F-5,0.000,,,,,,,,,injection,WI
2011-07-13,15/9-F-5,0.000,,,,,,,,,injection,WI
2011-07-14,15/9-F-5,0.000,,,,,,,,,injection,WI
2011-07-15,15/9-F-5,1.825,,,,,,,,503.000,injection,WI
2011-07-16,15/9-F-5,11.175,,,,,,,,2935.000,injection,WI
2011-07-17,15/9-F-5,0.000,,,,,,,,,injection,WI
2011-07-18,15/9-F-5,0.000,,,,,,,,,injection,WI
2011-07-19,15/9-F-5,0.833,,,,,,,,75.378,injection,WI
2011-07-20,15/9-F-5,20.325,,,,,,,,5107.000,injection,WI
2011-07-21,15/9-F-5,24.000,,,,,,,,6262.000,injection,WI
2011-07-22,15/9-F-5,7.342,,,,,,,,1768.000,injection,WI
2011-07-23,15/9-F-5,0.000,,,,,,,,,injection,WI
2011-07-24,15/9-F-5,0.000,,,,,,,,,injection,WI
2011-07-25,15/9-F-5,17.325,,,,,,,,3741.000,injection,WI
2011-07-26,15/9-F-5,20.508,,,,,,,,5101.000,injection,WI
2011-07-27,15/9-F-5,0.000,,,,,,,,,injection,WI
2011-07-28,15/9-F-5,6.742,,,,,,,,1527.000,injection,WI
2011-07-29,15/9-F-5,24.000,,,,,,,,6221.293,injection,WI
2011-07-30,15/9-F-5,1.842,,,,,,,,508.000,injection,WI
2011-07-31,15/9-F-5,0.000,,,,,,,,,injection,WI
2011-08-01,15/9-F-5,0.000,,,,,,,,,injection,WI
2011-08-02,15/9-F-5,0.000,,,,,,,,,injection,WI
2011-08-03,15/9-F-5,0.000,,,,,,,,,injection,WI
2011-08-04,15/9-F-5,5.325,,,,,,,,1249.000,injection,WI
2011-08-05,15/9-F-5,24.000,,,,,,,,5870.175,injection,WI
2011-08-06,15/9-F-5,21.167,,,,,,,,6560.275,injection,WI
2011-08-07,15/9-F-5,24.000,,,,,,,,7098.816,injection,WI
2011-08-08,15/9-F-5,24.000,,,,,,,,6883.141,injection,WI
2011-08-09,15/9-F-5,21.333,,,,,,,,5712.000,injection,WI
2011-08-10,15/9-F-5,24.000,,,,,,,,6108.000,injection,WI
2011-08-11,15/9-F-5,24.000,,,,,,,,5963.000,injection,WI
2011-08-12,15/9-F-5,24.000,,,,,,,,5956.000,injection,WI
2011-08-13,15/9-F-5,24.000,,,,,,,,5965.000,injection,WI
2011-08-14,15/9-F-5,24.000,,,,,,,,5940.457,injection,WI
2011-08-15,15/9-F-5,24.000,,,,,,,,6012.304,injection,WI
2011-08-16,15/9-F-5,24.000,,,,,,,,6140.000,injection,WI
2011-08-17,15/9-F-5,24.000,,,,,,,,5945.000,injection,WI
2011-08-18,15/9-F-5,24.000,,,,,,,,5951.040,injection,WI
2011-08-19,15/9-F-5,24.000,,,,,,,,5981.000,injection,WI
2011-08-20,15/9-F-5,24.000,,,,,,,,5957.693,injection,WI
2011-08-21,15/9-F-5,24.000,,,,,,,,5958.800,injection,WI
2011-08-22,15/9-F-5,24.000,,,,,,,,5939.000,injection,WI
2011-08-23,15/9-F-5,24.000,,,,,,,,5947.433,injection,WI
2011-08-24,15/9-F-5,24.000,,,,,,,,5972.449,injection,WI
2011-08-25,15/9-F-5,23.158,,,,,,,,5807.769,injection,WI
2011-08-26,15/9-F-5,21.508,,,,,,,,4815.600,injection,WI
2011-08-27,15/9-F-5,24.000,,,,,,,,5573.666,injection,WI
2011-08-28,15/9-F-5,24.000,,,,,,,,5590.680,injection,WI
2011-08-29,15/9-F-5,24.000,,,,,,,,5543.804,injection,WI
2011-08-30,15/9-F-5,24.000,,,,,,,,5556.000,injection,WI
2011-08-31,15/9-F-5,24.000,,,,,,,,5570.472,injection,WI
2011-09-01,15/9-F-5,24.000,,,,,,,,5526.144,injection,WI
2011-09-02,15/9-F-5,24.000,,,,,,,,5552.624,injection,WI
2011-09-03,15/9-F-5,24.000,,,,,,,,5526.318,injection,WI
2011-09-04,15/9-F-5,24.000,,,,,,,,5539.126,injection,WI
2011-09-05,15/9-F-5,24.000,,,,,,,,5764.837,injection,WI
2011-09-06,15/9-F-5,24.000,,,,,,,,5758.000,injection,WI
2011-09-07,15/9-F-5,24.000,,,,,,,,5944.337,injection,WI
2011-09-08,15/9-F-5,24.000,,,,,,,,6106.000,injection,WI
2011-09-09,15/9-F-5,24.000,,,,,,,,6227.739,injection,WI
2011-09-10,15/9-F-5,24.000,,,,,,,,6179.000,injection,WI
2011-09-11,15/9-F-5,24.000,,,,,,,,6071.046,injection,WI
2011-09-12,15/9-F-5,24.000,,,,,,,,6052.000,injection,WI
2011-09-13,15/9-F-5,13.333,,,,,,,,5980.185,injection,WI
2011-09-14,15/9-F-5,20.333,,,,,,,,7680.101,injection,WI
2011-09-15,15/9-F-5,24.000,,,,,,,,8432.893,injection,WI
2011-09-16,15/9-F-5,12.000,,,,,,,,4236.866,injection,WI
2011-09-17,15/9-F-5,24.000,,,,,,,,4762.000,injection,WI
2011-09-18,15/9-F-5,24.000,,,,,,,,7750.000,injection,WI
2011-09-19,15/9-F-5,24.000,,,,,,,,8012.000,injection,WI
2011-09-20,15/9-F-5,24.000,,,,,,,,8103.000,injection,WI
2011-09-21,15/9-F-5,24.000,,,,,,,,7192.800,injection,WI
2011-09-22,15/9-F-5,24.000,,,,,,,,6494.500,injection,WI
2011-09-23,15/9-F-5,24.000,,,,,,,,5945.000,injection,WI
2011-09-24,15/9-F-5,24.000,,,,,,,,5825.868,injection,WI
2011-09-25,15/9-F-5,24.000,,,,,,,,5914.293,injection,WI
2011-09-26,15/9-F-5,24.000,,,,,,,,5962.361,injection,WI
2011-09-27,15/9-F-5,24.000,,,,,,,,5984.000,injection,WI
2011-09-28,15/9-F-5,24.000,,,,,,,,6030.000,injection,WI
2011-09-29,15/9-F-5,24.000,,,,,,,,6059.000,injection,WI
2011-09-30,15/9-F-5,18.833,,,,,,,,5024.200,injection,WI
2011-10-01,15/9-F-5,24.000,,,,,,,,6222.400,injection,WI
2011-10-02,15/9-F-5,24.000,,,,,,,,6531.116,injection,WI
2011-10-03,15/9-F-5,24.000,,,,,,,,6673.200,injection,WI
2011-10-04,15/9-F-5,24.000,,,,,,,,6390.805,injection,WI
2011-10-05,15/9-F-5,24.000,,,,,,,,6501.479,injection,WI
2011-10-06,15/9-F-5,24.000,,,,,,,,6434.392,injection,WI
2011-10-07,15/9-F-5,12.300,,,,,,,,3098.174,injection,WI
2011-10-08,15/9-F-5,10.675,,,,,,,,2358.642,injection,WI
2011-10-09,15/9-F-5,24.000,,,,,,,,6153.578,injection,WI
2011-10-10,15/9-F-5,24.000,,,,,,,,6490.606,injection,WI
2011-10-11,15/9-F-5,24.000,,,,,,,,6624.294,injection,WI
2011-10-12,15/9-F-5,24.000,,,,,,,,6608.500,injection,WI
2011-10-13,15/9-F-5,24.000,,,,,,,,6693.563,injection,WI
2011-10-14,15/9-F-5,19.417,,,,,,,,5074.300,injection,WI
2011-10-15,15/9-F-5,22.242,,,,,,,,4217.500,injection,WI
2011-10-16,15/9-F-5,0.000,,,,,,,,48.549,injection,WI
2011-10-17,15/9-F-5,0.000,,,,,,,,0.000,injection,WI
2011-10-18,15/9-F-5,0.000,,,,,,,,0.000,injection,WI
2011-10-19,15/9-F-5,0.000,,,,,,,,0.000,injection,WI
2011-10-20,15/9-F-5,0.000,,,,,,,,0.000,injection,WI
2011-10-21,15/9-F-5,0.000,,,,,,,,0.000,injection,WI
2011-10-22,15/9-F-5,0.000,,,,,,,,0.000,injection,WI
2011-10-23,15/9-F-5,0.000,,,,,,,,0.000,injection,WI
2011-10-24,15/9-F-5,0.000,,,,,,,,0.000,injection,WI
2011-10-25,15/9-F-5,0.000,,,,,,,,0.000,injection,WI
2011-10-26,15/9-F-5,0.000,,,,,,,,0.000,injection,WI
2011-10-27,15/9-F-5,0.000,,,,,,,,0.000,injection,WI
2011-10-28,15/9-F-5,0.000,,,,,,,,0.000,injection,WI
2011-10-29,15/9-F-5,0.000,,,,,,,,0.000,injection,WI
2011-10-30,15/9-F-5,0.000,,,,,,,,0.000,injection,WI
2011-10-31,15/9-F-5,0.000,,,,,,,,0.000,injection,WI
2011-11-01,15/9-F-5,0.000,,,,,,,,0.000,injection,WI
2011-11-02,15/9-F-5,0.000,,,,,,,,0.000,injection,WI
2011-11-03,15/9-F-5,0.000,,,,,,,,0.000,injection,WI
2011-11-04,15/9-F-5,0.000,,,,,,,,0.000,injection,WI
2011-11-05,15/9-F-5,15.858,,,,,,,,1453.200,injection,WI
2011-11-06,15/9-F-5,24.000,,,,,,,,5076.192,injection,WI
2011-11-07,15/9-F-5,24.000,,,,,,,,6041.000,injection,WI
2011-11-08,15/9-F-5,24.000,,,,,,,,6247.300,injection,WI
2011-11-09,15/9-F-5,24.000,,,,,,,,6107.985,injection,WI
2011-11-10,15/9-F-5,24.000,,,,,,,,6121.100,injection,WI
2011-11-11,15/9-F-5,12.142,,,,,,,,2980.256,injection,WI
2011-11-12,15/9-F-5,15.942,,,,,,,,3272.242,injection,WI
2011-11-13,15/9-F-5,24.000,,,,,,,,5784.043,injection,WI
2011-11-14,15/9-F-5,24.000,,,,,,,,5789.590,injection,WI
2011-11-15,15/9-F-5,24.000,,,,,,,,5822.493,injection,WI
2011-11-16,15/9-F-5,24.000,,,,,,,,5821.649,injection,WI
2011-11-17,15/9-F-5,24.000,,,,,,,,5807.750,injection,WI
2011-11-18,15/9-F-5,24.000,,,,,,,,5740.108,injection,WI
2011-11-19,15/9-F-5,24.000,,,,,,,,5680.220,injection,WI
2011-11-20,15/9-F-5,24.000,,,,,,,,5752.700,injection,WI
2011-11-21,15/9-F-5,24.000,,,,,,,,5760.200,injection,WI
2011-11-22,15/9-F-5,24.000,,,,,,,,5782.500,injection,WI
2011-11-23,15/9-F-5,24.000,,,,,,,,5700.900,injection,WI
2011-11-24,15/9-F-5,23.308,,,,,,,,5462.791,injection,WI
2011-11-25,15/9-F-5,0.000,,,,,,,,0.000,injection,WI
2011-11-26,15/9-F-5,0.000,,,,,,,,0.000,injection,WI
2011-11-27,15/9-F-5,0.275,,,,,,,,89.261,injection,WI
2011-11-28,15/9-F-5,22.833,,,,,,,,5194.590,injection,WI
2011-11-29,15/9-F-5,1.058,,,,,,,,238.489,injection,WI
2011-11-30,15/9-F-5,0.000,,,,,,,,0.000,injection,WI
2011-12-01,15/9-F-5,0.000,,,,,,,,0.000,injection,WI
2011-12-02,15/9-F-5,19.192,,,,,,,,4587.100,injection,WI
2011-12-03,15/9-F-5,0.000,,,,,,,,0.000,injection,WI
2011-12-04,15/9-F-5,0.000,,,,,,,,45.387,injection,WI
2011-12-05,15/9-F-5,16.525,,,,,,,,4072.100,injection,WI
2011-12-06,15/9-F-5,4.642,,,,,,,,1182.700,injection,WI
2011-12-07,15/9-F-5,18.858,,,,,,,,4287.112,injection,WI
2011-12-08,15/9-F-5,14.308,,,,,,,,3463.580,injection,WI
2011-12-09,15/9-F-5,0.000,,,,,,,,0.000,injection,WI
2011-12-10,15/9-F-5,7.192,,,,,,,,1292.624,injection,WI
2011-12-11,15/9-F-5,24.000,,,,,,,,5980.958,injection,WI
2011-12-12,15/9-F-5,24.000,,,,,,,,6184.477,injection,WI
2011-12-13,15/9-F-5,4.308,,,,,,,,1148.000,injection,WI
2011-12-14,15/9-F-5,1.025,,,,,,,,234.000,injection,WI
2011-12-15,15/9-F-5,24.000,,,,,,,,5958.000,injection,WI
2011-12-16,15/9-F-5,24.000,,,,,,,,6018.000,injection,WI
2011-12-17,15/9-F-5,21.308,,,,,,,,5286.000,injection,WI
2011-12-18,15/9-F-5,16.525,,,,,,,,3840.025,injection,WI
2011-12-19,15/9-F-5,24.000,,,,,,,,5788.000,injection,WI
2011-12-20,15/9-F-5,24.000,,,,,,,,5741.900,injection,WI
2011-12-21,15/9-F-5,24.000,,,,,,,,5736.828,injection,WI
2011-12-22,15/9-F-5,24.000,,,,,,,,6073.000,injection,WI
2011-12-23,15/9-F-5,24.000,,,,,,,,6371.746,injection,WI
2011-12-24,15/9-F-5,18.475,,,,,,,,4779.481,injection,WI
2011-12-25,15/9-F-5,0.000,,,,,,,,54.800,injection,WI
2011-12-26,15/9-F-5,0.000,,,,,,,,56.854,injection,WI
2011-12-27,15/9-F-5,19.442,,,,,,,,3989.598,injection,WI
2011-12-28,15/9-F-5,10.475,,,,,,,,2607.200,injection,WI
2011-12-29,15/9-F-5,2.525,,,,,,,,435.000,injection,WI
2011-12-30,15/9-F-5,24.000,,,,,,,,5832.501,injection,WI
2011-12-31,15/9-F-5,24.000,,,,,,,,5713.300,injection,WI
2012-01-01,15/9-F-5,24.000,,,,,,,,5730.000,injection,WI
2012-01-02,15/9-F-5,24.000,,,,,,,,5645.819,injection,WI
2012-01-03,15/9-F-5,11.225,,,,,,,,0.000,injection,WI
2012-01-04,15/9-F-5,0.000,,,,,,,,0.000,injection,WI
2012-01-05,15/9-F-5,0.000,,,,,,,,0.000,injection,WI
2012-01-06,15/9-F-5,0.000,,,,,,,,0.000,injection,WI
2012-01-07,15/9-F-5,0.000,,,,,,,,0.000,injection,WI
2012-01-08,15/9-F-5,0.000,,,,,,,,0.000,injection,WI
2012-01-09,15/9-F-5,0.000,,,,,,,,0.000,injection,WI
2012-01-10,15/9-F-5,0.000,,,,,,,,0.000,injection,WI
2012-01-11,15/9-F-5,0.000,,,,,,,,0.000,injection,WI
2012-01-12,15/9-F-5,0.000,,,,,,,,0.000,injection,WI
2012-01-13,15/9-F-5,0.000,,,,,,,,0.000,injection,WI
2012-01-14,15/9-F-5,4.025,,,,,,,,568.668,injection,WI
2012-01-15,15/9-F-5,24.000,,,,,,,,5383.671,injection,WI
2012-01-16,15/9-F-5,24.000,,,,,,,,5969.544,injection,WI
2012-01-17,15/9-F-5,24.000,,,,,,,,7052.705,injection,WI
2012-01-18,15/9-F-5,24.000,,,,,,,,7982.592,injection,WI
2012-01-19,15/9-F-5,24.000,,,,,,,,6980.755,injection,WI
2012-01-20,15/9-F-5,24.000,,,,,,,,5582.282,injection,WI
2012-01-21,15/9-F-5,13.175,,,,,,,,2477.758,injection,WI
2012-01-22,15/9-F-5,17.492,,,,,,,,4657.965,injection,WI
2012-01-23,15/9-F-5,13.333,,,,,,,,4347.742,injection,WI
2012-01-24,15/9-F-5,24.000,,,,,,,,7164.993,injection,WI
2012-01-25,15/9-F-5,16.175,,,,,,,,4132.667,injection,WI
2012-01-26,15/9-F-5,15.158,,,,,,,,1341.782,injection,WI
2012-01-27,15/9-F-5,21.417,,,,,,,,4057.097,injection,WI
2012-01-28,15/9-F-5,24.000,,,,,,,,6004.314,injection,WI
2012-01-29,15/9-F-5,24.000,,,,,,,,4785.668,injection,WI
2012-01-30,15/9-F-5,24.000,,,,,,,,3127.321,injection,WI
2012-01-31,15/9-F-5,24.000,,,,,,,,3151.908,injection,WI
2012-02-01,15/9-F-5,24.000,,,,,,,,4578.000,injection,WI
2012-02-02,15/9-F-5,24.000,,,,,,,,4910.774,injection,WI
2012-02-03,15/9-F-5,24.000,,,,,,,,6014.000,injection,WI
2012-02-04,15/9-F-5,24.000,,,,,,,,6253.000,injection,WI
2012-02-05,15/9-F-5,24.000,,,,,,,,5208.597,injection,WI
2012-02-06,15/9-F-5,24.000,,,,,,,,4618.335,injection,WI
2012-02-07,15/9-F-5,24.000,,,,,,,,4922.539,injection,WI
2012-02-08,15/9-F-5,24.000,,,,,,,,4953.900,injection,WI
2012-02-09,15/9-F-5,19.333,,,,,,,,4085.000,injection,WI
2012-02-10,15/9-F-5,23.583,,,,,,,,6698.582,injection,WI
2012-02-11,15/9-F-5,24.000,,,,,,,,6419.292,injection,WI
2012-02-12,15/9-F-5,24.000,,,,,,,,4805.556,injection,WI
2012-02-13,15/9-F-5,24.000,,,,,,,,4809.068,injection,WI
2012-02-14,15/9-F-5,24.000,,,,,,,,4788.959,injection,WI
2012-02-15,15/9-F-5,24.000,,,,,,,,4791.464,injection,WI
2012-02-16,15/9-F-5,24.000,,,,,,,,4757.721,injection,WI
2012-02-17,15/9-F-5,24.000,,,,,,,,4798.998,injection,WI
2012-02-18,15/9-F-5,24.000,,,,,,,,4788.935,injection,WI
2012-02-19,15/9-F-5,24.000,,,,,,,,4694.842,injection,WI
2012-02-20,15/9-F-5,24.000,,,,,,,,4612.874,injection,WI
2012-02-21,15/9-F-5,24.000,,,,,,,,4666.284,injection,WI
2012-02-22,15/9-F-5,24.000,,,,,,,,4729.974,injection,WI
2012-02-23,15/9-F-5,24.000,,,,,,,,4770.966,injection,WI
2012-02-24,15/9-F-5,24.000,,,,,,,,4778.300,injection,WI
2012-02-25,15/9-F-5,24.000,,,,,,,,4728.600,injection,WI
2012-02-26,15/9-F-5,24.000,,,,,,,,4762.600,injection,WI
2012-02-27,15/9-F-5,24.000,,,,,,,,4745.457,injection,WI
2012-02-28,15/9-F-5,24.000,,,,,,,,4750.886,injection,WI
2012-02-29,15/9-F-5,24.000,,,,,,,,4733.629,injection,WI
2012-03-01,15/9-F-5,24.000,,,,,,,,4556.474,injection,WI
2012-03-02,15/9-F-5,24.000,,,,,,,,4645.020,injection,WI
2012-03-03,15/9-F-5,24.000,,,,,,,,4688.055,injection,WI
2012-03-04,15/9-F-5,24.000,,,,,,,,4676.623,injection,WI
2012-03-05,15/9-F-5,24.000,,,,,,,,4672.084,injection,WI
2012-03-06,15/9-F-5,24.000,,,,,,,,4513.000,injection,WI
2012-03-07,15/9-F-5,24.000,,,,,,,,4449.000,injection,WI
2012-03-08,15/9-F-5,24.000,,,,,,,,4520.000,injection,WI
2012-03-09,15/9-F-5,24.000,,,,,,,,4701.000,injection,WI
2012-03-10,15/9-F-5,24.000,,,,,,,,4756.000,injection,WI
2012-03-11,15/9-F-5,24.000,,,,,,,,4773.000,injection,WI
2012-03-12,15/9-F-5,24.000,,,,,,,,4777.000,injection,WI
2012-03-13,15/9-F-5,21.583,,,,,,,,4213.045,injection,WI
2012-03-14,15/9-F-5,24.000,,,,,,,,4678.649,injection,WI
2012-03-15,15/9-F-5,22.583,,,,,,,,4672.158,injection,WI
2012-03-16,15/9-F-5,24.000,,,,,,,,5482.668,injection,WI
2012-03-17,15/9-F-5,24.000,,,,,,,,4876.833,injection,WI
2012-03-18,15/9-F-5,24.000,,,,,,,,4881.000,injection,WI
2012-03-19,15/9-F-5,24.000,,,,,,,,4079.678,injection,WI
2012-03-20,15/9-F-5,24.000,,,,,,,,5155.612,injection,WI
2012-03-21,15/9-F-5,24.000,,,,,,,,5320.839,injection,WI
2012-03-22,15/9-F-5,24.000,,,,,,,,5298.664,injection,WI
2012-03-23,15/9-F-5,24.000,,,,,,,,4922.963,injection,WI
2012-03-24,15/9-F-5,24.000,,,,,,,,4460.422,injection,WI
2012-03-25,15/9-F-5,21.042,,,,,,,,4298.797,injection,WI
2012-03-26,15/9-F-5,24.000,,,,,,,,3821.770,injection,WI
2012-03-27,15/9-F-5,24.000,,,,,,,,4004.412,injection,WI
2012-03-28,15/9-F-5,24.000,,,,,,,,5249.517,injection,WI
2012-03-29,15/9-F-5,24.000,,,,,,,,4094.169,injection,WI
2012-03-30,15/9-F-5,24.000,,,,,,,,4895.110,injection,WI
2012-03-31,15/9-F-5,24.000,,,,,,,,4767.749,injection,WI
2012-04-01,15/9-F-5,24.000,,,,,,,,4861.017,injection,WI
2012-04-02,15/9-F-5,24.000,,,,,,,,4905.403,injection,WI
2012-04-03,15/9-F-5,24.000,,,,,,,,4868.976,injection,WI
2012-04-04,15/9-F-5,24.000,,,,,,,,5094.448,injection,WI
2012-04-05,15/9-F-5,24.000,,,,,,,,5201.097,injection,WI
2012-04-06,15/9-F-5,24.000,,,,,,,,4997.483,injection,WI
2012-04-07,15/9-F-5,24.000,,,,,,,,5189.068,injection,WI
2012-04-08,15/9-F-5,24.000,,,,,,,,5111.347,injection,WI
2012-04-09,15/9-F-5,24.000,,,,,,,,5126.501,injection,WI
2012-04-10,15/9-F-5,24.000,,,,,,,,5103.011,injection,WI
2012-04-11,15/9-F-5,24.000,,,,,,,,5207.736,injection,WI
2012-04-12,15/9-F-5,24.000,,,,,,,,5244.898,injection,WI
2012-04-13,15/9-F-5,24.000,,,,,,,,5228.057,injection,WI
2012-04-14,15/9-F-5,24.000,,,,,,,,5247.332,injection,WI
2012-04-15,15/9-F-5,24.000,,,,,,,,5272.471,injection,WI
2012-04-16,15/9-F-5,24.000,,,,,,,,5263.152,injection,WI
2012-04-17,15/9-F-5,24.000,,,,,,,,5242.765,injection,WI
2012-04-18,15/9-F-5,24.000,,,,,,,,5435.309,injection,WI
2012-04-19,15/9-F-5,24.000,,,,,,,,4561.000,injection,WI
2012-04-20,15/9-F-5,24.000,,,,,,,,5447.732,injection,WI
2012-04-21,15/9-F-5,24.000,,,,,,,,3913.271,injection,WI
2012-04-22,15/9-F-5,24.000,,,,,,,,5469.286,injection,WI
2012-04-23,15/9-F-5,24.000,,,,,,,,5399.000,injection,WI
2012-04-24,15/9-F-5,24.000,,,,,,,,5453.155,injection,WI
2012-04-25,15/9-F-5,24.000,,,,,,,,3963.546,injection,WI
2012-04-26,15/9-F-5,24.000,,,,,,,,5572.810,injection,WI
2012-04-27,15/9-F-5,24.000,,,,,,,,5767.314,injection,WI
2012-04-28,15/9-F-5,24.000,,,,,,,,5120.363,injection,WI
2012-04-29,15/9-F-5,24.000,,,,,,,,4055.087,injection,WI
2012-04-30,15/9-F-5,24.000,,,,,,,,5591.076,injection,WI
2012-05-01,15/9-F-5,24.000,,,,,,,,5741.379,injection,WI
2012-05-02,15/9-F-5,24.000,,,,,,,,5684.933,injection,WI
2012-05-03,15/9-F-5,24.000,,,,,,,,4561.145,injection,WI
2012-05-04,15/9-F-5,24.000,,,,,,,,3791.668,injection,WI
2012-05-05,15/9-F-5,24.000,,,,,,,,4525.938,injection,WI
2012-05-06,15/9-F-5,24.000,,,,,,,,5472.828,injection,WI
2012-05-07,15/9-F-5,24.000,,,,,,,,5412.739,injection,WI
2012-05-08,15/9-F-5,24.000,,,,,,,,4092.810,injection,WI
2012-05-09,15/9-F-5,24.000,,,,,,,,3400.300,injection,WI
2012-05-10,15/9-F-5,24.000,,,,,,,,6371.700,injection,WI
2012-05-11,15/9-F-5,17.500,,,,,,,,5476.100,injection,WI
2012-05-12,15/9-F-5,24.000,,,,,,,,5900.900,injection,WI
2012-05-13,15/9-F-5,24.000,,,,,,,,5826.900,injection,WI
2012-05-14,15/9-F-5,24.000,,,,,,,,5665.500,injection,WI
2012-05-15,15/9-F-5,24.000,,,,,,,,5270.850,injection,WI
2012-05-16,15/9-F-5,24.000,,,,,,,,5253.238,injection,WI
2012-05-17,15/9-F-5,24.000,,,,,,,,5236.417,injection,WI
2012-05-18,15/9-F-5,24.000,,,,,,,,5125.620,injection,WI
2012-05-19,15/9-F-5,24.000,,,,,,,,4427.600,injection,WI
2012-05-20,15/9-F-5,24.000,,,,,,,,4461.249,injection,WI
2012-05-21,15/9-F-5,24.000,,,,,,,,5663.291,injection,WI
2012-05-22,15/9-F-5,18.833,,,,,,,,4304.072,injection,WI
2012-05-23,15/9-F-5,24.000,,,,,,,,5544.788,injection,WI
2012-05-24,15/9-F-5,24.000,,,,,,,,4179.856,injection,WI
2012-05-25,15/9-F-5,24.000,,,,,,,,3994.536,injection,WI
2012-05-26,15/9-F-5,24.000,,,,,,,,5520.227,injection,WI
2012-05-27,15/9-F-5,24.000,,,,,,,,5704.327,injection,WI
2012-05-28,15/9-F-5,24.000,,,,,,,,5765.837,injection,WI
2012-05-29,15/9-F-5,24.000,,,,,,,,4368.890,injection,WI
2012-05-30,15/9-F-5,24.000,,,,,,,,5480.169,injection,WI
2012-05-31,15/9-F-5,24.000,,,,,,,,5533.640,injection,WI
2012-06-01,15/9-F-5,24.000,,,,,,,,4136.000,injection,WI
2012-06-02,15/9-F-5,24.000,,,,,,,,4663.000,injection,WI
2012-06-03,15/9-F-5,24.000,,,,,,,,5537.000,injection,WI
2012-06-04,15/9-F-5,24.000,,,,,,,,5588.000,injection,WI
2012-06-05,15/9-F-5,24.000,,,,,,,,5364.036,injection,WI
2012-06-06,15/9-F-5,24.000,,,,,,,,3941.900,injection,WI
2012-06-07,15/9-F-5,24.000,,,,,,,,5228.172,injection,WI
2012-06-08,15/9-F-5,24.000,,,,,,,,5489.198,injection,WI
2012-06-09,15/9-F-5,24.000,,,,,,,,5481.022,injection,WI
2012-06-10,15/9-F-5,24.000,,,,,,,,4610.475,injection,WI
2012-06-11,15/9-F-5,24.000,,,,,,,,4651.040,injection,WI
2012-06-12,15/9-F-5,24.000,,,,,,,,5588.453,injection,WI
2012-06-13,15/9-F-5,22.667,,,,,,,,4824.376,injection,WI
2012-06-14,15/9-F-5,24.000,,,,,,,,5615.695,injection,WI
2012-06-15,15/9-F-5,24.000,,,,,,,,4476.592,injection,WI
2012-06-16,15/9-F-5,24.000,,,,,,,,3638.423,injection,WI
2012-06-17,15/9-F-5,24.000,,,,,,,,5552.656,injection,WI
2012-06-18,15/9-F-5,24.000,,,,,,,,5366.883,injection,WI
2012-06-19,15/9-F-5,24.000,,,,,,,,5470.781,injection,WI
2012-06-20,15/9-F-5,16.000,,,,,,,,3613.153,injection,WI
2012-06-21,15/9-F-5,24.000,,,,,,,,4604.865,injection,WI
2012-06-22,15/9-F-5,24.000,,,,,,,,4041.665,injection,WI
2012-06-23,15/9-F-5,24.000,,,,,,,,4067.142,injection,WI
2012-06-24,15/9-F-5,24.000,,,,,,,,4061.535,injection,WI
2012-06-25,15/9-F-5,24.000,,,,,,,,4673.900,injection,WI
2012-06-26,15/9-F-5,24.000,,,,,,,,5479.164,injection,WI
2012-06-27,15/9-F-5,24.000,,,,,,,,5504.046,injection,WI
2012-06-28,15/9-F-5,24.000,,,,,,,,5585.098,injection,WI
2012-06-29,15/9-F-5,24.000,,,,,,,,5654.346,injection,WI
2012-06-30,15/9-F-5,24.000,,,,,,,,4666.300,injection,WI
2012-07-01,15/9-F-5,24.000,,,,,,,,4633.416,injection,WI
2012-07-02,15/9-F-5,24.000,,,,,,,,5622.800,injection,WI
2012-07-03,15/9-F-5,24.000,,,,,,,,5807.600,injection,WI
2012-07-04,15/9-F-5,24.000,,,,,,,,5781.000,injection,WI
2012-07-05,15/9-F-5,24.000,,,,,,,,4404.900,injection,WI
2012-07-06,15/9-F-5,24.000,,,,,,,,4535.623,injection,WI
2012-07-07,15/9-F-5,24.000,,,,,,,,4611.255,injection,WI
2012-07-08,15/9-F-5,24.000,,,,,,,,5184.416,injection,WI
2012-07-09,15/9-F-5,24.000,,,,,,,,5297.683,injection,WI
2012-07-10,15/9-F-5,24.000,,,,,,,,5336.336,injection,WI
2012-07-11,15/9-F-5,20.333,,,,,,,,3976.000,injection,WI
2012-07-12,15/9-F-5,24.000,,,,,,,,4441.000,injection,WI
2012-07-13,15/9-F-5,24.000,,,,,,,,4529.000,injection,WI
2012-07-14,15/9-F-5,24.000,,,,,,,,5669.000,injection,WI
2012-07-15,15/9-F-5,24.000,,,,,,,,5639.000,injection,WI
2012-07-16,15/9-F-5,24.000,,,,,,,,5453.000,injection,WI
2012-07-17,15/9-F-5,24.000,,,,,,,,4624.875,injection,WI
2012-07-18,15/9-F-5,24.000,,,,,,,,4697.004,injection,WI
2012-07-19,15/9-F-5,24.000,,,,,,,,4592.416,injection,WI
2012-07-20,15/9-F-5,24.000,,,,,,,,4960.258,injection,WI
2012-07-21,15/9-F-5,24.000,,,,,,,,5672.681,injection,WI
2012-07-22,15/9-F-5,24.000,,,,,,,,5666.581,injection,WI
2012-07-23,15/9-F-5,24.000,,,,,,,,4252.007,injection,WI
2012-07-24,15/9-F-5,24.000,,,,,,,,4416.622,injection,WI
2012-07-25,15/9-F-5,24.000,,,,,,,,4409.034,injection,WI
2012-07-26,15/9-F-5,24.000,,,,,,,,4413.941,injection,WI
2012-07-27,15/9-F-5,24.000,,,,,,,,4552.712,injection,WI
2012-07-28,15/9-F-5,24.000,,,,,,,,5978.744,injection,WI
2012-07-29,15/9-F-5,24.000,,,,,,,,6236.522,injection,WI
2012-07-30,15/9-F-5,24.000,,,,,,,,5388.299,injection,WI
2012-07-31,15/9-F-5,24.000,,,,,,,,4357.963,injection,WI
2012-08-01,15/9-F-5,24.000,,,,,,,,4195.583,injection,WI
2012-08-02,15/9-F-5,24.000,,,,,,,,4081.366,injection,WI
2012-08-03,15/9-F-5,24.000,,,,,,,,4897.025,injection,WI
2012-08-04,15/9-F-5,24.000,,,,,,,,7064.549,injection,WI
2012-08-05,15/9-F-5,24.000,,,,,,,,6979.987,injection,WI
2012-08-06,15/9-F-5,24.000,,,,,,,,5006.760,injection,WI
2012-08-07,15/9-F-5,24.000,,,,,,,,4323.700,injection,WI
2012-08-08,15/9-F-5,24.000,,,,,,,,4308.000,injection,WI
2012-08-09,15/9-F-5,24.000,,,,,,,,4439.000,injection,WI
2012-08-10,15/9-F-5,24.000,,,,,,,,4290.800,injection,WI
2012-08-11,15/9-F-5,24.000,,,,,,,,6831.900,injection,WI
2012-08-12,15/9-F-5,24.000,,,,,,,,5316.300,injection,WI
2012-08-13,15/9-F-5,21.125,,,,,,,,4239.000,injection,WI
2012-08-14,15/9-F-5,0.000,,,,,,,,0.000,injection,WI
2012-08-15,15/9-F-5,0.000,,,,,,,,0.000,injection,WI
2012-08-16,15/9-F-5,0.000,,,,,,,,0.000,injection,WI
2012-08-17,15/9-F-5,0.000,,,,,,,,0.000,injection,WI
2012-08-18,15/9-F-5,0.000,,,,,,,,0.000,injection,WI
2012-08-19,15/9-F-5,0.000,,,,,,,,0.000,injection,WI
2012-08-20,15/9-F-5,0.000,,,,,,,,0.000,injection,WI
2012-08-21,15/9-F-5,0.000,,,,,,,,0.000,injection,WI
2012-08-22,15/9-F-5,0.000,,,,,,,,0.000,injection,WI
2012-08-23,15/9-F-5,0.000,,,,,,,,0.000,injection,WI
2012-08-24,15/9-F-5,0.000,,,,,,,,0.000,injection,WI
2012-08-25,15/9-F-5,0.000,,,,,,,,0.000,injection,WI
2012-08-26,15/9-F-5,0.000,,,,,,,,0.000,injection,WI
2012-08-27,15/9-F-5,0.000,,,,,,,,0.000,injection,WI
2012-08-28,15/9-F-5,0.000,,,,,,,,0.000,injection,WI
2012-08-29,15/9-F-5,0.000,,,,,,,,0.000,injection,WI
2012-08-30,15/9-F-5,0.000,,,,,,,,0.000,injection,WI
2012-08-31,15/9-F-5,0.000,,,,,,,,0.000,injection,WI
2012-09-01,15/9-F-5,0.000,,,,,,,,0.000,injection,WI
2012-09-02,15/9-F-5,0.000,,,,,,,,0.000,injection,WI
2012-09-03,15/9-F-5,0.000,,,,,,,,0.000,injection,WI
2012-09-04,15/9-F-5,0.000,,,,,,,,0.000,injection,WI
2012-09-05,15/9-F-5,0.000,,,,,,,,0.000,injection,WI
2012-09-06,15/9-F-5,0.000,,,,,,,,0.000,injection,WI
2012-09-07,15/9-F-5,0.000,,,,,,,,0.000,injection,WI
2012-09-08,15/9-F-5,0.000,,,,,,,,0.000,injection,WI
2012-09-09,15/9-F-5,0.000,,,,,,,,0.000,injection,WI
2012-09-10,15/9-F-5,0.000,,,,,,,,0.000,injection,WI
2012-09-11,15/9-F-5,0.000,,,,,,,,0.000,injection,WI
2012-09-12,15/9-F-5,0.000,,,,,,,,0.000,injection,WI
2012-09-13,15/9-F-5,4.667,,,,,,,,924.000,injection,WI
2012-09-14,15/9-F-5,4.292,,,,,,,,808.553,injection,WI
2012-09-15,15/9-F-5,0.000,,,,,,,,0.000,injection,WI
2012-09-16,15/9-F-5,0.000,,,,,,,,0.000,injection,WI
2012-09-17,15/9-F-5,0.000,,,,,,,,0.000,injection,WI
2012-09-18,15/9-F-5,0.000,,,,,,,,0.000,injection,WI
2012-09-19,15/9-F-5,0.000,,,,,,,,0.000,injection,WI
2012-09-20,15/9-F-5,0.000,,,,,,,,0.000,injection,WI
2012-09-21,15/9-F-5,0.000,,,,,,,,0.000,injection,WI
2012-09-22,15/9-F-5,0.000,,,,,,,,0.000,injection,WI
2012-09-23,15/9-F-5,0.000,,,,,,,,0.000,injection,WI
2012-09-24,15/9-F-5,0.000,,,,,,,,0.000,injection,WI
2012-09-25,15/9-F-5,0.000,,,,,,,,0.000,injection,WI
2012-09-26,15/9-F-5,0.000,,,,,,,,0.000,injection,WI
2012-09-27,15/9-F-5,0.000,,,,,,,,0.000,injection,WI
2012-09-28,15/9-F-5,0.000,,,,,,,,56.800,injection,WI
2012-09-29,15/9-F-5,4.325,,,,,,,,1205.898,injection,WI
2012-09-30,15/9-F-5,24.000,,,,,,,,5072.200,injection,WI
2012-10-01,15/9-F-5,24.000,,,,,,,,4588.900,injection,WI
2012-10-02,15/9-F-5,24.000,,,,,,,,4586.877,injection,WI
2012-10-03,15/9-F-5,24.000,,,,,,,,5056.464,injection,WI
2012-10-04,15/9-F-5,24.000,,,,,,,,5348.513,injection,WI
2012-10-05,15/9-F-5,24.000,,,,,,,,5334.767,injection,WI
2012-10-06,15/9-F-5,24.000,,,,,,,,5317.432,injection,WI
2012-10-07,15/9-F-5,24.000,,,,,,,,4229.166,injection,WI
2012-10-08,15/9-F-5,24.000,,,,,,,,4237.222,injection,WI
2012-10-09,15/9-F-5,24.000,,,,,,,,5552.864,injection,WI
2012-10-10,15/9-F-5,24.000,,,,,,,,5775.402,injection,WI
2012-10-11,15/9-F-5,24.000,,,,,,,,6013.231,injection,WI
2012-10-12,15/9-F-5,24.000,,,,,,,,5892.305,injection,WI
2012-10-13,15/9-F-5,16.500,,,,,,,,3318.630,injection,WI
2012-10-14,15/9-F-5,4.842,,,,,,,,877.731,injection,WI
2012-10-15,15/9-F-5,0.000,,,,,,,,0.000,injection,WI
2012-10-16,15/9-F-5,0.000,,,,,,,,0.000,injection,WI
2012-10-17,15/9-F-5,0.000,,,,,,,,0.000,injection,WI
2012-10-18,15/9-F-5,0.000,,,,,,,,0.000,injection,WI
2012-10-19,15/9-F-5,6.825,,,,,,,,1283.806,injection,WI
2012-10-20,15/9-F-5,24.000,,,,,,,,5324.235,injection,WI
2012-10-21,15/9-F-5,24.000,,,,,,,,5267.590,injection,WI
2012-10-22,15/9-F-5,18.333,,,,,,,,4343.921,injection,WI
2012-10-23,15/9-F-5,19.833,,,,,,,,6226.909,injection,WI
2012-10-24,15/9-F-5,24.000,,,,,,,,8181.813,injection,WI
2012-10-25,15/9-F-5,14.008,,,,,,,,4570.727,injection,WI
2012-10-26,15/9-F-5,18.833,,,,,,,,3461.785,injection,WI
2012-10-27,15/9-F-5,0.000,,,,,,,,0.000,injection,WI
2012-10-28,15/9-F-5,6.992,,,,,,,,1060.400,injection,WI
2012-10-29,15/9-F-5,24.000,,,,,,,,4149.777,injection,WI
2012-10-30,15/9-F-5,24.000,,,,,,,,4184.857,injection,WI
2012-10-31,15/9-F-5,24.000,,,,,,,,4300.000,injection,WI
2012-11-01,15/9-F-5,24.000,,,,,,,,4403.000,injection,WI
2012-11-02,15/9-F-5,24.000,,,,,,,,4453.000,injection,WI
2012-11-03,15/9-F-5,24.000,,,,,,,,4424.076,injection,WI
2012-11-04,15/9-F-5,24.000,,,,,,,,4420.500,injection,WI
2012-11-05,15/9-F-5,24.000,,,,,,,,7863.135,injection,WI
2012-11-06,15/9-F-5,24.000,,,,,,,,7109.567,injection,WI
2012-11-07,15/9-F-5,24.000,,,,,,,,6896.367,injection,WI
2012-11-08,15/9-F-5,24.000,,,,,,,,6984.226,injection,WI
2012-11-09,15/9-F-5,24.000,,,,,,,,7042.037,injection,WI
2012-11-10,15/9-F-5,24.000,,,,,,,,6328.937,injection,WI
2012-11-11,15/9-F-5,24.000,,,,,,,,5553.505,injection,WI
2012-11-12,15/9-F-5,24.000,,,,,,,,5724.455,injection,WI
2012-11-13,15/9-F-5,24.000,,,,,,,,5812.300,injection,WI
2012-11-14,15/9-F-5,24.000,,,,,,,,5865.000,injection,WI
2012-11-15,15/9-F-5,24.000,,,,,,,,5790.813,injection,WI
2012-11-16,15/9-F-5,24.000,,,,,,,,5761.988,injection,WI
2012-11-17,15/9-F-5,24.000,,,,,,,,5722.577,injection,WI
2012-11-18,15/9-F-5,24.000,,,,,,,,5741.000,injection,WI
2012-11-19,15/9-F-5,24.000,,,,,,,,5699.000,injection,WI
2012-11-20,15/9-F-5,24.000,,,,,,,,5451.913,injection,WI
2012-11-21,15/9-F-5,24.000,,,,,,,,4849.626,injection,WI
2012-11-22,15/9-F-5,24.000,,,,,,,,4809.765,injection,WI
2012-11-23,15/9-F-5,24.000,,,,,,,,4780.280,injection,WI
2012-11-24,15/9-F-5,24.000,,,,,,,,4815.000,injection,WI
2012-11-25,15/9-F-5,24.000,,,,,,,,5168.977,injection,WI
2012-11-26,15/9-F-5,24.000,,,,,,,,6352.187,injection,WI
2012-11-27,15/9-F-5,24.000,,,,,,,,6464.911,injection,WI
2012-11-28,15/9-F-5,24.000,,,,,,,,5232.871,injection,WI
2012-11-29,15/9-F-5,24.000,,,,,,,,4760.835,injection,WI
2012-11-30,15/9-F-5,24.000,,,,,,,,4347.855,injection,WI
2012-12-01,15/9-F-5,24.000,,,,,,,,4080.504,injection,WI
2012-12-02,15/9-F-5,17.750,,,,,,,,5013.026,injection,WI
2012-12-03,15/9-F-5,24.000,,,,,,,,6207.692,injection,WI
2012-12-04,15/9-F-5,24.000,,,,,,,,6218.816,injection,WI
2012-12-05,15/9-F-5,24.000,,,,,,,,5598.014,injection,WI
2012-12-06,15/9-F-5,24.000,,,,,,,,5780.115,injection,WI
2012-12-07,15/9-F-5,24.000,,,,,,,,5713.836,injection,WI
2012-12-08,15/9-F-5,24.000,,,,,,,,5718.989,injection,WI
2012-12-09,15/9-F-5,24.000,,,,,,,,5120.578,injection,WI
2012-12-10,15/9-F-5,24.000,,,,,,,,4333.806,injection,WI
2012-12-11,15/9-F-5,22.500,,,,,,,,4157.338,injection,WI
2012-12-12,15/9-F-5,12.292,,,,,,,,2268.440,injection,WI
2012-12-13,15/9-F-5,9.375,,,,,,,,1744.946,injection,WI
2012-12-14,15/9-F-5,24.000,,,,,,,,4446.463,injection,WI
2012-12-15,15/9-F-5,11.917,,,,,,,,1960.374,injection,WI
2012-12-16,15/9-F-5,24.000,,,,,,,,4570.972,injection,WI
2012-12-17,15/9-F-5,24.000,,,,,,,,4596.800,injection,WI
2012-12-18,15/9-F-5,24.000,,,,,,,,4605.815,injection,WI
2012-12-19,15/9-F-5,24.000,,,,,,,,4609.079,injection,WI
2012-12-20,15/9-F-5,24.000,,,,,,,,6038.431,injection,WI
2012-12-21,15/9-F-5,24.000,,,,,,,,7033.035,injection,WI
2012-12-22,15/9-F-5,24.000,,,,,,,,7005.061,injection,WI
2012-12-23,15/9-F-5,24.000,,,,,,,,6746.681,injection,WI
2012-12-24,15/9-F-5,24.000,,,,,,,,4505.167,injection,WI
2012-12-25,15/9-F-5,24.000,,,,,,,,4527.242,injection,WI
2012-12-26,15/9-F-5,24.000,,,,,,,,4536.000,injection,WI
2012-12-27,15/9-F-5,24.000,,,,,,,,4498.000,injection,WI
2012-12-28,15/9-F-5,24.000,,,,,,,,4460.000,injection,WI
2012-12-29,15/9-F-5,24.000,,,,,,,,6440.000,injection,WI
2012-12-30,15/9-F-5,24.000,,,,,,,,6818.000,injection,WI
2012-12-31,15/9-F-5,24.000,,,,,,,,5573.000,injection,WI
2013-01-01,15/9-F-5,24.000,,,,,,,,4332.888,injection,WI
2013-01-02,15/9-F-5,24.000,,,,,,,,4507.815,injection,WI
2013-01-03,15/9-F-5,24.000,,,,,,,,4473.853,injection,WI
2013-01-04,15/9-F-5,24.000,,,,,,,,4456.212,injection,WI
2013-01-05,15/9-F-5,24.000,,,,,,,,5358.961,injection,WI
2013-01-06,15/9-F-5,24.000,,,,,,,,6966.569,injection,WI
2013-01-07,15/9-F-5,24.000,,,,,,,,6935.079,injection,WI
2013-01-08,15/9-F-5,24.000,,,,,,,,4545.000,injection,WI
2013-01-09,15/9-F-5,24.000,,,,,,,,4500.736,injection,WI
2013-01-10,15/9-F-5,24.000,,,,,,,,4482.111,injection,WI
2013-01-11,15/9-F-5,24.000,,,,,,,,4453.095,injection,WI
2013-01-12,15/9-F-5,24.000,,,,,,,,4478.608,injection,WI
2013-01-13,15/9-F-5,12.583,,,,,,,,2501.352,injection,WI
2013-01-14,15/9-F-5,24.000,,,,,,,,5911.102,injection,WI
2013-01-15,15/9-F-5,24.000,,,,,,,,5942.620,injection,WI
2013-01-16,15/9-F-5,24.000,,,,,,,,5997.920,injection,WI
2013-01-17,15/9-F-5,24.000,,,,,,,,5530.914,injection,WI
2013-01-18,15/9-F-5,24.000,,,,,,,,6007.482,injection,WI
2013-01-19,15/9-F-5,24.000,,,,,,,,6085.822,injection,WI
2013-01-20,15/9-F-5,24.000,,,,,,,,5890.081,injection,WI
2013-01-21,15/9-F-5,24.000,,,,,,,,4713.230,injection,WI
2013-01-22,15/9-F-5,24.000,,,,,,,,5295.800,injection,WI
2013-01-23,15/9-F-5,24.000,,,,,,,,5037.522,injection,WI
2013-01-24,15/9-F-5,23.667,,,,,,,,4861.013,injection,WI
2013-01-25,15/9-F-5,24.000,,,,,,,,5095.222,injection,WI
2013-01-26,15/9-F-5,24.000,,,,,,,,5253.303,injection,WI
2013-01-27,15/9-F-5,24.000,,,,,,,,5265.743,injection,WI
2013-01-28,15/9-F-5,24.000,,,,,,,,5231.238,injection,WI
2013-01-29,15/9-F-5,24.000,,,,,,,,5284.416,injection,WI
2013-01-30,15/9-F-5,24.000,,,,,,,,5314.770,injection,WI
2013-01-31,15/9-F-5,24.000,,,,,,,,5229.208,injection,WI
2013-02-01,15/9-F-5,24.000,,,,,,,,5025.334,injection,WI
2013-02-02,15/9-F-5,24.000,,,,,,,,4961.579,injection,WI
2013-02-03,15/9-F-5,24.000,,,,,,,,4943.399,injection,WI
2013-02-04,15/9-F-5,24.000,,,,,,,,4955.271,injection,WI
2013-02-05,15/9-F-5,24.000,,,,,,,,4962.547,injection,WI
2013-02-06,15/9-F-5,24.000,,,,,,,,5827.644,injection,WI
2013-02-07,15/9-F-5,24.000,,,,,,,,6532.000,injection,WI
2013-02-08,15/9-F-5,24.000,,,,,,,,6626.000,injection,WI
2013-02-09,15/9-F-5,24.000,,,,,,,,5388.000,injection,WI
2013-02-10,15/9-F-5,24.000,,,,,,,,4542.000,injection,WI
2013-02-11,15/9-F-5,24.000,,,,,,,,4526.000,injection,WI
2013-02-12,15/9-F-5,24.000,,,,,,,,5832.753,injection,WI
2013-02-13,15/9-F-5,24.000,,,,,,,,6314.000,injection,WI
2013-02-14,15/9-F-5,24.000,,,,,,,,6277.460,injection,WI
2013-02-15,15/9-F-5,24.000,,,,,,,,4663.300,injection,WI
2013-02-16,15/9-F-5,24.000,,,,,,,,4666.700,injection,WI
2013-02-17,15/9-F-5,24.000,,,,,,,,4648.000,injection,WI
2013-02-18,15/9-F-5,24.000,,,,,,,,5385.510,injection,WI
2013-02-19,15/9-F-5,24.000,,,,,,,,5851.457,injection,WI
2013-02-20,15/9-F-5,24.000,,,,,,,,5724.459,injection,WI
2013-02-21,15/9-F-5,24.000,,,,,,,,4880.452,injection,WI
2013-02-22,15/9-F-5,24.000,,,,,,,,4421.999,injection,WI
2013-02-23,15/9-F-5,24.000,,,,,,,,4440.776,injection,WI
2013-02-24,15/9-F-5,24.000,,,,,,,,4490.818,injection,WI
2013-02-25,15/9-F-5,24.000,,,,,,,,4491.391,injection,WI
2013-02-26,15/9-F-5,24.000,,,,,,,,5337.339,injection,WI
2013-02-27,15/9-F-5,24.000,,,,,,,,6041.011,injection,WI
2013-02-28,15/9-F-5,24.000,,,,,,,,6041.268,injection,WI
2013-03-01,15/9-F-5,16.358,,,,,,,,3844.154,injection,WI
2013-03-02,15/9-F-5,23.642,,,,,,,,5729.600,injection,WI
2013-03-03,15/9-F-5,24.000,,,,,,,,5833.106,injection,WI
2013-03-04,15/9-F-5,24.000,,,,,,,,5805.441,injection,WI
2013-03-05,15/9-F-5,24.000,,,,,,,,4864.800,injection,WI
2013-03-06,15/9-F-5,24.000,,,,,,,,5064.907,injection,WI
2013-03-07,15/9-F-5,1.858,,,,,,,,392.305,injection,WI
2013-03-08,15/9-F-5,0.000,,,,,,,,0.000,injection,WI
2013-03-09,15/9-F-5,0.000,,,,,,,,0.000,injection,WI
2013-03-10,15/9-F-5,8.142,,,,,,,,1515.893,injection,WI
2013-03-11,15/9-F-5,15.192,,,,,,,,3561.400,injection,WI
2013-03-12,15/9-F-5,0.000,,,,,,,,0.000,injection,WI
2013-03-13,15/9-F-5,0.000,,,,,,,,0.000,injection,WI
2013-03-14,15/9-F-5,0.167,,,,,,,,0.000,injection,WI
2013-03-15,15/9-F-5,12.167,,,,,,,,1523.736,injection,WI
2013-03-16,15/9-F-5,0.000,,,,,,,,148.655,injection,WI
2013-03-17,15/9-F-5,9.475,,,,,,,,1246.065,injection,WI
2013-03-18,15/9-F-5,0.692,,,,,,,,344.563,injection,WI
2013-03-19,15/9-F-5,0.000,,,,,,,,94.000,injection,WI
2013-03-20,15/9-F-5,0.000,,,,,,,,0.000,injection,WI
2013-03-21,15/9-F-5,0.000,,,,,,,,0.000,injection,WI
2013-03-22,15/9-F-5,17.642,,,,,,,,3935.000,injection,WI
2013-03-23,15/9-F-5,24.000,,,,,,,,3354.000,injection,WI
2013-03-24,15/9-F-5,24.000,,,,,,,,3510.000,injection,WI
2013-03-25,15/9-F-5,9.800,,,,,,,,2791.000,injection,WI
2013-03-26,15/9-F-5,24.000,,,,,,,,5759.700,injection,WI
2013-03-27,15/9-F-5,24.000,,,,,,,,6214.200,injection,WI
2013-03-28,15/9-F-5,22.333,,,,,,,,3729.700,injection,WI
2013-03-29,15/9-F-5,24.000,,,,,,,,4947.320,injection,WI
2013-03-30,15/9-F-5,24.000,,,,,,,,5985.520,injection,WI
2013-03-31,15/9-F-5,23.000,,,,,,,,5803.000,injection,WI
2013-04-01,15/9-F-5,23.167,,,,,,,,3988.697,injection,WI
2013-04-02,15/9-F-5,0.000,,,,,,,,0.000,injection,WI
2013-04-03,15/9-F-5,17.000,,,,,,,,1850.299,injection,WI
2013-04-04,15/9-F-5,24.000,,,,,,,,3850.881,injection,WI
2013-04-05,15/9-F-5,20.692,,,,,,,,2599.132,injection,WI
2013-04-06,15/9-F-5,0.000,,,,,,,,0.000,injection,WI
2013-04-07,15/9-F-5,0.000,,,,,,,,0.000,injection,WI
2013-04-08,15/9-F-5,0.000,,,,,,,,0.000,injection,WI
2013-04-09,15/9-F-5,0.000,,,,,,,,0.000,injection,WI
2013-04-10,15/9-F-5,6.310,,,,,,,,1261.586,injection,WI
2013-04-11,15/9-F-5,24.000,,,,,,,,5803.488,injection,WI
2013-04-12,15/9-F-5,24.000,,,,,,,,6119.409,injection,WI
2013-04-13,15/9-F-5,24.000,,,,,,,,6089.918,injection,WI
2013-04-14,15/9-F-5,24.000,,,,,,,,6133.313,injection,WI
2013-04-15,15/9-F-5,23.999,,,,,,,,4696.628,injection,WI
2013-04-16,15/9-F-5,22.001,,,,,,,,4101.890,injection,WI
2013-04-17,15/9-F-5,23.167,,,,,,,,4217.600,injection,WI
2013-04-18,15/9-F-5,24.000,,,,,,,,5518.455,injection,WI
2013-04-19,15/9-F-5,24.000,,,,,,,,6087.248,injection,WI
2013-04-20,15/9-F-5,24.000,,,,,,,,6057.037,injection,WI
2013-04-21,15/9-F-5,24.000,,,,,,,,6146.900,injection,WI
2013-04-22,15/9-F-5,24.000,,,,,,,,6172.643,injection,WI
2013-04-23,15/9-F-5,24.000,,,,,,,,6277.206,injection,WI
2013-04-24,15/9-F-5,24.000,,,,,,,,4576.081,injection,WI
2013-04-25,15/9-F-5,24.000,,,,,,,,4496.310,injection,WI
2013-04-26,15/9-F-5,24.000,,,,,,,,3690.029,injection,WI
2013-04-27,15/9-F-5,24.000,,,,,,,,4808.684,injection,WI
2013-04-28,15/9-F-5,16.833,,,,,,,,5115.681,injection,WI
2013-04-29,15/9-F-5,24.000,,,,,,,,5286.481,injection,WI
2013-04-30,15/9-F-5,24.000,,,,,,,,6711.000,injection,WI
2013-05-01,15/9-F-5,24.000,,,,,,,,7717.000,injection,WI
2013-05-02,15/9-F-5,24.000,,,,,,,,7339.000,injection,WI
2013-05-03,15/9-F-5,24.000,,,,,,,,6576.000,injection,WI
2013-05-04,15/9-F-5,24.000,,,,,,,,5781.000,injection,WI
2013-05-05,15/9-F-5,24.000,,,,,,,,6127.000,injection,WI
2013-05-06,15/9-F-5,24.000,,,,,,,,5878.000,injection,WI
2013-05-07,15/9-F-5,24.000,,,,,,,,5700.600,injection,WI
2013-05-08,15/9-F-5,24.000,,,,,,,,5638.600,injection,WI
2013-05-09,15/9-F-5,24.000,,,,,,,,5649.730,injection,WI
2013-05-10,15/9-F-5,24.000,,,,,,,,5671.500,injection,WI
2013-05-11,15/9-F-5,24.000,,,,,,,,5654.900,injection,WI
2013-05-12,15/9-F-5,24.000,,,,,,,,5635.900,injection,WI
2013-05-13,15/9-F-5,24.000,,,,,,,,5440.390,injection,WI
2013-05-14,15/9-F-5,15.167,,,,,,,,3496.559,injection,WI
2013-05-15,15/9-F-5,24.000,,,,,,,,4722.468,injection,WI
2013-05-16,15/9-F-5,24.000,,,,,,,,5501.100,injection,WI
2013-05-17,15/9-F-5,21.750,,,,,,,,4004.644,injection,WI
2013-05-18,15/9-F-5,24.000,,,,,,,,4505.855,injection,WI
2013-05-19,15/9-F-5,24.000,,,,,,,,4590.844,injection,WI
2013-05-20,15/9-F-5,24.000,,,,,,,,5498.600,injection,WI
2013-05-21,15/9-F-5,18.058,,,,,,,,4903.497,injection,WI
2013-05-22,15/9-F-5,0.000,,,,,,,,0.000,injection,WI
2013-05-23,15/9-F-5,2.658,,,,,,,,739.300,injection,WI
2013-05-24,15/9-F-5,24.000,,,,,,,,6794.001,injection,WI
2013-05-25,15/9-F-5,24.000,,,,,,,,6717.192,injection,WI
2013-05-26,15/9-F-5,24.000,,,,,,,,7089.477,injection,WI
2013-05-27,15/9-F-5,23.667,,,,,,,,7181.988,injection,WI
2013-05-28,15/9-F-5,24.000,,,,,,,,7520.100,injection,WI
2013-05-29,15/9-F-5,24.000,,,,,,,,6616.137,injection,WI
2013-05-30,15/9-F-5,24.000,,,,,,,,6135.954,injection,WI
2013-05-31,15/9-F-5,24.000,,,,,,,,6108.130,injection,WI
2013-06-01,15/9-F-5,24.000,,,,,,,,6241.005,injection,WI
2013-06-02,15/9-F-5,24.000,,,,,,,,6187.722,injection,WI
2013-06-03,15/9-F-5,24.000,,,,,,,,5235.200,injection,WI
2013-06-04,15/9-F-5,24.000,,,,,,,,5977.262,injection,WI
2013-06-05,15/9-F-5,9.008,,,,,,,,2016.389,injection,WI
2013-06-06,15/9-F-5,9.492,,,,,,,,3300.784,injection,WI
2013-06-07,15/9-F-5,24.000,,,,,,,,8018.150,injection,WI
2013-06-08,15/9-F-5,24.000,,,,,,,,7857.850,injection,WI
2013-06-09,15/9-F-5,18.675,,,,,,,,5234.793,injection,WI
2013-06-10,15/9-F-5,18.992,,,,,,,,4904.600,injection,WI
2013-06-11,15/9-F-5,24.000,,,,,,,,5750.000,injection,WI
2013-06-12,15/9-F-5,24.000,,,,,,,,5291.000,injection,WI
2013-06-13,15/9-F-5,24.000,,,,,,,,5320.000,injection,WI
2013-06-14,15/9-F-5,24.000,,,,,,,,5369.000,injection,WI
2013-06-15,15/9-F-5,24.000,,,,,,,,5444.202,injection,WI
2013-06-16,15/9-F-5,24.000,,,,,,,,5892.000,injection,WI
2013-06-17,15/9-F-5,24.000,,,,,,,,5157.000,injection,WI
2013-06-18,15/9-F-5,24.000,,,,,,,,4705.600,injection,WI
2013-06-19,15/9-F-5,24.000,,,,,,,,5060.064,injection,WI
2013-06-20,15/9-F-5,24.000,,,,,,,,6748.268,injection,WI
2013-06-21,15/9-F-5,20.342,,,,,,,,5489.990,injection,WI
2013-06-22,15/9-F-5,0.000,,,,,,,,64.335,injection,WI
2013-06-23,15/9-F-5,0.000,,,,,,,,60.188,injection,WI
2013-06-24,15/9-F-5,0.000,,,,,,,,0.000,injection,WI
2013-06-25,15/9-F-5,2.408,,,,,,,,320.274,injection,WI
2013-06-26,15/9-F-5,24.000,,,,,,,,4872.048,injection,WI
2013-06-27,15/9-F-5,17.190,,,,,,,,2816.628,injection,WI
2013-06-28,15/9-F-5,21.144,,,,,,,,4014.259,injection,WI
2013-06-29,15/9-F-5,24.000,,,,,,,,6103.385,injection,WI
2013-06-30,15/9-F-5,24.000,,,,,,,,5177.211,injection,WI
2013-07-01,15/9-F-5,24.000,,,,,,,,4576.984,injection,WI
2013-07-02,15/9-F-5,24.000,,,,,,,,5884.710,injection,WI
2013-07-03,15/9-F-5,24.000,,,,,,,,6408.417,injection,WI
2013-07-04,15/9-F-5,16.008,,,,,,,,4518.540,injection,WI
2013-07-05,15/9-F-5,6.325,,,,,,,,2451.457,injection,WI
2013-07-06,15/9-F-5,17.667,,,,,,,,2812.648,injection,WI
2013-07-07,15/9-F-5,24.000,,,,,,,,4943.718,injection,WI
2013-07-08,15/9-F-5,24.000,,,,,,,,6150.764,injection,WI
2013-07-09,15/9-F-5,24.000,,,,,,,,6167.466,injection,WI
2013-07-10,15/9-F-5,24.000,,,,,,,,6414.420,injection,WI
2013-07-11,15/9-F-5,24.000,,,,,,,,5331.840,injection,WI
2013-07-12,15/9-F-5,24.000,,,,,,,,5244.250,injection,WI
2013-07-13,15/9-F-5,24.000,,,,,,,,5295.174,injection,WI
2013-07-14,15/9-F-5,24.000,,,,,,,,5517.986,injection,WI
2013-07-15,15/9-F-5,24.000,,,,,,,,5710.533,injection,WI
2013-07-16,15/9-F-5,24.000,,,,,,,,5575.000,injection,WI
2013-07-17,15/9-F-5,24.000,,,,,,,,5279.345,injection,WI
2013-07-18,15/9-F-5,24.000,,,,,,,,5130.293,injection,WI
2013-07-19,15/9-F-5,24.000,,,,,,,,4860.077,injection,WI
2013-07-20,15/9-F-5,24.000,,,,,,,,3587.454,injection,WI
2013-07-21,15/9-F-5,24.000,,,,,,,,4623.591,injection,WI
2013-07-22,15/9-F-5,4.833,,,,,,,,999.828,injection,WI
2013-07-23,15/9-F-5,24.000,,,,,,,,2801.000,injection,WI
2013-07-24,15/9-F-5,24.000,,,,,,,,3070.000,injection,WI
2013-07-25,15/9-F-5,24.000,,,,,,,,4007.000,injection,WI
2013-07-26,15/9-F-5,24.000,,,,,,,,2802.000,injection,WI
2013-07-27,15/9-F-5,24.000,,,,,,,,2951.000,injection,WI
2013-07-28,15/9-F-5,0.300,,,,,,,,146.000,injection,WI
2013-07-29,15/9-F-5,9.158,,,,,,,,1162.000,injection,WI
2013-07-30,15/9-F-5,24.000,,,,,,,,5596.321,injection,WI
2013-07-31,15/9-F-5,24.000,,,,,,,,1229.106,injection,WI
2013-08-01,15/9-F-5,0.000,,,,,,,,0.000,injection,WI
2013-08-02,15/9-F-5,0.000,,,,,,,,0.000,injection,WI
2013-08-03,15/9-F-5,18.050,,,,,,,,3832.650,injection,WI
2013-08-04,15/9-F-5,24.000,,,,,,,,6041.100,injection,WI
2013-08-05,15/9-F-5,24.000,,,,,,,,6376.590,injection,WI
2013-08-06,15/9-F-5,24.000,,,,,,,,6414.578,injection,WI
2013-08-07,15/9-F-5,24.000,,,,,,,,6365.187,injection,WI
2013-08-08,15/9-F-5,24.000,,,,,,,,6392.458,injection,WI
2013-08-09,15/9-F-5,24.000,,,,,,,,6476.865,injection,WI
2013-08-10,15/9-F-5,24.000,,,,,,,,6487.025,injection,WI
2013-08-11,15/9-F-5,22.500,,,,,,,,5757.052,injection,WI
2013-08-12,15/9-F-5,23.667,,,,,,,,6170.973,injection,WI
2013-08-13,15/9-F-5,22.833,,,,,,,,5974.311,injection,WI
2013-08-14,15/9-F-5,24.000,,,,,,,,6467.849,injection,WI
2013-08-15,15/9-F-5,24.000,,,,,,,,6450.980,injection,WI
2013-08-16,15/9-F-5,24.000,,,,,,,,6572.993,injection,WI
2013-08-17,15/9-F-5,24.000,,,,,,,,6548.989,injection,WI
2013-08-18,15/9-F-5,24.000,,,,,,,,7038.229,injection,WI
2013-08-19,15/9-F-5,24.000,,,,,,,,7080.899,injection,WI
2013-08-20,15/9-F-5,24.000,,,,,,,,7093.481,injection,WI
2013-08-21,15/9-F-5,24.000,,,,,,,,5899.375,injection,WI
2013-08-22,15/9-F-5,24.000,,,,,,,,6214.810,injection,WI
2013-08-23,15/9-F-5,24.000,,,,,,,,6261.636,injection,WI
2013-08-24,15/9-F-5,24.000,,,,,,,,7023.129,injection,WI
2013-08-25,15/9-F-5,24.000,,,,,,,,6943.034,injection,WI
2013-08-26,15/9-F-5,24.000,,,,,,,,6966.774,injection,WI
2013-08-27,15/9-F-5,24.000,,,,,,,,6956.000,injection,WI
2013-08-28,15/9-F-5,24.000,,,,,,,,6716.898,injection,WI
2013-08-29,15/9-F-5,24.000,,,,,,,,6422.381,injection,WI
2013-08-30,15/9-F-5,24.000,,,,,,,,6404.708,injection,WI
2013-08-31,15/9-F-5,24.000,,,,,,,,6440.697,injection,WI
2013-09-01,15/9-F-5,24.000,,,,,,,,6441.468,injection,WI
2013-09-02,15/9-F-5,24.000,,,,,,,,6382.007,injection,WI
2013-09-03,15/9-F-5,24.000,,,,,,,,6352.000,injection,WI
2013-09-04,15/9-F-5,24.000,,,,,,,,7101.000,injection,WI
2013-09-05,15/9-F-5,24.000,,,,,,,,4948.000,injection,WI
2013-09-06,15/9-F-5,24.000,,,,,,,,4145.000,injection,WI
2013-09-07,15/9-F-5,24.000,,,,,,,,4377.000,injection,WI
2013-09-08,15/9-F-5,24.000,,,,,,,,4374.000,injection,WI
2013-09-09,15/9-F-5,24.000,,,,,,,,4376.000,injection,WI
2013-09-10,15/9-F-5,24.000,,,,,,,,4435.478,injection,WI
2013-09-11,15/9-F-5,24.000,,,,,,,,4430.841,injection,WI
2013-09-12,15/9-F-5,20.400,,,,,,,,3329.399,injection,WI
2013-09-13,15/9-F-5,0.000,,,,,,,,0.000,injection,WI
2013-09-14,15/9-F-5,10.608,,,,,,,,1645.369,injection,WI
2013-09-15,15/9-F-5,22.167,,,,,,,,5186.351,injection,WI
2013-09-16,15/9-F-5,21.500,,,,,,,,4954.550,injection,WI
2013-09-17,15/9-F-5,24.000,,,,,,,,6390.634,injection,WI
2013-09-18,15/9-F-5,10.642,,,,,,,,2804.025,injection,WI
2013-09-19,15/9-F-5,0.000,,,,,,,,0.000,injection,WI
2013-09-20,15/9-F-5,18.442,,,,,,,,4153.065,injection,WI
2013-09-21,15/9-F-5,11.667,,,,,,,,3017.132,injection,WI
2013-09-22,15/9-F-5,24.000,,,,,,,,6353.219,injection,WI
2013-09-23,15/9-F-5,24.000,,,,,,,,6573.671,injection,WI
2013-09-24,15/9-F-5,24.000,,,,,,,,6626.875,injection,WI
2013-09-25,15/9-F-5,24.000,,,,,,,,6692.560,injection,WI
2013-09-26,15/9-F-5,24.000,,,,,,,,6734.259,injection,WI
2013-09-27,15/9-F-5,13.500,,,,,,,,2709.913,injection,WI
2013-09-28,15/9-F-5,24.000,,,,,,,,5288.951,injection,WI
2013-09-29,15/9-F-5,24.000,,,,,,,,6503.587,injection,WI
2013-09-30,15/9-F-5,24.000,,,,,,,,4996.619,injection,WI
2013-10-01,15/9-F-5,24.000,,,,,,,,5633.075,injection,WI
2013-10-02,15/9-F-5,24.000,,,,,,,,6192.059,injection,WI
2013-10-03,15/9-F-5,24.000,,,,,,,,6177.244,injection,WI
2013-10-04,15/9-F-5,24.000,,,,,,,,6543.448,injection,WI
2013-10-05,15/9-F-5,24.000,,,,,,,,4792.183,injection,WI
2013-10-06,15/9-F-5,24.000,,,,,,,,5699.883,injection,WI
2013-10-07,15/9-F-5,24.000,,,,,,,,5962.401,injection,WI
2013-10-08,15/9-F-5,24.000,,,,,,,,6456.815,injection,WI
2013-10-09,15/9-F-5,24.000,,,,,,,,6463.480,injection,WI
2013-10-10,15/9-F-5,24.000,,,,,,,,6268.547,injection,WI
2013-10-11,15/9-F-5,12.500,,,,,,,,2965.913,injection,WI
2013-10-12,15/9-F-5,9.750,,,,,,,,1934.091,injection,WI
2013-10-13,15/9-F-5,23.333,,,,,,,,6216.875,injection,WI
2013-10-14,15/9-F-5,24.000,,,,,,,,6785.474,injection,WI
2013-10-15,15/9-F-5,24.000,,,,,,,,6669.000,injection,WI
2013-10-16,15/9-F-5,24.000,,,,,,,,6636.000,injection,WI
2013-10-17,15/9-F-5,24.000,,,,,,,,6592.000,injection,WI
2013-10-18,15/9-F-5,24.000,,,,,,,,6531.000,injection,WI
2013-10-19,15/9-F-5,24.000,,,,,,,,6497.000,injection,WI
2013-10-20,15/9-F-5,19.642,,,,,,,,5386.000,injection,WI
2013-10-21,15/9-F-5,20.858,,,,,,,,5540.000,injection,WI
2013-10-22,15/9-F-5,24.000,,,,,,,,6486.533,injection,WI
2013-10-23,15/9-F-5,24.000,,,,,,,,6528.390,injection,WI
2013-10-24,15/9-F-5,24.000,,,,,,,,5461.303,injection,WI
2013-10-25,15/9-F-5,24.000,,,,,,,,6114.465,injection,WI
2013-10-26,15/9-F-5,24.000,,,,,,,,6326.600,injection,WI
2013-10-27,15/9-F-5,24.142,,,,,,,,5011.500,injection,WI
2013-10-28,15/9-F-5,0.000,,,,,,,,0.000,injection,WI
2013-10-29,15/9-F-5,0.000,,,,,,,,62.187,injection,WI
2013-10-30,15/9-F-5,16.192,,,,,,,,3267.773,injection,WI
2013-10-31,15/9-F-5,24.000,,,,,,,,6420.814,injection,WI
2013-11-01,15/9-F-5,24.000,,,,,,,,6481.432,injection,WI
2013-11-02,15/9-F-5,3.308,,,,,,,,903.885,injection,WI
2013-11-03,15/9-F-5,8.192,,,,,,,,1664.500,injection,WI
2013-11-04,15/9-F-5,24.000,,,,,,,,5049.108,injection,WI
2013-11-05,15/9-F-5,24.000,,,,,,,,4354.596,injection,WI
2013-11-06,15/9-F-5,24.000,,,,,,,,3920.831,injection,WI
2013-11-07,15/9-F-5,24.000,,,,,,,,6168.326,injection,WI
2013-11-08,15/9-F-5,24.000,,,,,,,,6370.275,injection,WI
2013-11-09,15/9-F-5,23.167,,,,,,,,6136.638,injection,WI
2013-11-10,15/9-F-5,23.333,,,,,,,,6152.947,injection,WI
2013-11-11,15/9-F-5,24.000,,,,,,,,6145.104,injection,WI
2013-11-12,15/9-F-5,23.667,,,,,,,,6129.973,injection,WI
2013-11-13,15/9-F-5,24.000,,,,,,,,6028.520,injection,WI
2013-11-14,15/9-F-5,24.000,,,,,,,,5964.461,injection,WI
2013-11-15,15/9-F-5,24.000,,,,,,,,5943.609,injection,WI
2013-11-16,15/9-F-5,24.000,,,,,,,,5981.948,injection,WI
2013-11-17,15/9-F-5,24.000,,,,,,,,5989.433,injection,WI
2013-11-18,15/9-F-5,24.000,,,,,,,,5845.289,injection,WI
2013-11-19,15/9-F-5,24.000,,,,,,,,6021.679,injection,WI
2013-11-20,15/9-F-5,24.000,,,,,,,,6007.666,injection,WI
2013-11-21,15/9-F-5,24.000,,,,,,,,6386.655,injection,WI
2013-11-22,15/9-F-5,24.000,,,,,,,,6801.828,injection,WI
2013-11-23,15/9-F-5,24.000,,,,,,,,6753.929,injection,WI
2013-11-24,15/9-F-5,24.000,,,,,,,,5481.695,injection,WI
2013-11-25,15/9-F-5,24.000,,,,,,,,6287.134,injection,WI
2013-11-26,15/9-F-5,24.000,,,,,,,,5769.000,injection,WI
2013-11-27,15/9-F-5,24.000,,,,,,,,5556.000,injection,WI
2013-11-28,15/9-F-5,24.000,,,,,,,,5960.000,injection,WI
2013-11-29,15/9-F-5,24.000,,,,,,,,6185.000,injection,WI
2013-11-30,15/9-F-5,24.000,,,,,,,,5542.000,injection,WI
2013-12-01,15/9-F-5,24.000,,,,,,,,5900.000,injection,WI
2013-12-02,15/9-F-5,24.000,,,,,,,,5014.000,injection,WI
2013-12-03,15/9-F-5,24.000,,,,,,,,5698.941,injection,WI
2013-12-04,15/9-F-5,24.000,,,,,,,,4813.603,injection,WI
2013-12-05,15/9-F-5,23.392,,,,,,,,6365.261,injection,WI
2013-12-06,15/9-F-5,16.275,,,,,,,,4037.185,injection,WI
2013-12-07,15/9-F-5,24.000,,,,,,,,6354.356,injection,WI
2013-12-08,15/9-F-5,24.000,,,,,,,,6387.436,injection,WI
2013-12-09,15/9-F-5,14.833,,,,,,,,3331.137,injection,WI
2013-12-10,15/9-F-5,19.058,,,,,,,,4457.005,injection,WI
2013-12-11,15/9-F-5,10.942,,,,,,,,279.048,injection,WI
2013-12-12,15/9-F-5,24.000,,,,,,,,4441.805,injection,WI
2013-12-13,15/9-F-5,9.000,,,,,,,,2342.800,injection,WI
2013-12-14,15/9-F-5,24.000,,,,,,,,5919.840,injection,WI
2013-12-15,15/9-F-5,23.167,,,,,,,,6149.141,injection,WI
2013-12-16,15/9-F-5,24.000,,,,,,,,6887.400,injection,WI
2013-12-17,15/9-F-5,24.000,,,,,,,,6784.576,injection,WI
2013-12-18,15/9-F-5,24.000,,,,,,,,6729.683,injection,WI
2013-12-19,15/9-F-5,24.000,,,,,,,,6704.081,injection,WI
2013-12-20,15/9-F-5,19.667,,,,,,,,5117.231,injection,WI
2013-12-21,15/9-F-5,24.000,,,,,,,,6687.230,injection,WI
2013-12-22,15/9-F-5,24.000,,,,,,,,6752.121,injection,WI
2013-12-23,15/9-F-5,24.000,,,,,,,,6640.675,injection,WI
2013-12-24,15/9-F-5,24.000,,,,,,,,6631.354,injection,WI
2013-12-25,15/9-F-5,24.000,,,,,,,,6496.380,injection,WI
2013-12-26,15/9-F-5,20.975,,,,,,,,5268.744,injection,WI
2013-12-27,15/9-F-5,17.942,,,,,,,,4072.723,injection,WI
2013-12-28,15/9-F-5,24.000,,,,,,,,5789.952,injection,WI
2013-12-29,15/9-F-5,24.000,,,,,,,,5911.187,injection,WI
2013-12-30,15/9-F-5,24.000,,,,,,,,6542.303,injection,WI
2013-12-31,15/9-F-5,21.000,,,,,,,,5166.807,injection,WI
2014-01-01,15/9-F-5,24.000,,,,,,,,5850.051,injection,WI
2014-01-02,15/9-F-5,24.000,,,,,,,,5897.163,injection,WI
2014-01-03,15/9-F-5,24.000,,,,,,,,5404.185,injection,WI
2014-01-04,15/9-F-5,14.308,,,,,,,,3275.308,injection,WI
2014-01-05,15/9-F-5,10.192,,,,,,,,1873.970,injection,WI
2014-01-06,15/9-F-5,24.000,,,,,,,,6010.449,injection,WI
2014-01-07,15/9-F-5,24.000,,,,,,,,4314.000,injection,WI
2014-01-08,15/9-F-5,24.000,,,,,,,,3571.000,injection,WI
2014-01-09,15/9-F-5,24.000,,,,,,,,5222.000,injection,WI
2014-01-10,15/9-F-5,24.000,,,,,,,,6360.000,injection,WI
2014-01-11,15/9-F-5,24.000,,,,,,,,6132.000,injection,WI
2014-01-12,15/9-F-5,24.000,,,,,,,,6035.000,injection,WI
2014-01-13,15/9-F-5,24.000,,,,,,,,5712.000,injection,WI
2014-01-14,15/9-F-5,24.000,,,,,,,,5488.673,injection,WI
2014-01-15,15/9-F-5,24.000,,,,,,,,5198.305,injection,WI
2014-01-16,15/9-F-5,24.000,,,,,,,,3966.623,injection,WI
2014-01-17,15/9-F-5,24.000,,,,,,,,4593.592,injection,WI
2014-01-18,15/9-F-5,24.000,,,,,,,,4845.407,injection,WI
2014-01-19,15/9-F-5,24.000,,,,,,,,4759.403,injection,WI
2014-01-20,15/9-F-5,24.000,,,,,,,,4606.374,injection,WI
2014-01-21,15/9-F-5,24.000,,,,,,,,4496.300,injection,WI
2014-01-22,15/9-F-5,24.000,,,,,,,,4612.126,injection,WI
2014-01-23,15/9-F-5,24.000,,,,,,,,4567.607,injection,WI
2014-01-24,15/9-F-5,24.000,,,,,,,,4646.026,injection,WI
2014-01-25,15/9-F-5,24.000,,,,,,,,4408.638,injection,WI
2014-01-26,15/9-F-5,24.000,,,,,,,,4600.168,injection,WI
2014-01-27,15/9-F-5,24.000,,,,,,,,4497.868,injection,WI
2014-01-28,15/9-F-5,10.475,,,,,,,,2112.949,injection,WI
2014-01-29,15/9-F-5,0.500,,,,,,,,177.515,injection,WI
2014-01-30,15/9-F-5,1.692,,,,,,,,480.829,injection,WI
2014-01-31,15/9-F-5,24.000,,,,,,,,5446.435,injection,WI
2014-02-01,15/9-F-5,24.000,,,,,,,,6332.000,injection,WI
2014-02-02,15/9-F-5,23.667,,,,,,,,5654.648,injection,WI
2014-02-03,15/9-F-5,24.000,,,,,,,,4910.391,injection,WI
2014-02-04,15/9-F-5,24.000,,,,,,,,4831.000,injection,WI
2014-02-05,15/9-F-5,24.000,,,,,,,,4776.592,injection,WI
2014-02-06,15/9-F-5,8.000,,,,,,,,1530.000,injection,WI
2014-02-07,15/9-F-5,0.000,,,,,,,,0.000,injection,WI
2014-02-08,15/9-F-5,5.000,,,,,,,,619.000,injection,WI
2014-02-09,15/9-F-5,24.000,,,,,,,,3459.651,injection,WI
2014-02-10,15/9-F-5,16.500,,,,,,,,3068.000,injection,WI
2014-02-11,15/9-F-5,18.275,,,,,,,,2717.629,injection,WI
2014-02-12,15/9-F-5,24.000,,,,,,,,5773.219,injection,WI
2014-02-13,15/9-F-5,24.000,,,,,,,,6309.338,injection,WI
2014-02-14,15/9-F-5,24.000,,,,,,,,6344.815,injection,WI
2014-02-15,15/9-F-5,24.000,,,,,,,,6256.844,injection,WI
2014-02-16,15/9-F-5,24.000,,,,,,,,6749.851,injection,WI
2014-02-17,15/9-F-5,24.000,,,,,,,,6706.189,injection,WI
2014-02-18,15/9-F-5,16.500,,,,,,,,4275.000,injection,WI
2014-02-19,15/9-F-5,24.000,,,,,,,,6716.000,injection,WI
2014-02-20,15/9-F-5,24.000,,,,,,,,6618.000,injection,WI
2014-02-21,15/9-F-5,24.000,,,,,,,,6549.000,injection,WI
2014-02-22,15/9-F-5,24.000,,,,,,,,4162.000,injection,WI
2014-02-23,15/9-F-5,12.833,,,,,,,,3893.000,injection,WI
2014-02-24,15/9-F-5,23.833,,,,,,,,6159.000,injection,WI
2014-02-25,15/9-F-5,24.000,,,,,,,,6476.393,injection,WI
2014-02-26,15/9-F-5,24.000,,,,,,,,6341.857,injection,WI
2014-02-27,15/9-F-5,24.000,,,,,,,,6303.886,injection,WI
2014-02-28,15/9-F-5,24.000,,,,,,,,6341.806,injection,WI
2014-03-01,15/9-F-5,24.000,,,,,,,,5537.222,injection,WI
2014-03-02,15/9-F-5,24.000,,,,,,,,5023.634,injection,WI
2014-03-03,15/9-F-5,24.000,,,,,,,,5040.203,injection,WI
2014-03-04,15/9-F-5,24.000,,,,,,,,5412.258,injection,WI
2014-03-05,15/9-F-5,24.000,,,,,,,,6119.500,injection,WI
2014-03-06,15/9-F-5,24.000,,,,,,,,6143.800,injection,WI
2014-03-07,15/9-F-5,24.000,,,,,,,,6122.802,injection,WI
2014-03-08,15/9-F-5,24.000,,,,,,,,6047.700,injection,WI
2014-03-09,15/9-F-5,24.000,,,,,,,,6007.000,injection,WI
2014-03-10,15/9-F-5,24.000,,,,,,,,6015.100,injection,WI
2014-03-11,15/9-F-5,24.000,,,,,,,,6054.307,injection,WI
2014-03-12,15/9-F-5,24.000,,,,,,,,6076.914,injection,WI
2014-03-13,15/9-F-5,24.000,,,,,,,,5537.800,injection,WI
2014-03-14,15/9-F-5,24.000,,,,,,,,5249.469,injection,WI
2014-03-15,15/9-F-5,23.667,,,,,,,,5819.699,injection,WI
2014-03-16,15/9-F-5,24.000,,,,,,,,6010.368,injection,WI
2014-03-17,15/9-F-5,24.000,,,,,,,,6369.218,injection,WI
2014-03-18,15/9-F-5,24.000,,,,,,,,6493.859,injection,WI
2014-03-19,15/9-F-5,24.000,,,,,,,,6286.215,injection,WI
2014-03-20,15/9-F-5,24.000,,,,,,,,6341.894,injection,WI
2014-03-21,15/9-F-5,24.000,,,,,,,,6462.920,injection,WI
2014-03-22,15/9-F-5,21.500,,,,,,,,4045.856,injection,WI
2014-03-23,15/9-F-5,24.000,,,,,,,,5911.919,injection,WI
2014-03-24,15/9-F-5,6.392,,,,,,,,1761.842,injection,WI
2014-03-25,15/9-F-5,9.608,,,,,,,,1784.674,injection,WI
2014-03-26,15/9-F-5,24.000,,,,,,,,5784.126,injection,WI
2014-03-27,15/9-F-5,13.750,,,,,,,,2939.218,injection,WI
2014-03-28,15/9-F-5,24.000,,,,,,,,4204.198,injection,WI
2014-03-29,15/9-F-5,17.500,,,,,,,,4138.988,injection,WI
2014-03-30,15/9-F-5,23.000,,,,,,,,6617.297,injection,WI
2014-03-31,15/9-F-5,24.000,,,,,,,,6994.401,injection,WI
2014-04-01,15/9-F-5,24.000,,,,,,,,6907.000,injection,WI
2014-04-02,15/9-F-5,24.000,,,,,,,,6711.000,injection,WI
2014-04-03,15/9-F-5,24.000,,,,,,,,6763.000,injection,WI
2014-04-04,15/9-F-5,24.000,,,,,,,,6732.000,injection,WI
2014-04-05,15/9-F-5,24.000,,,,,,,,6566.000,injection,WI
2014-04-06,15/9-F-5,18.000,,,,,,,,4969.000,injection,WI
2014-04-07,15/9-F-5,21.000,,,,,,,,2948.000,injection,WI
2014-04-08,15/9-F-5,24.000,,,,,,,,4867.460,injection,WI
2014-04-09,15/9-F-5,24.000,,,,,,,,6155.800,injection,WI
2014-04-10,15/9-F-5,20.542,,,,,,,,4701.584,injection,WI
2014-04-11,15/9-F-5,24.000,,,,,,,,6568.231,injection,WI
2014-04-12,15/9-F-5,24.000,,,,,,,,6498.484,injection,WI
2014-04-13,15/9-F-5,24.000,,,,,,,,6207.680,injection,WI
2014-04-14,15/9-F-5,24.000,,,,,,,,6151.752,injection,WI
2014-04-15,15/9-F-5,24.000,,,,,,,,6078.319,injection,WI
2014-04-16,15/9-F-5,24.000,,,,,,,,5841.155,injection,WI
2014-04-17,15/9-F-5,24.000,,,,,,,,5679.534,injection,WI
2014-04-18,15/9-F-5,24.000,,,,,,,,5621.830,injection,WI
2014-04-19,15/9-F-5,24.000,,,,,,,,5591.260,injection,WI
2014-04-20,15/9-F-5,24.000,,,,,,,,5417.578,injection,WI
2014-04-21,15/9-F-5,24.000,,,,,,,,4768.822,injection,WI
2014-04-22,15/9-F-5,24.000,,,,,,,,4247.454,injection,WI
2014-04-23,15/9-F-5,24.000,,,,,,,,5060.796,injection,WI
2014-04-24,15/9-F-5,24.000,,,,,,,,5236.800,injection,WI
2014-04-25,15/9-F-5,24.000,,,,,,,,5423.604,injection,WI
2014-04-26,15/9-F-5,24.000,,,,,,,,5523.876,injection,WI
2014-04-27,15/9-F-5,24.000,,,,,,,,5790.592,injection,WI
2014-04-28,15/9-F-5,24.000,,,,,,,,5838.532,injection,WI
2014-04-29,15/9-F-5,24.000,,,,,,,,5755.027,injection,WI
2014-04-30,15/9-F-5,24.000,,,,,,,,5743.776,injection,WI
2014-05-01,15/9-F-5,24.000,,,,,,,,5721.581,injection,WI
2014-05-02,15/9-F-5,24.000,,,,,,,,5718.784,injection,WI
2014-05-03,15/9-F-5,24.000,,,,,,,,5669.658,injection,WI
2014-05-04,15/9-F-5,24.000,,,,,,,,5656.960,injection,WI
2014-05-05,15/9-F-5,24.000,,,,,,,,5519.907,injection,WI
2014-05-06,15/9-F-5,24.000,,,,,,,,5506.497,injection,WI
2014-05-07,15/9-F-5,24.000,,,,,,,,5553.702,injection,WI
2014-05-08,15/9-F-5,14.825,,,,,,,,3407.091,injection,WI
2014-05-09,15/9-F-5,0.000,,,,,,,,0.000,injection,WI
2014-05-10,15/9-F-5,0.000,,,,,,,,0.000,injection,WI
2014-05-11,15/9-F-5,0.000,,,,,,,,0.000,injection,WI
2014-05-12,15/9-F-5,0.000,,,,,,,,0.000,injection,WI
2014-05-13,15/9-F-5,0.000,,,,,,,,0.000,injection,WI
2014-05-14,15/9-F-5,15.508,,,,,,,,3243.000,injection,WI
2014-05-15,15/9-F-5,24.000,,,,,,,,5049.000,injection,WI
2014-05-16,15/9-F-5,24.000,,,,,,,,5034.000,injection,WI
2014-05-17,15/9-F-5,24.000,,,,,,,,5150.000,injection,WI
2014-05-18,15/9-F-5,24.000,,,,,,,,5229.000,injection,WI
2014-05-19,15/9-F-5,24.000,,,,,,,,5157.000,injection,WI
2014-05-20,15/9-F-5,24.000,,,,,,,,5133.460,injection,WI
2014-05-21,15/9-F-5,24.000,,,,,,,,5513.362,injection,WI
2014-05-22,15/9-F-5,24.000,,,,,,,,7682.846,injection,WI
2014-05-23,15/9-F-5,24.000,,,,,,,,8046.146,injection,WI
2014-05-24,15/9-F-5,24.000,,,,,,,,7979.728,injection,WI
2014-05-25,15/9-F-5,24.000,,,,,,,,5615.034,injection,WI
2014-05-26,15/9-F-5,24.000,,,,,,,,7202.247,injection,WI
2014-05-27,15/9-F-5,24.000,,,,,,,,7402.217,injection,WI
2014-05-28,15/9-F-5,24.000,,,,,,,,7324.425,injection,WI
2014-05-29,15/9-F-5,24.000,,,,,,,,7352.630,injection,WI
2014-05-30,15/9-F-5,24.000,,,,,,,,7365.494,injection,WI
2014-05-31,15/9-F-5,24.000,,,,,,,,7209.759,injection,WI
2014-06-01,15/9-F-5,24.000,,,,,,,,7112.469,injection,WI
2014-06-02,15/9-F-5,20.000,,,,,,,,5637.378,injection,WI
2014-06-03,15/9-F-5,24.000,,,,,,,,6396.416,injection,WI
2014-06-04,15/9-F-5,24.000,,,,,,,,6296.871,injection,WI
2014-06-05,15/9-F-5,24.000,,,,,,,,6144.804,injection,WI
2014-06-06,15/9-F-5,24.000,,,,,,,,6300.390,injection,WI
2014-06-07,15/9-F-5,24.000,,,,,,,,6164.491,injection,WI
2014-06-08,15/9-F-5,24.000,,,,,,,,6157.284,injection,WI
2014-06-09,15/9-F-5,24.000,,,,,,,,6044.099,injection,WI
2014-06-10,15/9-F-5,24.000,,,,,,,,6016.853,injection,WI
2014-06-11,15/9-F-5,24.000,,,,,,,,5591.396,injection,WI
2014-06-12,15/9-F-5,24.000,,,,,,,,5574.469,injection,WI
2014-06-13,15/9-F-5,24.000,,,,,,,,5585.736,injection,WI
2014-06-14,15/9-F-5,24.000,,,,,,,,5546.058,injection,WI
2014-06-15,15/9-F-5,24.000,,,,,,,,5559.736,injection,WI
2014-06-16,15/9-F-5,24.000,,,,,,,,5532.524,injection,WI
2014-06-17,15/9-F-5,24.000,,,,,,,,5525.549,injection,WI
2014-06-18,15/9-F-5,24.000,,,,,,,,5602.453,injection,WI
2014-06-19,15/9-F-5,24.000,,,,,,,,5907.077,injection,WI
2014-06-20,15/9-F-5,24.000,,,,,,,,5659.021,injection,WI
2014-06-21,15/9-F-5,24.000,,,,,,,,5676.727,injection,WI
2014-06-22,15/9-F-5,24.000,,,,,,,,5935.190,injection,WI
2014-06-23,15/9-F-5,24.000,,,,,,,,5925.091,injection,WI
2014-06-24,15/9-F-5,24.000,,,,,,,,5882.000,injection,WI
2014-06-25,15/9-F-5,24.000,,,,,,,,5877.000,injection,WI
2014-06-26,15/9-F-5,9.500,,,,,,,,1888.000,injection,WI
2014-06-27,15/9-F-5,21.583,,,,,,,,3146.000,injection,WI
2014-06-28,15/9-F-5,24.000,,,,,,,,5940.000,injection,WI
2014-06-29,15/9-F-5,24.000,,,,,,,,6036.000,injection,WI
2014-06-30,15/9-F-5,24.000,,,,,,,,5887.000,injection,WI
2014-07-01,15/9-F-5,24.000,,,,,,,,5708.301,injection,WI
2014-07-02,15/9-F-5,24.000,,,,,,,,5663.108,injection,WI
2014-07-03,15/9-F-5,24.000,,,,,,,,5645.662,injection,WI
2014-07-04,15/9-F-5,24.000,,,,,,,,5648.209,injection,WI
2014-07-05,15/9-F-5,24.000,,,,,,,,5679.508,injection,WI
2014-07-06,15/9-F-5,24.000,,,,,,,,5636.359,injection,WI
2014-07-07,15/9-F-5,24.000,,,,,,,,5323.132,injection,WI
2014-07-08,15/9-F-5,24.000,,,,,,,,5431.022,injection,WI
2014-07-09,15/9-F-5,24.000,,,,,,,,5287.776,injection,WI
2014-07-10,15/9-F-5,24.000,,,,,,,,4523.924,injection,WI
2014-07-11,15/9-F-5,24.000,,,,,,,,4660.568,injection,WI
2014-07-12,15/9-F-5,24.000,,,,,,,,4154.226,injection,WI
2014-07-13,15/9-F-5,24.000,,,,,,,,2529.889,injection,WI
2014-07-14,15/9-F-5,24.000,,,,,,,,5029.278,injection,WI
2014-07-15,15/9-F-5,24.000,,,,,,,,5256.306,injection,WI
2014-07-16,15/9-F-5,24.000,,,,,,,,5256.994,injection,WI
2014-07-17,15/9-F-5,24.000,,,,,,,,5137.533,injection,WI
2014-07-18,15/9-F-5,24.000,,,,,,,,5006.919,injection,WI
2014-07-19,15/9-F-5,24.000,,,,,,,,4822.922,injection,WI
2014-07-20,15/9-F-5,22.333,,,,,,,,4138.353,injection,WI
2014-07-21,15/9-F-5,24.000,,,,,,,,4399.134,injection,WI
2014-07-22,15/9-F-5,24.000,,,,,,,,4554.042,injection,WI
2014-07-23,15/9-F-5,24.000,,,,,,,,4438.174,injection,WI
2014-07-24,15/9-F-5,24.000,,,,,,,,4259.480,injection,WI
2014-07-25,15/9-F-5,24.000,,,,,,,,4162.283,injection,WI
2014-07-26,15/9-F-5,24.000,,,,,,,,4320.000,injection,WI
2014-07-27,15/9-F-5,24.000,,,,,,,,4492.668,injection,WI
2014-07-28,15/9-F-5,24.000,,,,,,,,4717.318,injection,WI
2014-07-29,15/9-F-5,24.000,,,,,,,,4703.885,injection,WI
2014-07-30,15/9-F-5,24.000,,,,,,,,4569.955,injection,WI
2014-07-31,15/9-F-5,24.000,,,,,,,,4476.610,injection,WI
2014-08-01,15/9-F-5,23.996,,,,,,,,4629.388,injection,WI
2014-08-02,15/9-F-5,24.000,,,,,,,,4665.628,injection,WI
2014-08-03,15/9-F-5,23.750,,,,,,,,4451.752,injection,WI
2014-08-04,15/9-F-5,24.000,,,,,,,,5195.563,injection,WI
2014-08-05,15/9-F-5,24.000,,,,,,,,5209.000,injection,WI
2014-08-06,15/9-F-5,24.000,,,,,,,,5229.000,injection,WI
2014-08-07,15/9-F-5,24.000,,,,,,,,4981.000,injection,WI
2014-08-08,15/9-F-5,24.000,,,,,,,,5201.000,injection,WI
2014-08-09,15/9-F-5,24.000,,,,,,,,5158.000,injection,WI
2014-08-10,15/9-F-5,24.000,,,,,,,,4931.000,injection,WI
2014-08-11,15/9-F-5,24.000,,,,,,,,4800.000,injection,WI
2014-08-12,15/9-F-5,24.000,,,,,,,,4806.968,injection,WI
2014-08-13,15/9-F-5,24.000,,,,,,,,4916.249,injection,WI
2014-08-14,15/9-F-5,24.000,,,,,,,,5017.510,injection,WI
2014-08-15,15/9-F-5,24.000,,,,,,,,4217.291,injection,WI
2014-08-16,15/9-F-5,24.000,,,,,,,,4980.819,injection,WI
2014-08-17,15/9-F-5,24.000,,,,,,,,4944.743,injection,WI
2014-08-18,15/9-F-5,24.000,,,,,,,,4537.684,injection,WI
2014-08-19,15/9-F-5,10.508,,,,,,,,1532.286,injection,WI
2014-08-20,15/9-F-5,0.000,,,,,,,,0.000,injection,WI
2014-08-21,15/9-F-5,0.000,,,,,,,,0.000,injection,WI
2014-08-22,15/9-F-5,0.000,,,,,,,,0.000,injection,WI
2014-08-23,15/9-F-5,0.000,,,,,,,,0.000,injection,WI
2014-08-24,15/9-F-5,0.000,,,,,,,,0.000,injection,WI
2014-08-25,15/9-F-5,21.625,,,,,,,,4323.243,injection,WI
2014-08-26,15/9-F-5,24.000,,,,,,,,4806.025,injection,WI
2014-08-27,15/9-F-5,24.000,,,,,,,,4588.265,injection,WI
2014-08-28,15/9-F-5,22.500,,,,,,,,4173.510,injection,WI
2014-08-29,15/9-F-5,24.000,,,,,,,,4735.191,injection,WI
2014-08-30,15/9-F-5,24.000,,,,,,,,4784.252,injection,WI
2014-08-31,15/9-F-5,24.000,,,,,,,,5294.485,injection,WI
2014-09-01,15/9-F-5,24.000,,,,,,,,6306.699,injection,WI
2014-09-02,15/9-F-5,24.000,,,,,,,,5882.293,injection,WI
2014-09-03,15/9-F-5,20.917,,,,,,,,4948.590,injection,WI
2014-09-04,15/9-F-5,24.000,,,,,,,,6394.014,injection,WI
2014-09-05,15/9-F-5,24.000,,,,,,,,6353.445,injection,WI
2014-09-06,15/9-F-5,24.000,,,,,,,,6168.394,injection,WI
2014-09-07,15/9-F-5,24.000,,,,,,,,6081.490,injection,WI
2014-09-08,15/9-F-5,24.000,,,,,,,,5984.986,injection,WI
2014-09-09,15/9-F-5,24.000,,,,,,,,5881.980,injection,WI
2014-09-10,15/9-F-5,24.000,,,,,,,,5841.734,injection,WI
2014-09-11,15/9-F-5,24.000,,,,,,,,5744.372,injection,WI
2014-09-12,15/9-F-5,24.000,,,,,,,,5725.904,injection,WI
2014-09-13,15/9-F-5,24.000,,,,,,,,5736.547,injection,WI
2014-09-14,15/9-F-5,24.000,,,,,,,,5544.403,injection,WI
2014-09-15,15/9-F-5,24.000,,,,,,,,5503.260,injection,WI
2014-09-16,15/9-F-5,24.000,,,,,,,,5482.000,injection,WI
2014-09-17,15/9-F-5,24.000,,,,,,,,5424.000,injection,WI
2014-09-18,15/9-F-5,24.000,,,,,,,,5378.000,injection,WI
2014-09-19,15/9-F-5,24.000,,,,,,,,5387.000,injection,WI
2014-09-20,15/9-F-5,24.000,,,,,,,,5381.000,injection,WI
2014-09-21,15/9-F-5,24.000,,,,,,,,5329.000,injection,WI
2014-09-22,15/9-F-5,24.000,,,,,,,,5286.000,injection,WI
2014-09-23,15/9-F-5,24.000,,,,,,,,5158.615,injection,WI
2014-09-24,15/9-F-5,24.000,,,,,,,,5161.356,injection,WI
2014-09-25,15/9-F-5,24.000,,,,,,,,5285.952,injection,WI
2014-09-26,15/9-F-5,24.000,,,,,,,,5321.308,injection,WI
2014-09-27,15/9-F-5,24.000,,,,,,,,5314.326,injection,WI
2014-09-28,15/9-F-5,24.000,,,,,,,,4898.392,injection,WI
2014-09-29,15/9-F-5,3.008,,,,,,,,425.950,injection,WI
2014-09-30,15/9-F-5,19.575,,,,,,,,3331.456,injection,WI
2014-10-01,15/9-F-5,24.000,,,,,,,,5499.904,injection,WI
2014-10-02,15/9-F-5,24.000,,,,,,,,5574.220,injection,WI
2014-10-03,15/9-F-5,24.000,,,,,,,,5435.075,injection,WI
2014-10-04,15/9-F-5,24.000,,,,,,,,5400.293,injection,WI
2014-10-05,15/9-F-5,24.000,,,,,,,,5462.331,injection,WI
2014-10-06,15/9-F-5,24.000,,,,,,,,5370.611,injection,WI
2014-10-07,15/9-F-5,24.000,,,,,,,,5306.947,injection,WI
2014-10-08,15/9-F-5,24.000,,,,,,,,5339.613,injection,WI
2014-10-09,15/9-F-5,20.833,,,,,,,,4171.467,injection,WI
2014-10-10,15/9-F-5,24.000,,,,,,,,5615.437,injection,WI
2014-10-11,15/9-F-5,24.000,,,,,,,,5604.578,injection,WI
2014-10-12,15/9-F-5,24.000,,,,,,,,5575.801,injection,WI
2014-10-13,15/9-F-5,24.000,,,,,,,,5646.820,injection,WI
2014-10-14,15/9-F-5,24.000,,,,,,,,5630.918,injection,WI
2014-10-15,15/9-F-5,24.000,,,,,,,,5581.584,injection,WI
2014-10-16,15/9-F-5,24.000,,,,,,,,5543.217,injection,WI
2014-10-17,15/9-F-5,24.000,,,,,,,,5526.209,injection,WI
2014-10-18,15/9-F-5,24.000,,,,,,,,5471.716,injection,WI
2014-10-19,15/9-F-5,24.000,,,,,,,,5486.294,injection,WI
2014-10-20,15/9-F-5,24.000,,,,,,,,5498.442,injection,WI
2014-10-21,15/9-F-5,24.000,,,,,,,,5497.511,injection,WI
2014-10-22,15/9-F-5,24.000,,,,,,,,5354.987,injection,WI
2014-10-23,15/9-F-5,24.000,,,,,,,,5527.217,injection,WI
2014-10-24,15/9-F-5,24.000,,,,,,,,5551.264,injection,WI
2014-10-25,15/9-F-5,24.000,,,,,,,,5453.774,injection,WI
2014-10-26,15/9-F-5,25.000,,,,,,,,5446.799,injection,WI
2014-10-27,15/9-F-5,24.000,,,,,,,,5239.625,injection,WI
2014-10-28,15/9-F-5,24.000,,,,,,,,4968.000,injection,WI
2014-10-29,15/9-F-5,24.000,,,,,,,,5004.479,injection,WI
2014-10-30,15/9-F-5,24.000,,,,,,,,4616.181,injection,WI
2014-10-31,15/9-F-5,24.000,,,,,,,,5432.000,injection,WI
2014-11-01,15/9-F-5,24.000,,,,,,,,5423.000,injection,WI
2014-11-02,15/9-F-5,24.000,,,,,,,,5454.000,injection,WI
2014-11-03,15/9-F-5,24.000,,,,,,,,5506.000,injection,WI
2014-11-04,15/9-F-5,24.000,,,,,,,,5508.286,injection,WI
2014-11-05,15/9-F-5,24.000,,,,,,,,5480.831,injection,WI
2014-11-06,15/9-F-5,24.000,,,,,,,,5451.406,injection,WI
2014-11-07,15/9-F-5,24.000,,,,,,,,5227.009,injection,WI
2014-11-08,15/9-F-5,24.000,,,,,,,,5177.861,injection,WI
2014-11-09,15/9-F-5,24.000,,,,,,,,5140.647,injection,WI
2014-11-10,15/9-F-5,24.000,,,,,,,,5177.500,injection,WI
2014-11-11,15/9-F-5,24.000,,,,,,,,5189.946,injection,WI
2014-11-12,15/9-F-5,24.000,,,,,,,,5205.476,injection,WI
2014-11-13,15/9-F-5,24.000,,,,,,,,5268.646,injection,WI
2014-11-14,15/9-F-5,24.000,,,,,,,,5291.894,injection,WI
2014-11-15,15/9-F-5,24.000,,,,,,,,5233.842,injection,WI
2014-11-16,15/9-F-5,24.000,,,,,,,,5217.530,injection,WI
2014-11-17,15/9-F-5,24.000,,,,,,,,4699.974,injection,WI
2014-11-18,15/9-F-5,24.000,,,,,,,,4568.259,injection,WI
2014-11-19,15/9-F-5,24.000,,,,,,,,4349.039,injection,WI
2014-11-20,15/9-F-5,24.000,,,,,,,,4211.793,injection,WI
2014-11-21,15/9-F-5,24.000,,,,,,,,4943.064,injection,WI
2014-11-22,15/9-F-5,24.000,,,,,,,,5913.633,injection,WI
2014-11-23,15/9-F-5,24.000,,,,,,,,5917.975,injection,WI
2014-11-24,15/9-F-5,24.000,,,,,,,,5963.896,injection,WI
2014-11-25,15/9-F-5,24.000,,,,,,,,6090.852,injection,WI
2014-11-26,15/9-F-5,24.000,,,,,,,,5847.308,injection,WI
2014-11-27,15/9-F-5,24.000,,,,,,,,5868.308,injection,WI
2014-11-28,15/9-F-5,12.558,,,,,,,,3029.345,injection,WI
2014-11-29,15/9-F-5,0.000,,,,,,,,49.590,injection,WI
2014-11-30,15/9-F-5,0.000,,,,,,,,0.000,injection,WI
2014-12-01,15/9-F-5,0.000,,,,,,,,0.000,injection,WI
2014-12-02,15/9-F-5,0.000,,,,,,,,0.000,injection,WI
2014-12-03,15/9-F-5,0.000,,,,,,,,0.000,injection,WI
2014-12-04,15/9-F-5,0.000,,,,,,,,0.000,injection,WI
2014-12-05,15/9-F-5,0.000,,,,,,,,24.359,injection,WI
2014-12-06,15/9-F-5,0.000,,,,,,,,0.000,injection,WI
2014-12-07,15/9-F-5,0.000,,,,,,,,0.000,injection,WI
2014-12-08,15/9-F-5,0.000,,,,,,,,0.000,injection,WI
2014-12-09,15/9-F-5,0.000,,,,,,,,0.000,injection,WI
2014-12-10,15/9-F-5,0.000,,,,,,,,0.000,injection,WI
2014-12-11,15/9-F-5,0.000,,,,,,,,0.000,injection,WI
2014-12-12,15/9-F-5,0.000,,,,,,,,0.000,injection,WI
2014-12-13,15/9-F-5,16.608,,,,,,,,3008.000,injection,WI
2014-12-14,15/9-F-5,24.000,,,,,,,,5803.000,injection,WI
2014-12-15,15/9-F-5,24.000,,,,,,,,5943.000,injection,WI
2014-12-16,15/9-F-5,24.000,,,,,,,,5914.723,injection,WI
2014-12-17,15/9-F-5,24.000,,,,,,,,5893.116,injection,WI
2014-12-18,15/9-F-5,20.550,,,,,,,,5043.280,injection,WI
2014-12-19,15/9-F-5,22.000,,,,,,,,5321.414,injection,WI
2014-12-20,15/9-F-5,24.000,,,,,,,,5854.916,injection,WI
2014-12-21,15/9-F-5,24.000,,,,,,,,5869.456,injection,WI
2014-12-22,15/9-F-5,24.000,,,,,,,,5876.337,injection,WI
2014-12-23,15/9-F-5,24.000,,,,,,,,5909.405,injection,WI
2014-12-24,15/9-F-5,24.000,,,,,,,,5863.988,injection,WI
2014-12-25,15/9-F-5,24.000,,,,,,,,5835.309,injection,WI
2014-12-26,15/9-F-5,24.000,,,,,,,,5833.721,injection,WI
2014-12-27,15/9-F-5,24.000,,,,,,,,5910.090,injection,WI
2014-12-28,15/9-F-5,24.000,,,,,,,,5931.927,injection,WI
2014-12-29,15/9-F-5,10.392,,,,,,,,2504.326,injection,WI
2014-12-30,15/9-F-5,0.000,,,,,,,,0.000,injection,WI
2014-12-31,15/9-F-5,12.775,,,,,,,,3374.000,injection,WI
2015-01-01,15/9-F-5,24.000,,,,,,,,5369.000,injection,WI
2015-01-02,15/9-F-5,24.000,,,,,,,,4034.000,injection,WI
2015-01-03,15/9-F-5,24.000,,,,,,,,3814.000,injection,WI
2015-01-04,15/9-F-5,24.000,,,,,,,,3917.000,injection,WI
2015-01-05,15/9-F-5,24.000,,,,,,,,3889.653,injection,WI
2015-01-06,15/9-F-5,24.000,,,,,,,,3914.190,injection,WI
2015-01-07,15/9-F-5,24.000,,,,,,,,3919.340,injection,WI
2015-01-08,15/9-F-5,24.000,,,,,,,,3914.934,injection,WI
2015-01-09,15/9-F-5,17.000,,,,,,,,2759.467,injection,WI
2015-01-10,15/9-F-5,19.000,,,,,,,,3000.400,injection,WI
2015-01-11,15/9-F-5,24.000,,,,,,,,4099.625,injection,WI
2015-01-12,15/9-F-5,24.000,,,,,,,,4229.768,injection,WI
2015-01-13,15/9-F-5,24.000,,,,,,,,4326.394,injection,WI
2015-01-14,15/9-F-5,24.000,,,,,,,,4388.343,injection,WI
2015-01-15,15/9-F-5,24.000,,,,,,,,4169.642,injection,WI
2015-01-16,15/9-F-5,24.000,,,,,,,,4187.284,injection,WI
2015-01-17,15/9-F-5,24.000,,,,,,,,4185.995,injection,WI
2015-01-18,15/9-F-5,24.000,,,,,,,,4185.995,injection,WI
2015-01-19,15/9-F-5,24.000,,,,,,,,4185.995,injection,WI
2015-01-20,15/9-F-5,19.667,,,,,,,,4015.000,injection,WI
2015-01-21,15/9-F-5,24.000,,,,,,,,4591.000,injection,WI
2015-01-22,15/9-F-5,24.000,,,,,,,,3901.000,injection,WI
2015-01-23,15/9-F-5,24.000,,,,,,,,3920.000,injection,WI
2015-01-24,15/9-F-5,24.000,,,,,,,,3888.000,injection,WI
2015-01-25,15/9-F-5,24.000,,,,,,,,3909.000,injection,WI
2015-01-26,15/9-F-5,19.000,,,,,,,,3112.000,injection,WI
2015-01-27,15/9-F-5,14.442,,,,,,,,1722.319,injection,WI
2015-01-28,15/9-F-5,24.000,,,,,,,,2815.849,injection,WI
2015-01-29,15/9-F-5,24.000,,,,,,,,3155.319,injection,WI
2015-01-30,15/9-F-5,24.000,,,,,,,,3407.692,injection,WI
2015-01-31,15/9-F-5,13.525,,,,,,,,1923.455,injection,WI
2015-02-01,15/9-F-5,14.558,,,,,,,,2375.006,injection,WI
2015-02-02,15/9-F-5,24.000,,,,,,,,3934.420,injection,WI
2015-02-03,15/9-F-5,13.608,,,,,,,,2244.791,injection,WI
2015-02-04,15/9-F-5,0.000,,,,,,,,29.379,injection,WI
2015-02-05,15/9-F-5,1.225,,,,,,,,260.973,injection,WI
2015-02-06,15/9-F-5,24.000,,,,,,,,4826.748,injection,WI
2015-02-07,15/9-F-5,24.000,,,,,,,,5867.661,injection,WI
2015-02-08,15/9-F-5,17.442,,,,,,,,4136.005,injection,WI
2015-02-09,15/9-F-5,21.058,,,,,,,,5032.403,injection,WI
2015-02-10,15/9-F-5,24.000,,,,,,,,6519.213,injection,WI
2015-02-11,15/9-F-5,24.000,,,,,,,,5981.640,injection,WI
2015-02-12,15/9-F-5,24.000,,,,,,,,6131.897,injection,WI
2015-02-13,15/9-F-5,24.000,,,,,,,,6067.164,injection,WI
2015-02-14,15/9-F-5,24.000,,,,,,,,6272.373,injection,WI
2015-02-15,15/9-F-5,24.000,,,,,,,,6276.925,injection,WI
2015-02-16,15/9-F-5,24.000,,,,,,,,6537.450,injection,WI
2015-02-17,15/9-F-5,24.000,,,,,,,,6603.500,injection,WI
2015-02-18,15/9-F-5,24.000,,,,,,,,4225.491,injection,WI
2015-02-19,15/9-F-5,24.000,,,,,,,,4171.369,injection,WI
2015-02-20,15/9-F-5,15.500,,,,,,,,2681.997,injection,WI
2015-02-21,15/9-F-5,24.000,,,,,,,,4193.892,injection,WI
2015-02-22,15/9-F-5,24.000,,,,,,,,4272.298,injection,WI
2015-02-23,15/9-F-5,24.000,,,,,,,,4306.043,injection,WI
2015-02-24,15/9-F-5,24.000,,,,,,,,4286.375,injection,WI
2015-02-25,15/9-F-5,24.000,,,,,,,,4308.905,injection,WI
2015-02-26,15/9-F-5,20.492,,,,,,,,3586.169,injection,WI
2015-02-27,15/9-F-5,24.000,,,,,,,,4059.296,injection,WI
2015-02-28,15/9-F-5,24.000,,,,,,,,3768.369,injection,WI
2015-03-01,15/9-F-5,24.000,,,,,,,,3773.769,injection,WI
2015-03-02,15/9-F-5,24.000,,,,,,,,3747.575,injection,WI
2015-03-03,15/9-F-5,24.000,,,,,,,,3786.476,injection,WI
2015-03-04,15/9-F-5,24.000,,,,,,,,3835.000,injection,WI
2015-03-05,15/9-F-5,24.000,,,,,,,,3835.000,injection,WI
2015-03-06,15/9-F-5,24.000,,,,,,,,3771.000,injection,WI
2015-03-07,15/9-F-5,24.000,,,,,,,,3780.000,injection,WI
2015-03-08,15/9-F-5,24.000,,,,,,,,3785.000,injection,WI
2015-03-09,15/9-F-5,24.000,,,,,,,,3781.000,injection,WI
2015-03-10,15/9-F-5,24.000,,,,,,,,3725.683,injection,WI
2015-03-11,15/9-F-5,24.000,,,,,,,,4301.244,injection,WI
2015-03-12,15/9-F-5,24.000,,,,,,,,3442.624,injection,WI
2015-03-13,15/9-F-5,24.000,,,,,,,,4282.140,injection,WI
2015-03-14,15/9-F-5,24.000,,,,,,,,4282.709,injection,WI
2015-03-15,15/9-F-5,24.000,,,,,,,,4287.527,injection,WI
2015-03-16,15/9-F-5,24.000,,,,,,,,4391.054,injection,WI
2015-03-17,15/9-F-5,24.000,,,,,,,,4423.026,injection,WI
2015-03-18,15/9-F-5,24.000,,,,,,,,4285.937,injection,WI
2015-03-19,15/9-F-5,24.000,,,,,,,,4245.617,injection,WI
2015-03-20,15/9-F-5,24.000,,,,,,,,4443.880,injection,WI
2015-03-21,15/9-F-5,24.000,,,,,,,,4448.581,injection,WI
2015-03-22,15/9-F-5,24.000,,,,,,,,4372.221,injection,WI
2015-03-23,15/9-F-5,24.000,,,,,,,,4294.201,injection,WI
2015-03-24,15/9-F-5,24.000,,,,,,,,4272.713,injection,WI
2015-03-25,15/9-F-5,24.000,,,,,,,,4287.368,injection,WI
2015-03-26,15/9-F-5,24.000,,,,,,,,4349.637,injection,WI
2015-03-27,15/9-F-5,24.000,,,,,,,,4344.370,injection,WI
2015-03-28,15/9-F-5,24.000,,,,,,,,4331.838,injection,WI
2015-03-29,15/9-F-5,24.000,,,,,,,,4232.359,injection,WI
2015-03-30,15/9-F-5,24.000,,,,,,,,4337.937,injection,WI
2015-03-31,15/9-F-5,24.000,,,,,,,,4326.201,injection,WI
2015-04-01,15/9-F-5,24.000,,,,,,,,4421.311,injection,WI
2015-04-02,15/9-F-5,24.000,,,,,,,,4558.417,injection,WI
2015-04-03,15/9-F-5,24.000,,,,,,,,4577.711,injection,WI
2015-04-04,15/9-F-5,24.000,,,,,,,,4603.341,injection,WI
2015-04-05,15/9-F-5,24.000,,,,,,,,4591.810,injection,WI
2015-04-06,15/9-F-5,11.667,,,,,,,,2147.643,injection,WI
2015-04-07,15/9-F-5,24.000,,,,,,,,4274.869,injection,WI
2015-04-08,15/9-F-5,24.000,,,,,,,,4133.552,injection,WI
2015-04-09,15/9-F-5,24.000,,,,,,,,4189.649,injection,WI
2015-04-10,15/9-F-5,24.000,,,,,,,,5176.467,injection,WI
2015-04-11,15/9-F-5,24.000,,,,,,,,3970.802,injection,WI
2015-04-12,15/9-F-5,24.000,,,,,,,,4477.645,injection,WI
2015-04-13,15/9-F-5,24.000,,,,,,,,7126.010,injection,WI
2015-04-14,15/9-F-5,24.000,,,,,,,,7244.000,injection,WI
2015-04-15,15/9-F-5,24.000,,,,,,,,7404.000,injection,WI
2015-04-16,15/9-F-5,24.000,,,,,,,,5679.000,injection,WI
2015-04-17,15/9-F-5,24.000,,,,,,,,7600.000,injection,WI
2015-04-18,15/9-F-5,24.000,,,,,,,,7772.000,injection,WI
2015-04-19,15/9-F-5,24.000,,,,,,,,4538.000,injection,WI
2015-04-20,15/9-F-5,24.000,,,,,,,,4500.000,injection,WI
2015-04-21,15/9-F-5,24.000,,,,,,,,4397.773,injection,WI
2015-04-22,15/9-F-5,24.000,,,,,,,,4368.667,injection,WI
2015-04-23,15/9-F-5,24.000,,,,,,,,4348.669,injection,WI
2015-04-24,15/9-F-5,24.000,,,,,,,,4373.043,injection,WI
2015-04-25,15/9-F-5,24.000,,,,,,,,4424.710,injection,WI
2015-04-26,15/9-F-5,24.000,,,,,,,,4425.497,injection,WI
2015-04-27,15/9-F-5,24.000,,,,,,,,4403.764,injection,WI
2015-04-28,15/9-F-5,24.000,,,,,,,,4425.343,injection,WI
2015-04-29,15/9-F-5,24.000,,,,,,,,4427.790,injection,WI
2015-04-30,15/9-F-5,24.000,,,,,,,,4415.654,injection,WI
2015-05-01,15/9-F-5,24.000,,,,,,,,4411.118,injection,WI
2015-05-02,15/9-F-5,24.000,,,,,,,,4427.157,injection,WI
2015-05-03,15/9-F-5,24.000,,,,,,,,4332.352,injection,WI
2015-05-04,15/9-F-5,24.000,,,,,,,,4295.700,injection,WI
2015-05-05,15/9-F-5,24.000,,,,,,,,4346.033,injection,WI
2015-05-06,15/9-F-5,24.000,,,,,,,,4354.630,injection,WI
2015-05-07,15/9-F-5,24.000,,,,,,,,4381.151,injection,WI
2015-05-08,15/9-F-5,24.000,,,,,,,,4397.284,injection,WI
2015-05-09,15/9-F-5,24.000,,,,,,,,4364.405,injection,WI
2015-05-10,15/9-F-5,24.000,,,,,,,,4359.911,injection,WI
2015-05-11,15/9-F-5,24.000,,,,,,,,4370.952,injection,WI
2015-05-12,15/9-F-5,24.000,,,,,,,,4374.331,injection,WI
2015-05-13,15/9-F-5,24.000,,,,,,,,4384.537,injection,WI
2015-05-14,15/9-F-5,24.000,,,,,,,,4363.450,injection,WI
2015-05-15,15/9-F-5,24.000,,,,,,,,4393.632,injection,WI
2015-05-16,15/9-F-5,24.000,,,,,,,,4398.573,injection,WI
2015-05-17,15/9-F-5,24.000,,,,,,,,4410.319,injection,WI
2015-05-18,15/9-F-5,24.000,,,,,,,,4442.281,injection,WI
2015-05-19,15/9-F-5,24.000,,,,,,,,4477.605,injection,WI
2015-05-20,15/9-F-5,24.000,,,,,,,,4474.433,injection,WI
2015-05-21,15/9-F-5,24.000,,,,,,,,4437.788,injection,WI
2015-05-22,15/9-F-5,24.000,,,,,,,,4346.627,injection,WI
2015-05-23,15/9-F-5,24.000,,,,,,,,4382.761,injection,WI
2015-05-24,15/9-F-5,24.000,,,,,,,,4326.068,injection,WI
2015-05-25,15/9-F-5,24.000,,,,,,,,4310.785,injection,WI
2015-05-26,15/9-F-5,24.000,,,,,,,,4296.000,injection,WI
2015-05-27,15/9-F-5,24.000,,,,,,,,4303.000,injection,WI
2015-05-28,15/9-F-5,24.000,,,,,,,,4295.000,injection,WI
2015-05-29,15/9-F-5,24.000,,,,,,,,4294.000,injection,WI
2015-05-30,15/9-F-5,24.000,,,,,,,,4258.000,injection,WI
2015-05-31,15/9-F-5,24.000,,,,,,,,4244.000,injection,WI
2015-06-01,15/9-F-5,24.000,,,,,,,,4262.000,injection,WI
2015-06-02,15/9-F-5,24.000,,,,,,,,4291.063,injection,WI
2015-06-03,15/9-F-5,24.000,,,,,,,,4306.551,injection,WI
2015-06-04,15/9-F-5,24.000,,,,,,,,4370.412,injection,WI
2015-06-05,15/9-F-5,24.000,,,,,,,,4294.328,injection,WI
2015-06-06,15/9-F-5,24.000,,,,,,,,4383.902,injection,WI
2015-06-07,15/9-F-5,21.450,,,,,,,,3750.232,injection,WI
2015-06-08,15/9-F-5,24.000,,,,,,,,4236.000,injection,WI
2015-06-09,15/9-F-5,24.000,,,,,,,,4296.106,injection,WI
2015-06-10,15/9-F-5,24.000,,,,,,,,4310.801,injection,WI
2015-06-11,15/9-F-5,24.000,,,,,,,,4320.236,injection,WI
2015-06-12,15/9-F-5,24.000,,,,,,,,4349.016,injection,WI
2015-06-13,15/9-F-5,24.000,,,,,,,,3673.551,injection,WI
2015-06-14,15/9-F-5,24.000,,,,,,,,4337.864,injection,WI
2015-06-15,15/9-F-5,24.000,,,,,,,,4336.631,injection,WI
2015-06-16,15/9-F-5,24.000,,,,,,,,4330.000,injection,WI
2015-06-17,15/9-F-5,24.000,,,,,,,,4301.000,injection,WI
2015-06-18,15/9-F-5,24.000,,,,,,,,5075.000,injection,WI
2015-06-19,15/9-F-5,24.000,,,,,,,,7040.123,injection,WI
2015-06-20,15/9-F-5,24.000,,,,,,,,7036.867,injection,WI
2015-06-21,15/9-F-5,24.000,,,,,,,,6886.008,injection,WI
2015-06-22,15/9-F-5,24.000,,,,,,,,7012.330,injection,WI
2015-06-23,15/9-F-5,24.000,,,,,,,,7014.000,injection,WI
2015-06-24,15/9-F-5,24.000,,,,,,,,6962.000,injection,WI
2015-06-25,15/9-F-5,24.000,,,,,,,,6917.233,injection,WI
2015-06-26,15/9-F-5,24.000,,,,,,,,6911.000,injection,WI
2015-06-27,15/9-F-5,24.000,,,,,,,,4571.000,injection,WI
2015-06-28,15/9-F-5,24.000,,,,,,,,2812.000,injection,WI
2015-06-29,15/9-F-5,24.000,,,,,,,,2812.732,injection,WI
2015-06-30,15/9-F-5,24.000,,,,,,,,2825.816,injection,WI
2015-07-01,15/9-F-5,24.000,,,,,,,,2843.495,injection,WI
2015-07-02,15/9-F-5,24.000,,,,,,,,2834.610,injection,WI
2015-07-03,15/9-F-5,19.675,,,,,,,,2239.256,injection,WI
2015-07-04,15/9-F-5,24.000,,,,,,,,2856.246,injection,WI
2015-07-05,15/9-F-5,24.000,,,,,,,,2846.580,injection,WI
2015-07-06,15/9-F-5,24.000,,,,,,,,2859.953,injection,WI
2015-07-07,15/9-F-5,24.000,,,,,,,,2875.829,injection,WI
2015-07-08,15/9-F-5,24.000,,,,,,,,2860.000,injection,WI
2015-07-09,15/9-F-5,24.000,,,,,,,,2878.000,injection,WI
2015-07-10,15/9-F-5,24.000,,,,,,,,2868.000,injection,WI
2015-07-11,15/9-F-5,24.000,,,,,,,,2873.000,injection,WI
2015-07-12,15/9-F-5,24.000,,,,,,,,2872.000,injection,WI
2015-07-13,15/9-F-5,24.000,,,,,,,,2851.000,injection,WI
2015-07-14,15/9-F-5,24.000,,,,,,,,3369.944,injection,WI
2015-07-15,15/9-F-5,24.000,,,,,,,,4317.468,injection,WI
2015-07-16,15/9-F-5,24.000,,,,,,,,4331.145,injection,WI
2015-07-17,15/9-F-5,24.000,,,,,,,,4342.581,injection,WI
2015-07-18,15/9-F-5,24.000,,,,,,,,4329.040,injection,WI
2015-07-19,15/9-F-5,24.000,,,,,,,,4611.495,injection,WI
2015-07-20,15/9-F-5,24.000,,,,,,,,4613.929,injection,WI
2015-07-21,15/9-F-5,24.000,,,,,,,,4569.562,injection,WI
2015-07-22,15/9-F-5,24.000,,,,,,,,4679.100,injection,WI
2015-07-23,15/9-F-5,24.000,,,,,,,,4728.731,injection,WI
2015-07-24,15/9-F-5,24.000,,,,,,,,4729.668,injection,WI
2015-07-25,15/9-F-5,24.000,,,,,,,,4682.437,injection,WI
2015-07-26,15/9-F-5,24.000,,,,,,,,4662.429,injection,WI
2015-07-27,15/9-F-5,24.000,,,,,,,,4629.434,injection,WI
2015-07-28,15/9-F-5,24.000,,,,,,,,4598.315,injection,WI
2015-07-29,15/9-F-5,24.000,,,,,,,,4630.847,injection,WI
2015-07-30,15/9-F-5,24.000,,,,,,,,4628.549,injection,WI
2015-07-31,15/9-F-5,24.000,,,,,,,,4647.129,injection,WI
2015-08-01,15/9-F-5,24.000,,,,,,,,4642.134,injection,WI
2015-08-02,15/9-F-5,24.000,,,,,,,,4623.821,injection,WI
2015-08-03,15/9-F-5,24.000,,,,,,,,4631.772,injection,WI
2015-08-04,15/9-F-5,24.000,,,,,,,,4633.461,injection,WI
2015-08-05,15/9-F-5,24.000,,,,,,,,4578.502,injection,WI
2015-08-06,15/9-F-5,24.000,,,,,,,,4484.737,injection,WI
2015-08-07,15/9-F-5,24.000,,,,,,,,4438.550,injection,WI
2015-08-08,15/9-F-5,24.000,,,,,,,,4999.635,injection,WI
2015-08-09,15/9-F-5,12.000,,,,,,,,1530.984,injection,WI
2015-08-10,15/9-F-5,24.000,,,,,,,,5110.145,injection,WI
2015-08-11,15/9-F-5,24.000,,,,,,,,4708.561,injection,WI
2015-08-12,15/9-F-5,24.000,,,,,,,,4505.813,injection,WI
2015-08-13,15/9-F-5,24.000,,,,,,,,4453.723,injection,WI
2015-08-14,15/9-F-5,24.000,,,,,,,,4417.984,injection,WI
2015-08-15,15/9-F-5,24.000,,,,,,,,4420.932,injection,WI
2015-08-16,15/9-F-5,24.000,,,,,,,,4358.794,injection,WI
2015-08-17,15/9-F-5,24.000,,,,,,,,4339.008,injection,WI
2015-08-18,15/9-F-5,24.000,,,,,,,,4343.000,injection,WI
2015-08-19,15/9-F-5,24.000,,,,,,,,4551.000,injection,WI
2015-08-20,15/9-F-5,24.000,,,,,,,,4347.000,injection,WI
2015-08-21,15/9-F-5,24.000,,,,,,,,4337.000,injection,WI
2015-08-22,15/9-F-5,24.000,,,,,,,,4327.000,injection,WI
2015-08-23,15/9-F-5,7.350,,,,,,,,1268.000,injection,WI
2015-08-24,15/9-F-5,24.000,,,,,,,,4615.000,injection,WI
2015-08-25,15/9-F-5,24.000,,,,,,,,4594.637,injection,WI
2015-08-26,15/9-F-5,14.275,,,,,,,,2654.358,injection,WI
2015-08-27,15/9-F-5,0.000,,,,,,,,0.000,injection,WI
2015-08-28,15/9-F-5,0.000,,,,,,,,0.000,injection,WI
2015-08-29,15/9-F-5,0.000,,,,,,,,0.000,injection,WI
2015-08-30,15/9-F-5,0.000,,,,,,,,0.000,injection,WI
2015-08-31,15/9-F-5,20.575,,,,,,,,3225.455,injection,WI
2015-09-01,15/9-F-5,24.000,,,,,,,,4600.060,injection,WI
2015-09-02,15/9-F-5,24.000,,,,,,,,4657.798,injection,WI
2015-09-03,15/9-F-5,24.000,,,,,,,,4650.101,injection,WI
2015-09-04,15/9-F-5,24.000,,,,,,,,4458.448,injection,WI
2015-09-05,15/9-F-5,24.000,,,,,,,,4394.396,injection,WI
2015-09-06,15/9-F-5,24.000,,,,,,,,4378.928,injection,WI
2015-09-07,15/9-F-5,24.000,,,,,,,,4443.580,injection,WI
2015-09-08,15/9-F-5,24.000,,,,,,,,4529.593,injection,WI
2015-09-09,15/9-F-5,24.000,,,,,,,,4539.236,injection,WI
2015-09-10,15/9-F-5,22.267,,,,,,,,4130.084,injection,WI
2015-09-11,15/9-F-5,24.000,,,,,,,,4299.871,injection,WI
2015-09-12,15/9-F-5,21.667,,,,,,,,3863.443,injection,WI
2015-09-13,15/9-F-5,24.000,,,,,,,,4314.967,injection,WI
2015-09-14,15/9-F-5,24.000,,,,,,,,4306.792,injection,WI
2015-09-15,15/9-F-5,24.000,,,,,,,,4285.723,injection,WI
2015-09-16,15/9-F-5,24.000,,,,,,,,4265.527,injection,WI
2015-09-17,15/9-F-5,24.000,,,,,,,,4217.976,injection,WI
2015-09-18,15/9-F-5,24.000,,,,,,,,4204.710,injection,WI
2015-09-19,15/9-F-5,24.000,,,,,,,,4202.286,injection,WI
2015-09-20,15/9-F-5,24.000,,,,,,,,4191.467,injection,WI
2015-09-21,15/9-F-5,24.000,,,,,,,,4207.241,injection,WI
2015-09-22,15/9-F-5,19.800,,,,,,,,3015.656,injection,WI
2015-09-23,15/9-F-5,24.000,,,,,,,,4236.113,injection,WI
2015-09-24,15/9-F-5,24.000,,,,,,,,4099.034,injection,WI
2015-09-25,15/9-F-5,24.000,,,,,,,,4212.141,injection,WI
2015-09-26,15/9-F-5,24.000,,,,,,,,4293.147,injection,WI
2015-09-27,15/9-F-5,24.000,,,,,,,,4292.854,injection,WI
2015-09-28,15/9-F-5,24.000,,,,,,,,4301.698,injection,WI
2015-09-29,15/9-F-5,24.000,,,,,,,,4332.000,injection,WI
2015-09-30,15/9-F-5,24.000,,,,,,,,4336.000,injection,WI
2015-10-01,15/9-F-5,24.000,,,,,,,,4392.000,injection,WI
2015-10-02,15/9-F-5,24.000,,,,,,,,4572.000,injection,WI
2015-10-03,15/9-F-5,24.000,,,,,,,,4895.000,injection,WI
2015-10-04,15/9-F-5,21.150,,,,,,,,4340.000,injection,WI
2015-10-05,15/9-F-5,23.000,,,,,,,,4411.000,injection,WI
2015-10-06,15/9-F-5,24.000,,,,,,,,4553.659,injection,WI
2015-10-07,15/9-F-5,24.000,,,,,,,,4573.712,injection,WI
2015-10-08,15/9-F-5,24.000,,,,,,,,4569.725,injection,WI
2015-10-09,15/9-F-5,24.000,,,,,,,,4539.679,injection,WI
2015-10-10,15/9-F-5,24.000,,,,,,,,4542.900,injection,WI
2015-10-11,15/9-F-5,24.000,,,,,,,,4532.214,injection,WI
2015-10-12,15/9-F-5,24.000,,,,,,,,4539.119,injection,WI
2015-10-13,15/9-F-5,15.508,,,,,,,,2914.902,injection,WI
2015-10-14,15/9-F-5,24.000,,,,,,,,4107.818,injection,WI
2015-10-15,15/9-F-5,24.000,,,,,,,,4282.052,injection,WI
2015-10-16,15/9-F-5,24.000,,,,,,,,4595.127,injection,WI
2015-10-17,15/9-F-5,18.750,,,,,,,,3361.347,injection,WI
2015-10-18,15/9-F-5,22.000,,,,,,,,3835.897,injection,WI
2015-10-19,15/9-F-5,24.000,,,,,,,,4308.144,injection,WI
2015-10-20,15/9-F-5,24.000,,,,,,,,4346.750,injection,WI
2015-10-21,15/9-F-5,24.000,,,,,,,,4318.493,injection,WI
2015-10-22,15/9-F-5,24.000,,,,,,,,4351.686,injection,WI
2015-10-23,15/9-F-5,24.000,,,,,,,,4375.199,injection,WI
2015-10-24,15/9-F-5,24.000,,,,,,,,4382.553,injection,WI
2015-10-25,15/9-F-5,24.000,,,,,,,,4344.317,injection,WI
2015-10-26,15/9-F-5,24.000,,,,,,,,4366.456,injection,WI
2015-10-27,15/9-F-5,24.000,,,,,,,,4396.415,injection,WI
2015-10-28,15/9-F-5,24.000,,,,,,,,4386.360,injection,WI
2015-10-29,15/9-F-5,24.000,,,,,,,,4342.652,injection,WI
2015-10-30,15/9-F-5,24.000,,,,,,,,4459.409,injection,WI
2015-10-31,15/9-F-5,24.000,,,,,,,,4438.288,injection,WI
2015-11-01,15/9-F-5,24.000,,,,,,,,4405.938,injection,WI
2015-11-02,15/9-F-5,9.692,,,,,,,,1785.977,injection,WI
2015-11-03,15/9-F-5,0.000,,,,,,,,0.000,injection,WI
2015-11-04,15/9-F-5,0.000,,,,,,,,0.000,injection,WI
2015-11-05,15/9-F-5,9.242,,,,,,,,1806.068,injection,WI
2015-11-06,15/9-F-5,24.000,,,,,,,,4517.697,injection,WI
2015-11-07,15/9-F-5,24.000,,,,,,,,6795.375,injection,WI
2015-11-08,15/9-F-5,24.000,,,,,,,,6919.122,injection,WI
2015-11-09,15/9-F-5,24.000,,,,,,,,6916.056,injection,WI
2015-11-10,15/9-F-5,24.000,,,,,,,,6539.000,injection,WI
2015-11-11,15/9-F-5,24.000,,,,,,,,6443.000,injection,WI
2015-11-12,15/9-F-5,24.000,,,,,,,,6079.000,injection,WI
2015-11-13,15/9-F-5,24.000,,,,,,,,6894.000,injection,WI
2015-11-14,15/9-F-5,24.000,,,,,,,,6906.000,injection,WI
2015-11-15,15/9-F-5,24.000,,,,,,,,4377.000,injection,WI
2015-11-16,15/9-F-5,24.000,,,,,,,,4343.000,injection,WI
2015-11-17,15/9-F-5,24.000,,,,,,,,4277.260,injection,WI
2015-11-18,15/9-F-5,24.000,,,,,,,,4278.152,injection,WI
2015-11-19,15/9-F-5,24.000,,,,,,,,4328.957,injection,WI
2015-11-20,15/9-F-5,24.000,,,,,,,,4356.440,injection,WI
2015-11-21,15/9-F-5,24.000,,,,,,,,4378.488,injection,WI
2015-11-22,15/9-F-5,24.000,,,,,,,,4323.994,injection,WI
2015-11-23,15/9-F-5,24.000,,,,,,,,4285.965,injection,WI
2015-11-24,15/9-F-5,24.000,,,,,,,,4244.569,injection,WI
2015-11-25,15/9-F-5,24.000,,,,,,,,4239.436,injection,WI
2015-11-26,15/9-F-5,24.000,,,,,,,,4227.746,injection,WI
2015-11-27,15/9-F-5,24.000,,,,,,,,4212.645,injection,WI
2015-11-28,15/9-F-5,24.000,,,,,,,,4240.056,injection,WI
2015-11-29,15/9-F-5,24.000,,,,,,,,4241.157,injection,WI
2015-11-30,15/9-F-5,24.000,,,,,,,,4240.843,injection,WI
2015-12-01,15/9-F-5,24.000,,,,,,,,4218.463,injection,WI
2015-12-02,15/9-F-5,24.000,,,,,,,,4166.798,injection,WI
2015-12-03,15/9-F-5,24.000,,,,,,,,5599.881,injection,WI
2015-12-04,15/9-F-5,24.000,,,,,,,,6875.645,injection,WI
2015-12-05,15/9-F-5,24.000,,,,,,,,7088.027,injection,WI
2015-12-06,15/9-F-5,24.000,,,,,,,,7153.304,injection,WI
2015-12-07,15/9-F-5,24.000,,,,,,,,7238.146,injection,WI
2015-12-08,15/9-F-5,24.000,,,,,,,,6926.113,injection,WI
2015-12-09,15/9-F-5,19.250,,,,,,,,3931.729,injection,WI
2015-12-10,15/9-F-5,24.000,,,,,,,,4319.929,injection,WI
2015-12-11,15/9-F-5,24.000,,,,,,,,4313.060,injection,WI
2015-12-12,15/9-F-5,24.000,,,,,,,,4302.885,injection,WI
2015-12-13,15/9-F-5,24.000,,,,,,,,4277.262,injection,WI
2015-12-14,15/9-F-5,24.000,,,,,,,,4242.420,injection,WI
2015-12-15,15/9-F-5,24.000,,,,,,,,4213.848,injection,WI
2015-12-16,15/9-F-5,24.000,,,,,,,,4194.788,injection,WI
2015-12-17,15/9-F-5,24.000,,,,,,,,4173.864,injection,WI
2015-12-18,15/9-F-5,24.000,,,,,,,,4168.509,injection,WI
2015-12-19,15/9-F-5,24.000,,,,,,,,4151.613,injection,WI
2015-12-20,15/9-F-5,24.000,,,,,,,,4160.925,injection,WI
2015-12-21,15/9-F-5,24.000,,,,,,,,4153.833,injection,WI
2015-12-22,15/9-F-5,24.000,,,,,,,,4147.000,injection,WI
2015-12-23,15/9-F-5,24.000,,,,,,,,4156.000,injection,WI
2015-12-24,15/9-F-5,24.000,,,,,,,,4162.000,injection,WI
2015-12-25,15/9-F-5,24.000,,,,,,,,4160.000,injection,WI
2015-12-26,15/9-F-5,24.000,,,,,,,,4151.000,injection,WI
2015-12-27,15/9-F-5,24.000,,,,,,,,4148.000,injection,WI
2015-12-28,15/9-F-5,24.000,,,,,,,,4151.000,injection,WI
2015-12-29,15/9-F-5,24.000,,,,,,,,4152.867,injection,WI
2015-12-30,15/9-F-5,24.000,,,,,,,,4147.808,injection,WI
2015-12-31,15/9-F-5,24.000,,,,,,,,4136.616,injection,WI
2016-01-01,15/9-F-5,24.000,,,,,,,,4138.072,injection,WI
2016-01-02,15/9-F-5,24.000,,,,,,,,4155.791,injection,WI
2016-01-03,15/9-F-5,17.000,,,,,,,,2907.064,injection,WI
2016-01-04,15/9-F-5,23.833,,,,,,,,3246.567,injection,WI
2016-01-05,15/9-F-5,24.000,,,,,,,,6360.377,injection,WI
2016-01-06,15/9-F-5,24.000,,,,,,,,6958.718,injection,WI
2016-01-07,15/9-F-5,24.000,,,,,,,,6886.851,injection,WI
2016-01-08,15/9-F-5,24.000,,,,,,,,6947.011,injection,WI
2016-01-09,15/9-F-5,24.000,,,,,,,,6973.418,injection,WI
2016-01-10,15/9-F-5,24.000,,,,,,,,6966.726,injection,WI
2016-01-11,15/9-F-5,24.000,,,,,,,,6915.783,injection,WI
2016-01-12,15/9-F-5,24.000,,,,,,,,6649.953,injection,WI
2016-01-13,15/9-F-5,21.167,,,,,,,,3763.161,injection,WI
2016-01-14,15/9-F-5,24.000,,,,,,,,4085.794,injection,WI
2016-01-15,15/9-F-5,24.000,,,,,,,,4154.880,injection,WI
2016-01-16,15/9-F-5,24.000,,,,,,,,4167.252,injection,WI
2016-01-17,15/9-F-5,24.000,,,,,,,,4186.250,injection,WI
2016-01-18,15/9-F-5,24.000,,,,,,,,4131.378,injection,WI
2016-01-19,15/9-F-5,24.000,,,,,,,,4140.155,injection,WI
2016-01-20,15/9-F-5,20.333,,,,,,,,3563.381,injection,WI
2016-01-21,15/9-F-5,24.000,,,,,,,,4576.479,injection,WI
2016-01-22,15/9-F-5,24.000,,,,,,,,4562.600,injection,WI
2016-01-23,15/9-F-5,24.000,,,,,,,,4582.951,injection,WI
2016-01-24,15/9-F-5,24.000,,,,,,,,4461.759,injection,WI
2016-01-25,15/9-F-5,19.258,,,,,,,,3525.433,injection,WI
2016-01-26,15/9-F-5,19.825,,,,,,,,3666.082,injection,WI
2016-01-27,15/9-F-5,24.000,,,,,,,,4383.789,injection,WI
2016-01-28,15/9-F-5,24.000,,,,,,,,4365.318,injection,WI
2016-01-29,15/9-F-5,24.000,,,,,,,,4341.653,injection,WI
2016-01-30,15/9-F-5,24.000,,,,,,,,4312.029,injection,WI
2016-01-31,15/9-F-5,24.000,,,,,,,,4317.882,injection,WI
2016-02-01,15/9-F-5,24.000,,,,,,,,4301.111,injection,WI
2016-02-02,15/9-F-5,24.000,,,,,,,,4307.806,injection,WI
2016-02-03,15/9-F-5,24.000,,,,,,,,4343.000,injection,WI
2016-02-04,15/9-F-5,21.333,,,,,,,,3611.000,injection,WI
2016-02-05,15/9-F-5,24.000,,,,,,,,4571.000,injection,WI
2016-02-06,15/9-F-5,24.000,,,,,,,,4627.000,injection,WI
2016-02-07,15/9-F-5,24.000,,,,,,,,4634.000,injection,WI
2016-02-08,15/9-F-5,24.000,,,,,,,,4624.000,injection,WI
2016-02-09,15/9-F-5,24.000,,,,,,,,4615.988,injection,WI
2016-02-10,15/9-F-5,24.000,,,,,,,,5110.761,injection,WI
2016-02-11,15/9-F-5,24.000,,,,,,,,5879.878,injection,WI
2016-02-12,15/9-F-5,24.000,,,,,,,,5890.026,injection,WI
2016-02-13,15/9-F-5,24.000,,,,,,,,5894.486,injection,WI
2016-02-14,15/9-F-5,24.000,,,,,,,,5916.341,injection,WI
2016-02-15,15/9-F-5,24.000,,,,,,,,5928.083,injection,WI
2016-02-16,15/9-F-5,24.000,,,,,,,,5938.525,injection,WI
2016-02-17,15/9-F-5,24.000,,,,,,,,5930.204,injection,WI
2016-02-18,15/9-F-5,24.000,,,,,,,,5914.808,injection,WI
2016-02-19,15/9-F-5,23.583,,,,,,,,5754.092,injection,WI
2016-02-20,15/9-F-5,24.000,,,,,,,,6625.466,injection,WI
2016-02-21,15/9-F-5,24.000,,,,,,,,6972.410,injection,WI
2016-02-22,15/9-F-5,24.000,,,,,,,,6958.855,injection,WI
2016-02-23,15/9-F-5,24.000,,,,,,,,6930.460,injection,WI
2016-02-24,15/9-F-5,24.000,,,,,,,,6952.125,injection,WI
2016-02-25,15/9-F-5,22.333,,,,,,,,6451.766,injection,WI
2016-02-26,15/9-F-5,24.000,,,,,,,,6895.234,injection,WI
2016-02-27,15/9-F-5,24.000,,,,,,,,6654.410,injection,WI
2016-02-28,15/9-F-5,24.000,,,,,,,,6528.326,injection,WI
2016-02-29,15/9-F-5,24.000,,,,,,,,5427.435,injection,WI
2016-03-01,15/9-F-5,24.000,,,,,,,,4490.405,injection,WI
2016-03-02,15/9-F-5,24.000,,,,,,,,4491.282,injection,WI
2016-03-03,15/9-F-5,24.000,,,,,,,,4476.084,injection,WI
2016-03-04,15/9-F-5,24.000,,,,,,,,4446.746,injection,WI
2016-03-05,15/9-F-5,24.000,,,,,,,,4445.711,injection,WI
2016-03-06,15/9-F-5,24.000,,,,,,,,4444.980,injection,WI
2016-03-07,15/9-F-5,24.000,,,,,,,,4394.883,injection,WI
2016-03-08,15/9-F-5,24.000,,,,,,,,4419.143,injection,WI
2016-03-09,15/9-F-5,24.000,,,,,,,,4428.430,injection,WI
2016-03-10,15/9-F-5,24.000,,,,,,,,4424.170,injection,WI
2016-03-11,15/9-F-5,24.000,,,,,,,,4422.885,injection,WI
2016-03-12,15/9-F-5,24.000,,,,,,,,4457.739,injection,WI
2016-03-13,15/9-F-5,24.000,,,,,,,,4442.272,injection,WI
2016-03-14,15/9-F-5,24.000,,,,,,,,4423.057,injection,WI
2016-03-15,15/9-F-5,24.000,,,,,,,,4428.000,injection,WI
2016-03-16,15/9-F-5,24.000,,,,,,,,4572.000,injection,WI
2016-03-17,15/9-F-5,24.000,,,,,,,,4589.000,injection,WI
2016-03-18,15/9-F-5,24.000,,,,,,,,4570.000,injection,WI
2016-03-19,15/9-F-5,24.000,,,,,,,,4581.000,injection,WI
2016-03-20,15/9-F-5,24.000,,,,,,,,4597.000,injection,WI
2016-03-21,15/9-F-5,24.000,,,,,,,,4595.000,injection,WI
2016-03-22,15/9-F-5,24.000,,,,,,,,4575.297,injection,WI
2016-03-23,15/9-F-5,24.000,,,,,,,,4576.686,injection,WI
2016-03-24,15/9-F-5,24.000,,,,,,,,4579.406,injection,WI
2016-03-25,15/9-F-5,24.000,,,,,,,,4577.083,injection,WI
2016-03-26,15/9-F-5,24.000,,,,,,,,4580.585,injection,WI
2016-03-27,15/9-F-5,23.000,,,,,,,,4399.000,injection,WI
2016-03-28,15/9-F-5,24.000,,,,,,,,4590.628,injection,WI
2016-03-29,15/9-F-5,24.000,,,,,,,,4592.348,injection,WI
2016-03-30,15/9-F-5,24.000,,,,,,,,4597.103,injection,WI
2016-03-31,15/9-F-5,24.000,,,,,,,,4602.668,injection,WI
2016-04-01,15/9-F-5,23.825,,,,,,,,4413.968,injection,WI
2016-04-02,15/9-F-5,6.008,,,,,,,,1182.627,injection,WI
2016-04-03,15/9-F-5,24.000,,,,,,,,4395.173,injection,WI
2016-04-04,15/9-F-5,18.583,,,,,,,,3437.596,injection,WI
2016-04-05,15/9-F-5,16.500,,,,,,,,3972.165,injection,WI
2016-04-06,15/9-F-5,10.658,,,,,,,,2825.429,injection,WI
2016-04-07,15/9-F-5,0.000,,,,,,,,0.000,injection,WI
2016-04-08,15/9-F-5,0.000,,,,,,,,0.000,injection,WI
2016-04-09,15/9-F-5,0.000,,,,,,,,0.000,injection,WI
2016-04-10,15/9-F-5,0.000,,,,,,,,0.000,injection,WI
2016-04-11,15/9-F-5,0.000,,,0.000,0.729,0.000,0.000,0.000,,production,WI
2016-04-12,15/9-F-5,0.000,,,0.000,0.718,0.000,0.000,0.000,,production,OP
2016-04-13,15/9-F-5,0.000,,,4.676,0.731,0.000,0.000,0.000,,production,OP
2016-04-14,15/9-F-5,0.000,,,11.781,0.720,0.000,0.000,0.000,,production,OP
2016-04-15,15/9-F-5,0.000,,,11.705,0.777,0.000,0.000,0.000,,production,OP
2016-04-16,15/9-F-5,0.000,,,11.726,0.777,0.000,0.000,0.000,,production,OP
2016-04-17,15/9-F-5,0.000,,,11.739,0.759,0.000,0.000,0.000,,production,OP
2016-04-18,15/9-F-5,0.000,,,11.750,0.746,0.000,0.000,0.000,,production,OP
2016-04-19,15/9-F-5,0.000,,,11.736,0.745,0.000,0.000,0.000,,production,OP
2016-04-20,15/9-F-5,5.842,,,12.232,16.666,17.750,3048.800,71.050,,production,OP
2016-04-21,15/9-F-5,24.000,,,26.123,80.415,396.800,62250.560,334.070,,production,OP
2016-04-22,15/9-F-5,24.000,,,26.003,79.400,358.120,53895.450,327.990,,production,OP
2016-04-23,15/9-F-5,24.000,,,26.028,79.460,327.460,52669.630,288.670,,production,OP
2016-04-24,15/9-F-5,24.000,,,25.681,79.457,319.310,51560.990,214.090,,production,OP
2016-04-25,15/9-F-5,24.000,,,25.988,79.474,327.280,52516.780,204.450,,production,OP
2016-04-26,15/9-F-5,24.000,,,25.845,79.444,334.200,53504.040,202.550,,production,OP
2016-04-27,15/9-F-5,24.000,,,25.818,79.418,329.530,53123.380,199.280,,production,OP
2016-04-28,15/9-F-5,24.000,,,25.882,79.517,333.070,52382.590,197.200,,production,OP
2016-04-29,15/9-F-5,24.000,,,25.848,79.534,328.680,51937.640,171.420,,production,OP
2016-04-30,15/9-F-5,24.000,,,25.761,79.462,328.410,51748.700,170.010,,production,OP
2016-05-01,15/9-F-5,24.000,,,25.990,79.492,319.830,51587.690,168.240,,production,OP
2016-05-02,15/9-F-5,24.000,,,25.963,79.442,331.790,53506.660,168.760,,production,OP
2016-05-03,15/9-F-5,24.000,,,25.880,79.383,331.570,53110.460,170.130,,production,OP
2016-05-04,15/9-F-5,12.000,,,25.955,79.468,328.700,52387.430,136.130,0.000,production,WI
2016-05-05,15/9-F-5,24.000,,,25.948,79.464,330.720,52214.330,136.750,,production,OP
2016-05-06,15/9-F-5,24.000,,,25.839,79.449,332.080,52153.650,135.820,,production,OP
2016-05-07,15/9-F-5,24.000,,,25.738,79.418,330.600,52362.470,135.570,,production,OP
2016-05-08,15/9-F-5,24.000,,,25.843,79.406,329.510,51951.070,135.030,,production,OP
2016-05-09,15/9-F-5,24.000,,,25.772,79.358,325.250,51420.650,135.980,,production,OP
2016-05-10,15/9-F-5,24.000,,,25.683,79.385,321.420,50843.320,180.210,,production,OP
2016-05-11,15/9-F-5,24.000,,,25.660,79.502,320.360,50799.700,132.670,,production,OP
2016-05-12,15/9-F-5,24.000,,,25.653,79.442,317.680,50483.880,132.650,,production,OP
2016-05-13,15/9-F-5,24.000,,,25.731,79.552,315.470,50107.700,132.710,,production,OP
2016-05-14,15/9-F-5,24.000,,,25.765,79.515,312.670,49744.990,132.010,,production,OP
2016-05-15,15/9-F-5,24.000,,,26.059,79.539,291.030,46945.670,123.800,,production,OP
2016-05-16,15/9-F-5,24.000,,,25.664,79.491,315.030,36320.270,133.690,,production,OP
2016-05-17,15/9-F-5,24.000,,,25.714,79.513,309.940,49635.600,131.410,,production,OP
2016-05-18,15/9-F-5,24.000,,,25.730,79.583,308.270,49536.710,130.870,,production,OP
2016-05-19,15/9-F-5,24.000,,,25.761,79.605,305.400,49204.820,130.430,,production,OP
2016-05-20,15/9-F-5,24.000,,,25.860,79.509,304.950,48491.820,130.220,,production,OP
2016-05-21,15/9-F-5,24.000,,,25.841,79.564,300.640,47704.090,131.800,,production,OP
2016-05-22,15/9-F-5,24.000,,,25.748,79.466,301.990,48095.740,134.190,,production,OP
2016-05-23,15/9-F-5,24.000,,,25.644,79.469,303.220,48334.600,134.480,,production,OP
2016-05-24,15/9-F-5,24.000,,,25.693,79.522,305.300,48643.590,134.200,,production,OP
2016-05-25,15/9-F-5,24.000,,,25.646,79.446,306.560,48653.680,133.510,,production,OP
2016-05-26,15/9-F-5,24.000,,,25.594,79.426,306.630,48677.750,77.980,,production,OP
2016-05-27,15/9-F-5,24.000,,,25.599,79.435,303.710,48347.280,77.870,,production,OP
2016-05-28,15/9-F-5,24.000,,,25.610,79.455,304.750,48546.340,78.400,,production,OP
2016-05-29,15/9-F-5,24.000,,,25.659,79.458,301.830,48371.320,78.540,,production,OP
2016-05-30,15/9-F-5,24.000,,,25.589,79.388,300.850,47713.290,78.020,,production,OP
2016-05-31,15/9-F-5,24.000,,,25.628,79.471,306.650,48780.590,77.830,,production,OP
2016-06-01,15/9-F-5,24.000,,,25.651,79.439,306.390,48141.200,77.390,,production,OP
2016-06-02,15/9-F-5,24.000,,,25.653,79.428,303.970,48493.550,78.020,,production,OP
2016-06-03,15/9-F-5,24.000,,,25.580,79.372,290.020,46550.610,76.860,,production,OP
2016-06-04,15/9-F-5,24.000,,,25.606,79.415,306.280,50327.260,78.120,,production,OP
2016-06-05,15/9-F-5,24.000,,,25.609,79.421,307.960,50241.850,78.370,,production,OP
2016-06-06,15/9-F-5,24.000,,,25.592,79.432,308.430,50084.380,78.640,,production,OP
2016-06-07,15/9-F-5,24.000,,,25.665,79.429,309.440,50400.040,79.050,,production,OP
2016-06-08,15/9-F-5,22.417,,,28.252,66.572,273.030,44565.350,69.060,,production,OP
2016-06-09,15/9-F-5,24.000,,,26.065,60.488,294.420,47819.270,81.000,,production,OP
2016-06-10,15/9-F-5,24.000,,,26.115,60.629,303.560,49899.520,79.720,,production,OP
2016-06-11,15/9-F-5,24.000,,,26.192,60.612,304.660,49284.630,78.370,,production,OP
2016-06-12,15/9-F-5,24.000,,,26.200,60.576,290.070,46722.360,74.050,,production,OP
2016-06-13,15/9-F-5,24.000,,,25.884,70.281,306.710,49756.950,79.300,,production,OP
2016-06-14,15/9-F-5,24.000,,,25.624,80.434,310.880,50057.550,80.080,,production,OP
2016-06-15,15/9-F-5,24.000,,,25.592,80.413,308.850,49826.070,80.530,,production,OP
2016-06-16,15/9-F-5,24.000,,,25.596,80.415,311.320,50093.000,81.060,,production,OP
2016-06-17,15/9-F-5,24.000,,,25.553,80.329,307.360,48970.740,80.390,,production,OP
2016-06-18,15/9-F-5,24.000,,,25.637,80.303,307.780,49244.210,80.200,,production,OP
2016-06-19,15/9-F-5,24.000,,,25.605,80.358,308.090,49164.750,80.520,,production,OP
2016-06-20,15/9-F-5,24.000,,,25.694,80.350,308.760,49180.120,80.370,,production,OP
2016-06-21,15/9-F-5,24.000,,,25.665,80.320,307.810,49124.660,80.750,,production,OP
2016-06-22,15/9-F-5,24.000,,,25.758,80.340,307.130,49132.020,80.770,,production,OP
2016-06-23,15/9-F-5,24.000,,,25.677,80.339,307.300,49297.960,81.570,,production,OP
2016-06-24,15/9-F-5,24.000,,,25.537,80.278,307.670,49111.880,80.430,,production,OP
2016-06-25,15/9-F-5,24.000,,,25.548,80.301,305.290,48917.470,80.450,,production,OP
2016-06-26,15/9-F-5,24.000,,,25.563,80.276,306.090,49111.110,80.510,,production,OP
2016-06-27,15/9-F-5,24.000,,,25.646,80.327,301.790,48409.850,80.280,,production,OP
2016-06-28,15/9-F-5,24.000,,,25.753,80.290,304.150,48911.870,80.200,,production,OP
2016-06-29,15/9-F-5,24.000,,,25.659,80.357,304.480,48948.960,80.360,,production,OP
2016-06-30,15/9-F-5,24.000,,,25.685,80.281,301.790,48767.930,80.510,,production,OP
2016-07-01,15/9-F-5,24.000,,,25.839,80.307,306.020,48687.360,80.340,,production,OP
2016-07-02,15/9-F-5,24.000,,,25.651,80.280,302.110,48672.770,80.680,,production,OP
2016-07-03,15/9-F-5,24.000,,,25.671,80.244,304.650,48392.030,80.280,,production,OP
2016-07-04,15/9-F-5,24.000,,,25.599,80.238,299.450,48374.440,80.650,,production,OP
2016-07-05,15/9-F-5,24.000,,,25.558,80.224,303.040,48438.350,80.220,,production,OP
2016-07-06,15/9-F-5,24.000,,,25.579,80.260,291.910,48158.110,80.640,,production,OP
2016-07-07,15/9-F-5,24.000,,,25.704,80.270,301.120,49420.570,81.590,,production,OP
2016-07-08,15/9-F-5,24.000,,,25.538,80.243,299.780,49468.270,81.520,,production,OP
2016-07-09,15/9-F-5,23.500,,,24.459,70.750,332.840,54384.280,60.380,,production,OP
2016-07-10,15/9-F-5,24.000,,,20.567,79.838,352.180,58253.410,78.780,,production,OP
2016-07-11,15/9-F-5,23.667,,,21.169,76.860,340.310,56214.050,76.080,,production,OP
2016-07-12,15/9-F-5,24.000,,,20.576,81.057,353.770,57623.990,77.910,,production,OP
2016-07-13,15/9-F-5,24.000,,,22.557,81.021,354.560,54844.720,78.640,,production,OP
2016-07-14,15/9-F-5,24.000,,,24.586,88.978,194.530,31127.280,41.680,,production,OP
2016-07-15,15/9-F-5,24.000,,,21.072,99.830,348.250,55749.490,87.950,,production,OP
2016-07-16,15/9-F-5,24.000,,,21.662,99.787,200.850,32134.050,38.920,,production,OP
2016-07-17,15/9-F-5,21.475,,,21.873,89.570,299.640,47975.230,52.910,,production,OP
2016-07-18,15/9-F-5,24.000,,,21.991,99.954,336.840,53915.730,77.690,,production,OP
2016-07-19,15/9-F-5,24.000,,,22.168,99.938,352.970,56478.950,97.570,,production,OP
2016-07-20,15/9-F-5,24.000,,,22.173,100.000,356.890,57081.750,90.340,,production,OP
2016-07-21,15/9-F-5,24.000,,,22.073,100.000,350.380,56064.530,85.810,,production,OP
2016-07-22,15/9-F-5,24.000,,,22.110,100.000,333.940,53433.150,85.710,,production,OP
2016-07-23,15/9-F-5,24.000,,,22.006,100.000,333.750,53396.870,86.550,,production,OP
2016-07-24,15/9-F-5,24.000,,,21.699,100.000,343.960,55031.770,87.570,,production,OP
2016-07-25,15/9-F-5,24.000,,,21.710,97.917,343.750,54995.380,80.730,,production,OP
2016-07-26,15/9-F-5,12.000,,,21.580,100.000,340.520,54468.730,78.670,0.000,production,WI
2016-07-27,15/9-F-5,12.000,,,21.538,100.000,334.180,53468.310,85.230,0.000,production,WI
2016-07-28,15/9-F-5,12.000,,,21.611,100.000,338.690,54190.200,88.610,0.000,production,WI
2016-07-29,15/9-F-5,12.000,,,21.457,100.000,342.770,53787.030,89.700,0.000,production,WI
2016-07-30,15/9-F-5,12.000,,,21.400,100.000,349.250,55339.690,91.800,0.000,production,WI
2016-07-31,15/9-F-5,12.000,,,21.407,100.000,342.390,53103.900,88.560,0.000,production,WI
2016-08-01,15/9-F-5,12.000,,,21.355,100.000,351.380,53406.080,85.880,0.000,production,WI
2016-08-02,15/9-F-5,24.000,,,21.442,100.000,343.050,56034.200,83.960,,production,OP
2016-08-03,15/9-F-5,24.000,,,22.258,100.000,331.520,50314.860,115.800,,production,OP
2016-08-04,15/9-F-5,24.000,,,23.694,100.000,317.300,56269.140,96.020,,production,OP
2016-08-05,15/9-F-5,24.000,,,23.699,100.000,325.410,52185.810,87.470,,production,OP
2016-08-06,15/9-F-5,24.000,,,23.732,100.000,317.160,50542.980,82.160,,production,OP
2016-08-07,15/9-F-5,24.000,,,23.951,100.000,320.540,54197.290,82.450,,production,OP
2016-08-08,15/9-F-5,24.000,,,23.879,100.000,319.730,51233.470,82.490,,production,OP
2016-08-09,15/9-F-5,23.833,,,24.963,94.024,302.450,49384.000,79.850,,production,OP
2016-08-10,15/9-F-5,24.000,,,23.751,99.916,315.740,51488.040,81.270,,production,OP
2016-08-11,15/9-F-5,24.000,,,23.890,100.000,321.910,50979.020,81.590,,production,OP
2016-08-12,15/9-F-5,24.000,,,23.958,100.000,329.870,52230.710,99.020,,production,OP
2016-08-13,15/9-F-5,24.000,,,23.674,100.000,330.590,52586.520,103.050,,production,OP
2016-08-14,15/9-F-5,24.000,,,23.583,100.000,342.050,53427.870,110.620,,production,OP
2016-08-15,15/9-F-5,24.000,,,23.622,100.000,351.680,55110.100,109.450,,production,OP
2016-08-16,15/9-F-5,24.000,,,23.787,100.000,360.710,56933.600,95.480,,production,OP
2016-08-17,15/9-F-5,24.000,,,23.732,100.000,357.320,55210.600,91.350,,production,OP
2016-08-18,15/9-F-5,24.000,,,23.674,100.000,364.800,56734.620,90.830,,production,OP
2016-08-19,15/9-F-5,24.000,,,23.739,100.000,368.410,57573.190,90.080,,production,OP
2016-08-20,15/9-F-5,24.000,,,23.798,100.000,355.950,56336.020,90.820,,production,OP
2016-08-21,15/9-F-5,24.000,,,23.796,100.000,369.990,57866.640,91.280,,production,OP
2016-08-22,15/9-F-5,24.000,,,23.650,100.000,371.330,57934.840,90.610,,production,OP
2016-08-23,15/9-F-5,24.000,,,23.728,100.000,378.550,59119.570,90.110,,production,OP
2016-08-24,15/9-F-5,24.000,,,23.703,100.000,376.860,58632.310,91.320,,production,OP
2016-08-25,15/9-F-5,24.000,,,23.642,100.000,377.440,59337.430,91.380,,production,OP
2016-08-26,15/9-F-5,20.592,,,23.970,83.877,327.160,52209.600,77.520,,production,OP
2016-08-27,15/9-F-5,0.000,,,12.679,33.200,0.000,0.000,0.000,,production,OP
2016-08-28,15/9-F-5,0.000,,,1.180,0.775,0.000,0.000,0.000,,production,OP
2016-08-29,15/9-F-5,0.000,,,52.031,0.694,0.000,0.000,0.000,,production,OP
2016-08-30,15/9-F-5,0.000,,,83.865,0.674,0.000,0.000,0.000,,production,OP
2016-08-31,15/9-F-5,0.000,,,6.009,0.633,0.000,0.000,0.000,,production,OP
2016-09-01,15/9-F-5,0.000,,,6.002,0.614,0.000,0.000,0.000,,production,OP
2016-09-02,15/9-F-5,0.000,,,6.003,0.611,0.000,0.000,0.000,,production,OP
2016-09-03,15/9-F-5,0.000,,,2.891,0.592,0.000,0.000,0.000,,production,OP
2016-09-04,15/9-F-5,0.000,,,0.078,0.618,0.000,0.000,0.000,,production,OP
2016-09-05,15/9-F-5,0.000,,,0.085,0.600,0.000,0.000,0.000,,production,OP
2016-09-06,15/9-F-5,0.000,,,0.083,0.613,0.000,0.000,0.000,0.000,production,WI
2016-09-07,15/9-F-5,0.000,,,0.075,0.616,0.000,0.000,0.000,0.000,production,WI
2016-09-08,15/9-F-5,0.000,,,0.085,0.589,0.000,0.000,0.000,0.000,production,WI
2016-09-09,15/9-F-5,0.000,,,0.085,0.575,0.000,0.000,0.000,0.000,production,WI
2016-09-10,15/9-F-5,0.000,,,0.085,0.571,0.000,0.000,0.000,0.000,production,WI
2016-09-11,15/9-F-5,0.000,,,0.087,0.568,0.000,0.000,0.000,0.000,production,WI
2016-09-12,15/9-F-5,0.000,,,0.085,0.559,0.000,0.000,0.000,0.000,production,WI
2016-09-13,15/9-F-5,0.000,,,0.085,0.674,0.000,0.000,0.000,,production,OP
2016-09-14,15/9-F-5,0.000,,,0.078,0.636,0.000,0.000,0.000,,production,OP
2016-09-15,15/9-F-5,0.000,,,0.085,0.671,0.000,0.000,0.000,,production,OP
2016-09-16,15/9-F-5,0.000,,,0.085,0.664,0.000,0.000,0.000,,production,OP
2016-09-17,15/9-F-5,0.000,,,0.075,0.625,0.000,0.000,0.000,,production,OP
2016-09-18,15/9-F-5,0.000,,,,,,,,0.000,injection,WI
