DATEPRD,NPD_WELL_BORE_NAME,ON_STREAM_HRS,AVG_DOWNHOLE_PRESSURE,AVG_DOWNHOLE_TEMPERATURE,AVG_WHP_P,AVG_CHOKE_SIZE_P,BORE_OIL_VOL,BORE_GAS_VOL,BORE_WAT_VOL,BORE_WI_VOL,FLOW_KIND,WELL_TYPE
2013-07-08,15/9-F-11,0.000,0.000,0.000,0.000,0.000,0.000,0.000,0.000,,production,OP
2013-07-09,15/9-F-11,0.000,0.000,0.000,0.000,0.000,0.000,0.000,0.000,,production,OP
2013-07-10,15/9-F-11,0.000,,,,,0.000,0.000,0.000,,production,OP
2013-07-11,15/9-F-11,0.000,0.000,0.000,0.000,0.000,0.000,0.000,0.000,,production,OP
2013-07-12,15/9-F-11,0.000,,,,,0.000,0.000,0.000,,production,OP
2013-07-13,15/9-F-11,0.000,0.000,0.000,0.000,0.000,0.000,0.000,0.000,,production,OP
2013-07-14,15/9-F-11,0.000,0.000,0.000,0.000,0.000,0.000,0.000,0.000,,production,OP
2013-07-15,15/9-F-11,0.000,0.000,0.000,0.000,0.000,0.000,0.000,0.000,,production,OP
2013-07-16,15/9-F-11,0.000,0.000,0.000,0.000,0.000,0.000,0.000,0.000,,production,OP
2013-07-17,15/9-F-11,0.000,0.000,0.000,0.000,0.000,0.000,0.000,0.000,,production,OP
2013-07-18,15/9-F-11,0.000,0.000,0.000,0.000,0.000,0.000,0.000,0.000,,production,OP
2013-07-19,15/9-F-11,0.000,0.000,0.000,0.000,0.000,0.000,0.000,0.000,,production,OP
2013-07-20,15/9-F-11,0.000,0.000,0.000,0.000,0.000,0.000,0.000,0.000,,production,OP
2013-07-21,15/9-F-11,0.000,0.000,0.000,0.000,0.000,0.000,0.000,0.000,,production,OP
2013-07-22,15/9-F-11,0.000,0.000,0.000,0.000,0.000,0.000,0.000,0.000,,production,OP
2013-07-23,15/9-F-11,0.000,,,,1.113,0.000,0.000,0.000,,production,OP
2013-07-24,15/9-F-11,7.000,1.926,0.352,28.049,3.257,17.850,2772.470,0.000,,production,OP
2013-07-25,15/9-F-11,24.000,163.594,60.316,102.121,8.549,725.000,108940.110,0.000,,production,OP
2013-07-26,15/9-F-11,24.000,,,,9.419,891.480,131386.550,0.000,,production,OP
2013-07-27,15/9-F-11,24.000,,,,9.322,886.420,134616.720,0.000,,production,OP
2013-07-28,15/9-F-11,0.840,0.000,0.000,0.000,2.464,56.010,9011.770,0.000,,production,OP
2013-07-29,15/9-F-11,4.000,0.000,0.000,0.000,2.537,123.590,18792.500,0.000,,production,OP
2013-07-30,15/9-F-11,24.000,,,,9.779,1032.380,155864.670,0.000,,production,OP
2013-07-31,15/9-F-11,5.075,273.947,105.551,94.565,2.541,190.350,29119.730,0.000,,production,OP
2013-08-01,15/9-F-11,0.000,316.014,102.196,0.849,0.004,0.000,0.000,0.000,,production,OP
2013-08-02,15/9-F-11,0.000,317.551,101.740,0.819,0.000,0.000,0.000,0.000,,production,OP
2013-08-03,15/9-F-11,15.075,277.798,104.933,96.496,6.116,590.090,88733.420,0.000,,production,OP
2013-08-04,15/9-F-11,24.000,273.594,105.440,96.201,9.951,1066.460,161227.000,0.000,,production,OP
2013-08-05,15/9-F-11,24.000,272.298,105.538,95.512,9.759,1059.610,160270.490,0.000,,production,OP
2013-08-06,15/9-F-11,24.000,271.561,105.585,95.042,9.882,1070.450,160951.300,0.000,,production,OP
2013-08-07,15/9-F-11,24.000,271.072,105.614,94.743,9.789,1069.960,160232.470,0.000,,production,OP
2013-08-08,15/9-F-11,24.000,270.691,105.640,94.516,9.784,1062.220,159483.760,0.000,,production,OP
2013-08-09,15/9-F-11,24.000,270.245,105.667,94.298,9.915,1074.000,162196.780,0.000,,production,OP
2013-08-10,15/9-F-11,24.000,269.993,105.695,94.060,9.881,1070.300,161999.010,0.000,,production,OP
2013-08-11,15/9-F-11,24.000,269.958,105.718,93.969,9.881,1054.090,160095.110,0.000,,production,OP
2013-08-12,15/9-F-11,24.000,269.873,105.742,93.860,9.847,1038.690,159050.280,0.000,,production,OP
2013-08-13,15/9-F-11,24.000,269.561,105.776,93.555,9.865,1050.890,160116.290,0.000,,production,OP
2013-08-14,15/9-F-11,24.000,269.412,105.803,93.228,9.796,1044.550,158506.740,0.000,,production,OP
2013-08-15,15/9-F-11,24.000,269.362,105.824,93.079,9.837,1044.600,158971.520,0.000,,production,OP
2013-08-16,15/9-F-11,24.000,267.613,105.886,91.851,9.911,1075.730,162409.960,0.000,,production,OP
2013-08-17,15/9-F-11,24.000,266.957,105.925,91.445,10.092,1088.860,165357.190,0.000,,production,OP
2013-08-18,15/9-F-11,24.000,268.022,105.907,91.937,9.786,1041.920,158398.440,0.000,,production,OP
2013-08-19,15/9-F-11,24.000,266.027,105.982,90.752,9.866,1047.060,158556.680,59.060,,production,OP
2013-08-20,15/9-F-11,24.000,266.560,105.978,91.007,9.813,1024.240,156092.130,58.700,,production,OP
2013-08-21,15/9-F-11,24.000,266.430,105.995,90.856,10.102,1050.430,160102.740,59.500,,production,OP
2013-08-22,15/9-F-11,24.000,266.419,106.012,90.793,10.025,1045.410,158664.640,62.240,,production,OP
2013-08-23,15/9-F-11,24.000,266.416,106.025,90.778,10.088,1038.880,159070.890,59.270,,production,OP
2013-08-24,15/9-F-11,24.000,266.459,106.036,90.752,10.058,1030.140,158003.560,60.680,,production,OP
2013-08-25,15/9-F-11,24.000,266.634,106.041,90.798,10.081,1029.580,157310.710,60.860,,production,OP
2013-08-26,15/9-F-11,24.000,266.757,106.048,90.826,10.124,1030.050,157362.260,61.340,,production,OP
2013-08-27,15/9-F-11,19.642,267.302,106.057,91.203,8.399,697.860,108778.940,38.360,,production,OP
2013-08-28,15/9-F-11,0.000,305.861,103.729,113.670,1.287,0.000,0.000,0.000,,production,OP
2013-08-29,15/9-F-11,0.000,310.395,103.166,96.135,1.216,0.000,0.000,0.000,,production,OP
2013-08-30,15/9-F-11,0.000,312.755,102.772,112.770,1.127,0.000,0.000,0.000,,production,OP
2013-08-31,15/9-F-11,0.000,314.272,102.542,113.982,1.230,0.000,0.000,0.000,,production,OP
2013-09-01,15/9-F-11,0.000,315.373,102.367,114.708,1.238,0.000,0.000,0.000,,production,OP
2013-09-02,15/9-F-11,1.692,291.271,103.873,102.220,1.570,15.160,2666.400,0.890,,production,OP
2013-09-03,15/9-F-11,24.000,276.029,105.605,93.637,9.482,940.960,146563.910,54.050,,production,OP
2013-09-04,15/9-F-11,24.000,270.215,105.750,92.534,9.643,969.430,151072.950,57.780,,production,OP
2013-09-05,15/9-F-11,24.000,267.255,105.856,90.697,9.846,1016.400,157401.480,63.510,,production,OP
2013-09-06,15/9-F-11,24.000,262.950,106.004,88.213,10.236,1156.840,176758.830,81.730,,production,OP
2013-09-07,15/9-F-11,24.000,262.643,106.034,88.004,10.228,1150.650,175762.300,82.150,,production,OP
2013-09-08,15/9-F-11,24.000,262.699,106.045,88.025,10.203,1140.410,173484.150,81.660,,production,OP
2013-09-09,15/9-F-11,24.000,262.923,106.051,88.156,9.942,1109.400,169280.730,78.840,,production,OP
2013-09-10,15/9-F-11,24.000,262.894,106.063,88.129,10.165,1118.970,170574.200,80.990,,production,OP
2013-09-11,15/9-F-11,24.000,262.921,106.072,88.139,10.170,1102.580,168495.870,80.650,,production,OP
2013-09-12,15/9-F-11,18.642,263.047,106.085,87.786,8.325,809.900,126489.150,56.960,,production,OP
2013-09-13,15/9-F-11,0.000,307.029,103.954,0.276,1.140,0.000,0.000,0.000,,production,OP
2013-09-14,15/9-F-11,6.358,271.361,105.141,89.764,3.298,329.150,47182.510,50.970,,production,OP
2013-09-15,15/9-F-11,24.000,263.558,105.677,87.419,10.072,982.210,150589.130,69.690,,production,OP
2013-09-16,15/9-F-11,22.500,261.930,105.841,86.809,9.401,947.470,146223.470,58.400,,production,OP
2013-09-17,15/9-F-11,24.000,260.894,105.932,86.476,9.965,1042.000,161132.480,61.020,,production,OP
2013-09-18,15/9-F-11,10.975,259.759,106.001,84.475,5.418,474.310,74879.680,28.500,,production,OP
2013-09-20,15/9-F-11,16.275,269.078,105.317,88.985,6.765,642.660,96484.070,51.780,,production,OP
2013-09-21,15/9-F-11,9.808,265.403,105.677,86.843,5.044,309.880,49034.320,17.860,,production,OP
2013-09-22,15/9-F-11,24.000,265.175,105.574,87.834,9.714,1034.510,158716.070,70.460,,production,OP
2013-09-23,15/9-F-11,24.000,261.314,105.853,86.535,10.240,1074.590,164937.580,63.630,,production,OP
2013-09-24,15/9-F-11,24.000,260.902,105.908,86.368,10.354,1142.530,176048.500,69.090,,production,OP
2013-09-25,15/9-F-11,24.000,262.002,105.895,86.981,10.060,1107.510,170940.180,66.640,,production,OP
2013-09-26,15/9-F-11,24.000,260.715,105.940,86.240,10.155,1124.520,173512.200,67.600,,production,OP
2013-09-27,15/9-F-11,8.308,261.534,105.949,86.431,4.538,299.460,49540.210,17.920,,production,OP
2013-09-28,15/9-F-11,12.358,263.971,105.338,85.498,5.838,380.030,59608.430,20.690,,production,OP
2013-09-29,15/9-F-11,24.000,253.091,103.009,85.120,10.354,1158.600,179470.150,70.990,,production,OP
2013-09-30,15/9-F-11,24.000,255.180,104.527,84.740,10.417,1194.950,184725.050,69.160,,production,OP
2013-10-01,15/9-F-11,24.000,258.319,105.962,84.750,10.429,1195.940,184617.700,83.620,,production,OP
2013-10-02,15/9-F-11,24.000,258.251,105.990,84.721,10.428,1249.050,193060.020,73.750,,production,OP
2013-10-03,15/9-F-11,24.000,258.210,106.008,84.681,10.447,1245.280,193256.100,68.730,,production,OP
2013-10-04,15/9-F-11,24.000,258.251,106.022,84.716,10.451,1242.870,192685.130,67.040,,production,OP
2013-10-05,15/9-F-11,24.000,258.238,106.034,84.654,10.301,1235.410,189860.710,66.590,,production,OP
2013-10-06,15/9-F-11,24.000,256.703,106.084,83.832,10.393,1256.200,192813.970,65.960,,production,OP
2013-10-07,15/9-F-11,24.000,256.551,106.101,83.706,10.272,1251.090,192967.650,68.520,,production,OP
2013-10-08,15/9-F-11,24.000,256.514,106.111,83.594,10.468,1251.810,192962.320,69.010,,production,OP
2013-10-09,15/9-F-11,24.000,256.048,106.129,83.231,10.592,1256.980,194280.410,67.910,,production,OP
2013-10-10,15/9-F-11,24.000,255.327,106.159,82.788,10.673,1271.990,195815.870,69.350,,production,OP
2013-10-11,15/9-F-11,12.308,255.996,106.162,81.860,8.439,655.200,101217.050,34.230,,production,OP
2013-10-12,15/9-F-11,10.192,266.939,105.214,87.179,4.597,362.610,58610.770,24.020,,production,OP
2013-10-13,15/9-F-11,24.000,254.628,105.868,81.676,10.397,1178.270,182360.250,69.040,,production,OP
2013-10-14,15/9-F-11,24.000,254.657,106.029,82.130,10.452,1183.060,183762.620,67.470,,production,OP
2013-10-15,15/9-F-11,24.000,254.883,106.068,82.247,10.424,1198.750,185335.500,67.960,,production,OP
2013-10-16,15/9-F-11,24.000,255.021,106.091,82.318,10.440,1197.210,185174.740,67.970,,production,OP
2013-10-17,15/9-F-11,24.000,255.107,106.106,82.345,10.307,1198.180,185858.280,67.510,,production,OP
2013-10-18,15/9-F-11,24.000,255.249,106.118,82.389,10.518,1215.930,187926.150,69.490,,production,OP
2013-10-19,15/9-F-11,24.000,255.228,106.133,82.381,10.624,1221.590,188719.410,69.980,,production,OP
2013-10-20,15/9-F-11,24.000,255.274,106.146,82.407,10.395,1210.150,188806.030,67.880,,production,OP
2013-10-21,15/9-F-11,24.000,255.349,106.159,82.465,10.616,1218.520,190439.830,69.690,,production,OP
2013-10-22,15/9-F-11,24.000,255.439,106.168,82.485,10.526,1219.970,188707.520,69.080,,production,OP
2013-10-23,15/9-F-11,24.000,255.502,106.175,82.509,10.529,1221.280,188384.350,69.220,,production,OP
2013-10-24,15/9-F-11,24.000,254.411,106.210,81.865,10.608,1250.870,192712.380,70.640,,production,OP
2013-10-25,15/9-F-11,24.000,254.309,106.229,81.842,10.719,1249.120,192620.830,70.110,,production,OP
2013-10-26,15/9-F-11,24.000,254.737,106.231,82.076,10.655,1236.820,190197.990,69.900,,production,OP
2013-10-27,15/9-F-11,24.308,256.048,106.207,82.213,10.389,1219.940,188361.380,69.990,,production,OP
2013-10-28,15/9-F-11,7.858,259.639,105.392,81.759,3.762,250.930,39142.170,11.430,,production,OP
2013-10-29,15/9-F-11,13.475,255.061,105.842,80.191,6.632,557.180,86381.770,29.010,,production,OP
2013-10-30,15/9-F-11,10.358,258.143,105.451,81.192,5.066,414.960,62079.040,21.970,,production,OP
2013-10-31,15/9-F-11,24.000,253.408,105.964,80.741,10.603,1197.340,183606.350,69.460,,production,OP
2013-11-01,15/9-F-11,24.000,251.093,106.117,79.622,10.587,1212.360,186014.000,68.310,,production,OP
2013-11-02,15/9-F-11,24.000,252.805,106.138,80.714,10.619,1252.760,185206.480,76.560,,production,OP
2013-11-03,15/9-F-11,17.333,256.930,105.882,81.737,7.956,773.310,118945.980,45.930,,production,OP
2013-11-04,15/9-F-11,24.000,253.530,106.001,80.603,10.304,1155.150,171451.060,80.690,,production,OP
2013-11-05,15/9-F-11,24.000,255.485,106.064,82.069,10.347,1180.750,168416.920,68.210,,production,OP
2013-11-06,15/9-F-11,22.667,258.394,105.981,83.706,9.385,1127.930,163020.840,69.170,,production,OP
2013-11-07,15/9-F-11,24.000,254.129,106.147,81.346,10.492,1164.190,176793.130,89.510,,production,OP
2013-11-08,15/9-F-11,24.000,252.741,106.204,80.553,10.493,1186.600,181291.470,69.840,,production,OP
2013-11-09,15/9-F-11,24.000,254.552,106.179,81.558,10.519,1174.610,179820.660,69.450,,production,OP
2013-11-10,15/9-F-11,24.000,253.517,106.196,80.862,10.739,1201.410,185113.580,72.330,,production,OP
2013-11-11,15/9-F-11,24.000,251.459,106.261,79.692,10.966,1257.280,190800.570,76.610,,production,OP
2013-11-12,15/9-F-11,24.000,252.807,106.258,80.532,10.537,1167.560,177662.240,154.630,,production,OP
2013-11-13,15/9-F-11,24.000,254.976,106.200,81.697,10.510,1150.550,175824.800,152.960,,production,OP
2013-11-14,15/9-F-11,24.000,253.843,106.217,81.438,10.503,1162.760,179241.310,150.800,,production,OP
2013-11-15,15/9-F-11,24.000,253.753,106.251,81.076,10.486,1172.190,180093.660,147.790,,production,OP
2013-11-16,15/9-F-11,24.000,253.176,106.282,80.807,10.496,1185.380,180733.520,147.880,,production,OP
2013-11-17,15/9-F-11,24.000,254.940,106.249,81.814,10.528,1156.620,177486.850,147.800,,production,OP
2013-11-18,15/9-F-11,24.000,255.367,106.243,82.058,10.524,1155.280,178261.190,146.930,,production,OP
2013-11-19,15/9-F-11,24.000,255.904,106.232,82.346,10.611,1145.310,177359.390,150.100,,production,OP
2013-11-20,15/9-F-11,24.000,252.426,106.337,80.451,10.986,1222.990,189530.920,154.580,,production,OP
2013-11-21,15/9-F-11,24.000,251.316,106.379,79.791,11.078,1245.110,191871.390,161.900,,production,OP
2013-11-22,15/9-F-11,24.000,251.565,106.375,79.876,10.783,1213.110,186678.560,160.580,,production,OP
2013-11-23,15/9-F-11,24.000,251.952,106.369,80.086,10.938,1216.540,186613.120,163.640,,production,OP
2013-11-24,15/9-F-11,24.000,251.551,106.382,79.863,11.073,1232.910,191776.790,168.080,,production,OP
2013-11-25,15/9-F-11,24.000,251.548,106.391,79.857,11.047,1227.250,191140.000,167.360,,production,OP
2013-11-26,15/9-F-11,24.000,252.324,106.376,80.308,10.857,1200.780,187196.840,163.130,,production,OP
2013-11-27,15/9-F-11,24.000,251.244,105.864,80.406,10.877,1202.030,186758.370,168.540,,production,OP
2013-11-28,15/9-F-11,24.000,252.648,106.377,80.456,10.824,1193.420,185960.250,161.890,,production,OP
2013-11-29,15/9-F-11,24.000,252.478,106.386,80.345,10.900,1196.260,186979.420,163.900,,production,OP
2013-11-30,15/9-F-11,24.000,249.982,106.450,78.856,11.166,1253.950,195442.830,172.120,,production,OP
2013-12-01,15/9-F-11,24.000,248.941,106.489,78.278,11.244,1274.740,197980.770,173.290,,production,OP
2013-12-02,15/9-F-11,24.000,248.780,106.493,78.182,11.268,1326.290,205626.090,182.120,,production,OP
2013-12-03,15/9-F-11,24.000,248.860,106.493,78.180,11.234,1314.550,202444.650,168.420,,production,OP
2013-12-04,15/9-F-11,24.000,248.034,106.514,77.670,11.504,1340.010,204590.590,177.450,,production,OP
2013-12-05,15/9-F-11,23.725,247.831,106.528,77.611,11.303,1306.060,202482.300,168.210,,production,OP
2013-12-06,15/9-F-11,16.608,258.149,105.617,81.761,6.991,605.590,97273.460,104.210,,production,OP
2013-12-07,15/9-F-11,24.000,247.622,106.085,76.293,11.171,1166.900,183206.610,162.790,,production,OP
2013-12-08,15/9-F-11,24.000,247.865,106.245,76.873,10.889,1170.310,183150.040,155.700,,production,OP
2013-12-09,15/9-F-11,13.500,250.274,106.039,77.308,7.521,590.110,93019.200,78.400,,production,OP
2013-12-10,15/9-F-11,19.225,255.443,105.808,79.338,8.308,780.700,116155.500,156.380,,production,OP
2013-12-11,15/9-F-11,1.775,275.197,104.590,92.725,1.444,62.690,9263.170,278.880,,production,OP
2013-12-12,15/9-F-11,24.000,253.446,105.779,78.005,10.451,1096.970,174751.320,193.090,,production,OP
2013-12-13,15/9-F-11,8.225,254.308,106.001,78.921,4.384,364.150,61122.850,61.890,,production,OP
2013-12-14,15/9-F-11,22.942,254.654,105.765,79.140,9.963,1023.240,159088.660,157.430,,production,OP
2013-12-15,15/9-F-11,22.833,252.226,106.082,79.168,9.950,1086.490,169892.140,168.680,,production,OP
2013-12-16,15/9-F-11,24.000,251.129,106.170,78.626,10.497,1228.170,189634.390,178.990,,production,OP
2013-12-17,15/9-F-11,24.000,246.148,106.329,76.065,11.033,1276.230,195873.060,162.450,,production,OP
2013-12-18,15/9-F-11,24.000,245.549,106.353,75.739,11.338,1311.500,202707.980,173.500,,production,OP
2013-12-19,15/9-F-11,24.000,245.617,106.364,75.788,11.325,1306.850,201799.680,173.340,,production,OP
2013-12-20,15/9-F-11,18.833,250.188,106.149,77.569,9.171,916.690,134201.980,145.170,,production,OP
2013-12-21,15/9-F-11,24.000,249.174,106.103,76.898,10.524,1149.700,180446.800,161.790,,production,OP
2013-12-22,15/9-F-11,24.000,245.906,106.327,75.781,11.133,1268.290,196322.300,168.180,,production,OP
2013-12-23,15/9-F-11,24.000,245.647,106.367,75.726,11.295,1300.330,201283.000,174.780,,production,OP
2013-12-24,15/9-F-11,24.000,245.108,106.388,75.421,11.431,1332.520,206204.700,183.600,,production,OP
2013-12-25,15/9-F-11,24.000,244.722,106.410,75.269,11.233,1321.870,204302.540,172.210,,production,OP
2013-12-26,15/9-F-11,21.142,246.155,106.418,75.869,10.745,1133.690,177658.570,150.030,,production,OP
2013-12-27,15/9-F-11,15.692,253.549,105.689,78.476,8.867,648.240,106033.850,100.030,,production,OP
2013-12-28,15/9-F-11,24.000,245.723,106.203,75.402,11.073,1219.260,190268.650,165.290,,production,OP
2013-12-29,15/9-F-11,24.000,246.104,106.305,75.856,11.060,1240.640,192029.010,166.720,,production,OP
2013-12-30,15/9-F-11,24.000,246.091,106.345,75.945,11.186,1269.540,196787.470,170.270,,production,OP
2013-12-31,15/9-F-11,21.583,250.787,106.225,78.674,9.557,973.430,155057.490,129.970,,production,OP
2014-01-01,15/9-F-11,24.000,249.531,106.208,77.162,10.694,1199.060,187807.440,166.350,,production,OP
2014-01-02,15/9-F-11,24.000,245.622,106.433,75.786,11.380,1327.310,205602.960,180.730,,production,OP
2014-01-03,15/9-F-11,24.000,245.718,106.448,75.869,11.359,1296.680,202058.640,179.900,,production,OP
2014-01-04,15/9-F-11,14.475,246.705,106.456,76.156,8.460,753.220,117116.870,93.660,,production,OP
2014-01-05,15/9-F-11,6.358,258.601,105.428,79.978,3.447,287.700,46247.900,62.190,,production,OP
2014-01-06,15/9-F-11,24.000,248.378,104.798,77.665,10.515,1109.930,172803.210,113.830,,production,OP
2014-01-07,15/9-F-11,24.000,245.804,105.870,76.001,10.925,1202.730,188012.310,111.630,,production,OP
2014-01-08,15/9-F-11,24.000,245.900,106.314,75.720,10.654,1218.190,188014.960,111.770,,production,OP
2014-01-09,15/9-F-11,24.000,245.127,106.359,75.335,11.026,1241.320,192257.350,114.970,,production,OP
2014-01-10,15/9-F-11,24.000,244.820,106.378,75.149,11.065,1253.360,193245.490,115.770,,production,OP
2014-01-11,15/9-F-11,24.000,244.248,106.394,74.792,11.191,1279.020,197035.200,116.630,,production,OP
2014-01-12,15/9-F-11,24.000,244.305,106.404,74.827,11.204,1276.710,197394.260,114.010,,production,OP
2014-01-13,15/9-F-11,24.000,243.505,106.427,74.420,11.207,1289.270,200095.410,117.720,,production,OP
2014-01-14,15/9-F-11,24.000,243.903,106.429,74.617,11.433,1311.790,203139.110,126.590,,production,OP
2014-01-15,15/9-F-11,24.000,243.994,106.436,74.680,11.431,1274.050,198322.470,176.580,,production,OP
2014-01-16,15/9-F-11,24.000,244.154,106.439,74.753,11.214,1250.060,186576.950,163.830,,production,OP
2014-01-17,15/9-F-11,24.000,243.932,106.452,74.610,11.282,1297.070,192575.990,171.490,,production,OP
2014-01-18,15/9-F-11,24.000,244.173,106.457,74.784,11.531,1282.740,193991.230,195.780,,production,OP
2014-01-19,15/9-F-11,24.000,244.437,106.458,74.946,11.539,1231.070,180443.660,169.320,,production,OP
2014-01-20,15/9-F-11,24.000,244.508,106.465,75.022,11.373,1236.350,176925.680,169.260,,production,OP
2014-01-21,15/9-F-11,24.000,244.996,106.469,75.308,11.586,1245.460,177097.850,195.540,,production,OP
2014-01-22,15/9-F-11,24.000,245.358,106.473,75.521,11.554,1296.270,181397.930,186.830,,production,OP
2014-01-23,15/9-F-11,24.000,245.716,106.476,75.723,11.551,1352.450,191156.600,187.170,,production,OP
2014-01-24,15/9-F-11,24.000,245.987,106.481,75.902,11.580,1296.830,186635.550,205.200,,production,OP
2014-01-25,15/9-F-11,16.917,247.297,106.313,76.213,8.458,653.960,96531.970,91.410,,production,OP
2014-01-26,15/9-F-11,24.000,242.312,106.124,72.539,11.522,1138.270,162834.950,193.200,,production,OP
2014-01-27,15/9-F-11,24.000,244.173,106.273,74.173,11.494,1128.830,155786.060,176.910,,production,OP
2014-01-28,15/9-F-11,24.000,243.344,106.352,73.837,11.462,1185.930,171404.050,182.520,,production,OP
2014-01-29,15/9-F-11,8.308,244.985,106.381,73.038,5.264,473.890,69703.720,36.440,,production,OP
2014-01-31,15/9-F-11,22.025,254.659,105.781,78.668,10.084,1162.850,181137.450,116.260,,production,OP
2014-02-01,15/9-F-11,24.000,246.529,106.213,75.352,11.371,1182.420,180140.660,131.170,,production,OP
2014-02-02,15/9-F-11,24.000,240.619,106.409,72.316,11.860,1324.830,197601.750,144.470,,production,OP
2014-02-03,15/9-F-11,24.000,240.032,106.445,72.051,11.960,1353.040,200663.200,144.480,,production,OP
2014-02-04,15/9-F-11,24.000,239.802,106.467,71.991,12.030,1362.320,202159.950,146.190,,production,OP
2014-02-05,15/9-F-11,24.000,239.899,106.474,72.050,11.980,1355.110,200751.350,143.900,,production,OP
2014-02-06,15/9-F-11,8.000,241.353,106.482,71.208,4.671,336.750,51566.330,26.610,,production,OP
2014-02-08,15/9-F-11,6.500,257.741,105.277,79.524,2.800,140.990,20655.720,8.650,,production,OP
2014-02-09,15/9-F-11,24.000,244.724,106.095,73.353,11.302,1165.830,174800.700,120.070,,production,OP
2014-02-10,15/9-F-11,4.000,241.723,106.289,69.918,3.560,117.820,18892.970,14.220,,production,OP
2014-02-11,15/9-F-11,0.000,310.831,103.878,0.298,0.911,0.000,0.000,0.000,,production,OP
2014-02-12,15/9-F-11,23.000,252.666,105.599,75.773,9.458,953.580,145413.080,103.120,,production,OP
2014-02-13,15/9-F-11,24.000,242.341,106.189,72.754,11.129,1196.820,181329.970,119.540,,production,OP
2014-02-14,15/9-F-11,24.000,241.097,106.280,72.354,11.210,1237.040,186974.010,123.730,,production,OP
2014-02-15,15/9-F-11,24.000,241.253,106.287,72.468,11.195,1219.550,183386.230,123.200,,production,OP
2014-02-16,15/9-F-11,24.000,241.806,106.292,72.832,11.197,1237.450,186219.160,123.510,,production,OP
2014-02-17,15/9-F-11,24.000,241.426,106.303,72.630,11.127,1234.860,188474.240,122.520,,production,OP
2014-02-18,15/9-F-11,17.167,253.300,105.937,78.623,7.036,649.740,102858.090,65.880,,production,OP
2014-02-19,15/9-F-11,24.000,247.439,105.926,74.606,10.149,1081.910,164366.450,111.460,,production,OP
2014-02-20,15/9-F-11,24.000,240.917,106.264,72.167,11.040,1230.320,186274.430,119.330,,production,OP
2014-02-21,15/9-F-11,24.000,240.310,106.314,71.960,11.060,1248.170,189304.400,122.610,,production,OP
2014-02-22,15/9-F-11,24.000,240.889,106.323,72.335,10.922,1241.050,187046.910,122.940,,production,OP
2014-02-23,15/9-F-11,24.000,240.389,106.342,72.121,11.062,1243.910,189235.110,123.190,,production,OP
2014-02-24,15/9-F-11,24.000,240.281,106.346,72.058,10.826,1210.720,182604.220,113.200,,production,OP
2014-02-25,15/9-F-11,24.000,238.187,105.507,71.812,11.088,1223.990,185140.430,116.950,,production,OP
2014-02-26,15/9-F-11,24.000,239.720,106.350,71.705,11.094,1223.720,184384.470,117.970,,production,OP
2014-02-27,15/9-F-11,24.000,239.978,106.347,71.855,11.078,1209.750,183100.060,117.060,,production,OP
2014-02-28,15/9-F-11,24.000,240.113,106.340,71.883,11.012,1208.280,181938.790,115.400,,production,OP
2014-03-01,15/9-F-11,24.000,239.906,106.347,71.796,11.065,1188.830,179622.400,117.090,,production,OP
2014-03-02,15/9-F-11,24.000,239.982,106.350,71.846,11.116,1200.670,183491.630,118.500,,production,OP
2014-03-03,15/9-F-11,24.000,240.123,106.350,71.929,10.824,1199.470,181945.850,114.530,,production,OP
2014-03-04,15/9-F-11,24.000,240.060,106.352,71.888,11.056,1194.840,181724.800,120.910,,production,OP
2014-03-05,15/9-F-11,24.000,240.330,106.346,72.027,10.903,1178.120,178348.750,111.440,,production,OP
2014-03-06,15/9-F-11,24.000,240.161,106.347,71.919,10.935,1189.710,178695.380,111.850,,production,OP
2014-03-07,15/9-F-11,24.000,238.524,106.372,70.985,11.231,1216.720,185392.170,118.580,,production,OP
2014-03-08,15/9-F-11,24.000,235.253,106.441,69.253,11.769,1332.150,199339.840,130.640,,production,OP
2014-03-09,15/9-F-11,24.000,235.307,106.440,69.266,11.621,1306.230,196022.480,127.470,,production,OP
2014-03-10,15/9-F-11,24.000,234.725,106.450,68.893,11.752,1326.010,199620.100,131.830,,production,OP
2014-03-11,15/9-F-11,24.000,234.835,106.449,68.972,11.820,1329.450,199879.460,133.440,,production,OP
2014-03-12,15/9-F-11,24.000,235.061,106.446,69.102,11.768,1309.270,196309.220,131.140,,production,OP
2014-03-13,15/9-F-11,24.000,234.922,106.450,68.958,11.721,1319.730,198367.530,150.170,,production,OP
2014-03-14,15/9-F-11,24.000,234.743,106.458,68.891,11.791,1310.190,197942.050,136.270,,production,OP
2014-03-15,15/9-F-11,24.000,234.709,106.460,68.847,11.849,1324.860,198229.720,139.790,,production,OP
2014-03-16,15/9-F-11,24.000,234.749,106.458,68.846,11.827,1307.780,197590.500,141.930,,production,OP
2014-03-17,15/9-F-11,24.000,234.768,106.457,68.849,11.802,1309.600,196492.900,141.500,,production,OP
2014-03-18,15/9-F-11,24.000,235.326,106.446,69.153,11.706,1272.580,193558.610,136.550,,production,OP
2014-03-19,15/9-F-11,24.000,235.560,106.441,69.298,11.646,1284.050,192236.230,95.870,,production,OP
2014-03-20,15/9-F-11,24.000,235.245,106.441,69.106,11.672,1308.950,197339.340,169.600,,production,OP
2014-03-21,15/9-F-11,24.000,235.111,106.446,69.031,11.683,1294.700,196230.330,168.750,,production,OP
2014-03-22,15/9-F-11,13.333,237.121,106.382,69.425,7.151,598.560,91630.830,70.700,,production,OP
2014-03-23,15/9-F-11,24.000,241.771,105.724,70.439,10.022,940.920,146645.700,137.750,,production,OP
2014-03-24,15/9-F-11,6.558,237.747,106.074,68.502,3.774,246.430,42330.960,31.460,,production,OP
2014-03-25,15/9-F-11,7.108,256.412,105.202,78.136,3.520,219.970,31706.850,53.770,,production,OP
2014-03-26,15/9-F-11,24.000,242.577,105.894,70.693,10.454,1172.890,177032.230,147.510,,production,OP
2014-03-27,15/9-F-11,10.558,238.577,106.115,69.118,10.322,497.540,76861.350,89.380,,production,OP
2014-03-28,15/9-F-11,6.500,260.200,105.212,79.077,8.386,179.610,29816.920,30.520,,production,OP
2014-03-29,15/9-F-11,12.442,259.275,105.331,76.355,7.896,357.540,57599.610,58.310,,production,OP
2014-03-30,15/9-F-11,23.000,235.742,106.056,67.730,11.054,1111.800,166605.820,153.510,,production,OP
2014-03-31,15/9-F-11,24.000,235.020,106.227,68.195,11.633,1261.620,191240.190,171.460,,production,OP
2014-04-01,15/9-F-11,24.000,235.156,106.267,68.422,11.655,1260.090,190401.730,172.760,,production,OP
2014-04-02,15/9-F-11,24.000,235.401,106.284,68.605,11.648,1262.150,190094.290,173.270,,production,OP
2014-04-03,15/9-F-11,24.000,235.289,106.298,68.561,11.646,1266.280,190772.200,174.000,,production,OP
2014-04-04,15/9-F-11,24.000,235.333,106.310,68.614,11.624,1280.310,195008.190,152.740,,production,OP
2014-04-05,15/9-F-11,24.000,235.418,106.318,68.677,11.534,1286.670,195046.780,152.040,,production,OP
2014-04-06,15/9-F-11,18.058,236.571,106.320,68.847,9.708,925.830,143169.790,103.780,,production,OP
2014-04-07,15/9-F-11,3.500,259.067,104.969,81.893,1.841,52.880,8279.230,6.930,,production,OP
2014-04-08,15/9-F-11,24.000,243.109,105.825,70.579,10.369,1040.680,159740.100,125.090,,production,OP
2014-04-09,15/9-F-11,24.000,235.152,106.201,68.020,11.188,1217.920,184930.460,138.720,,production,OP
2014-04-10,15/9-F-11,21.958,244.141,106.053,72.626,9.238,985.070,160416.230,110.400,,production,OP
2014-04-11,15/9-F-11,24.000,235.307,106.295,68.491,11.275,1259.320,190660.350,141.020,,production,OP
2014-04-12,15/9-F-11,24.000,235.120,106.317,68.483,11.262,1254.790,190195.690,140.530,,production,OP
2014-04-13,15/9-F-11,24.000,235.381,106.325,68.613,11.323,1250.180,190280.820,142.970,,production,OP
2014-04-14,15/9-F-11,24.000,235.555,106.329,68.730,11.093,1245.440,188970.490,139.970,,production,OP
2014-04-15,15/9-F-11,24.000,235.534,106.336,68.717,11.354,1256.970,190812.240,144.330,,production,OP
2014-04-16,15/9-F-11,24.000,234.923,105.981,68.758,11.322,1248.980,190810.100,143.700,,production,OP
2014-04-17,15/9-F-11,24.000,235.117,106.361,68.523,11.341,1267.540,191855.310,143.900,,production,OP
2014-04-18,15/9-F-11,24.000,235.546,106.362,68.745,11.350,1256.910,191331.080,144.300,,production,OP
2014-04-19,15/9-F-11,24.000,234.985,106.375,68.444,11.484,1283.570,194212.160,147.550,,production,OP
2014-04-20,15/9-F-11,24.000,235.053,106.385,68.507,11.543,1284.970,194521.550,148.670,,production,OP
2014-04-21,15/9-F-11,24.000,235.874,106.375,68.940,11.407,1261.850,195812.610,134.770,,production,OP
2014-04-22,15/9-F-11,24.000,235.996,106.380,69.011,11.345,1206.790,172837.670,121.100,,production,OP
2014-04-23,15/9-F-11,24.000,235.832,106.387,68.941,11.430,1278.990,181708.340,136.400,,production,OP
2014-04-24,15/9-F-11,24.000,235.704,106.397,68.901,6.684,833.380,119219.710,83.460,,production,OP
2014-04-25,15/9-F-11,24.000,235.914,106.403,69.003,11.410,1294.230,184558.560,151.940,,production,OP
2014-04-26,15/9-F-11,24.000,236.162,106.402,69.137,11.410,1280.420,183250.440,150.990,,production,OP
2014-04-27,15/9-F-11,24.000,236.664,106.398,69.391,11.320,1266.170,182478.960,144.530,,production,OP
2014-04-28,15/9-F-11,24.000,235.893,106.408,68.923,11.505,1295.640,185739.200,147.680,,production,OP
2014-04-29,15/9-F-11,24.000,235.973,106.412,68.999,11.700,1267.790,183213.120,151.960,,production,OP
2014-04-30,15/9-F-11,24.000,233.897,106.437,67.774,11.841,1256.920,181631.400,154.950,,production,OP
2014-05-01,15/9-F-11,24.000,229.995,106.518,65.653,12.483,1349.880,194328.990,168.210,,production,OP
2014-05-02,15/9-F-11,24.000,229.857,106.513,65.542,12.523,1350.610,194753.360,168.200,,production,OP
2014-05-03,15/9-F-11,24.000,229.753,106.506,65.421,12.492,1342.360,190175.340,168.800,,production,OP
2014-05-04,15/9-F-11,24.000,229.745,106.497,65.370,12.583,1344.440,193142.380,170.860,,production,OP
2014-05-05,15/9-F-11,24.000,229.909,106.488,65.399,12.500,1318.460,190889.880,158.840,,production,OP
2014-05-06,15/9-F-11,24.000,230.107,106.481,65.418,12.444,1292.560,186829.940,158.440,,production,OP
2014-05-07,15/9-F-11,24.000,230.344,106.469,65.363,12.368,1281.250,186931.110,156.530,,production,OP
2014-05-08,15/9-F-11,22.325,230.495,106.475,65.327,11.488,1156.600,161448.760,163.930,,production,OP
2014-05-09,15/9-F-11,13.175,256.711,105.428,77.145,5.747,493.470,67887.710,202.560,,production,OP
2014-05-10,15/9-F-11,24.000,233.162,106.010,65.181,11.488,1206.070,66631.070,308.350,,production,OP
2014-05-11,15/9-F-11,24.000,231.191,106.253,64.941,11.583,1111.360,158901.810,141.340,,production,OP
2014-05-12,15/9-F-11,24.000,230.735,106.323,64.846,11.639,1089.830,157646.280,131.610,,production,OP
2014-05-13,15/9-F-11,24.000,231.108,106.342,65.122,11.613,1108.500,160327.130,129.280,,production,OP
2014-05-14,15/9-F-11,24.000,230.573,106.347,64.765,11.588,1120.870,161680.660,125.340,,production,OP
2014-05-15,15/9-F-11,24.000,229.046,106.349,63.786,11.617,1051.710,150929.040,134.460,,production,OP
2014-05-16,15/9-F-11,24.000,225.122,106.415,61.624,12.017,1069.250,152324.570,133.960,,production,OP
2014-05-17,15/9-F-11,24.000,225.398,106.394,61.642,12.008,1065.510,149817.160,133.280,,production,OP
2014-05-18,15/9-F-11,24.000,225.322,106.383,61.496,11.753,1060.680,149171.670,136.640,,production,OP
2014-05-19,15/9-F-11,24.000,225.150,106.377,61.287,12.024,1070.940,148690.730,140.150,,production,OP
2014-05-20,15/9-F-11,24.000,225.136,106.373,61.187,11.724,1039.280,145145.340,135.830,,production,OP
2014-05-21,15/9-F-11,24.000,225.308,106.369,61.211,11.865,1051.250,148397.430,137.240,,production,OP
2014-05-22,15/9-F-11,24.000,225.207,106.366,61.025,11.793,1056.250,153849.370,141.140,,production,OP
2014-05-23,15/9-F-11,24.000,225.114,106.369,60.908,11.794,1067.530,155309.420,149.150,,production,OP
2014-05-24,15/9-F-11,24.000,225.213,106.379,60.861,11.825,1079.360,156708.800,161.500,,production,OP
2014-05-25,15/9-F-11,24.000,225.042,106.405,60.753,12.062,1102.340,155401.950,165.020,,production,OP
2014-05-26,15/9-F-11,24.000,225.101,106.428,60.777,11.934,1057.780,154921.610,140.140,,production,OP
2014-05-27,15/9-F-11,24.000,225.241,106.431,60.726,12.178,1063.170,157209.880,150.540,,production,OP
2014-05-28,15/9-F-11,24.000,224.796,105.396,60.813,12.155,1087.430,159981.090,198.190,,production,OP
2014-05-29,15/9-F-11,24.000,225.553,106.455,60.789,12.191,1096.320,161324.730,199.190,,production,OP
2014-05-30,15/9-F-11,24.000,225.651,106.463,60.776,12.299,1111.830,164196.070,202.640,,production,OP
2014-05-31,15/9-F-11,24.000,225.556,106.479,60.668,12.321,1134.990,167666.000,206.110,,production,OP
2014-06-01,15/9-F-11,24.000,225.120,106.500,60.385,12.447,1152.600,170349.690,209.790,,production,OP
2014-06-02,15/9-F-11,21.667,228.665,106.343,61.889,10.813,1068.240,158582.920,176.720,,production,OP
2014-06-03,15/9-F-11,24.000,225.119,106.398,59.717,12.012,1109.180,162654.160,206.040,,production,OP
2014-06-04,15/9-F-11,24.000,225.580,106.485,60.283,12.131,1109.980,163691.380,206.100,,production,OP
2014-06-05,15/9-F-11,24.000,225.173,106.538,60.093,12.204,1178.620,173181.520,207.600,,production,OP
2014-06-06,15/9-F-11,24.000,225.919,106.541,60.433,12.230,1180.810,170780.980,207.670,,production,OP
2014-06-07,15/9-F-11,24.000,225.237,106.563,60.009,12.354,1199.750,173330.300,209.560,,production,OP
2014-06-08,15/9-F-11,24.000,225.112,106.577,59.910,12.333,1197.700,173333.040,208.410,,production,OP
2014-06-09,15/9-F-11,24.000,225.209,106.584,59.869,12.325,1349.240,197569.520,209.780,,production,OP
2014-06-10,15/9-F-11,24.000,225.367,106.585,59.889,12.258,1189.090,175045.960,205.420,,production,OP
2014-06-11,15/9-F-11,24.000,225.383,106.590,59.847,12.036,1172.310,170982.370,195.050,,production,OP
2014-06-12,15/9-F-11,24.000,224.829,106.604,59.466,12.087,1175.150,170180.400,195.920,,production,OP
2014-06-13,15/9-F-11,24.000,224.688,106.610,59.349,12.203,1116.790,164074.340,197.370,,production,OP
2014-06-14,15/9-F-11,24.000,224.868,106.608,59.402,12.246,1102.450,162814.920,195.500,,production,OP
2014-06-15,15/9-F-11,24.000,224.949,106.605,59.380,12.241,1104.300,163026.070,195.430,,production,OP
2014-06-16,15/9-F-11,24.000,223.112,106.630,58.264,12.310,1120.890,164489.890,195.670,,production,OP
2014-06-17,15/9-F-11,24.000,220.392,106.696,56.796,13.093,1156.420,170403.340,205.720,,production,OP
2014-06-18,15/9-F-11,24.000,220.029,106.700,56.590,13.236,1160.010,170577.280,209.650,,production,OP
2014-06-19,15/9-F-11,24.000,219.927,106.699,56.476,13.163,1147.010,169702.000,216.580,,production,OP
2014-06-20,15/9-F-11,24.000,219.906,106.695,56.374,13.204,1146.840,169233.290,209.380,,production,OP
2014-06-21,15/9-F-11,24.000,219.470,106.698,56.076,13.319,1146.080,168593.880,208.390,,production,OP
2014-06-22,15/9-F-11,24.000,219.924,106.688,56.255,13.321,1136.020,165565.610,213.170,,production,OP
2014-06-23,15/9-F-11,24.000,219.939,106.680,56.201,13.325,1117.480,164287.510,211.740,,production,OP
2014-06-24,15/9-F-11,24.000,219.701,106.687,56.043,13.330,1169.410,171699.810,221.460,,production,OP
2014-06-25,15/9-F-11,24.000,220.154,106.678,56.237,12.974,1199.090,177015.680,217.440,,production,OP
2014-06-26,15/9-F-11,16.333,234.444,106.283,64.216,7.664,660.560,98984.270,121.060,,production,OP
2014-06-27,15/9-F-11,23.333,230.927,105.737,59.716,11.122,964.210,145661.210,179.680,,production,OP
2014-06-28,15/9-F-11,24.000,219.879,106.542,55.108,12.649,1119.750,167672.000,229.530,,production,OP
2014-06-29,15/9-F-11,24.000,220.165,106.581,55.543,12.440,1107.660,165827.200,208.500,,production,OP
2014-06-30,15/9-F-11,24.000,220.296,106.598,55.701,12.514,1141.000,171373.980,209.260,,production,OP
2014-07-01,15/9-F-11,24.000,220.074,106.612,55.602,12.594,1109.350,166045.730,204.130,,production,OP
2014-07-02,15/9-F-11,24.000,220.109,106.619,55.647,12.590,1109.150,165832.450,203.810,,production,OP
2014-07-03,15/9-F-11,24.000,220.094,106.623,55.632,12.600,1110.910,165826.990,204.260,,production,OP
2014-07-04,15/9-F-11,24.000,219.989,106.633,55.603,12.731,1111.670,166008.010,206.620,,production,OP
2014-07-05,15/9-F-11,24.000,220.050,106.632,55.602,12.701,1107.580,164858.000,206.980,,production,OP
2014-07-06,15/9-F-11,24.000,220.039,106.634,55.569,12.596,1098.400,163484.520,206.210,,production,OP
2014-07-07,15/9-F-11,24.000,220.257,106.633,55.675,12.489,1110.520,165613.650,201.250,,production,OP
2014-07-08,15/9-F-11,24.000,220.239,106.633,55.655,12.337,1104.610,164395.380,198.110,,production,OP
2014-07-09,15/9-F-11,24.000,220.099,106.635,55.586,12.333,1100.810,164201.390,197.940,,production,OP
2014-07-10,15/9-F-11,24.000,219.899,106.642,55.479,12.226,1109.350,165647.290,191.900,,production,OP
2014-07-11,15/9-F-11,24.000,220.561,106.635,55.851,12.149,1106.420,164021.160,227.050,,production,OP
2014-07-12,15/9-F-11,24.000,219.430,106.651,55.268,12.580,1120.080,166571.660,186.330,,production,OP
2014-07-13,15/9-F-11,24.000,218.929,106.670,54.947,12.494,1109.350,164737.390,183.430,,production,OP
2014-07-14,15/9-F-11,24.000,218.738,106.664,54.889,12.456,1091.380,162140.520,190.360,,production,OP
2014-07-15,15/9-F-11,24.000,217.943,106.664,54.476,12.531,1117.680,165376.910,191.500,,production,OP
2014-07-16,15/9-F-11,24.000,217.782,106.655,54.378,12.537,1110.340,165067.030,191.840,,production,OP
2014-07-17,15/9-F-11,24.000,217.989,106.642,54.467,12.442,1102.210,163594.840,190.050,,production,OP
2014-07-18,15/9-F-11,24.000,218.006,106.633,54.437,12.453,1095.200,162981.240,189.870,,production,OP
2014-07-19,15/9-F-11,24.000,217.963,106.628,54.409,12.470,1094.580,163594.520,190.060,,production,OP
2014-07-20,15/9-F-11,22.667,220.084,106.542,55.468,11.394,1063.560,164245.310,168.360,,production,OP
2014-07-21,15/9-F-11,24.000,220.598,106.489,55.054,11.504,1047.690,156868.150,181.690,,production,OP
2014-07-22,15/9-F-11,24.000,220.558,106.559,55.472,11.608,1047.040,154778.520,178.890,,production,OP
2014-07-23,15/9-F-11,24.000,220.284,106.579,55.421,11.612,1037.740,155890.970,271.570,,production,OP
2014-07-24,15/9-F-11,24.000,220.177,106.590,55.402,11.618,1051.170,157123.730,265.810,,production,OP
2014-07-25,15/9-F-11,24.000,220.119,106.596,55.410,11.778,1056.310,157548.660,269.560,,production,OP
2014-07-26,15/9-F-11,24.000,220.515,106.590,55.608,11.717,1044.720,156697.430,290.620,,production,OP
2014-07-27,15/9-F-11,24.000,220.218,106.598,55.468,11.730,1052.320,156736.090,301.500,,production,OP
2014-07-28,15/9-F-11,24.000,220.247,106.597,55.464,11.767,1047.400,156282.960,284.730,,production,OP
2014-07-29,15/9-F-11,24.000,220.263,106.596,55.485,11.777,1040.160,155285.890,283.710,,production,OP
2014-07-30,15/9-F-11,24.000,220.282,106.595,55.490,11.803,997.380,147290.070,251.530,,production,OP
2014-07-31,15/9-F-11,24.000,220.064,106.598,55.353,11.872,1255.250,187170.830,291.180,,production,OP
2014-08-01,15/9-F-11,24.000,220.028,106.597,55.330,11.917,1268.080,189016.000,292.160,,production,OP
2014-08-02,15/9-F-11,24.000,220.041,106.600,55.371,11.863,1267.540,188050.770,290.790,,production,OP
2014-08-03,15/9-F-11,24.000,220.075,106.599,55.390,11.861,1261.330,189053.180,284.210,,production,OP
2014-08-04,15/9-F-11,24.000,219.998,106.602,55.384,11.842,1280.230,189631.600,279.240,,production,OP
2014-08-05,15/9-F-11,24.000,220.156,106.596,55.406,11.852,1236.610,182851.810,278.200,,production,OP
2014-08-06,15/9-F-11,24.000,219.842,106.599,55.236,11.922,1242.960,184467.810,278.970,,production,OP
2014-08-07,15/9-F-11,24.000,220.378,106.582,55.454,11.647,1182.780,175606.780,277.870,,production,OP
2014-08-08,15/9-F-11,24.000,219.921,106.588,55.198,11.685,1179.460,175205.890,282.020,,production,OP
2014-08-09,15/9-F-11,24.000,220.077,106.581,55.254,11.944,1175.770,175533.060,288.160,,production,OP
2014-08-10,15/9-F-11,24.000,220.193,106.582,55.332,11.744,1163.780,173698.770,288.950,,production,OP
2014-08-11,15/9-F-11,24.000,219.924,106.583,55.170,11.774,1205.650,181547.690,290.000,,production,OP
2014-08-12,15/9-F-11,24.000,220.231,106.578,55.316,11.976,1214.290,189652.290,291.480,,production,OP
2014-08-13,15/9-F-11,24.000,219.939,106.580,55.104,12.111,1222.620,194422.100,295.740,,production,OP
2014-08-14,15/9-F-11,24.000,220.319,106.573,55.245,12.112,1229.060,194670.470,295.210,,production,OP
2014-08-15,15/9-F-11,24.000,219.974,106.580,55.062,12.136,1235.280,193026.500,295.240,,production,OP
2014-08-16,15/9-F-11,24.000,219.862,106.585,55.024,12.133,1229.350,183529.390,293.360,,production,OP
2014-08-17,15/9-F-11,24.000,220.023,106.578,55.062,12.154,1231.860,184055.620,294.780,,production,OP
2014-08-18,15/9-F-11,24.000,220.082,106.576,55.055,12.200,1227.950,184529.760,296.320,,production,OP
2014-08-19,15/9-F-11,1.325,228.850,106.619,50.657,5.018,79.310,19001.970,23.830,,production,OP
2014-08-20,15/9-F-11,0.000,302.855,104.393,0.105,0.822,0.000,0.000,0.000,,production,OP
2014-08-21,15/9-F-11,0.000,299.655,104.736,0.115,0.813,0.000,0.000,0.000,,production,OP
2014-08-22,15/9-F-11,0.000,299.655,104.736,0.115,0.813,0.000,0.000,0.000,,production,OP
2014-08-23,15/9-F-11,0.000,299.655,104.736,0.115,0.813,0.000,0.000,0.000,,production,OP
2014-08-24,15/9-F-11,0.000,299.655,104.736,0.115,0.813,0.000,0.000,0.000,,production,OP
2014-08-25,15/9-F-11,22.625,256.248,105.341,72.352,7.896,740.850,125250.900,233.890,,production,OP
2014-08-26,15/9-F-11,24.000,255.573,105.595,71.680,7.725,583.100,101668.360,123.250,,production,OP
2014-08-27,15/9-F-11,24.000,259.995,105.348,74.565,7.018,521.800,93213.640,104.100,,production,OP
2014-08-28,15/9-F-11,23.167,251.546,104.244,72.038,7.491,589.540,102773.960,113.100,,production,OP
2014-08-29,15/9-F-11,24.000,261.590,105.444,75.697,6.623,516.940,92718.920,99.260,,production,OP
2014-08-30,15/9-F-11,24.000,265.072,105.514,77.127,6.309,481.700,86361.910,93.420,,production,OP
2014-08-31,15/9-F-11,24.000,265.787,105.483,77.354,6.010,469.700,84231.270,92.970,,production,OP
2014-09-01,15/9-F-11,24.000,265.812,105.450,77.048,6.380,488.420,88177.330,105.920,,production,OP
2014-09-02,15/9-F-11,24.000,259.083,105.569,73.565,7.032,610.720,104604.710,116.990,,production,OP
2014-09-03,15/9-F-11,20.333,227.289,106.183,55.705,10.545,1123.320,183219.410,230.710,,production,OP
2014-09-04,15/9-F-11,24.000,220.124,106.435,53.672,13.023,1319.350,210763.230,308.510,,production,OP
2014-09-05,15/9-F-11,24.000,220.241,106.492,54.147,12.629,1258.260,204456.120,289.780,,production,OP
2014-09-06,15/9-F-11,24.000,219.884,106.493,53.991,12.279,1245.860,202839.600,288.940,,production,OP
2014-09-07,15/9-F-11,24.000,219.476,106.502,53.860,12.521,1240.680,202372.660,290.550,,production,OP
2014-09-08,15/9-F-11,24.000,219.523,106.500,53.896,12.495,1236.580,201142.570,290.710,,production,OP
2014-09-09,15/9-F-11,24.000,219.306,106.499,53.802,12.477,1229.270,199380.000,287.610,,production,OP
2014-09-10,15/9-F-11,24.000,219.565,106.494,53.945,12.349,1220.280,198198.830,283.010,,production,OP
2014-09-11,15/9-F-11,24.000,219.764,106.489,54.066,12.311,1195.640,191769.070,294.810,,production,OP
2014-09-12,15/9-F-11,24.000,220.213,106.480,54.292,12.159,1222.650,178391.610,290.950,,production,OP
2014-09-13,15/9-F-11,24.000,219.669,106.486,54.005,12.214,1223.260,178416.830,294.250,,production,OP
2014-09-14,15/9-F-11,24.000,219.644,106.485,53.971,12.167,1201.180,176881.020,288.890,,production,OP
2014-09-15,15/9-F-11,24.000,219.553,106.487,53.925,12.155,1227.240,182792.460,287.690,,production,OP
2014-09-16,15/9-F-11,24.000,219.577,106.484,53.926,12.180,1216.490,182883.830,288.000,,production,OP
2014-09-17,15/9-F-11,24.000,220.080,106.478,54.149,11.877,1203.660,181430.450,286.110,,production,OP
2014-09-18,15/9-F-11,24.000,220.156,106.477,54.150,12.121,1200.480,179086.640,328.740,,production,OP
2014-09-19,15/9-F-11,24.000,220.309,106.472,54.185,12.078,1189.080,178947.720,326.900,,production,OP
2014-09-20,15/9-F-11,24.000,220.493,106.468,54.217,11.767,1186.370,177587.400,318.060,,production,OP
2014-09-21,15/9-F-11,24.000,220.573,106.466,54.224,12.011,1188.930,178742.800,326.830,,production,OP
2014-09-22,15/9-F-11,24.000,220.410,106.470,54.091,12.057,1193.530,179332.570,333.010,,production,OP
2014-09-23,15/9-F-11,24.000,220.219,106.477,53.981,12.057,1187.640,178711.460,329.530,,production,OP
2014-09-24,15/9-F-11,24.000,220.149,106.478,53.899,12.091,1187.340,180227.010,334.700,,production,OP
2014-09-25,15/9-F-11,24.000,220.181,106.478,53.894,12.056,1187.170,180330.940,333.650,,production,OP
2014-09-26,15/9-F-11,24.000,220.175,106.477,53.846,12.035,1184.830,180079.680,331.380,,production,OP
2014-09-27,15/9-F-11,24.000,220.470,106.475,53.994,11.983,1168.830,178718.140,330.690,,production,OP
2014-09-28,15/9-F-11,24.000,220.704,106.470,54.061,11.979,1164.440,177706.950,328.120,,production,OP
2014-09-29,15/9-F-11,1.092,230.429,106.508,52.682,2.557,39.680,9052.870,12.740,,production,OP
2014-09-30,15/9-F-11,21.242,248.877,105.553,67.516,7.437,680.460,174084.770,191.270,,production,OP
2014-10-01,15/9-F-11,24.000,219.699,106.277,51.845,12.025,1129.140,183325.060,330.990,,production,OP
2014-10-02,15/9-F-11,24.000,219.558,106.396,52.447,12.058,1196.430,190698.720,328.270,,production,OP
2014-10-03,15/9-F-11,24.000,219.839,106.424,52.801,12.075,1092.770,170734.430,319.900,,production,OP
2014-10-04,15/9-F-11,24.000,219.671,106.434,52.738,12.067,1143.000,175246.710,323.790,,production,OP
2014-10-05,15/9-F-11,24.000,219.482,106.449,52.680,12.095,1133.600,173633.000,328.790,,production,OP
2014-10-06,15/9-F-11,24.000,219.403,106.457,52.670,12.065,1124.630,172028.250,326.480,,production,OP
2014-10-07,15/9-F-11,24.000,219.220,106.462,52.585,12.078,1136.260,169857.390,314.200,,production,OP
2014-10-08,15/9-F-11,24.000,219.654,106.460,52.799,12.007,1117.800,174385.070,320.290,,production,OP
2014-10-09,15/9-F-11,24.000,219.812,106.462,52.885,11.928,1103.710,170944.020,347.790,,production,OP
2014-10-10,15/9-F-11,24.000,220.342,106.455,53.161,11.591,1082.550,167361.630,321.470,,production,OP
2014-10-11,15/9-F-11,24.000,219.922,106.457,52.929,11.854,1096.680,169248.660,328.960,,production,OP
2014-10-12,15/9-F-11,24.000,220.187,106.450,53.038,11.822,1089.010,167932.190,327.820,,production,OP
2014-10-13,15/9-F-11,24.000,220.076,106.450,52.950,11.859,1084.690,167785.460,339.400,,production,OP
2014-10-14,15/9-F-11,24.000,219.686,106.454,52.754,11.887,1086.550,168104.740,342.200,,production,OP
2014-10-15,15/9-F-11,24.000,219.703,106.449,52.729,11.890,1087.940,167740.720,338.040,,production,OP
2014-10-16,15/9-F-11,24.000,219.628,106.449,52.690,11.970,1089.130,167738.300,334.780,,production,OP
2014-10-17,15/9-F-11,24.000,219.614,106.448,52.699,12.012,1089.630,168358.650,334.860,,production,OP
2014-10-18,15/9-F-11,24.000,219.994,106.444,52.894,11.868,1080.180,167292.520,330.140,,production,OP
2014-10-19,15/9-F-11,24.000,220.385,106.435,53.038,11.730,1070.840,165807.480,325.250,,production,OP
2014-10-20,15/9-F-11,24.000,220.360,106.433,52.957,11.713,1058.720,164384.080,324.210,,production,OP
2014-10-21,15/9-F-11,24.000,219.863,106.440,52.710,11.755,1084.500,166550.320,324.710,,production,OP
2014-10-22,15/9-F-11,24.000,219.941,106.439,52.722,11.681,1072.140,165462.610,347.150,,production,OP
2014-10-23,15/9-F-11,24.000,220.328,106.428,52.881,11.605,1064.290,164846.190,339.040,,production,OP
2014-10-24,15/9-F-11,24.000,220.796,106.419,53.091,11.485,1054.460,163111.820,338.010,,production,OP
2014-10-25,15/9-F-11,24.000,220.415,106.420,52.865,11.516,1068.230,165579.380,340.730,,production,OP
2014-10-26,15/9-F-11,25.000,220.579,106.420,52.943,11.425,1110.580,171297.300,339.890,,production,OP
2014-10-27,15/9-F-11,24.000,220.459,106.419,52.828,11.460,1065.090,164652.440,337.830,,production,OP
2014-10-28,15/9-F-11,24.000,220.498,106.415,52.802,11.460,1063.620,164028.500,333.170,,production,OP
2014-10-29,15/9-F-11,24.000,220.318,106.420,52.677,11.493,1030.570,158223.330,328.950,,production,OP
2014-10-30,15/9-F-11,24.000,219.860,106.432,52.520,11.603,1071.730,164259.820,337.920,,production,OP
2014-10-31,15/9-F-11,24.000,220.045,106.429,52.582,11.559,1073.250,166589.510,332.870,,production,OP
2014-11-01,15/9-F-11,24.000,220.620,106.413,52.796,11.453,1054.420,163384.800,327.120,,production,OP
2014-11-02,15/9-F-11,24.000,220.367,106.412,52.632,11.185,1042.650,161516.160,324.660,,production,OP
2014-11-03,15/9-F-11,24.000,220.027,106.409,52.395,11.244,1026.750,158916.830,355.980,,production,OP
2014-11-04,15/9-F-11,24.000,220.136,106.411,52.438,11.456,1033.120,160267.280,365.550,,production,OP
2014-11-05,15/9-F-11,24.000,219.920,106.413,52.287,11.503,1022.890,159086.250,367.180,,production,OP
2014-11-06,15/9-F-11,24.000,219.768,106.409,52.170,11.533,1026.320,159536.330,368.000,,production,OP
2014-11-07,15/9-F-11,24.000,219.846,106.406,52.169,11.498,1047.360,161648.140,365.940,,production,OP
2014-11-08,15/9-F-11,24.000,220.074,106.401,52.235,11.444,1039.830,162427.450,386.300,,production,OP
2014-11-09,15/9-F-11,24.000,220.002,106.408,52.205,11.500,1037.210,163270.000,393.210,,production,OP
2014-11-10,15/9-F-11,24.000,219.893,106.414,52.114,11.500,990.650,161172.720,382.540,,production,OP
2014-11-11,15/9-F-11,24.000,219.900,106.415,52.092,11.395,1019.840,161443.200,387.450,,production,OP
2014-11-12,15/9-F-11,24.000,219.968,106.412,52.084,11.351,1019.630,159593.910,370.580,,production,OP
2014-11-13,15/9-F-11,24.000,220.026,106.412,52.082,11.309,1001.280,157166.280,362.340,,production,OP
2014-11-14,15/9-F-11,24.000,220.055,106.411,52.055,11.264,995.770,155969.780,360.800,,production,OP
2014-11-15,15/9-F-11,24.000,219.944,106.414,51.957,11.248,1004.240,156860.560,358.930,,production,OP
2014-11-16,15/9-F-11,24.000,219.750,106.418,51.837,11.279,993.880,155325.610,365.620,,production,OP
2014-11-17,15/9-F-11,24.000,219.603,106.418,51.751,11.278,980.830,150715.660,372.870,,production,OP
2014-11-18,15/9-F-11,24.000,219.548,106.416,51.695,11.248,1005.510,153577.940,367.710,,production,OP
2014-11-19,15/9-F-11,24.000,219.381,106.412,51.584,11.225,978.260,149678.000,358.450,,production,OP
2014-11-20,15/9-F-11,24.000,219.050,106.411,51.410,11.212,989.160,151691.170,354.020,,production,OP
2014-11-21,15/9-F-11,24.000,218.835,106.405,51.266,11.188,981.250,151114.310,351.170,,production,OP
2014-11-22,15/9-F-11,24.000,218.549,106.397,51.080,11.200,980.880,150603.080,351.370,,production,OP
2014-11-23,15/9-F-11,24.000,218.521,106.023,51.160,11.170,944.450,147656.000,349.860,,production,OP
2014-11-24,15/9-F-11,24.000,219.459,106.358,51.349,11.173,981.970,149548.770,368.760,,production,OP
2014-11-25,15/9-F-11,24.000,223.271,106.333,53.878,10.543,861.080,127172.240,292.870,,production,OP
2014-11-26,15/9-F-11,24.000,263.134,104.936,71.574,5.021,300.430,55341.700,111.220,,production,OP
2014-11-27,15/9-F-11,24.000,266.031,105.175,71.714,5.012,315.640,53072.860,111.140,,production,OP
2014-11-28,15/9-F-11,20.725,267.079,105.158,72.485,4.605,517.820,80701.160,102.380,,production,OP
2014-11-29,15/9-F-11,10.442,276.476,104.734,82.417,2.448,271.570,45438.720,21.370,,production,OP
2014-11-30,15/9-F-11,13.225,278.333,104.776,73.901,2.761,146.810,29219.380,48.190,,production,OP
2014-12-01,15/9-F-11,17.775,279.243,104.733,75.540,3.604,130.070,27957.750,66.950,,production,OP
2014-12-02,15/9-F-11,24.000,281.354,104.806,73.591,4.176,207.030,40642.810,90.630,,production,OP
2014-12-03,15/9-F-11,24.000,282.759,104.795,74.646,3.762,193.280,37790.020,81.500,,production,OP
2014-12-04,15/9-F-11,23.167,274.920,104.937,71.804,4.684,379.680,63329.090,137.200,,production,OP
2014-12-05,15/9-F-11,24.000,282.360,104.903,78.649,3.106,421.410,66885.450,96.920,,production,OP
2014-12-06,15/9-F-11,24.000,276.669,104.930,76.284,4.014,266.700,43488.620,89.380,,production,OP
2014-12-07,15/9-F-11,24.000,282.352,104.845,78.573,3.676,222.630,36312.290,79.770,,production,OP
2014-12-08,15/9-F-11,24.000,285.536,104.713,78.979,3.515,202.470,33013.190,76.240,,production,OP
2014-12-09,15/9-F-11,24.000,284.815,104.728,79.017,3.526,208.300,33939.280,76.940,,production,OP
2014-12-10,15/9-F-11,24.000,279.100,105.009,78.775,4.730,290.890,47436.540,104.270,,production,OP
2014-12-11,15/9-F-11,24.000,289.738,104.704,80.605,3.500,192.290,31341.740,75.870,,production,OP
2014-12-12,15/9-F-11,24.000,284.819,104.844,80.636,3.519,233.230,38033.660,71.160,,production,OP
2014-12-13,15/9-F-11,24.000,289.482,104.734,81.360,3.451,191.550,31194.080,67.460,,production,OP
2014-12-14,15/9-F-11,24.000,279.967,105.003,79.388,4.559,300.440,49004.780,104.240,,production,OP
2014-12-15,15/9-F-11,24.000,284.267,104.924,80.782,4.423,272.500,44397.410,103.980,,production,OP
2014-12-16,15/9-F-11,24.000,282.144,104.982,80.631,4.492,285.710,46545.410,102.170,,production,OP
2014-12-17,15/9-F-11,24.000,281.618,104.958,79.950,4.520,295.770,48230.020,102.110,,production,OP
2014-12-18,15/9-F-11,22.083,275.242,105.096,77.279,4.731,358.410,58407.800,131.920,,production,OP
2014-12-19,15/9-F-11,23.333,278.893,105.132,80.068,5.193,362.870,59176.370,138.890,,production,OP
2014-12-20,15/9-F-11,24.000,280.995,105.016,80.253,4.802,317.560,51775.750,111.740,,production,OP
2014-12-21,15/9-F-11,24.000,284.000,104.949,81.795,4.537,284.180,46334.110,102.430,,production,OP
2014-12-22,15/9-F-11,24.000,286.254,104.838,81.977,4.454,273.160,44562.160,102.590,,production,OP
2014-12-23,15/9-F-11,24.000,286.137,104.833,82.132,4.501,275.810,44994.080,101.590,,production,OP
2014-12-24,15/9-F-11,24.000,286.161,104.828,82.248,4.526,277.210,45203.490,102.510,,production,OP
2014-12-25,15/9-F-11,24.000,286.015,104.839,82.431,4.559,284.560,46373.830,103.760,,production,OP
2014-12-26,15/9-F-11,24.000,286.399,104.825,82.612,4.550,291.270,47476.960,103.210,,production,OP
2014-12-27,15/9-F-11,24.000,285.714,104.847,82.594,4.623,284.480,46408.530,106.410,,production,OP
2014-12-28,15/9-F-11,24.000,286.952,104.822,83.097,4.478,280.530,45705.530,104.360,,production,OP
2014-12-29,15/9-F-11,23.500,285.570,104.893,83.051,4.634,330.500,53852.630,130.370,,production,OP
2014-12-30,15/9-F-11,24.000,284.381,104.913,82.346,3.987,293.750,47894.320,96.320,,production,OP
2014-12-31,15/9-F-11,24.000,282.234,105.012,81.819,4.899,339.680,55403.940,116.160,,production,OP
2015-01-01,15/9-F-11,24.000,275.364,105.183,78.609,5.973,571.410,102003.710,133.750,,production,OP
2015-01-02,15/9-F-11,24.000,261.896,105.576,72.720,7.391,711.150,106922.150,312.230,,production,OP
2015-01-03,15/9-F-11,24.000,253.325,105.765,68.375,8.008,834.360,135275.750,346.320,,production,OP
2015-01-04,15/9-F-11,24.000,247.291,105.860,65.074,7.987,816.680,119664.930,345.280,,production,OP
2015-01-05,15/9-F-11,24.000,244.851,105.906,63.878,8.186,822.120,120104.060,351.070,,production,OP
2015-01-06,15/9-F-11,24.000,241.740,105.915,62.069,8.838,868.950,126304.880,379.860,,production,OP
2015-01-07,15/9-F-11,24.000,236.030,105.995,59.094,9.153,926.150,135522.620,389.800,,production,OP
2015-01-08,15/9-F-11,24.000,226.748,106.127,54.164,10.393,1015.350,147261.690,435.470,,production,OP
2015-01-09,15/9-F-11,17.833,227.232,105.988,53.715,8.342,824.030,119541.070,421.120,,production,OP
2015-01-10,15/9-F-11,20.333,228.594,105.989,54.499,9.290,945.620,137122.490,448.130,,production,OP
2015-01-11,15/9-F-11,24.000,221.374,106.217,51.070,11.681,1167.010,168424.900,565.240,,production,OP
2015-01-12,15/9-F-11,24.000,220.871,106.231,51.081,11.497,1089.480,157902.770,490.910,,production,OP
2015-01-13,15/9-F-11,24.000,219.933,106.223,50.558,11.540,1103.270,160611.480,494.670,,production,OP
2015-01-14,15/9-F-11,24.000,219.517,106.207,50.335,11.550,987.370,144808.010,478.810,,production,OP
2015-01-15,15/9-F-11,24.000,219.599,106.184,50.303,11.732,1070.170,155418.670,492.330,,production,OP
2015-01-16,15/9-F-11,24.000,219.495,106.171,50.221,11.770,1088.700,154724.710,474.690,,production,OP
2015-01-17,15/9-F-11,0.000,219.800,106.200,50.400,12.000,1026.570,150773.500,461.020,,production,OP
2015-01-18,15/9-F-11,24.000,219.800,106.200,50.400,12.000,1083.400,158454.170,461.160,,production,OP
2015-01-19,15/9-F-11,24.000,219.800,106.200,50.400,12.000,1004.720,146472.990,426.700,,production,OP
2015-01-20,15/9-F-11,22.167,221.910,106.025,51.026,10.815,896.900,131181.490,459.560,,production,OP
2015-01-21,15/9-F-11,24.000,219.050,106.106,49.615,11.810,958.680,140745.340,452.980,,production,OP
2015-01-22,15/9-F-11,24.000,214.913,106.189,47.858,12.233,963.570,142438.470,433.370,,production,OP
2015-01-23,15/9-F-11,24.000,212.686,106.213,46.808,12.914,981.800,145611.430,501.100,,production,OP
2015-01-24,15/9-F-11,24.000,209.915,106.256,45.492,13.871,1021.260,150712.710,518.240,,production,OP
2015-01-25,15/9-F-11,24.000,209.906,106.247,45.541,13.853,1006.310,149866.170,517.480,,production,OP
2015-01-26,15/9-F-11,24.000,209.795,106.237,45.432,13.948,1006.490,149685.100,514.790,,production,OP
2015-01-27,15/9-F-11,24.000,209.974,106.225,45.540,13.964,1049.980,154302.410,678.030,,production,OP
2015-01-28,15/9-F-11,24.000,209.830,106.215,45.464,14.156,946.400,139228.330,463.720,,production,OP
2015-01-29,15/9-F-11,24.000,210.040,106.203,45.488,14.216,946.360,140317.070,462.520,,production,OP
2015-01-30,15/9-F-11,24.000,210.172,106.191,45.525,14.213,919.800,135523.640,442.810,,production,OP
2015-01-31,15/9-F-11,24.000,210.040,106.186,45.470,14.249,907.740,132052.240,507.440,,production,OP
2015-02-01,15/9-F-11,24.000,209.868,106.185,45.422,14.285,937.480,138263.650,521.920,,production,OP
2015-02-02,15/9-F-11,24.000,209.959,106.176,45.458,14.348,901.470,133045.000,441.920,,production,OP
2015-02-03,15/9-F-11,24.000,210.075,106.164,45.471,14.351,898.300,133186.460,752.040,,production,OP
2015-02-04,15/9-F-11,15.942,210.857,106.165,45.612,17.671,625.330,99659.080,517.850,,production,OP
2015-02-05,15/9-F-11,5.392,216.349,105.109,48.044,12.379,228.780,37831.860,89.030,,production,OP
2015-02-06,15/9-F-11,24.000,209.939,105.835,42.566,14.745,702.960,106682.700,431.780,,production,OP
2015-02-07,15/9-F-11,24.000,209.733,105.990,43.726,13.406,792.970,122658.910,421.900,,production,OP
2015-02-08,15/9-F-11,17.108,210.845,106.023,44.047,14.885,623.950,100184.920,329.970,,production,OP
2015-02-09,15/9-F-11,17.725,213.806,105.694,44.125,14.923,744.190,121563.770,344.910,,production,OP
2015-02-10,15/9-F-11,24.000,209.577,106.022,43.715,15.049,865.750,133092.740,468.960,,production,OP
2015-02-11,15/9-F-11,24.000,209.537,106.071,44.200,14.976,895.840,137050.580,459.740,,production,OP
2015-02-12,15/9-F-11,24.000,209.824,106.087,44.483,14.973,940.200,143431.370,530.080,,production,OP
2015-02-13,15/9-F-11,24.000,208.373,105.207,44.384,14.890,962.200,146584.020,535.440,,production,OP
2015-02-14,15/9-F-11,24.000,209.915,106.115,44.756,15.243,965.200,146781.020,549.170,,production,OP
2015-02-15,15/9-F-11,24.000,208.475,105.270,44.623,15.059,969.440,147028.110,549.340,,production,OP
2015-02-16,15/9-F-11,24.000,210.348,106.126,45.046,15.523,976.990,148412.090,520.700,,production,OP
2015-02-17,15/9-F-11,24.000,210.897,106.126,45.279,15.414,994.390,152703.640,549.440,,production,OP
2015-02-18,15/9-F-11,24.000,210.598,106.149,45.181,15.628,1001.960,149778.100,507.400,,production,OP
2015-02-19,15/9-F-11,24.000,210.075,106.184,45.073,15.922,1030.530,153281.510,525.970,,production,OP
2015-02-20,15/9-F-11,24.000,210.483,106.198,45.339,15.973,1009.310,150875.750,598.220,,production,OP
2015-02-21,15/9-F-11,24.000,210.286,106.223,45.361,16.136,996.110,148735.230,577.270,,production,OP
2015-02-22,15/9-F-11,24.000,210.007,106.237,45.273,16.346,1047.180,156246.940,572.630,,production,OP
2015-02-23,15/9-F-11,24.000,210.292,106.241,45.434,16.217,1038.280,156179.430,534.820,,production,OP
2015-02-24,15/9-F-11,24.000,210.566,106.245,45.591,16.196,1014.530,150705.910,547.160,,production,OP
2015-02-25,15/9-F-11,24.000,210.703,106.249,45.662,16.158,1022.010,149714.360,551.000,,production,OP
2015-02-26,15/9-F-11,24.000,210.948,106.162,45.184,16.609,1046.430,153620.750,514.590,,production,OP
2015-02-27,15/9-F-11,24.000,211.360,106.118,45.153,16.695,1056.640,157118.050,557.520,,production,OP
2015-02-28,15/9-F-11,24.000,210.894,106.123,45.230,16.838,1058.800,161657.740,560.240,,production,OP
2015-03-01,15/9-F-11,24.000,211.008,106.128,45.397,16.784,1056.240,160333.610,553.160,,production,OP
2015-03-02,15/9-F-11,24.000,210.974,106.132,45.315,16.798,1051.490,159342.630,550.830,,production,OP
2015-03-03,15/9-F-11,24.000,210.905,106.136,45.383,16.777,1053.040,158788.200,544.510,,production,OP
2015-03-04,15/9-F-11,24.000,208.730,105.102,44.719,15.961,1050.750,158638.840,529.020,,production,OP
2015-03-05,15/9-F-11,24.000,209.431,106.164,44.679,17.271,1077.560,163104.320,561.720,,production,OP
2015-03-06,15/9-F-11,24.000,201.507,106.273,40.876,20.365,1213.310,182682.750,651.920,,production,OP
2015-03-07,15/9-F-11,24.000,199.780,106.313,40.210,20.649,1218.640,184776.000,660.680,,production,OP
2015-03-08,15/9-F-11,24.000,200.504,106.310,40.585,20.207,1210.610,183380.560,657.260,,production,OP
2015-03-09,15/9-F-11,24.000,200.218,106.317,40.468,20.029,1201.660,180486.340,645.050,,production,OP
2015-03-10,15/9-F-11,24.000,200.226,106.322,40.473,20.397,1213.890,180257.230,653.110,,production,OP
2015-03-11,15/9-F-11,24.000,200.035,106.329,40.422,20.601,1222.740,181172.640,661.350,,production,OP
2015-03-12,15/9-F-11,24.000,200.152,106.328,40.433,20.560,1217.770,180677.780,679.630,,production,OP
2015-03-13,15/9-F-11,24.000,200.141,106.283,40.332,20.870,1218.600,182929.140,667.270,,production,OP
2015-03-14,15/9-F-11,24.000,200.058,106.136,40.188,21.270,1247.390,185976.770,679.420,,production,OP
2015-03-15,15/9-F-11,24.000,210.860,105.568,46.168,21.927,1632.830,241011.170,822.510,,production,OP
2015-03-16,15/9-F-11,24.000,219.380,105.247,51.981,22.465,2002.080,294179.130,761.310,,production,OP
2015-03-17,15/9-F-11,24.000,219.628,105.267,52.381,22.466,2025.240,294996.210,744.350,,production,OP
2015-03-18,15/9-F-11,24.000,219.456,105.329,52.586,22.269,2021.700,293906.900,736.840,,production,OP
2015-03-19,15/9-F-11,24.000,219.110,105.398,52.624,21.963,2000.270,292780.950,729.420,,production,OP
2015-03-20,15/9-F-11,24.000,219.368,105.429,52.717,21.748,2035.820,296725.900,782.890,,production,OP
2015-03-21,15/9-F-11,24.000,219.281,105.446,52.440,21.834,2064.610,300167.590,738.620,,production,OP
2015-03-22,15/9-F-11,24.000,252.281,105.288,75.727,12.001,1145.200,173605.330,430.110,,production,OP
2015-03-23,15/9-F-11,23.833,287.052,105.234,98.881,4.405,333.880,52035.520,129.470,,production,OP
2015-03-24,15/9-F-11,24.000,292.248,105.227,100.988,4.483,356.500,54914.540,152.420,,production,OP
2015-03-25,15/9-F-11,24.000,285.373,105.051,94.848,7.321,800.790,120949.780,306.030,,production,OP
2015-03-26,15/9-F-11,24.000,225.205,105.348,50.830,25.639,1994.470,293070.530,771.980,,production,OP
2015-03-27,15/9-F-11,24.000,219.559,105.456,50.650,24.686,1954.670,281413.970,729.850,,production,OP
2015-03-28,15/9-F-11,24.000,219.383,105.467,50.779,23.090,2013.540,269634.000,745.910,,production,OP
2015-03-29,15/9-F-11,24.000,220.255,105.463,51.333,21.524,1835.300,263835.330,675.790,,production,OP
2015-03-30,15/9-F-11,24.000,220.092,105.477,51.314,21.994,1927.710,278374.040,728.060,,production,OP
2015-03-31,15/9-F-11,24.000,219.664,105.495,51.098,21.947,1917.890,272552.790,706.810,,production,OP
2015-04-01,15/9-F-11,24.000,220.203,105.498,51.435,21.567,1811.030,265161.740,687.570,,production,OP
2015-04-02,15/9-F-11,24.000,220.488,105.500,51.547,21.321,1825.330,266034.020,679.870,,production,OP
2015-04-03,15/9-F-11,24.000,219.987,105.517,51.282,21.499,1826.310,262154.690,681.220,,production,OP
2015-04-04,15/9-F-11,24.000,219.749,105.524,51.111,21.465,1818.470,264457.710,678.680,,production,OP
2015-04-05,15/9-F-11,24.000,219.681,105.532,51.097,21.476,1810.130,263972.830,674.090,,production,OP
2015-04-06,15/9-F-11,24.000,219.654,105.539,51.000,21.456,1807.870,262887.070,682.590,,production,OP
2015-04-07,15/9-F-11,24.000,219.542,105.437,50.992,21.384,1790.600,260148.780,804.200,,production,OP
2015-04-08,15/9-F-11,24.000,220.018,105.541,51.343,20.962,1764.010,255745.670,791.260,,production,OP
2015-04-09,15/9-F-11,24.000,219.943,105.542,51.312,20.971,1758.870,255240.990,789.240,,production,OP
2015-04-10,15/9-F-11,24.000,219.632,105.547,51.134,21.016,1744.190,255251.690,794.080,,production,OP
2015-04-11,15/9-F-11,24.000,219.662,105.548,51.144,21.003,1750.060,254104.600,790.270,,production,OP
2015-04-12,15/9-F-11,24.000,220.047,105.549,51.374,20.704,1728.980,252947.510,778.550,,production,OP
2015-04-13,15/9-F-11,24.000,220.910,105.539,51.800,20.494,1708.770,256239.270,781.480,,production,OP
2015-04-14,15/9-F-11,24.000,220.921,105.554,51.785,20.477,1714.460,257147.580,809.070,,production,OP
2015-04-15,15/9-F-11,24.000,220.878,105.569,51.713,20.786,1769.280,262244.080,846.430,,production,OP
2015-04-16,15/9-F-11,24.000,220.972,105.586,51.723,20.949,1768.700,262541.400,858.740,,production,OP
2015-04-17,15/9-F-11,24.000,221.355,105.601,51.933,20.524,1780.830,264882.600,863.050,,production,OP
2015-04-18,15/9-F-11,24.000,221.853,105.617,52.246,20.981,1802.920,268459.540,857.830,,production,OP
2015-04-19,15/9-F-11,24.000,222.201,105.640,52.428,20.987,1820.190,262914.070,866.340,,production,OP
2015-04-20,15/9-F-11,24.000,221.888,105.674,52.260,21.232,1815.280,263559.850,862.470,,production,OP
2015-04-21,15/9-F-11,24.000,221.789,105.697,52.163,21.258,1832.350,269689.970,820.370,,production,OP
2015-04-22,15/9-F-11,24.000,221.891,105.700,52.155,21.251,1832.510,268094.610,838.210,,production,OP
2015-04-23,15/9-F-11,24.000,221.725,105.708,52.116,21.303,1918.580,277542.650,831.100,,production,OP
2015-04-24,15/9-F-11,24.000,221.555,105.724,52.136,21.293,1908.810,276281.870,828.770,,production,OP
2015-04-25,15/9-F-11,24.000,221.251,105.738,52.005,21.400,1900.520,275040.010,842.710,,production,OP
2015-04-26,15/9-F-11,24.000,221.122,105.747,51.960,21.417,1898.580,274460.840,829.120,,production,OP
2015-04-27,15/9-F-11,24.000,220.826,105.757,51.829,21.511,1916.480,276252.240,836.030,,production,OP
2015-04-28,15/9-F-11,24.000,220.596,105.765,51.701,21.555,1913.380,275367.540,830.040,,production,OP
2015-04-29,15/9-F-11,24.000,220.610,105.766,51.686,21.459,1907.060,273532.470,808.870,,production,OP
2015-04-30,15/9-F-11,24.000,220.495,105.770,51.627,21.419,1911.210,274109.600,797.470,,production,OP
2015-05-01,15/9-F-11,24.000,220.463,105.772,51.586,21.368,1905.670,271874.640,795.060,,production,OP
2015-05-02,15/9-F-11,24.000,220.477,105.784,51.407,21.396,1892.910,269695.060,792.990,,production,OP
2015-05-03,15/9-F-11,24.000,220.425,105.790,51.145,21.463,1874.020,270092.860,793.000,,production,OP
2015-05-04,15/9-F-11,24.000,220.104,105.797,50.721,21.615,1851.560,269187.680,804.420,,production,OP
2015-05-05,15/9-F-11,24.000,219.936,105.798,50.394,21.674,1854.680,271329.200,804.550,,production,OP
2015-05-06,15/9-F-11,24.000,219.876,105.806,50.284,21.682,1820.380,265934.190,804.880,,production,OP
2015-05-07,15/9-F-11,24.000,219.828,105.811,50.112,21.684,1824.930,264849.110,802.020,,production,OP
2015-05-08,15/9-F-11,24.000,219.993,105.825,50.015,21.631,1798.790,268282.730,799.540,,production,OP
2015-05-09,15/9-F-11,24.000,220.227,105.842,49.918,21.709,1810.440,263392.960,804.190,,production,OP
2015-05-10,15/9-F-11,24.000,220.333,105.839,50.047,21.650,1805.420,263355.430,800.200,,production,OP
2015-05-11,15/9-F-11,24.000,220.315,105.835,49.997,21.605,1802.170,262552.990,795.080,,production,OP
2015-05-12,15/9-F-11,24.000,220.058,105.833,49.827,21.593,1798.260,261610.150,793.370,,production,OP
2015-05-13,15/9-F-11,24.000,219.691,105.837,49.554,21.831,1802.000,261696.760,796.930,,production,OP
2015-05-14,15/9-F-11,24.000,219.657,105.836,49.506,21.923,1816.110,263353.490,771.260,,production,OP
2015-05-15,15/9-F-11,24.000,219.508,105.836,49.446,21.964,1818.570,263167.110,769.660,,production,OP
2015-05-16,15/9-F-11,24.000,219.762,105.835,49.610,21.638,1805.800,260503.450,758.750,,production,OP
2015-05-17,15/9-F-11,24.000,220.116,105.834,49.810,21.421,1784.950,258434.470,750.950,,production,OP
2015-05-18,15/9-F-11,24.000,220.023,105.835,49.754,21.515,1780.780,259377.420,752.940,,production,OP
2015-05-19,15/9-F-11,24.000,220.031,105.836,49.720,21.430,1783.910,258024.160,748.660,,production,OP
2015-05-20,15/9-F-11,24.000,220.072,105.837,49.689,21.333,1774.940,256290.170,744.020,,production,OP
2015-05-21,15/9-F-11,24.000,220.051,105.838,49.661,21.289,1747.380,255508.110,752.490,,production,OP
2015-05-22,15/9-F-11,24.000,220.018,105.838,49.589,21.309,1726.850,252126.910,824.650,,production,OP
2015-05-23,15/9-F-11,24.000,219.944,105.840,49.459,21.329,1638.670,248352.220,750.220,,production,OP
2015-05-24,15/9-F-11,24.000,219.877,105.842,49.404,21.365,1755.840,257738.600,846.360,,production,OP
2015-05-25,15/9-F-11,24.000,219.752,105.845,49.240,21.332,1652.500,243210.880,787.670,,production,OP
2015-05-26,15/9-F-11,24.000,219.693,105.848,49.162,21.335,1705.950,250743.860,778.220,,production,OP
2015-05-27,15/9-F-11,24.000,219.676,105.848,49.111,20.817,1666.900,244091.130,775.260,,production,OP
2015-05-28,15/9-F-11,24.000,220.258,105.843,49.427,20.909,1705.520,251408.310,862.500,,production,OP
2015-05-29,15/9-F-11,24.000,220.522,105.839,49.560,20.704,1680.640,247195.160,791.110,,production,OP
2015-05-30,15/9-F-11,24.000,220.443,105.840,49.439,20.765,1670.980,246621.390,822.730,,production,OP
2015-05-31,15/9-F-11,24.000,220.197,105.843,49.213,20.421,1671.700,247509.840,751.850,,production,OP
2015-06-01,15/9-F-11,24.000,220.136,105.842,49.102,20.829,1682.830,250715.570,813.290,,production,OP
2015-06-02,15/9-F-11,24.000,219.980,105.842,48.927,20.864,1683.120,251485.940,814.620,,production,OP
2015-06-03,15/9-F-11,24.000,220.006,105.838,48.797,20.800,1666.900,247522.780,800.310,,production,OP
2015-06-04,15/9-F-11,24.000,220.060,105.836,48.738,20.733,1659.030,245330.670,772.010,,production,OP
2015-06-05,15/9-F-11,24.000,219.816,105.839,48.526,20.804,1663.570,242392.340,744.340,,production,OP
2015-06-06,15/9-F-11,24.000,219.848,105.839,48.460,20.684,1651.210,240468.110,740.890,,production,OP
2015-06-07,15/9-F-11,22.817,226.651,105.776,52.405,17.846,1497.330,224020.120,795.660,,production,OP
2015-06-08,15/9-F-11,24.000,220.212,105.862,48.325,20.917,1673.320,243394.870,760.410,,production,OP
2015-06-09,15/9-F-11,24.000,220.060,105.864,48.201,20.796,1655.260,240518.590,736.280,,production,OP
2015-06-10,15/9-F-11,24.000,220.262,105.859,48.242,20.646,1633.020,237106.610,715.940,,production,OP
2015-06-11,15/9-F-11,24.000,220.157,105.855,48.120,20.630,1616.160,235207.300,777.670,,production,OP
2015-06-12,15/9-F-11,24.000,220.128,105.853,48.009,20.576,1616.270,235818.420,714.980,,production,OP
2015-06-13,15/9-F-11,24.000,220.167,105.850,47.896,20.599,1597.640,230357.050,710.080,,production,OP
2015-06-14,15/9-F-11,24.000,219.996,105.849,47.688,20.778,1579.970,229962.620,751.740,,production,OP
2015-06-15,15/9-F-11,24.000,219.968,105.848,47.532,20.759,1583.820,229528.600,732.370,,production,OP
2015-06-16,15/9-F-11,24.000,219.958,105.846,47.373,20.723,1566.010,226813.460,741.970,,production,OP
2015-06-17,15/9-F-11,24.000,220.076,105.842,47.268,20.609,1550.640,226763.900,742.280,,production,OP
2015-06-18,15/9-F-11,24.000,220.218,105.841,47.230,20.669,1553.410,225992.480,729.750,,production,OP
2015-06-19,15/9-F-11,24.000,220.227,105.836,47.045,20.805,1538.140,228282.710,715.200,,production,OP
2015-06-20,15/9-F-11,24.000,220.342,105.838,46.899,20.707,1574.940,233029.770,734.130,,production,OP
2015-06-21,15/9-F-11,24.000,220.616,105.842,46.918,20.818,1568.890,233713.250,753.850,,production,OP
2015-06-22,15/9-F-11,24.000,221.192,105.847,47.056,20.754,1597.790,236337.870,761.690,,production,OP
2015-06-23,15/9-F-11,24.000,220.919,105.862,46.749,21.177,1606.670,237672.390,785.250,,production,OP
2015-06-24,15/9-F-11,24.000,221.145,105.876,46.705,21.344,1622.920,238931.370,799.200,,production,OP
2015-06-25,15/9-F-11,24.000,220.787,105.894,46.318,21.815,1649.490,242900.780,832.150,,production,OP
2015-06-26,15/9-F-11,24.000,220.718,105.909,46.108,22.366,1650.640,241547.040,847.340,,production,OP
2015-06-27,15/9-F-11,24.000,221.366,105.922,46.279,22.212,1662.450,242839.850,854.160,,production,OP
2015-06-28,15/9-F-11,24.000,229.601,105.858,50.969,17.998,1465.020,214196.690,729.550,,production,OP
2015-06-29,15/9-F-11,24.000,227.704,105.896,49.670,19.200,1545.730,222177.300,739.780,,production,OP
2015-06-30,15/9-F-11,24.000,226.097,105.926,48.588,20.025,1618.910,230823.140,744.730,,production,OP
2015-07-01,15/9-F-11,24.000,221.850,105.969,45.957,22.887,1681.690,248784.600,891.530,,production,OP
2015-07-02,15/9-F-11,24.000,220.473,105.984,45.065,23.942,1561.860,230582.150,1200.310,,production,OP
2015-07-03,15/9-F-11,24.000,220.377,105.984,44.929,23.925,1554.860,229002.420,1199.770,,production,OP
2015-07-04,15/9-F-11,24.000,219.858,105.988,44.551,23.999,1533.340,225351.470,1184.820,,production,OP
2015-07-05,15/9-F-11,24.000,219.718,105.984,44.364,23.906,1519.990,223802.630,1146.240,,production,OP
2015-07-06,15/9-F-11,24.000,219.688,105.980,44.168,23.905,1506.390,221597.330,1146.440,,production,OP
2015-07-07,15/9-F-11,24.000,219.632,105.977,44.028,23.952,1500.720,219821.150,1177.410,,production,OP
2015-07-08,15/9-F-11,24.000,219.530,105.972,43.821,23.939,1481.750,218310.470,1097.920,,production,OP
2015-07-09,15/9-F-11,24.000,219.507,105.967,43.650,24.001,1473.250,216308.620,1059.390,,production,OP
2015-07-10,15/9-F-11,24.000,219.573,105.965,43.522,24.008,1462.230,214393.870,1076.920,,production,OP
2015-07-11,15/9-F-11,24.000,219.555,105.963,43.346,23.982,1436.820,213094.790,1061.890,,production,OP
2015-07-12,15/9-F-11,24.000,219.689,105.957,43.190,23.958,1426.880,209867.580,1042.140,,production,OP
2015-07-13,15/9-F-11,24.000,219.997,105.950,43.134,23.418,1417.430,209010.440,1151.160,,production,OP
2015-07-14,15/9-F-11,24.000,220.029,105.951,42.810,23.911,1412.230,208264.610,1152.940,,production,OP
2015-07-15,15/9-F-11,24.000,220.048,105.953,42.663,23.918,1394.070,205956.000,1130.910,,production,OP
2015-07-16,15/9-F-11,24.000,220.124,105.952,42.592,23.868,1375.300,203175.830,1124.970,,production,OP
2015-07-17,15/9-F-11,24.000,219.957,105.952,42.440,23.959,1368.170,202223.080,1126.930,,production,OP
2015-07-18,15/9-F-11,24.000,220.034,105.951,42.356,23.908,1364.310,203950.480,1201.190,,production,OP
2015-07-19,15/9-F-11,24.000,220.172,105.950,42.296,23.916,1344.570,201782.320,1214.710,,production,OP
2015-07-20,15/9-F-11,24.000,220.193,105.948,42.199,23.949,1335.280,199766.760,1206.500,,production,OP
2015-07-21,15/9-F-11,24.000,220.383,105.946,42.232,23.875,1344.530,201785.100,1211.570,,production,OP
2015-07-22,15/9-F-11,24.000,220.574,105.945,42.174,23.839,1355.390,206116.940,1211.590,,production,OP
2015-07-23,15/9-F-11,24.000,220.629,105.943,42.156,23.872,1356.950,205050.090,1210.610,,production,OP
2015-07-24,15/9-F-11,24.000,220.817,105.937,42.148,23.847,1342.470,202187.980,1215.910,,production,OP
2015-07-25,15/9-F-11,24.000,220.243,105.941,41.751,24.334,1345.150,202672.070,1225.350,,production,OP
2015-07-26,15/9-F-11,24.000,220.180,105.942,41.674,24.471,1332.970,200210.530,1225.710,,production,OP
2015-07-27,15/9-F-11,24.000,220.224,105.942,41.622,24.445,1321.310,198496.440,1225.750,,production,OP
2015-07-28,15/9-F-11,24.000,220.207,105.942,41.571,24.460,1299.100,196363.920,1213.080,,production,OP
2015-07-29,15/9-F-11,24.000,219.946,105.946,41.392,24.796,1335.510,201360.520,1391.110,,production,OP
2015-07-30,15/9-F-11,24.000,220.062,105.947,41.400,24.803,1310.450,196486.360,1233.130,,production,OP
2015-07-31,15/9-F-11,24.000,219.978,105.949,41.290,24.964,1289.690,193076.740,1238.030,,production,OP
2015-08-01,15/9-F-11,24.000,219.961,105.949,41.247,24.950,1283.490,191777.370,1235.700,,production,OP
2015-08-02,15/9-F-11,24.000,220.100,105.948,41.223,24.769,1277.280,190069.800,1232.280,,production,OP
2015-08-03,15/9-F-11,24.000,220.120,105.948,41.154,24.882,1267.780,190370.970,1234.550,,production,OP
2015-08-04,15/9-F-11,24.000,220.208,105.946,41.127,24.874,1272.720,191632.560,1235.160,,production,OP
2015-08-05,15/9-F-11,24.000,220.304,105.950,41.113,24.882,1276.710,187873.580,1231.130,,production,OP
2015-08-06,15/9-F-11,24.000,220.446,105.960,41.142,24.864,1256.080,186803.550,1236.310,,production,OP
2015-08-07,15/9-F-11,24.000,220.563,105.959,41.091,24.680,1236.690,188841.790,1230.400,,production,OP
2015-08-08,15/9-F-11,24.000,220.564,105.958,41.067,24.750,1216.540,188670.410,1233.940,,production,OP
2015-08-09,15/9-F-11,24.000,220.590,105.959,40.991,24.852,1229.590,188412.770,1235.150,,production,OP
2015-08-10,15/9-F-11,24.000,220.639,105.964,40.951,24.836,1221.710,187300.890,1234.500,,production,OP
2015-08-11,15/9-F-11,24.000,220.629,105.960,40.901,24.766,1201.510,186315.230,1171.730,,production,OP
2015-08-12,15/9-F-11,24.000,220.675,105.956,40.830,24.734,1210.980,185325.190,1217.500,,production,OP
2015-08-13,15/9-F-11,24.000,220.642,105.955,40.753,24.851,1205.330,185749.030,1217.710,,production,OP
2015-08-14,15/9-F-11,24.000,220.682,105.952,40.682,24.797,1205.980,185405.100,1216.120,,production,OP
2015-08-15,15/9-F-11,24.000,220.771,105.950,40.674,24.772,1204.850,183252.080,1217.040,,production,OP
2015-08-16,15/9-F-11,24.000,220.923,105.948,40.591,24.694,1199.530,180277.330,1191.240,,production,OP
2015-08-17,15/9-F-11,24.000,221.017,105.947,40.532,24.731,1185.780,179634.810,1190.820,,production,OP
2015-08-18,15/9-F-11,24.000,221.064,105.944,40.506,24.718,1192.700,179522.180,1148.830,,production,OP
2015-08-19,15/9-F-11,24.000,221.056,105.943,40.502,24.250,1191.930,179478.060,1264.880,,production,OP
2015-08-20,15/9-F-11,24.000,221.138,105.940,40.420,24.771,1204.720,180887.460,1237.650,,production,OP
2015-08-21,15/9-F-11,24.000,221.183,105.938,40.342,24.259,1179.200,177614.520,1191.480,,production,OP
2015-08-22,15/9-F-11,24.000,221.172,105.941,40.291,24.231,1176.630,175818.740,1175.470,,production,OP
2015-08-23,15/9-F-11,24.000,221.117,105.945,40.213,24.704,1163.240,172903.010,1213.460,,production,OP
2015-08-24,15/9-F-11,24.000,220.998,105.942,40.093,24.690,1160.110,173584.520,1201.020,,production,OP
2015-08-25,15/9-F-11,24.000,220.886,105.932,39.961,24.737,1158.640,172798.340,1196.260,,production,OP
2015-08-26,15/9-F-11,14.275,221.389,105.925,39.786,15.651,671.060,102153.420,777.390,,production,OP
2015-08-27,15/9-F-11,0.000,294.766,104.391,0.013,1.072,0.000,0.000,0.000,,production,OP
2015-08-28,15/9-F-11,0.000,301.085,103.988,0.097,0.862,0.000,0.000,0.000,,production,OP
2015-08-29,15/9-F-11,0.000,290.788,98.930,0.183,0.845,0.000,0.000,0.000,,production,OP
2015-08-30,15/9-F-11,0.000,307.470,103.625,0.224,0.874,0.000,0.000,0.000,,production,OP
2015-08-31,15/9-F-11,17.742,268.230,105.098,68.828,8.138,447.370,77429.470,702.720,,production,OP
2015-09-01,15/9-F-11,24.000,229.787,105.765,41.271,25.695,1154.340,185768.970,1314.620,,production,OP
2015-09-02,15/9-F-11,24.000,222.253,105.900,37.076,29.590,1192.800,183061.480,1323.050,,production,OP
2015-09-03,15/9-F-11,24.000,223.319,105.862,39.244,27.284,1098.550,173629.790,1270.700,,production,OP
2015-09-04,15/9-F-11,24.000,231.272,105.719,42.755,23.213,955.690,148269.300,1191.870,,production,OP
2015-09-05,15/9-F-11,24.000,220.366,105.844,37.580,27.444,1079.010,163219.280,1299.370,,production,OP
2015-09-06,15/9-F-11,24.000,219.999,105.829,37.456,27.466,1043.550,156646.960,1184.840,,production,OP
2015-09-07,15/9-F-11,24.000,219.722,105.822,37.411,27.473,1036.290,155171.950,1240.340,,production,OP
2015-09-08,15/9-F-11,24.000,219.531,105.818,37.378,27.492,1027.850,154101.300,1260.820,,production,OP
2015-09-09,15/9-F-11,24.000,219.584,105.819,37.467,27.223,1028.020,153648.930,1263.170,,production,OP
2015-09-10,15/9-F-11,24.000,219.725,105.821,37.634,26.955,1024.190,153098.510,1290.160,,production,OP
2015-09-11,15/9-F-11,24.000,219.824,105.820,37.626,26.972,1027.570,154607.720,1289.940,,production,OP
2015-09-12,15/9-F-11,24.000,219.829,105.818,37.598,26.962,1041.370,154431.790,1278.060,,production,OP
2015-09-13,15/9-F-11,24.000,219.857,105.816,37.539,27.007,1032.610,152835.560,1279.590,,production,OP
2015-09-14,15/9-F-11,24.000,219.804,105.818,37.514,26.964,1005.360,150815.600,1274.070,,production,OP
2015-09-15,15/9-F-11,24.000,219.687,105.821,37.472,27.021,1040.990,154254.190,1268.620,,production,OP
2015-09-16,15/9-F-11,24.000,219.602,105.825,37.459,27.070,1051.220,155058.710,1263.290,,production,OP
2015-09-17,15/9-F-11,24.000,219.571,105.828,37.401,26.981,1040.850,154606.570,1272.720,,production,OP
2015-09-18,15/9-F-11,24.000,219.546,105.833,37.385,27.005,1082.770,158412.720,1185.970,,production,OP
2015-09-19,15/9-F-11,24.000,219.615,105.834,37.362,27.031,1051.510,153435.060,1163.410,,production,OP
2015-09-20,15/9-F-11,24.000,219.713,105.833,37.420,26.995,1006.610,151247.560,1101.640,,production,OP
2015-09-21,15/9-F-11,24.000,219.737,105.833,37.420,27.009,1065.570,160596.970,1141.820,,production,OP
2015-09-22,15/9-F-11,22.725,231.401,104.847,44.200,19.040,810.980,126742.700,876.900,,production,OP
2015-09-23,15/9-F-11,24.000,221.231,105.859,38.094,26.494,1070.190,161375.490,1229.150,,production,OP
2015-09-24,15/9-F-11,24.000,220.480,105.854,37.627,26.977,1069.420,161188.150,1250.030,,production,OP
2015-09-25,15/9-F-11,24.000,220.403,105.844,37.527,26.982,1067.920,162965.690,1348.530,,production,OP
2015-09-26,15/9-F-11,24.000,220.712,105.830,37.594,26.598,1070.450,161704.070,1343.260,,production,OP
2015-09-27,15/9-F-11,24.000,220.925,105.824,37.636,26.476,1056.780,161682.120,1341.380,,production,OP
2015-09-28,15/9-F-11,24.000,221.073,105.820,37.673,26.497,1052.850,160106.500,1334.700,,production,OP
2015-09-29,15/9-F-11,24.000,221.170,105.818,37.669,25.903,1050.530,160121.280,1275.780,,production,OP
2015-09-30,15/9-F-11,24.000,220.933,105.820,37.488,26.199,1088.750,165304.940,1254.050,,production,OP
2015-10-01,15/9-F-11,24.000,220.301,105.827,37.087,26.085,1104.830,168051.940,1294.450,,production,OP
2015-10-02,15/9-F-11,24.000,219.927,105.835,36.817,24.123,1117.650,169726.290,1294.110,,production,OP
2015-10-03,15/9-F-11,24.000,215.982,105.867,34.597,27.955,1162.370,177027.110,1397.810,,production,OP
2015-10-04,15/9-F-11,24.000,215.545,105.868,34.297,28.128,1159.620,175514.080,1384.600,,production,OP
2015-10-05,15/9-F-11,24.000,215.314,105.870,34.231,28.346,1151.090,175457.050,1392.570,,production,OP
2015-10-06,15/9-F-11,24.000,215.345,105.867,34.182,28.341,1145.050,174900.530,1390.420,,production,OP
2015-10-07,15/9-F-11,24.000,215.274,105.868,34.112,28.431,1148.870,174297.180,1382.630,,production,OP
2015-10-08,15/9-F-11,24.000,215.362,105.869,34.082,28.845,1133.960,173374.370,1382.740,,production,OP
2015-10-09,15/9-F-11,24.000,210.936,105.925,31.662,42.444,1188.880,179684.860,1483.320,,production,OP
2015-10-10,15/9-F-11,24.000,209.959,105.951,30.987,43.830,1187.220,179770.130,1495.480,,production,OP
2015-10-11,15/9-F-11,24.000,209.480,105.954,30.847,43.447,1190.450,180151.780,1492.890,,production,OP
2015-10-12,15/9-F-11,24.000,209.551,105.946,30.915,43.046,1176.430,179312.090,1494.740,,production,OP
2015-10-13,15/9-F-11,23.167,218.980,105.855,35.695,32.771,1037.470,159732.320,1460.370,,production,OP
2015-10-14,15/9-F-11,24.000,213.510,105.939,32.876,35.064,1141.230,171603.710,1500.220,,production,OP
2015-10-15,15/9-F-11,24.000,212.324,105.942,32.287,46.108,1150.210,175842.070,1495.410,,production,OP
2015-10-16,15/9-F-11,24.000,209.458,105.967,30.724,45.383,1182.940,178521.980,1571.610,,production,OP
2015-10-17,15/9-F-11,24.000,209.357,105.960,30.732,44.703,1169.510,175572.060,1533.870,,production,OP
2015-10-18,15/9-F-11,24.000,209.352,105.955,30.737,43.392,1172.300,174462.220,1521.760,,production,OP
2015-10-19,15/9-F-11,24.000,209.783,105.940,30.894,42.941,1135.600,170485.550,1497.620,,production,OP
2015-10-20,15/9-F-11,24.000,209.860,105.936,30.951,42.981,1137.630,170592.930,1452.650,,production,OP
2015-10-21,15/9-F-11,24.000,209.668,105.936,30.867,42.948,1129.590,169400.050,1482.670,,production,OP
2015-10-22,15/9-F-11,24.000,209.874,105.921,30.767,42.954,1129.000,168913.060,1409.850,,production,OP
2015-10-23,15/9-F-11,24.000,209.941,105.911,30.721,42.969,1115.410,167864.400,1449.650,,production,OP
2015-10-24,15/9-F-11,24.000,210.408,105.905,30.897,42.963,1102.060,166952.380,1554.540,,production,OP
2015-10-25,15/9-F-11,24.000,210.278,105.907,30.818,42.886,1164.720,174086.010,1562.120,,production,OP
2015-10-26,15/9-F-11,1.525,224.888,105.919,38.591,2.269,10.710,1756.770,16.280,,production,OP
2015-10-27,15/9-F-11,0.000,295.184,104.093,80.578,0.969,0.000,0.000,0.000,,production,OP
2015-10-28,15/9-F-11,0.000,299.101,103.815,107.548,0.972,0.000,0.000,0.000,,production,OP
2015-10-29,15/9-F-11,9.000,286.139,104.202,92.887,9.500,268.690,41398.200,413.960,,production,OP
2015-10-30,15/9-F-11,17.200,240.011,105.540,37.076,65.129,811.290,127118.900,1214.220,,production,OP
2015-10-31,15/9-F-11,0.000,296.356,104.069,67.527,1.031,0.000,0.000,0.000,,production,OP
2015-11-01,15/9-F-11,0.000,303.740,103.759,76.209,1.004,0.000,0.000,0.000,,production,OP
2015-11-02,15/9-F-11,0.000,306.020,103.579,41.663,1.740,0.000,0.000,0.000,,production,OP
2015-11-03,15/9-F-11,23.308,278.434,105.392,77.287,10.489,863.300,133837.050,757.440,,production,OP
2015-11-04,15/9-F-11,24.000,243.871,105.992,49.775,25.128,1481.570,224672.840,1893.070,,production,OP
2015-11-05,15/9-F-11,24.000,232.023,106.183,41.515,34.054,1535.690,230418.960,1987.430,,production,OP
2015-11-06,15/9-F-11,24.000,225.473,106.201,37.194,41.718,1428.620,218409.610,2029.810,,production,OP
2015-11-07,15/9-F-11,24.000,222.308,106.200,33.443,52.498,1413.790,217288.880,2033.610,,production,OP
2015-11-08,15/9-F-11,24.000,220.922,106.203,32.007,83.909,1398.350,215024.680,2094.940,,production,OP
2015-11-09,15/9-F-11,24.000,220.684,106.195,31.588,99.960,1304.410,200372.360,2098.160,,production,OP
2015-11-10,15/9-F-11,24.000,220.453,106.193,31.465,99.996,1292.400,199652.040,2121.490,,production,OP
2015-11-11,15/9-F-11,24.000,219.391,106.203,30.933,100.000,1360.350,206518.860,2182.740,,production,OP
2015-11-12,15/9-F-11,24.000,220.363,106.192,31.521,100.000,1295.840,197640.370,2213.910,,production,OP
2015-11-13,15/9-F-11,24.000,221.065,106.175,32.242,100.000,1286.740,196680.870,2191.410,,production,OP
2015-11-14,15/9-F-11,24.000,220.453,106.172,32.212,100.000,1314.300,201199.740,2220.740,,production,OP
2015-11-15,15/9-F-11,24.000,220.349,106.169,32.479,100.000,1321.180,199101.200,2352.110,,production,OP
2015-11-16,15/9-F-11,24.000,220.381,106.176,32.766,97.917,1321.760,199526.720,2224.220,,production,OP
2015-11-17,15/9-F-11,24.000,220.549,106.175,32.804,100.000,1312.140,198029.760,2140.590,,production,OP
2015-11-18,15/9-F-11,24.000,218.815,106.186,31.888,100.000,1298.280,201093.550,2144.900,,production,OP
2015-11-19,15/9-F-11,24.000,217.688,106.187,31.300,100.000,1338.180,206714.750,2150.980,,production,OP
2015-11-20,15/9-F-11,24.000,218.337,106.165,31.730,100.000,1281.180,197658.620,2105.100,,production,OP
2015-11-21,15/9-F-11,24.000,219.333,106.141,32.364,100.000,1316.690,202461.920,2061.370,,production,OP
2015-11-22,15/9-F-11,24.000,219.737,106.135,32.450,100.000,1280.900,196190.250,2093.160,,production,OP
2015-11-23,15/9-F-11,24.000,219.703,106.134,32.275,100.000,1284.190,195401.510,2101.300,,production,OP
2015-11-24,15/9-F-11,24.000,219.909,106.125,32.274,100.000,1272.840,192856.820,2013.310,,production,OP
2015-11-25,15/9-F-11,24.000,220.022,106.116,32.267,100.000,1259.010,191310.740,1988.360,,production,OP
2015-11-26,15/9-F-11,24.000,219.961,106.105,32.153,100.000,1250.580,190542.170,2009.780,,production,OP
2015-11-27,15/9-F-11,24.000,220.316,106.089,32.252,100.000,1240.990,187615.450,1978.920,,production,OP
2015-11-28,15/9-F-11,24.000,220.339,106.080,32.185,100.000,1230.700,188763.570,1967.520,,production,OP
2015-11-29,15/9-F-11,24.000,220.363,106.069,32.128,100.000,1218.000,185697.710,1963.980,,production,OP
2015-11-30,15/9-F-11,24.000,220.316,106.059,31.990,100.000,1208.250,183892.350,1938.260,,production,OP
2015-12-01,15/9-F-11,24.000,220.419,106.049,31.950,100.000,1190.890,182248.590,1917.210,,production,OP
2015-12-02,15/9-F-11,24.000,220.776,106.037,32.076,100.000,1185.750,180103.730,1913.760,,production,OP
2015-12-03,15/9-F-11,24.000,220.900,106.025,32.083,100.000,1189.440,181379.160,1923.610,,production,OP
2015-12-04,15/9-F-11,24.000,220.168,106.021,31.582,100.000,1168.780,186220.510,1985.400,,production,OP
2015-12-05,15/9-F-11,24.000,220.519,106.011,31.629,100.000,1221.250,188316.120,2031.510,,production,OP
2015-12-06,15/9-F-11,24.000,220.784,106.007,31.613,100.000,1204.140,185209.760,2073.660,,production,OP
2015-12-07,15/9-F-11,24.000,221.367,106.004,31.851,100.000,1215.250,187427.670,2104.270,,production,OP
2015-12-08,15/9-F-11,24.000,221.994,106.004,32.119,100.000,1210.730,186521.440,2113.280,,production,OP
2015-12-09,15/9-F-11,20.167,235.555,105.830,38.176,39.149,973.000,151701.800,2167.720,,production,OP
2015-12-10,15/9-F-11,24.000,228.878,105.979,36.059,31.344,1168.180,175853.010,2170.320,,production,OP
2015-12-11,15/9-F-11,24.000,225.278,106.012,33.765,44.114,1221.030,185944.440,2137.710,,production,OP
2015-12-12,15/9-F-11,24.000,222.654,106.032,32.048,71.795,1220.870,185155.040,2039.220,,production,OP
2015-12-13,15/9-F-11,24.000,221.887,106.029,31.482,100.000,1223.580,185179.160,2034.250,,production,OP
2015-12-14,15/9-F-11,24.000,221.709,106.018,31.319,100.000,1213.200,184107.820,2036.620,,production,OP
2015-12-15,15/9-F-11,24.000,221.537,106.007,31.202,100.000,1206.370,182628.860,2100.730,,production,OP
2015-12-16,15/9-F-11,24.000,221.479,105.995,31.148,100.000,1190.220,181285.300,2083.280,,production,OP
2015-12-17,15/9-F-11,24.000,221.464,105.984,31.034,100.000,1200.100,181690.230,2082.580,,production,OP
2015-12-18,15/9-F-11,24.000,221.478,105.974,30.943,100.000,1181.960,179810.390,2084.610,,production,OP
2015-12-19,15/9-F-11,24.000,221.489,105.972,30.827,100.000,1173.040,178160.580,2051.380,,production,OP
2015-12-20,15/9-F-11,24.000,221.550,105.966,30.705,100.000,1155.770,176443.510,2039.450,,production,OP
2015-12-21,15/9-F-11,24.000,221.686,105.959,30.672,100.000,1149.910,174918.980,2026.560,,production,OP
2015-12-22,15/9-F-11,24.000,221.812,105.953,30.608,100.000,1137.370,173305.290,2016.910,,production,OP
2015-12-23,15/9-F-11,24.000,221.532,105.950,30.358,97.917,1136.430,174003.720,2038.390,,production,OP
2015-12-24,15/9-F-11,24.000,221.555,105.945,30.246,100.000,1124.810,172918.020,2012.200,,production,OP
2015-12-25,15/9-F-11,24.000,221.714,105.937,30.168,97.917,1120.240,171000.600,1991.890,,production,OP
2015-12-26,15/9-F-11,24.000,221.805,105.930,30.108,100.000,1110.870,170762.390,1998.530,,production,OP
2015-12-27,15/9-F-11,24.000,222.176,105.924,30.136,100.000,1085.910,169793.330,1957.640,,production,OP
2015-12-28,15/9-F-11,24.000,222.126,105.920,30.037,100.000,1098.330,169318.900,1982.850,,production,OP
2015-12-29,15/9-F-11,24.000,222.229,105.915,29.988,100.000,1088.750,168391.280,1961.690,,production,OP
2015-12-30,15/9-F-11,24.000,222.374,105.911,29.953,100.000,1088.150,167901.810,1948.820,,production,OP
2015-12-31,15/9-F-11,24.000,222.487,105.906,29.922,100.000,1079.580,166964.020,1950.230,,production,OP
2016-01-01,15/9-F-11,24.000,222.578,105.902,29.896,100.000,1075.600,165528.790,1943.070,,production,OP
2016-01-02,15/9-F-11,24.000,222.976,105.896,30.027,100.000,1052.840,163451.880,1923.060,,production,OP
2016-01-03,15/9-F-11,21.667,233.825,105.765,40.230,72.054,767.340,118644.330,1461.530,,production,OP
2016-01-04,15/9-F-11,24.000,237.287,105.701,35.898,67.308,854.550,138644.910,1921.670,,production,OP
2016-01-05,15/9-F-11,24.000,223.833,105.911,30.127,100.000,1064.370,171928.470,2102.330,,production,OP
2016-01-06,15/9-F-11,24.000,224.076,105.893,30.122,100.000,1049.770,170901.950,2263.000,,production,OP
2016-01-07,15/9-F-11,24.000,224.034,105.887,30.019,100.000,1054.930,170706.240,2104.040,,production,OP
2016-01-08,15/9-F-11,24.000,224.549,105.881,30.168,100.000,1062.460,170066.170,2138.940,,production,OP
2016-01-09,15/9-F-11,24.000,224.857,105.882,30.267,100.000,1066.100,170737.750,2140.660,,production,OP
2016-01-10,15/9-F-11,24.000,225.254,105.885,30.327,100.000,1069.380,171460.730,2157.940,,production,OP
2016-01-11,15/9-F-11,24.000,225.838,105.888,30.526,100.000,1080.110,172546.270,2168.790,,production,OP
2016-01-12,15/9-F-11,24.000,226.349,105.890,30.592,100.000,1085.460,173037.980,2213.240,,production,OP
2016-01-13,15/9-F-11,23.333,231.580,105.839,32.907,81.804,975.220,155523.640,2177.210,,production,OP
2016-01-14,15/9-F-11,24.000,227.364,105.911,30.996,100.000,1095.770,169011.900,2267.030,,production,OP
2016-01-15,15/9-F-11,24.000,227.023,105.912,30.643,100.000,1095.240,170527.010,2385.190,,production,OP
2016-01-16,15/9-F-11,24.000,226.882,105.909,30.438,100.000,1089.100,169034.000,2273.320,,production,OP
2016-01-17,15/9-F-11,24.000,226.812,105.902,30.268,100.000,1077.760,167246.540,2198.640,,production,OP
2016-01-18,15/9-F-11,24.000,226.990,105.893,30.284,100.000,1069.700,166538.570,2280.680,,production,OP
2016-01-19,15/9-F-11,24.000,227.362,105.883,30.392,100.000,1037.730,161070.060,2293.260,,production,OP
2016-01-20,15/9-F-11,20.833,230.959,105.818,30.966,86.417,884.990,143556.010,2114.170,,production,OP
2016-01-21,15/9-F-11,24.000,230.124,105.860,31.719,99.990,999.890,155302.990,2256.840,,production,OP
2016-01-22,15/9-F-11,24.000,229.611,105.855,31.400,99.990,986.660,155543.940,2322.290,,production,OP
2016-01-23,15/9-F-11,24.000,228.158,105.863,30.478,100.000,1017.710,158225.650,2395.040,,production,OP
2016-01-24,15/9-F-11,24.000,227.292,105.866,29.854,99.990,1029.680,159352.260,2388.960,,production,OP
2016-01-25,15/9-F-11,22.667,233.257,105.803,32.804,71.306,1018.580,135336.380,2062.140,,production,OP
2016-01-26,15/9-F-11,24.000,235.565,105.756,32.896,75.780,909.700,144413.680,2173.570,,production,OP
2016-01-27,15/9-F-11,24.000,227.643,105.869,29.874,100.000,1047.120,161589.980,2394.980,,production,OP
2016-01-28,15/9-F-11,24.000,227.655,105.858,29.754,100.000,999.130,156217.460,2378.910,,production,OP
2016-01-29,15/9-F-11,24.000,227.697,105.854,29.695,100.000,1003.850,155978.300,2376.820,,production,OP
2016-01-30,15/9-F-11,24.000,227.786,105.846,29.692,100.000,998.540,154966.400,2365.400,,production,OP
2016-01-31,15/9-F-11,24.000,227.779,105.837,29.529,100.000,983.980,152850.540,2337.940,,production,OP
2016-02-01,15/9-F-11,24.000,227.916,105.827,29.588,100.000,974.410,152246.240,2339.770,,production,OP
2016-02-02,15/9-F-11,24.000,228.082,105.820,29.605,100.000,974.860,151368.190,2325.270,,production,OP
2016-02-03,15/9-F-11,24.000,228.266,105.816,29.632,100.000,958.240,150272.980,2296.420,,production,OP
2016-02-04,15/9-F-11,23.583,234.528,105.733,32.187,77.456,814.920,128373.990,2013.440,,production,OP
2016-02-05,15/9-F-11,24.000,229.411,105.809,30.204,92.011,959.730,151336.560,2340.130,,production,OP
2016-02-06,15/9-F-11,24.000,228.356,105.817,29.460,100.000,964.700,149512.070,2335.440,,production,OP
2016-02-07,15/9-F-11,24.000,228.621,105.806,29.482,100.000,943.020,149570.250,2317.490,,production,OP
2016-02-08,15/9-F-11,24.000,228.946,105.798,29.521,100.000,941.100,149517.840,2301.420,,production,OP
2016-02-09,15/9-F-11,24.000,229.303,105.792,29.619,100.000,945.720,151024.000,2316.080,,production,OP
2016-02-10,15/9-F-11,24.000,229.933,105.783,29.842,100.000,933.960,144839.640,2275.710,,production,OP
2016-02-11,15/9-F-11,24.000,230.951,105.768,30.300,100.000,946.580,147398.040,2230.920,,production,OP
2016-02-12,15/9-F-11,24.000,231.269,105.761,30.387,100.000,894.510,138652.150,2239.040,,production,OP
2016-02-13,15/9-F-11,24.000,231.534,105.755,30.405,100.000,868.540,135085.140,2235.480,,production,OP
2016-02-14,15/9-F-11,24.000,232.015,105.745,30.541,100.000,884.880,138758.330,2189.110,,production,OP
2016-02-15,15/9-F-11,24.000,232.132,105.742,30.443,100.000,881.950,137643.120,2181.240,,production,OP
2016-02-16,15/9-F-11,24.000,232.334,105.737,30.439,100.000,872.420,136788.510,2172.850,,production,OP
2016-02-17,15/9-F-11,24.000,232.689,105.730,30.491,100.000,869.870,135689.010,2149.470,,production,OP
2016-02-18,15/9-F-11,24.000,232.905,105.725,30.444,100.000,854.030,134285.800,2138.620,,production,OP
2016-02-19,15/9-F-11,24.000,232.759,105.725,30.285,100.000,825.630,129826.320,2180.650,,production,OP
2016-02-20,15/9-F-11,24.000,232.707,105.722,30.045,100.000,853.380,132602.660,2221.700,,production,OP
2016-02-21,15/9-F-11,24.000,233.114,105.715,30.063,100.000,812.430,129146.940,2237.400,,production,OP
2016-02-22,15/9-F-11,24.000,232.746,105.722,29.686,100.000,827.960,132841.680,2303.660,,production,OP
2016-02-23,15/9-F-11,24.000,233.312,105.721,29.806,100.000,827.240,132310.960,2326.030,,production,OP
2016-02-24,15/9-F-11,24.000,233.817,105.722,29.878,100.000,824.520,131278.010,2363.680,,production,OP
2016-02-25,15/9-F-11,24.000,234.894,105.721,30.261,100.000,841.920,133358.210,2411.610,,production,OP
2016-02-26,15/9-F-11,24.000,233.645,105.749,29.463,100.000,915.130,147874.390,2487.130,,production,OP
2016-02-27,15/9-F-11,24.000,234.300,105.754,29.586,100.000,909.450,147291.580,2492.450,,production,OP
2016-02-28,15/9-F-11,24.000,235.079,105.755,29.800,100.000,920.210,147646.340,2499.410,,production,OP
2016-02-29,15/9-F-11,24.000,235.607,105.762,29.897,100.000,913.260,146747.610,2688.870,,production,OP
2016-03-01,15/9-F-11,24.000,235.990,105.770,29.973,100.000,927.680,146112.360,2574.800,,production,OP
2016-03-02,15/9-F-11,24.000,236.284,105.774,29.874,100.000,914.240,144265.010,2569.480,,production,OP
2016-03-03,15/9-F-11,24.000,236.458,105.775,29.817,100.000,904.670,143697.440,2556.760,,production,OP
2016-03-04,15/9-F-11,24.000,236.592,105.775,29.765,100.000,897.900,142409.430,2535.460,,production,OP
2016-03-05,15/9-F-11,24.000,236.624,105.774,29.655,100.000,885.430,140950.270,2539.420,,production,OP
2016-03-06,15/9-F-11,24.000,236.799,105.771,29.612,100.000,884.020,140177.350,2533.860,,production,OP
2016-03-07,15/9-F-11,24.000,236.904,105.770,29.546,100.000,874.840,139226.990,2516.590,,production,OP
2016-03-08,15/9-F-11,24.000,237.168,105.766,29.575,100.000,864.920,138235.300,2498.730,,production,OP
2016-03-09,15/9-F-11,24.000,237.466,105.761,29.583,100.000,853.720,136698.230,2484.470,,production,OP
2016-03-10,15/9-F-11,24.000,237.652,105.757,29.555,100.000,853.340,135331.700,2475.000,,production,OP
2016-03-11,15/9-F-11,24.000,237.911,105.753,29.533,100.000,842.420,134491.690,2459.720,,production,OP
2016-03-12,15/9-F-11,24.000,237.438,105.756,29.190,100.000,840.270,134232.400,2604.920,,production,OP
2016-03-13,15/9-F-11,24.000,238.818,105.738,29.703,100.000,810.390,131686.270,2455.910,,production,OP
2016-03-14,15/9-F-11,24.000,237.392,105.755,28.896,100.000,833.660,133342.810,2508.970,,production,OP
2016-03-15,15/9-F-11,24.000,237.572,105.751,28.836,100.000,826.610,132562.700,2500.680,,production,OP
2016-03-16,15/9-F-11,24.000,237.765,105.748,28.810,100.000,836.040,135087.650,2490.250,,production,OP
2016-03-17,15/9-F-11,24.000,237.956,105.744,28.773,100.000,793.990,127650.020,2335.580,,production,OP
2016-03-18,15/9-F-11,24.000,238.533,105.736,28.895,100.000,782.530,127825.270,2469.440,,production,OP
2016-03-19,15/9-F-11,24.000,238.514,105.736,28.776,100.000,775.200,127379.570,2495.740,,production,OP
2016-03-20,15/9-F-11,24.000,238.917,105.731,28.839,100.000,780.310,126727.740,2488.730,,production,OP
2016-03-21,15/9-F-11,24.000,239.533,105.724,29.005,100.000,771.820,126124.670,2459.870,,production,OP
2016-03-22,15/9-F-11,24.000,239.683,105.722,28.962,100.000,747.500,120777.010,2441.020,,production,OP
2016-03-23,15/9-F-11,24.000,240.157,105.718,29.052,100.000,742.170,119153.070,2445.950,,production,OP
2016-03-24,15/9-F-11,24.000,240.463,105.715,29.123,100.000,747.210,121174.790,2450.110,,production,OP
2016-03-25,15/9-F-11,24.000,240.508,105.714,28.979,100.000,751.040,122449.960,2452.380,,production,OP
2016-03-26,15/9-F-11,24.000,241.116,105.707,29.175,100.000,736.540,121079.580,2418.390,,production,OP
2016-03-27,15/9-F-11,23.000,241.750,105.699,29.350,100.000,700.360,116437.760,2299.060,,production,OP
2016-03-28,15/9-F-11,24.000,242.061,105.697,29.363,100.000,719.310,119073.790,2389.830,,production,OP
2016-03-29,15/9-F-11,24.000,242.193,105.697,29.239,100.000,724.260,118661.890,2404.390,,production,OP
2016-03-30,15/9-F-11,24.000,242.441,105.696,29.216,100.000,707.540,115900.850,2406.310,,production,OP
2016-03-31,15/9-F-11,24.000,243.160,105.690,29.367,100.000,693.730,113114.530,2375.140,,production,OP
2016-04-01,15/9-F-11,24.000,243.577,105.688,29.447,100.000,681.670,110850.250,2363.100,,production,OP
2016-04-02,15/9-F-11,24.000,243.849,105.690,29.426,100.000,671.450,110553.500,2362.070,,production,OP
2016-04-03,15/9-F-11,24.000,243.853,105.696,29.304,100.000,675.800,110577.450,2359.330,,production,OP
2016-04-04,15/9-F-11,24.000,243.617,105.701,29.020,100.000,676.600,109918.080,2501.300,,production,OP
2016-04-05,15/9-F-11,24.000,243.602,105.704,28.861,100.000,674.130,110429.090,2396.180,,production,OP
2016-04-06,15/9-F-11,22.833,248.959,105.610,29.650,79.946,557.550,93813.590,2068.950,,production,OP
2016-04-07,15/9-F-11,24.000,244.290,105.722,28.717,99.999,669.680,107918.340,2478.930,,production,OP
2016-04-08,15/9-F-11,24.000,243.465,105.742,28.258,99.994,618.920,102120.260,2332.600,,production,OP
2016-04-09,15/9-F-11,24.000,243.785,105.745,28.193,99.988,603.350,99457.310,2307.140,,production,OP
2016-04-10,15/9-F-11,24.000,244.165,105.748,28.131,99.996,599.950,97910.660,2283.160,,production,OP
2016-04-11,15/9-F-11,24.000,244.443,105.749,28.110,99.997,586.370,97677.280,2276.650,,production,OP
2016-04-12,15/9-F-11,24.000,244.708,105.750,28.056,100.000,568.360,94517.160,2270.490,,production,OP
2016-04-13,15/9-F-11,24.000,244.839,105.753,28.045,99.999,567.410,93994.400,2250.670,,production,OP
2016-04-14,15/9-F-11,24.000,244.892,105.756,28.030,99.995,571.110,93259.370,2249.480,,production,OP
2016-04-15,15/9-F-11,24.000,244.943,105.760,28.020,99.987,555.120,92355.590,2244.820,,production,OP
2016-04-16,15/9-F-11,1.992,250.634,105.767,32.390,6.445,22.740,4418.230,89.710,,production,OP
2016-04-17,15/9-F-11,0.000,295.890,104.014,53.976,0.909,0.000,0.000,0.000,,production,OP
2016-04-18,15/9-F-11,10.592,285.248,104.513,36.543,14.241,162.020,28929.560,748.740,,production,OP
2016-04-19,15/9-F-11,24.000,270.865,104.547,28.641,100.000,303.430,49870.590,3001.300,,production,OP
2016-04-20,15/9-F-11,13.492,268.549,104.477,29.087,54.692,150.740,25893.950,1525.380,,production,OP
2016-04-21,15/9-F-11,0.000,296.930,103.727,30.068,1.136,0.000,0.000,0.000,,production,OP
2016-04-22,15/9-F-11,0.000,299.631,103.424,50.528,1.004,0.000,0.000,0.000,,production,OP
2016-04-23,15/9-F-11,2.175,296.355,103.975,62.916,1.948,65.060,10464.820,57.360,,production,OP
2016-04-24,15/9-F-11,24.000,271.890,104.670,33.448,60.072,461.160,74468.180,2705.540,,production,OP
2016-04-25,15/9-F-11,24.000,262.209,104.759,28.565,99.949,478.790,76829.780,2617.150,,production,OP
2016-04-26,15/9-F-11,24.000,258.739,104.827,28.307,99.950,488.940,78275.580,2592.850,,production,OP
2016-04-27,15/9-F-11,24.000,256.143,104.863,28.196,99.947,482.100,77719.900,2550.990,,production,OP
2016-04-28,15/9-F-11,24.000,254.160,104.924,28.082,100.000,487.260,76632.710,2524.350,,production,OP
2016-04-29,15/9-F-11,24.000,252.992,104.939,28.190,100.000,524.840,82933.650,2396.440,,production,OP
2016-04-30,15/9-F-11,24.000,251.942,104.958,28.174,100.000,524.450,82637.770,2376.980,,production,OP
2016-05-01,15/9-F-11,24.000,251.535,104.972,28.328,100.000,510.730,82378.240,2352.060,,production,OP
2016-05-02,15/9-F-11,24.000,250.965,104.998,28.458,100.000,529.840,85446.740,2359.560,,production,OP
2016-05-03,15/9-F-11,24.000,250.218,105.038,28.195,100.000,529.530,84818.970,2378.830,,production,OP
2016-05-04,15/9-F-11,24.000,249.666,105.088,28.296,100.000,524.890,83657.290,2391.170,,production,OP
2016-05-05,15/9-F-11,24.000,249.318,105.117,28.235,100.000,528.120,83381.200,2402.220,,production,OP
2016-05-06,15/9-F-11,24.000,249.302,105.132,28.352,100.000,530.300,83285.540,2385.790,,production,OP
2016-05-07,15/9-F-11,24.000,249.208,105.140,28.344,100.000,527.970,83621.530,2381.430,,production,OP
2016-05-08,15/9-F-11,24.000,249.166,105.141,28.547,100.000,526.220,82965.530,2372.060,,production,OP
2016-05-09,15/9-F-11,24.000,249.332,105.141,28.468,100.000,519.430,82122.310,2388.780,,production,OP
2016-05-10,15/9-F-11,24.000,249.485,105.144,28.417,100.000,513.300,81198.150,3165.870,,production,OP
2016-05-11,15/9-F-11,24.000,249.571,105.148,28.398,100.000,511.560,81119.110,2330.390,,production,OP
2016-05-12,15/9-F-11,24.000,249.631,105.151,28.392,100.000,507.330,80619.570,2330.140,,production,OP
2016-05-13,15/9-F-11,24.000,249.696,105.153,28.407,100.000,503.720,80010.160,2330.990,,production,OP
2016-05-14,15/9-F-11,24.000,249.717,105.156,28.414,100.000,499.280,79433.910,2318.740,,production,OP
2016-05-15,15/9-F-11,24.000,250.197,105.149,28.660,100.000,464.720,74962.070,2174.420,,production,OP
2016-05-16,15/9-F-11,24.000,249.955,105.161,28.427,100.000,503.050,57998.380,2348.290,,production,OP
2016-05-17,15/9-F-11,24.000,249.972,105.166,28.418,100.000,494.920,79259.370,2308.300,,production,OP
2016-05-18,15/9-F-11,24.000,250.005,105.168,28.406,100.000,492.220,79096.020,2298.650,,production,OP
2016-05-19,15/9-F-11,24.000,250.056,105.170,28.386,100.000,487.620,78564.370,2290.730,,production,OP
2016-05-20,15/9-F-11,24.000,250.112,105.172,28.368,100.000,486.940,77433.250,2287.370,,production,OP
2016-05-21,15/9-F-11,24.000,250.195,105.173,28.371,100.000,480.050,76171.250,2314.900,,production,OP
2016-05-22,15/9-F-11,24.000,250.247,105.173,28.310,100.000,482.260,76804.030,2357.180,,production,OP
2016-05-23,15/9-F-11,24.000,250.326,105.173,28.297,100.000,484.200,77185.250,2362.240,,production,OP
2016-05-24,15/9-F-11,24.000,250.372,105.174,28.294,100.000,487.500,77674.630,2357.130,,production,OP
2016-05-25,15/9-F-11,24.000,250.423,105.175,28.271,100.000,489.560,77696.570,2345.260,,production,OP
2016-05-26,15/9-F-11,24.000,250.368,105.177,28.238,100.000,489.670,77736.500,2348.370,,production,OP
2016-05-27,15/9-F-11,24.000,250.313,105.180,28.195,100.000,485.010,77208.120,2345.080,,production,OP
2016-05-28,15/9-F-11,24.000,250.334,105.182,28.177,100.000,486.670,77524.470,2360.870,,production,OP
2016-05-29,15/9-F-11,24.000,250.328,105.184,28.177,100.000,482.010,77244.750,2365.040,,production,OP
2016-05-30,15/9-F-11,24.000,250.368,105.184,28.172,100.000,480.450,76199.170,2349.600,,production,OP
2016-05-31,15/9-F-11,24.000,250.392,105.186,28.185,100.000,489.680,77897.320,2343.770,,production,OP
2016-06-01,15/9-F-11,24.000,250.374,105.190,28.186,100.000,489.270,76878.710,2330.610,,production,OP
2016-06-02,15/9-F-11,24.000,250.353,105.193,28.203,100.000,485.420,77442.240,2349.510,,production,OP
2016-06-03,15/9-F-11,24.000,250.341,105.196,28.162,100.000,463.160,74343.510,2314.580,,production,OP
2016-06-04,15/9-F-11,24.000,250.384,105.199,28.170,100.000,489.130,80371.590,2352.640,,production,OP
2016-06-05,15/9-F-11,24.000,250.430,105.201,28.162,100.000,491.800,80234.770,2360.020,,production,OP
2016-06-06,15/9-F-11,24.000,250.499,105.205,28.163,100.000,492.540,79982.420,2368.160,,production,OP
2016-06-07,15/9-F-11,24.000,250.538,105.210,28.172,100.000,494.170,80486.750,2380.550,,production,OP
2016-06-08,15/9-F-11,22.417,253.541,105.178,29.822,78.437,426.920,69683.880,2036.310,,production,OP
2016-06-09,15/9-F-11,24.000,251.170,105.240,28.359,100.000,479.120,77818.320,2485.640,,production,OP
2016-06-10,15/9-F-11,24.000,251.030,105.250,28.300,100.000,493.940,81192.070,2446.060,,production,OP
2016-06-11,15/9-F-11,24.000,250.919,105.252,28.253,100.000,495.730,80192.980,2404.750,,production,OP
2016-06-12,15/9-F-11,24.000,250.778,105.251,28.209,100.000,472.000,76026.540,2272.020,,production,OP
2016-06-13,15/9-F-11,24.000,250.738,105.250,28.172,100.000,494.250,80182.850,2409.770,,production,OP
2016-06-14,15/9-F-11,24.000,250.698,105.249,28.151,100.000,495.970,79860.670,2409.000,,production,OP
2016-06-15,15/9-F-11,24.000,250.686,105.250,28.154,100.000,492.730,79493.020,2422.700,,production,OP
2016-06-16,15/9-F-11,24.000,250.659,105.250,28.148,100.000,496.680,79918.690,2438.600,,production,OP
2016-06-17,15/9-F-11,24.000,250.689,105.255,28.146,100.000,490.410,78134.850,2418.860,,production,OP
2016-06-18,15/9-F-11,24.000,250.693,105.257,28.166,100.000,491.080,78573.170,2413.030,,production,OP
2016-06-19,15/9-F-11,24.000,250.694,105.261,28.170,100.000,491.550,78442.190,2422.690,,production,OP
2016-06-20,15/9-F-11,24.000,247.818,103.811,28.192,100.000,492.630,78467.310,2418.120,,production,OP
2016-06-21,15/9-F-11,24.000,250.727,105.266,28.158,100.000,491.130,78381.170,2429.530,,production,OP
2016-06-22,15/9-F-11,24.000,250.757,105.269,28.180,100.000,490.040,78391.380,2430.070,,production,OP
2016-06-23,15/9-F-11,24.000,250.765,105.272,28.171,100.000,490.310,78656.210,2454.090,,production,OP
2016-06-24,15/9-F-11,24.000,250.841,105.276,28.139,100.000,490.940,78364.010,2419.990,,production,OP
2016-06-25,15/9-F-11,24.000,250.866,105.278,28.127,100.000,487.120,78052.040,2420.740,,production,OP
2016-06-26,15/9-F-11,24.000,250.918,105.281,28.138,100.000,488.400,78362.910,2422.460,,production,OP
2016-06-27,15/9-F-11,24.000,250.965,105.285,28.138,100.000,481.510,77240.090,2415.410,,production,OP
2016-06-28,15/9-F-11,24.000,251.048,105.288,28.163,100.000,485.300,78043.950,2413.070,,production,OP
2016-06-29,15/9-F-11,24.000,251.083,105.290,28.133,100.000,485.800,78097.950,2417.890,,production,OP
2016-06-30,15/9-F-11,24.000,251.167,105.292,28.153,100.000,481.560,77814.980,2422.480,,production,OP
2016-07-01,15/9-F-11,24.000,251.379,105.294,28.236,100.000,488.270,77684.410,2417.320,,production,OP
2016-07-02,15/9-F-11,24.000,251.308,105.298,28.128,100.000,482.070,77663.200,2427.680,,production,OP
2016-07-03,15/9-F-11,24.000,251.370,105.301,28.105,100.000,486.120,77217.980,2415.770,,production,OP
2016-07-04,15/9-F-11,24.000,251.409,105.303,28.093,100.000,477.820,77190.380,2426.640,,production,OP
2016-07-05,15/9-F-11,24.000,251.476,105.305,28.091,100.000,483.570,77293.430,2413.850,,production,OP
2016-07-06,15/9-F-11,24.000,251.531,105.307,28.087,100.000,465.800,76843.540,2426.350,,production,OP
2016-07-07,15/9-F-11,24.000,251.613,105.310,28.113,100.000,480.480,78857.140,2454.820,,production,OP
2016-07-08,15/9-F-11,24.000,251.664,105.313,28.119,100.000,478.350,78935.390,2452.900,,production,OP
2016-07-09,15/9-F-11,23.500,252.346,105.313,28.503,92.681,444.400,72610.920,1858.530,,production,OP
2016-07-10,15/9-F-11,24.000,251.603,105.319,28.160,100.000,472.400,78137.980,2436.160,,production,OP
2016-07-11,15/9-F-11,23.667,252.218,105.316,28.498,93.087,453.730,74947.780,2338.430,,production,OP
2016-07-12,15/9-F-11,24.000,251.874,105.319,28.267,100.000,474.350,77265.650,2408.200,,production,OP
2016-07-13,15/9-F-11,24.000,252.217,105.316,28.448,89.791,470.580,72789.070,2406.020,,production,OP
2016-07-14,15/9-F-11,24.000,251.301,105.347,27.272,97.347,488.010,78089.890,2410.890,,production,OP
2016-07-15,15/9-F-11,24.000,247.185,105.420,24.303,100.000,464.350,74336.400,2703.470,,production,OP
2016-07-16,15/9-F-11,24.000,247.270,105.401,24.895,100.000,502.170,80344.620,2243.620,,production,OP
2016-07-17,15/9-F-11,20.834,253.314,105.334,28.312,63.470,374.600,59977.030,1525.030,,production,OP
2016-07-18,15/9-F-11,24.000,248.977,105.389,25.375,93.606,446.260,71429.000,2372.960,,production,OP
2016-07-19,15/9-F-11,24.000,248.324,105.373,25.216,100.000,470.630,75306.650,2999.250,,production,OP
2016-07-20,15/9-F-11,24.000,248.359,105.356,25.174,100.000,475.860,76109.000,2776.830,,production,OP
2016-07-21,15/9-F-11,24.000,248.461,105.347,25.076,100.000,467.170,74752.700,2637.560,,production,OP
2016-07-22,15/9-F-11,24.000,248.486,105.341,25.064,100.000,445.260,71244.200,2634.520,,production,OP
2016-07-23,15/9-F-11,24.000,248.342,105.323,24.891,100.000,445.000,71195.810,2660.370,,production,OP
2016-07-24,15/9-F-11,24.000,251.591,104.932,24.674,100.000,458.610,73375.700,2691.880,,production,OP
2016-07-25,15/9-F-11,24.000,251.232,104.936,24.665,100.000,458.620,73372.470,2482.950,,production,OP
2016-07-26,15/9-F-11,24.000,251.189,104.939,24.565,100.000,454.030,72624.960,2418.120,,production,OP
2016-07-27,15/9-F-11,24.000,251.205,104.939,24.587,100.000,445.560,71291.080,2619.700,,production,OP
2016-07-28,15/9-F-11,24.000,251.359,104.920,24.647,100.000,451.590,72253.600,2723.750,,production,OP
2016-07-29,15/9-F-11,24.000,251.344,104.908,24.627,100.000,457.030,71716.050,2757.360,,production,OP
2016-07-30,15/9-F-11,24.000,251.085,104.904,24.580,100.000,465.670,73786.240,2821.640,,production,OP
2016-07-31,15/9-F-11,24.000,250.921,104.904,24.593,100.000,456.520,70805.200,2722.150,,production,OP
2016-08-01,15/9-F-11,24.000,250.608,104.826,24.577,100.000,468.500,71208.090,2639.790,,production,OP
2016-08-02,15/9-F-11,24.000,250.465,104.899,24.615,100.000,457.400,74712.270,2580.690,,production,OP
2016-08-03,15/9-F-11,24.000,251.137,104.892,25.205,100.000,442.040,67086.490,3559.670,,production,OP
2016-08-04,15/9-F-11,24.000,252.775,104.875,26.398,100.000,423.060,75025.530,2951.430,,production,OP
2016-08-05,15/9-F-11,24.000,252.710,104.875,26.423,100.000,433.870,69581.080,2688.720,,production,OP
2016-08-06,15/9-F-11,24.000,252.606,104.875,26.455,100.000,422.880,67390.630,2525.480,,production,OP
2016-08-07,15/9-F-11,24.000,252.549,104.875,26.544,100.000,427.390,72263.050,2534.290,,production,OP
2016-08-08,15/9-F-11,24.000,252.464,104.876,26.549,100.000,426.300,68311.300,2535.610,,production,OP
2016-08-09,15/9-F-11,23.667,253.353,104.866,27.171,92.943,398.320,65038.610,2424.530,,production,OP
2016-08-10,15/9-F-11,24.000,252.415,104.880,26.641,98.440,420.340,68545.350,2494.130,,production,OP
2016-08-11,15/9-F-11,24.000,252.348,104.881,26.733,98.431,428.540,67865.380,2504.010,,production,OP
2016-08-12,15/9-F-11,24.000,252.304,104.884,26.778,98.452,439.140,69533.140,3039.160,,production,OP
2016-08-13,15/9-F-11,24.000,252.177,104.892,26.708,98.440,440.090,70005.950,3162.580,,production,OP
2016-08-14,15/9-F-11,24.000,252.269,104.910,26.831,98.446,455.370,71126.470,3394.960,,production,OP
2016-08-15,15/9-F-11,24.000,252.336,104.927,26.950,98.433,468.160,73364.980,3359.150,,production,OP
2016-08-16,15/9-F-11,24.000,252.336,104.944,27.094,98.438,480.210,75792.900,2930.390,,production,OP
2016-08-17,15/9-F-11,24.000,252.144,104.957,27.108,98.448,475.690,73499.900,2803.550,,production,OP
2016-08-18,15/9-F-11,24.000,251.946,104.966,27.110,98.454,485.660,75529.180,2787.650,,production,OP
2016-08-19,15/9-F-11,24.000,251.801,104.976,27.107,98.448,490.460,76645.140,2764.500,,production,OP
2016-08-20,15/9-F-11,24.000,251.643,104.985,27.137,98.457,473.860,74998.800,2787.360,,production,OP
2016-08-21,15/9-F-11,24.000,251.590,104.993,27.149,98.455,492.550,77036.340,2801.620,,production,OP
2016-08-22,15/9-F-11,24.000,251.511,105.001,27.175,98.457,494.340,77127.240,2780.780,,production,OP
2016-08-23,15/9-F-11,24.000,251.424,105.009,27.214,99.193,504.330,78762.460,2767.490,,production,OP
2016-08-24,15/9-F-11,24.000,251.326,105.017,27.232,100.000,502.480,78176.410,2807.140,,production,OP
2016-08-25,15/9-F-11,24.000,251.231,105.024,27.203,100.000,503.260,79116.570,2808.780,,production,OP
2016-08-26,15/9-F-11,24.000,251.079,105.031,27.181,100.000,510.850,81524.560,2790.590,,production,OP
2016-08-27,15/9-F-11,24.000,251.134,105.048,27.014,100.000,539.670,92616.600,2792.560,,production,OP
2016-08-28,15/9-F-11,24.000,251.628,105.084,27.018,100.000,529.670,90425.910,2816.090,,production,OP
2016-08-29,15/9-F-11,24.000,252.318,105.119,26.949,100.000,500.070,89285.550,2955.180,,production,OP
2016-08-30,15/9-F-11,24.000,253.776,105.156,26.752,100.000,507.330,84910.090,3002.120,,production,OP
2016-08-31,15/9-F-11,24.000,253.790,105.174,26.725,100.000,541.900,84865.580,2972.190,,production,OP
2016-09-01,15/9-F-11,24.000,253.686,105.187,26.682,100.000,525.860,87749.660,2904.690,,production,OP
2016-09-02,15/9-F-11,24.000,253.657,105.196,26.617,100.000,498.150,86616.000,2880.410,,production,OP
2016-09-03,15/9-F-11,24.000,253.743,105.202,26.653,97.917,518.270,87383.850,2842.340,,production,OP
2016-09-04,15/9-F-11,24.000,253.754,105.211,26.647,100.000,523.420,87504.870,2874.580,,production,OP
2016-09-05,15/9-F-11,24.000,253.800,105.218,26.731,97.917,514.410,87798.790,2818.440,,production,OP
2016-09-06,15/9-F-11,24.000,253.783,105.224,26.798,100.000,518.660,88650.380,2807.450,,production,OP
2016-09-07,15/9-F-11,24.000,253.761,105.230,26.743,100.000,523.900,88563.480,2803.280,,production,OP
2016-09-08,15/9-F-11,24.000,253.760,105.236,26.796,100.000,526.560,89379.120,2805.260,,production,OP
2016-09-09,15/9-F-11,24.000,253.820,105.243,26.868,100.000,528.350,89482.000,2806.790,,production,OP
2016-09-10,15/9-F-11,24.000,253.749,105.249,26.900,100.000,530.820,90470.310,2732.780,,production,OP
2016-09-11,15/9-F-11,24.000,253.730,105.255,26.964,100.000,533.140,90540.970,3001.220,,production,OP
2016-09-12,15/9-F-11,24.000,253.658,105.259,26.978,100.000,536.770,90810.010,2963.620,,production,OP
2016-09-13,15/9-F-11,24.000,253.399,105.267,26.999,100.000,543.810,88042.160,3036.830,,production,OP
2016-09-14,15/9-F-11,24.000,253.210,105.272,26.955,100.000,541.880,90188.970,2963.490,,production,OP
2016-09-15,15/9-F-11,24.000,252.939,105.274,26.902,100.000,534.870,91890.070,2838.870,,production,OP
2016-09-16,15/9-F-11,24.000,252.892,105.276,26.870,100.000,530.270,91579.730,2802.750,,production,OP
2016-09-17,15/9-F-11,8.275,253.546,105.279,27.465,73.764,180.040,32165.980,896.590,,production,OP
