DATEPRD,NPD_WELL_BORE_NAME,ON_STREAM_HRS,AVG_DOWNHOLE_PRESSURE,AVG_DOWNHOLE_TEMPERATURE,AVG_WHP_P,AVG_CHOKE_SIZE_P,BORE_OIL_VOL,BORE_GAS_VOL,BORE_WAT_VOL,BORE_WI_VOL,FLOW_KIND,WELL_TYPE
2007-09-01,15/9-F-4,,,,,,,,,,injection,WI
2007-09-02,15/9-F-4,,,,,,,,,,injection,WI
2007-09-03,15/9-F-4,,,,,,,,,,injection,WI
2007-09-04,15/9-F-4,,,,,,,,,,injection,WI
2007-09-05,15/9-F-4,,,,,,,,,,injection,WI
2007-09-06,15/9-F-4,,,,,,,,,,injection,WI
2007-09-07,15/9-F-4,,,,,,,,,,injection,WI
2007-09-08,15/9-F-4,,,,,,,,,,injection,WI
2007-09-09,15/9-F-4,,,,,,,,,,injection,WI
2007-09-10,15/9-F-4,,,,,,,,,,injection,WI
2007-09-11,15/9-F-4,,,,,,,,,,injection,WI
2007-09-12,15/9-F-4,,,,,,,,,,injection,WI
2007-09-13,15/9-F-4,,,,,,,,,,injection,WI
2007-09-14,15/9-F-4,,,,,,,,,,injection,WI
2007-09-15,15/9-F-4,,,,,,,,,,injection,WI
2007-09-16,15/9-F-4,,,,,,,,,,injection,WI
2007-09-17,15/9-F-4,,,,,,,,,,injection,WI
2007-09-18,15/9-F-4,,,,,,,,,,injection,WI
2007-09-19,15/9-F-4,,,,,,,,,,injection,WI
2007-09-20,15/9-F-4,,,,,,,,,,injection,WI
2007-09-21,15/9-F-4,,,,,,,,,,injection,WI
2007-09-22,15/9-F-4,,,,,,,,,,injection,WI
2007-09-23,15/9-F-4,,,,,,,,,,injection,WI
2007-09-24,15/9-F-4,,,,,,,,,,injection,WI
2007-09-25,15/9-F-4,,,,,,,,,,injection,WI
2007-09-26,15/9-F-4,,,,,,,,,,injection,WI
2007-09-27,15/9-F-4,,,,,,,,,,injection,WI
2007-09-28,15/9-F-4,,,,,,,,,,injection,WI
2007-09-29,15/9-F-4,,,,,,,,,,injection,WI
2007-09-30,15/9-F-4,,,,,,,,,,injection,WI
2007-10-01,15/9-F-4,,,,,,,,,,injection,WI
2007-10-02,15/9-F-4,,,,,,,,,,injection,WI
2007-10-03,15/9-F-4,,,,,,,,,,injection,WI
2007-10-04,15/9-F-4,,,,,,,,,,injection,WI
2007-10-05,15/9-F-4,,,,,,,,,,injection,WI
2007-10-06,15/9-F-4,,,,,,,,,,injection,WI
2007-10-07,15/9-F-4,,,,,,,,,,injection,WI
2007-10-08,15/9-F-4,,,,,,,,,,injection,WI
2007-10-09,15/9-F-4,,,,,,,,,,injection,WI
2007-10-10,15/9-F-4,,,,,,,,,,injection,WI
2007-10-11,15/9-F-4,,,,,,,,,,injection,WI
2007-10-12,15/9-F-4,,,,,,,,,,injection,WI
2007-10-13,15/9-F-4,,,,,,,,,,injection,WI
2007-10-14,15/9-F-4,,,,,,,,,,injection,WI
2007-10-15,15/9-F-4,,,,,,,,,,injection,WI
2007-10-16,15/9-F-4,,,,,,,,,,injection,WI
2007-10-17,15/9-F-4,,,,,,,,,,injection,WI
2007-10-18,15/9-F-4,,,,,,,,,,injection,WI
2007-10-19,15/9-F-4,,,,,,,,,,injection,WI
2007-10-20,15/9-F-4,,,,,,,,,,injection,WI
2007-10-21,15/9-F-4,,,,,,,,,,injection,WI
2007-10-22,15/9-F-4,,,,,,,,,,injection,WI
2007-10-23,15/9-F-4,,,,,,,,,,injection,WI
2007-10-24,15/9-F-4,,,,,,,,,,injection,WI
2007-10-25,15/9-F-4,,,,,,,,,,injection,WI
2007-10-26,15/9-F-4,,,,,,,,,,injection,WI
2007-10-27,15/9-F-4,,,,,,,,,,injection,WI
2007-10-28,15/9-F-4,,,,,,,,,,injection,WI
2007-10-29,15/9-F-4,,,,,,,,,,injection,WI
2007-10-30,15/9-F-4,,,,,,,,,,injection,WI
2007-10-31,15/9-F-4,,,,,,,,,,injection,WI
2007-11-01,15/9-F-4,,,,,,,,,,injection,WI
2007-11-02,15/9-F-4,,,,,,,,,,injection,WI
2007-11-03,15/9-F-4,,,,,,,,,,injection,WI
2007-11-04,15/9-F-4,,,,,,,,,,injection,WI
2007-11-05,15/9-F-4,,,,,,,,,,injection,WI
2007-11-06,15/9-F-4,,,,,,,,,,injection,WI
2007-11-07,15/9-F-4,,,,,,,,,,injection,WI
2007-11-08,15/9-F-4,,,,,,,,,,injection,WI
2007-11-09,15/9-F-4,,,,,,,,,,injection,WI
2007-11-10,15/9-F-4,,,,,,,,,,injection,WI
2007-11-11,15/9-F-4,,,,,,,,,,injection,WI
2007-11-12,15/9-F-4,,,,,,,,,,injection,WI
2007-11-13,15/9-F-4,,,,,,,,,,injection,WI
2007-11-14,15/9-F-4,,,,,,,,,,injection,WI
2007-11-15,15/9-F-4,,,,,,,,,,injection,WI
2007-11-16,15/9-F-4,,,,,,,,,,injection,WI
2007-11-17,15/9-F-4,,,,,,,,,,injection,WI
2007-11-18,15/9-F-4,,,,,,,,,,injection,WI
2007-11-19,15/9-F-4,,,,,,,,,,injection,WI
2007-11-20,15/9-F-4,,,,,,,,,,injection,WI
2007-11-21,15/9-F-4,,,,,,,,,,injection,WI
2007-11-22,15/9-F-4,,,,,,,,,,injection,WI
2007-11-23,15/9-F-4,,,,,,,,,,injection,WI
2007-11-24,15/9-F-4,,,,,,,,,,injection,WI
2007-11-25,15/9-F-4,,,,,,,,,,injection,WI
2007-11-26,15/9-F-4,,,,,,,,,,injection,WI
2007-11-27,15/9-F-4,,,,,,,,,,injection,WI
2007-11-28,15/9-F-4,,,,,,,,,,injection,WI
2007-11-29,15/9-F-4,,,,,,,,,,injection,WI
2007-11-30,15/9-F-4,,,,,,,,,,injection,WI
2007-12-01,15/9-F-4,,,,,,,,,,injection,WI
2007-12-02,15/9-F-4,,,,,,,,,,injection,WI
2007-12-03,15/9-F-4,,,,,,,,,,injection,WI
2007-12-04,15/9-F-4,,,,,,,,,,injection,WI
2007-12-05,15/9-F-4,,,,,,,,,,injection,WI
2007-12-06,15/9-F-4,,,,,,,,,,injection,WI
2007-12-07,15/9-F-4,,,,,,,,,,injection,WI
2007-12-08,15/9-F-4,,,,,,,,,,injection,WI
2007-12-09,15/9-F-4,,,,,,,,,,injection,WI
2007-12-10,15/9-F-4,,,,,,,,,,injection,WI
2007-12-11,15/9-F-4,,,,,,,,,,injection,WI
2007-12-12,15/9-F-4,,,,,,,,,,injection,WI
2007-12-13,15/9-F-4,,,,,,,,,,injection,WI
2007-12-14,15/9-F-4,,,,,,,,,,injection,WI
2007-12-15,15/9-F-4,,,,,,,,,,injection,WI
2007-12-16,15/9-F-4,,,,,,,,,,injection,WI
2007-12-17,15/9-F-4,,,,,,,,,,injection,WI
2007-12-18,15/9-F-4,,,,,,,,,,injection,WI
2007-12-19,15/9-F-4,,,,,,,,,,injection,WI
2007-12-20,15/9-F-4,,,,,,,,,,injection,WI
2007-12-21,15/9-F-4,,,,,,,,,,injection,WI
2007-12-22,15/9-F-4,,,,,,,,,,injection,WI
2007-12-23,15/9-F-4,,,,,,,,,,injection,WI
2007-12-24,15/9-F-4,,,,,,,,,,injection,WI
2007-12-25,15/9-F-4,,,,,,,,,,injection,WI
2007-12-26,15/9-F-4,,,,,,,,,,injection,WI
2007-12-27,15/9-F-4,,,,,,,,,,injection,WI
2007-12-28,15/9-F-4,,,,,,,,,,injection,WI
2007-12-29,15/9-F-4,,,,,,,,,,injection,WI
2007-12-30,15/9-F-4,,,,,,,,,,injection,WI
2007-12-31,15/9-F-4,,,,,,,,,,injection,WI
2008-01-01,15/9-F-4,0.000,,,,,,,,,injection,WI
2008-01-02,15/9-F-4,0.000,,,,,,,,,injection,WI
2008-01-03,15/9-F-4,0.000,,,,,,,,,injection,WI
2008-01-04,15/9-F-4,0.000,,,,,,,,,injection,WI
2008-01-05,15/9-F-4,0.000,,,,,,,,,injection,WI
2008-01-06,15/9-F-4,0.000,,,,,,,,,injection,WI
2008-01-07,15/9-F-4,0.000,,,,,,,,,injection,WI
2008-01-08,15/9-F-4,0.000,,,,,,,,,injection,WI
2008-01-09,15/9-F-4,0.000,,,,,,,,,injection,WI
2008-01-10,15/9-F-4,0.000,,,,,,,,,injection,WI
2008-01-11,15/9-F-4,0.000,,,,,,,,,injection,WI
2008-01-12,15/9-F-4,0.000,,,,,,,,,injection,WI
2008-01-13,15/9-F-4,0.000,,,,,,,,,injection,WI
2008-01-14,15/9-F-4,0.000,,,,,,,,,injection,WI
2008-01-15,15/9-F-4,0.000,,,,,,,,,injection,WI
2008-01-16,15/9-F-4,0.000,,,,,,,,,injection,WI
2008-01-17,15/9-F-4,0.000,,,,,,,,,injection,WI
2008-01-18,15/9-F-4,0.000,,,,,,,,,injection,WI
2008-01-19,15/9-F-4,0.000,,,,,,,,,injection,WI
2008-01-20,15/9-F-4,0.000,,,,,,,,,injection,WI
2008-01-21,15/9-F-4,0.000,,,,,,,,,injection,WI
2008-01-22,15/9-F-4,,,,,,,,,,injection,WI
2008-01-23,15/9-F-4,,,,,,,,,,injection,WI
2008-01-24,15/9-F-4,,,,,,,,,,injection,WI
2008-01-25,15/9-F-4,,,,,,,,,,injection,WI
2008-01-26,15/9-F-4,,,,,,,,,,injection,WI
2008-01-27,15/9-F-4,0.000,,,,,,,,,injection,WI
2008-01-28,15/9-F-4,,,,,,,,,,injection,WI
2008-01-29,15/9-F-4,,,,,,,,,,injection,WI
2008-01-30,15/9-F-4,,,,,,,,,,injection,WI
2008-01-31,15/9-F-4,,,,,,,,,,injection,WI
2008-02-01,15/9-F-4,0.000,,,,,,,,,injection,WI
2008-02-02,15/9-F-4,0.000,,,,,,,,,injection,WI
2008-02-03,15/9-F-4,0.000,,,,,,,,,injection,WI
2008-02-04,15/9-F-4,0.000,,,,,,,,,injection,WI
2008-02-05,15/9-F-4,0.000,,,,,,,,,injection,WI
2008-02-06,15/9-F-4,0.000,,,,,,,,,injection,WI
2008-02-07,15/9-F-4,0.000,,,,,,,,,injection,WI
2008-02-08,15/9-F-4,0.000,,,,,,,,,injection,WI
2008-02-09,15/9-F-4,0.000,,,,,,,,,injection,WI
2008-02-10,15/9-F-4,0.000,,,,,,,,,injection,WI
2008-02-11,15/9-F-4,0.000,,,,,,,,,injection,WI
2008-02-12,15/9-F-4,0.000,,,,,,,,,injection,WI
2008-02-13,15/9-F-4,0.000,,,,,,,,,injection,WI
2008-02-14,15/9-F-4,0.000,,,,,,,,,injection,WI
2008-02-15,15/9-F-4,0.000,,,,,,,,,injection,WI
2008-02-16,15/9-F-4,0.000,,,,,,,,,injection,WI
2008-02-17,15/9-F-4,0.000,,,,,,,,,injection,WI
2008-02-18,15/9-F-4,0.000,,,,,,,,,injection,WI
2008-02-19,15/9-F-4,0.000,,,,,,,,,injection,WI
2008-02-20,15/9-F-4,0.000,,,,,,,,,injection,WI
2008-02-21,15/9-F-4,,,,,,,,,,injection,WI
2008-02-22,15/9-F-4,0.000,,,,,,,,,injection,WI
2008-02-23,15/9-F-4,0.000,,,,,,,,,injection,WI
2008-02-24,15/9-F-4,0.000,,,,,,,,,injection,WI
2008-02-25,15/9-F-4,0.000,,,,,,,,,injection,WI
2008-02-26,15/9-F-4,0.000,,,,,,,,,injection,WI
2008-02-27,15/9-F-4,0.000,,,,,,,,,injection,WI
2008-02-28,15/9-F-4,0.000,,,,,,,,,injection,WI
2008-02-29,15/9-F-4,0.000,,,,,,,,,injection,WI
2008-03-01,15/9-F-4,0.000,,,,,,,,,injection,WI
2008-03-02,15/9-F-4,0.000,,,,,,,,,injection,WI
2008-03-03,15/9-F-4,0.000,,,,,,,,,injection,WI
2008-03-04,15/9-F-4,0.000,,,,,,,,,injection,WI
2008-03-05,15/9-F-4,0.000,,,,,,,,,injection,WI
2008-03-06,15/9-F-4,0.000,,,,,,,,,injection,WI
2008-03-07,15/9-F-4,0.000,,,,,,,,,injection,WI
2008-03-08,15/9-F-4,0.000,,,,,,,,,injection,WI
2008-03-09,15/9-F-4,0.000,,,,,,,,,injection,WI
2008-03-10,15/9-F-4,0.000,,,,,,,,,injection,WI
2008-03-11,15/9-F-4,0.000,,,,,,,,,injection,WI
2008-03-12,15/9-F-4,0.000,,,,,,,,,injection,WI
2008-03-13,15/9-F-4,0.000,,,,,,,,,injection,WI
2008-03-14,15/9-F-4,0.000,,,,,,,,,injection,WI
2008-03-15,15/9-F-4,0.000,,,,,,,,,injection,WI
2008-03-16,15/9-F-4,0.000,,,,,,,,,injection,WI
2008-03-17,15/9-F-4,0.000,,,,,,,,,injection,WI
2008-03-18,15/9-F-4,0.000,,,,,,,,,injection,WI
2008-03-19,15/9-F-4,0.000,,,,,,,,,injection,WI
2008-03-20,15/9-F-4,0.000,,,,,,,,,injection,WI
2008-03-21,15/9-F-4,0.000,,,,,,,,,injection,WI
2008-03-22,15/9-F-4,0.000,,,,,,,,,injection,WI
2008-03-23,15/9-F-4,0.000,,,,,,,,,injection,WI
2008-03-24,15/9-F-4,0.000,,,,,,,,,injection,WI
2008-03-25,15/9-F-4,0.000,,,,,,,,,injection,WI
2008-03-26,15/9-F-4,0.000,,,,,,,,,injection,WI
2008-03-27,15/9-F-4,0.000,,,,,,,,,injection,WI
2008-03-28,15/9-F-4,0.000,,,,,,,,,injection,WI
2008-03-29,15/9-F-4,0.000,,,,,,,,,injection,WI
2008-03-30,15/9-F-4,0.000,,,,,,,,,injection,WI
2008-03-31,15/9-F-4,0.000,,,,,,,,,injection,WI
2008-04-01,15/9-F-4,0.000,,,,,,,,,injection,WI
2008-04-02,15/9-F-4,0.000,,,,,,,,,injection,WI
2008-04-03,15/9-F-4,0.000,,,,,,,,,injection,WI
2008-04-04,15/9-F-4,0.000,,,,,,,,,injection,WI
2008-04-05,15/9-F-4,0.000,,,,,,,,,injection,WI
2008-04-06,15/9-F-4,0.000,,,,,,,,,injection,WI
2008-04-07,15/9-F-4,0.000,,,,,,,,,injection,WI
2008-04-08,15/9-F-4,0.000,,,,,,,,,injection,WI
2008-04-09,15/9-F-4,0.000,,,,,,,,,injection,WI
2008-04-10,15/9-F-4,0.000,,,,,,,,,injection,WI
2008-04-11,15/9-F-4,0.000,,,,,,,,,injection,WI
2008-04-12,15/9-F-4,0.000,,,,,,,,,injection,WI
2008-04-13,15/9-F-4,0.000,,,,,,,,,injection,WI
2008-04-14,15/9-F-4,0.000,,,,,,,,,injection,WI
2008-04-15,15/9-F-4,0.000,,,,,,,,,injection,WI
2008-04-16,15/9-F-4,0.000,,,,,,,,,injection,WI
2008-04-17,15/9-F-4,0.000,,,,,,,,,injection,WI
2008-04-18,15/9-F-4,0.000,,,,,,,,,injection,WI
2008-04-19,15/9-F-4,0.000,,,,,,,,,injection,WI
2008-04-20,15/9-F-4,0.000,,,,,,,,,injection,WI
2008-04-21,15/9-F-4,0.000,,,,,,,,,injection,WI
2008-04-22,15/9-F-4,0.000,,,,,,,,,injection,WI
2008-04-23,15/9-F-4,10.000,,,,,,,,166.077,injection,WI
2008-04-24,15/9-F-4,24.000,,,,,,,,3565.065,injection,WI
2008-04-25,15/9-F-4,24.000,,,,,,,,6916.923,injection,WI
2008-04-26,15/9-F-4,18.650,,,,,,,,6617.816,injection,WI
2008-04-27,15/9-F-4,15.958,,,,,,,,4507.000,injection,WI
2008-04-28,15/9-F-4,0.000,,,,,,,,,injection,WI
2008-04-29,15/9-F-4,5.000,,,,,,,,1450.000,injection,WI
2008-04-30,15/9-F-4,21.042,,,,,,,,6529.806,injection,WI
2008-05-01,15/9-F-4,24.000,,,,,,,,6999.034,injection,WI
2008-05-02,15/9-F-4,23.230,,,,,,,,6760.543,injection,WI
2008-05-03,15/9-F-4,23.833,,,,,,,,7389.424,injection,WI
2008-05-04,15/9-F-4,24.000,,,,,,,,8000.000,injection,WI
2008-05-05,15/9-F-4,22.750,,,,,,,,6491.987,injection,WI
2008-05-06,15/9-F-4,24.000,,,,,,,,7008.000,injection,WI
2008-05-07,15/9-F-4,24.000,,,,,,,,7008.000,injection,WI
2008-05-08,15/9-F-4,24.000,,,,,,,,7008.000,injection,WI
2008-05-09,15/9-F-4,24.000,,,,,,,,7008.000,injection,WI
2008-05-10,15/9-F-4,24.000,,,,,,,,7007.952,injection,WI
2008-05-11,15/9-F-4,24.000,,,,,,,,7007.758,injection,WI
2008-05-12,15/9-F-4,24.000,,,,,,,,7008.000,injection,WI
2008-05-13,15/9-F-4,24.000,,,,,,,,7008.000,injection,WI
2008-05-14,15/9-F-4,24.000,,,,,,,,7004.709,injection,WI
2008-05-15,15/9-F-4,24.000,,,,,,,,7800.000,injection,WI
2008-05-16,15/9-F-4,24.000,,,,,,,,7900.000,injection,WI
2008-05-17,15/9-F-4,24.000,,,,,,,,8000.000,injection,WI
2008-05-18,15/9-F-4,24.000,,,,,,,,8000.000,injection,WI
2008-05-19,15/9-F-4,24.000,,,,,,,,8000.000,injection,WI
2008-05-20,15/9-F-4,24.000,,,,,,,,8000.000,injection,WI
2008-05-21,15/9-F-4,24.000,,,,,,,,8000.000,injection,WI
2008-05-22,15/9-F-4,24.000,,,,,,,,7570.000,injection,WI
2008-05-23,15/9-F-4,24.000,,,,,,,,6858.000,injection,WI
2008-05-24,15/9-F-4,24.000,,,,,,,,6954.000,injection,WI
2008-05-25,15/9-F-4,24.000,,,,,,,,7710.000,injection,WI
2008-05-26,15/9-F-4,24.000,,,,,,,,7924.000,injection,WI
2008-05-27,15/9-F-4,24.000,,,,,,,,7780.000,injection,WI
2008-05-28,15/9-F-4,24.000,,,,,,,,7780.000,injection,WI
2008-05-29,15/9-F-4,24.000,,,,,,,,7892.200,injection,WI
2008-05-30,15/9-F-4,20.192,,,,,,,,6459.500,injection,WI
2008-05-31,15/9-F-4,0.000,,,,,,,,,injection,WI
2008-06-01,15/9-F-4,0.000,,,,,,,,,injection,WI
2008-06-02,15/9-F-4,16.000,,,,,,,,5000.000,injection,WI
2008-06-03,15/9-F-4,14.150,,,,,,,,4280.000,injection,WI
2008-06-04,15/9-F-4,24.000,,,,,,,,7825.000,injection,WI
2008-06-05,15/9-F-4,24.000,,,,,,,,8000.000,injection,WI
2008-06-06,15/9-F-4,24.000,,,,,,,,8000.000,injection,WI
2008-06-07,15/9-F-4,24.000,,,,,,,,8000.000,injection,WI
2008-06-08,15/9-F-4,24.000,,,,,,,,8000.000,injection,WI
2008-06-09,15/9-F-4,24.000,,,,,,,,8000.000,injection,WI
2008-06-10,15/9-F-4,19.000,,,,,,,,6185.000,injection,WI
2008-06-11,15/9-F-4,0.000,,,,,,,,,injection,WI
2008-06-12,15/9-F-4,6.500,,,,,,,,2013.000,injection,WI
2008-06-13,15/9-F-4,24.000,,,,,,,,8250.000,injection,WI
2008-06-14,15/9-F-4,19.500,,,,,,,,6593.902,injection,WI
2008-06-15,15/9-F-4,24.000,,,,,,,,9000.000,injection,WI
2008-06-16,15/9-F-4,24.000,,,,,,,,8965.132,injection,WI
2008-06-17,15/9-F-4,24.000,,,,,,,,8976.113,injection,WI
2008-06-18,15/9-F-4,24.000,,,,,,,,8976.874,injection,WI
2008-06-19,15/9-F-4,24.000,,,,,,,,8989.000,injection,WI
2008-06-20,15/9-F-4,21.167,,,,,,,,7477.072,injection,WI
2008-06-21,15/9-F-4,24.000,,,,,,,,8928.000,injection,WI
2008-06-22,15/9-F-4,24.000,,,,,,,,8981.000,injection,WI
2008-06-23,15/9-F-4,24.000,,,,,,,,9014.000,injection,WI
2008-06-24,15/9-F-4,24.000,,,,,,,,9009.000,injection,WI
2008-06-25,15/9-F-4,21.667,,,,,,,,8432.732,injection,WI
2008-06-26,15/9-F-4,18.500,,,,,,,,6216.000,injection,WI
2008-06-27,15/9-F-4,24.000,,,,,,,,8910.594,injection,WI
2008-06-28,15/9-F-4,7.833,,,,,,,,2520.000,injection,WI
2008-06-29,15/9-F-4,22.500,,,,,,,,8250.114,injection,WI
2008-06-30,15/9-F-4,24.000,,,,,,,,9011.119,injection,WI
2008-07-01,15/9-F-4,20.667,,,,,,,,7488.000,injection,WI
2008-07-02,15/9-F-4,24.000,,,,,,,,9129.000,injection,WI
2008-07-03,15/9-F-4,24.000,,,,,,,,8523.454,injection,WI
2008-07-04,15/9-F-4,24.000,,,,,,,,8101.799,injection,WI
2008-07-05,15/9-F-4,24.000,,,,,,,,9168.000,injection,WI
2008-07-06,15/9-F-4,24.000,,,,,,,,8830.000,injection,WI
2008-07-07,15/9-F-4,24.000,,,,,,,,9259.000,injection,WI
2008-07-08,15/9-F-4,24.000,,,,,,,,9259.300,injection,WI
2008-07-09,15/9-F-4,24.000,,,,,,,,9250.000,injection,WI
2008-07-10,15/9-F-4,9.750,,,,,,,,3575.000,injection,WI
2008-07-11,15/9-F-4,4.333,,,,,,,,1096.000,injection,WI
2008-07-12,15/9-F-4,1.583,,,,,,,,295.000,injection,WI
2008-07-13,15/9-F-4,0.000,,,,,,,,0.000,injection,WI
2008-07-14,15/9-F-4,0.000,,,,,,,,0.000,injection,WI
2008-07-15,15/9-F-4,9.975,,,,,,,,2275.000,injection,WI
2008-07-16,15/9-F-4,24.000,,,,,,,,9000.000,injection,WI
2008-07-17,15/9-F-4,24.000,,,,,,,,9065.000,injection,WI
2008-07-18,15/9-F-4,24.000,,,,,,,,9047.000,injection,WI
2008-07-19,15/9-F-4,24.000,,,,,,,,9180.000,injection,WI
2008-07-20,15/9-F-4,24.000,,,,,,,,9047.996,injection,WI
2008-07-21,15/9-F-4,24.000,,,,,,,,9155.000,injection,WI
2008-07-22,15/9-F-4,24.000,,,,,,,,9135.391,injection,WI
2008-07-23,15/9-F-4,22.500,,,,,,,,8498.000,injection,WI
2008-07-24,15/9-F-4,24.000,,,,,,,,9203.956,injection,WI
2008-07-25,15/9-F-4,24.000,,,,,,,,9176.600,injection,WI
2008-07-26,15/9-F-4,24.000,,,,,,,,9055.948,injection,WI
2008-07-27,15/9-F-4,24.000,,,,,,,,9254.862,injection,WI
2008-07-28,15/9-F-4,24.000,,,,,,,,9274.250,injection,WI
2008-07-29,15/9-F-4,24.000,,,,,,,,9274.107,injection,WI
2008-07-30,15/9-F-4,24.000,,,,,,,,9247.000,injection,WI
2008-07-31,15/9-F-4,24.000,,,,,,,,9165.000,injection,WI
2008-08-01,15/9-F-4,24.000,,,,,,,,9175.000,injection,WI
2008-08-02,15/9-F-4,24.000,,,,,,,,9175.000,injection,WI
2008-08-03,15/9-F-4,24.000,,,,,,,,9222.000,injection,WI
2008-08-04,15/9-F-4,24.000,,,,,,,,9226.000,injection,WI
2008-08-05,15/9-F-4,24.000,,,,,,,,7773.000,injection,WI
2008-08-06,15/9-F-4,7.692,,,,,,,,2788.000,injection,WI
2008-08-07,15/9-F-4,0.000,,,,,,,,0.088,injection,WI
2008-08-08,15/9-F-4,18.000,,,,,,,,1390.000,injection,WI
2008-08-09,15/9-F-4,24.000,,,,,,,,9086.460,injection,WI
2008-08-10,15/9-F-4,24.000,,,,,,,,9308.682,injection,WI
2008-08-11,15/9-F-4,23.800,,,,,,,,8891.864,injection,WI
2008-08-12,15/9-F-4,24.000,,,,,,,,9009.000,injection,WI
2008-08-13,15/9-F-4,24.000,,,,,,,,9010.529,injection,WI
2008-08-14,15/9-F-4,24.000,,,,,,,,9010.205,injection,WI
2008-08-15,15/9-F-4,24.000,,,,,,,,9040.964,injection,WI
2008-08-16,15/9-F-4,24.000,,,,,,,,9043.687,injection,WI
2008-08-17,15/9-F-4,24.000,,,,,,,,6834.277,injection,WI
2008-08-18,15/9-F-4,24.000,,,,,,,,8943.285,injection,WI
2008-08-19,15/9-F-4,24.000,,,,,,,,9051.583,injection,WI
2008-08-20,15/9-F-4,24.000,,,,,,,,9085.493,injection,WI
2008-08-21,15/9-F-4,24.000,,,,,,,,7070.000,injection,WI
2008-08-22,15/9-F-4,24.000,,,,,,,,9170.000,injection,WI
2008-08-23,15/9-F-4,24.000,,,,,,,,8954.000,injection,WI
2008-08-24,15/9-F-4,24.000,,,,,,,,9316.000,injection,WI
2008-08-25,15/9-F-4,24.000,,,,,,,,9197.000,injection,WI
2008-08-26,15/9-F-4,23.000,,,,,,,,7481.385,injection,WI
2008-08-27,15/9-F-4,4.000,,,,,,,,184.359,injection,WI
2008-08-28,15/9-F-4,18.208,,,,,,,,1591.834,injection,WI
2008-08-29,15/9-F-4,16.542,,,,,,,,1048.289,injection,WI
2008-08-30,15/9-F-4,24.000,,,,,,,,2374.886,injection,WI
2008-08-31,15/9-F-4,23.833,,,,,,,,2460.393,injection,WI
2008-09-01,15/9-F-4,24.000,,,,,,,,2780.504,injection,WI
2008-09-02,15/9-F-4,21.919,,,,,,,,2596.000,injection,WI
2008-09-03,15/9-F-4,24.000,,,,,,,,2834.863,injection,WI
2008-09-04,15/9-F-4,24.000,,,,,,,,2872.697,injection,WI
2008-09-05,15/9-F-4,24.000,,,,,,,,3112.621,injection,WI
2008-09-06,15/9-F-4,21.042,,,,,,,,3184.266,injection,WI
2008-09-07,15/9-F-4,0.000,,,,,,,,,injection,WI
2008-09-08,15/9-F-4,23.125,,,,,,,,1930.433,injection,WI
2008-09-09,15/9-F-4,21.140,,,,,,,,2489.973,injection,WI
2008-09-10,15/9-F-4,24.000,,,,,,,,3001.129,injection,WI
2008-09-11,15/9-F-4,24.000,,,,,,,,2987.370,injection,WI
2008-09-12,15/9-F-4,24.000,,,,,,,,2920.786,injection,WI
2008-09-13,15/9-F-4,24.000,,,,,,,,3016.925,injection,WI
2008-09-14,15/9-F-4,24.000,,,,,,,,3521.000,injection,WI
2008-09-15,15/9-F-4,16.212,,,,,,,,2279.000,injection,WI
2008-09-16,15/9-F-4,0.000,,,,,,,,,injection,WI
2008-09-17,15/9-F-4,0.000,,,,,,,,,injection,WI
2008-09-18,15/9-F-4,0.000,,,,,,,,,injection,WI
2008-09-19,15/9-F-4,10.958,,,,,,,,134.000,injection,WI
2008-09-20,15/9-F-4,24.000,,,,,,,,2736.501,injection,WI
2008-09-21,15/9-F-4,4.333,,,,,,,,697.000,injection,WI
2008-09-22,15/9-F-4,18.375,,,,,,,,6153.000,injection,WI
2008-09-23,15/9-F-4,23.458,,,,,,,,4141.395,injection,WI
2008-09-24,15/9-F-4,22.083,,,,,,,,2871.661,injection,WI
2008-09-25,15/9-F-4,22.167,,,,,,,,3639.787,injection,WI
2008-09-26,15/9-F-4,24.000,,,,,,,,8345.633,injection,WI
2008-09-27,15/9-F-4,17.333,,,,,,,,7498.943,injection,WI
2008-09-28,15/9-F-4,24.000,,,,,,,,7735.516,injection,WI
2008-09-29,15/9-F-4,24.000,,,,,,,,7615.175,injection,WI
2008-09-30,15/9-F-4,24.000,,,,,,,,7487.124,injection,WI
2008-10-01,15/9-F-4,24.000,,,,,,,,7918.531,injection,WI
2008-10-02,15/9-F-4,23.750,,,,,,,,7373.792,injection,WI
2008-10-03,15/9-F-4,24.000,,,,,,,,8292.916,injection,WI
2008-10-04,15/9-F-4,14.000,,,,,,,,4307.000,injection,WI
2008-10-05,15/9-F-4,24.000,,,,,,,,8479.707,injection,WI
2008-10-06,15/9-F-4,19.000,,,,,,,,6364.000,injection,WI
2008-10-07,15/9-F-4,24.000,,,,,,,,8030.599,injection,WI
2008-10-08,15/9-F-4,24.000,,,,,,,,9013.506,injection,WI
2008-10-09,15/9-F-4,23.167,,,,,,,,7723.140,injection,WI
2008-10-10,15/9-F-4,23.083,,,,,,,,7672.531,injection,WI
2008-10-11,15/9-F-4,21.583,,,,,,,,6740.000,injection,WI
2008-10-12,15/9-F-4,24.000,,,,,,,,8004.458,injection,WI
2008-10-13,15/9-F-4,24.000,,,,,,,,9203.408,injection,WI
2008-10-14,15/9-F-4,24.000,,,,,,,,9207.139,injection,WI
2008-10-15,15/9-F-4,24.000,,,,,,,,9092.069,injection,WI
2008-10-16,15/9-F-4,24.000,,,,,,,,9093.498,injection,WI
2008-10-17,15/9-F-4,23.667,,,,,,,,5929.360,injection,WI
2008-10-18,15/9-F-4,24.000,,,,,,,,6325.323,injection,WI
2008-10-19,15/9-F-4,24.000,,,,,,,,8012.017,injection,WI
2008-10-20,15/9-F-4,22.000,,,,,,,,7353.412,injection,WI
2008-10-21,15/9-F-4,24.000,,,,,,,,6204.000,injection,WI
2008-10-22,15/9-F-4,24.000,,,,,,,,7344.000,injection,WI
2008-10-23,15/9-F-4,20.000,,,,,,,,7283.000,injection,WI
2008-10-24,15/9-F-4,24.000,,,,,,,,8250.000,injection,WI
2008-10-25,15/9-F-4,24.000,,,,,,,,8469.000,injection,WI
2008-10-26,15/9-F-4,25.000,,,,,,,,8783.000,injection,WI
2008-10-27,15/9-F-4,21.667,,,,,,,,7958.000,injection,WI
2008-10-28,15/9-F-4,24.000,,,,,,,,7987.000,injection,WI
2008-10-29,15/9-F-4,17.500,,,,,,,,5882.000,injection,WI
2008-10-30,15/9-F-4,15.500,,,,,,,,4451.000,injection,WI
2008-10-31,15/9-F-4,24.000,,,,,,,,6756.000,injection,WI
2008-11-01,15/9-F-4,21.333,,,,,,,,6323.000,injection,WI
2008-11-02,15/9-F-4,24.000,,,,,,,,6593.000,injection,WI
2008-11-03,15/9-F-4,24.000,,,,,,,,7198.000,injection,WI
2008-11-04,15/9-F-4,24.000,,,,,,,,7247.000,injection,WI
2008-11-05,15/9-F-4,24.000,,,,,,,,6873.000,injection,WI
2008-11-06,15/9-F-4,24.000,,,,,,,,6974.000,injection,WI
2008-11-07,15/9-F-4,24.000,,,,,,,,7422.000,injection,WI
2008-11-08,15/9-F-4,24.000,,,,,,,,7408.000,injection,WI
2008-11-09,15/9-F-4,24.000,,,,,,,,7416.000,injection,WI
2008-11-10,15/9-F-4,24.000,,,,,,,,7475.000,injection,WI
2008-11-11,15/9-F-4,24.000,,,,,,,,7462.800,injection,WI
2008-11-12,15/9-F-4,24.000,,,,,,,,7452.700,injection,WI
2008-11-13,15/9-F-4,24.000,,,,,,,,7136.100,injection,WI
2008-11-14,15/9-F-4,24.000,,,,,,,,7411.700,injection,WI
2008-11-15,15/9-F-4,20.167,,,,,,,,6002.500,injection,WI
2008-11-16,15/9-F-4,24.000,,,,,,,,7150.200,injection,WI
2008-11-17,15/9-F-4,24.000,,,,,,,,7176.000,injection,WI
2008-11-18,15/9-F-4,23.667,,,,,,,,6879.867,injection,WI
2008-11-19,15/9-F-4,22.500,,,,,,,,6942.446,injection,WI
2008-11-20,15/9-F-4,24.000,,,,,,,,8794.771,injection,WI
2008-11-21,15/9-F-4,24.000,,,,,,,,8168.990,injection,WI
2008-11-22,15/9-F-4,24.000,,,,,,,,6735.579,injection,WI
2008-11-23,15/9-F-4,24.000,,,,,,,,3471.906,injection,WI
2008-11-24,15/9-F-4,24.000,,,,,,,,8960.398,injection,WI
2008-11-25,15/9-F-4,24.000,,,,,,,,8640.000,injection,WI
2008-11-26,15/9-F-4,24.000,,,,,,,,8224.343,injection,WI
2008-11-27,15/9-F-4,24.000,,,,,,,,8833.200,injection,WI
2008-11-28,15/9-F-4,24.000,,,,,,,,8575.000,injection,WI
2008-11-29,15/9-F-4,24.000,,,,,,,,8653.500,injection,WI
2008-11-30,15/9-F-4,24.000,,,,,,,,8525.100,injection,WI
2008-12-01,15/9-F-4,24.000,,,,,,,,8317.300,injection,WI
2008-12-02,15/9-F-4,24.000,,,,,,,,8811.000,injection,WI
2008-12-03,15/9-F-4,24.000,,,,,,,,8847.000,injection,WI
2008-12-04,15/9-F-4,24.000,,,,,,,,8853.000,injection,WI
2008-12-05,15/9-F-4,24.000,,,,,,,,8772.000,injection,WI
2008-12-06,15/9-F-4,24.000,,,,,,,,8819.000,injection,WI
2008-12-07,15/9-F-4,24.000,,,,,,,,8755.000,injection,WI
2008-12-08,15/9-F-4,24.000,,,,,,,,6124.000,injection,WI
2008-12-09,15/9-F-4,24.000,,,,,,,,8353.842,injection,WI
2008-12-10,15/9-F-4,24.000,,,,,,,,8226.731,injection,WI
2008-12-11,15/9-F-4,24.000,,,,,,,,7708.769,injection,WI
2008-12-12,15/9-F-4,22.833,,,,,,,,8504.000,injection,WI
2008-12-13,15/9-F-4,24.000,,,,,,,,8886.000,injection,WI
2008-12-14,15/9-F-4,23.833,,,,,,,,8329.000,injection,WI
2008-12-15,15/9-F-4,24.000,,,,,,,,8780.000,injection,WI
2008-12-16,15/9-F-4,24.000,,,,,,,,8655.000,injection,WI
2008-12-17,15/9-F-4,24.000,,,,,,,,8578.000,injection,WI
2008-12-18,15/9-F-4,24.000,,,,,,,,8730.000,injection,WI
2008-12-19,15/9-F-4,24.000,,,,,,,,8736.000,injection,WI
2008-12-20,15/9-F-4,24.000,,,,,,,,8690.000,injection,WI
2008-12-21,15/9-F-4,24.000,,,,,,,,8295.000,injection,WI
2008-12-22,15/9-F-4,24.000,,,,,,,,8671.000,injection,WI
2008-12-23,15/9-F-4,24.000,,,,,,,,8221.600,injection,WI
2008-12-24,15/9-F-4,24.000,,,,,,,,8609.200,injection,WI
2008-12-25,15/9-F-4,24.000,,,,,,,,8755.300,injection,WI
2008-12-26,15/9-F-4,24.000,,,,,,,,8628.400,injection,WI
2008-12-27,15/9-F-4,24.000,,,,,,,,8471.900,injection,WI
2008-12-28,15/9-F-4,24.000,,,,,,,,8453.600,injection,WI
2008-12-29,15/9-F-4,24.000,,,,,,,,8469.000,injection,WI
2008-12-30,15/9-F-4,24.000,,,,,,,,8552.400,injection,WI
2008-12-31,15/9-F-4,24.000,,,,,,,,8588.794,injection,WI
2009-01-01,15/9-F-4,24.000,,,,,,,,8521.000,injection,WI
2009-01-02,15/9-F-4,24.000,,,,,,,,8460.343,injection,WI
2009-01-03,15/9-F-4,14.583,,,,,,,,4166.371,injection,WI
2009-01-04,15/9-F-4,24.000,,,,,,,,8611.281,injection,WI
2009-01-05,15/9-F-4,24.000,,,,,,,,8756.500,injection,WI
2009-01-06,15/9-F-4,17.167,,,,,,,,5826.700,injection,WI
2009-01-07,15/9-F-4,24.000,,,,,,,,7744.209,injection,WI
2009-01-08,15/9-F-4,24.000,,,,,,,,8624.500,injection,WI
2009-01-09,15/9-F-4,24.000,,,,,,,,8615.200,injection,WI
2009-01-10,15/9-F-4,24.000,,,,,,,,8599.700,injection,WI
2009-01-11,15/9-F-4,24.000,,,,,,,,8446.900,injection,WI
2009-01-12,15/9-F-4,23.833,,,,,,,,8214.950,injection,WI
2009-01-13,15/9-F-4,24.000,,,,,,,,8599.000,injection,WI
2009-01-14,15/9-F-4,24.000,,,,,,,,8593.000,injection,WI
2009-01-15,15/9-F-4,24.000,,,,,,,,8527.000,injection,WI
2009-01-16,15/9-F-4,24.000,,,,,,,,8581.000,injection,WI
2009-01-17,15/9-F-4,24.000,,,,,,,,8503.000,injection,WI
2009-01-18,15/9-F-4,24.000,,,,,,,,8702.000,injection,WI
2009-01-19,15/9-F-4,24.000,,,,,,,,8748.000,injection,WI
2009-01-20,15/9-F-4,24.000,,,,,,,,8739.000,injection,WI
2009-01-21,15/9-F-4,22.175,,,,,,,,8141.000,injection,WI
2009-01-22,15/9-F-4,21.075,,,,,,,,6742.000,injection,WI
2009-01-23,15/9-F-4,24.000,,,,,,,,8481.000,injection,WI
2009-01-24,15/9-F-4,24.000,,,,,,,,8541.450,injection,WI
2009-01-25,15/9-F-4,24.000,,,,,,,,8644.100,injection,WI
2009-01-26,15/9-F-4,24.000,,,,,,,,8543.700,injection,WI
2009-01-27,15/9-F-4,24.000,,,,,,,,8502.000,injection,WI
2009-01-28,15/9-F-4,14.175,,,,,,,,5119.000,injection,WI
2009-01-29,15/9-F-4,10.325,,,,,,,,3449.000,injection,WI
2009-01-30,15/9-F-4,24.000,,,,,,,,8494.000,injection,WI
2009-01-31,15/9-F-4,24.000,,,,,,,,8423.000,injection,WI
2009-02-01,15/9-F-4,16.000,,,,,,,,5688.000,injection,WI
2009-02-02,15/9-F-4,24.000,,,,,,,,8396.000,injection,WI
2009-02-03,15/9-F-4,24.000,,,,,,,,8542.200,injection,WI
2009-02-04,15/9-F-4,8.667,,,,,,,,3170.000,injection,WI
2009-02-05,15/9-F-4,24.000,,,,,,,,8545.900,injection,WI
2009-02-06,15/9-F-4,24.000,,,,,,,,8684.300,injection,WI
2009-02-07,15/9-F-4,24.000,,,,,,,,8609.200,injection,WI
2009-02-08,15/9-F-4,24.000,,,,,,,,8619.400,injection,WI
2009-02-09,15/9-F-4,24.000,,,,,,,,6375.000,injection,WI
2009-02-10,15/9-F-4,24.000,,,,,,,,8389.531,injection,WI
2009-02-11,15/9-F-4,24.000,,,,,,,,8161.050,injection,WI
2009-02-12,15/9-F-4,24.000,,,,,,,,8142.000,injection,WI
2009-02-13,15/9-F-4,18.333,,,,,,,,6811.000,injection,WI
2009-02-14,15/9-F-4,24.000,,,,,,,,8469.400,injection,WI
2009-02-15,15/9-F-4,24.000,,,,,,,,8735.000,injection,WI
2009-02-16,15/9-F-4,20.667,,,,,,,,7789.000,injection,WI
2009-02-17,15/9-F-4,24.000,,,,,,,,8427.200,injection,WI
2009-02-18,15/9-F-4,24.000,,,,,,,,8200.700,injection,WI
2009-02-19,15/9-F-4,24.000,,,,,,,,8435.100,injection,WI
2009-02-20,15/9-F-4,24.000,,,,,,,,8277.000,injection,WI
2009-02-21,15/9-F-4,24.000,,,,,,,,8346.000,injection,WI
2009-02-22,15/9-F-4,24.000,,,,,,,,8086.300,injection,WI
2009-02-23,15/9-F-4,24.000,,,,,,,,7714.400,injection,WI
2009-02-24,15/9-F-4,24.000,,,,,,,,8205.000,injection,WI
2009-02-25,15/9-F-4,24.000,,,,,,,,8100.000,injection,WI
2009-02-26,15/9-F-4,24.000,,,,,,,,8054.000,injection,WI
2009-02-27,15/9-F-4,24.000,,,,,,,,8063.000,injection,WI
2009-02-28,15/9-F-4,24.000,,,,,,,,8098.000,injection,WI
2009-03-01,15/9-F-4,24.000,,,,,,,,8054.000,injection,WI
2009-03-02,15/9-F-4,24.000,,,,,,,,8025.000,injection,WI
2009-03-03,15/9-F-4,24.000,,,,,,,,8369.469,injection,WI
2009-03-04,15/9-F-4,20.917,,,,,,,,7915.200,injection,WI
2009-03-05,15/9-F-4,11.500,,,,,,,,4127.100,injection,WI
2009-03-06,15/9-F-4,24.000,,,,,,,,7670.000,injection,WI
2009-03-07,15/9-F-4,11.358,,,,,,,,2516.000,injection,WI
2009-03-08,15/9-F-4,0.000,,,,,,,,,injection,WI
2009-03-09,15/9-F-4,11.750,,,,,,,,4009.000,injection,WI
2009-03-10,15/9-F-4,0.000,,,,,,,,,injection,WI
2009-03-11,15/9-F-4,0.000,,,,,,,,,injection,WI
2009-03-12,15/9-F-4,0.000,,,,,,,,,injection,WI
2009-03-13,15/9-F-4,0.000,,,,,,,,,injection,WI
2009-03-14,15/9-F-4,0.000,,,,,,,,,injection,WI
2009-03-15,15/9-F-4,0.000,,,,,,,,,injection,WI
2009-03-16,15/9-F-4,0.000,,,,,,,,,injection,WI
2009-03-17,15/9-F-4,0.000,,,,,,,,,injection,WI
2009-03-18,15/9-F-4,0.000,,,,,,,,,injection,WI
2009-03-19,15/9-F-4,0.000,,,,,,,,,injection,WI
2009-03-20,15/9-F-4,0.000,,,,,,,,,injection,WI
2009-03-21,15/9-F-4,0.000,,,,,,,,,injection,WI
2009-03-22,15/9-F-4,0.000,,,,,,,,,injection,WI
2009-03-23,15/9-F-4,0.000,,,,,,,,,injection,WI
2009-03-24,15/9-F-4,0.000,,,,,,,,,injection,WI
2009-03-25,15/9-F-4,0.000,,,,,,,,,injection,WI
2009-03-26,15/9-F-4,0.000,,,,,,,,,injection,WI
2009-03-27,15/9-F-4,0.000,,,,,,,,,injection,WI
2009-03-28,15/9-F-4,8.225,,,,,,,,3015.000,injection,WI
2009-03-29,15/9-F-4,6.525,,,,,,,,2770.000,injection,WI
2009-03-30,15/9-F-4,0.808,,,,,,,,197.000,injection,WI
2009-03-31,15/9-F-4,24.000,,,,,,,,4520.200,injection,WI
2009-04-01,15/9-F-4,24.000,,,,,,,,4140.000,injection,WI
2009-04-02,15/9-F-4,24.000,,,,,,,,4105.250,injection,WI
2009-04-03,15/9-F-4,24.000,,,,,,,,4136.450,injection,WI
2009-04-04,15/9-F-4,24.000,,,,,,,,4324.200,injection,WI
2009-04-05,15/9-F-4,22.525,,,,,,,,3789.100,injection,WI
2009-04-06,15/9-F-4,0.500,,,,,,,,785.902,injection,WI
2009-04-07,15/9-F-4,0.000,,,,,,,,0.000,injection,WI
2009-04-08,15/9-F-4,20.858,,,,,,,,6091.000,injection,WI
2009-04-09,15/9-F-4,16.333,,,,,,,,3207.000,injection,WI
2009-04-10,15/9-F-4,0.308,,,,,,,,203.144,injection,WI
2009-04-11,15/9-F-4,0.000,,,,,,,,,injection,WI
2009-04-12,15/9-F-4,12.858,,,,,,,,2426.000,injection,WI
2009-04-13,15/9-F-4,24.000,,,,,,,,4582.000,injection,WI
2009-04-14,15/9-F-4,24.000,,,,,,,,3704.600,injection,WI
2009-04-15,15/9-F-4,3.975,,,,,,,,704.900,injection,WI
2009-04-16,15/9-F-4,20.525,,,,,,,,3204.000,injection,WI
2009-04-17,15/9-F-4,24.000,,,,,,,,4560.000,injection,WI
2009-04-18,15/9-F-4,13.142,,,,,,,,2300.000,injection,WI
2009-04-19,15/9-F-4,6.192,,,,,,,,1237.000,injection,WI
2009-04-20,15/9-F-4,24.000,,,,,,,,4200.000,injection,WI
2009-04-21,15/9-F-4,24.000,,,,,,,,4179.000,injection,WI
2009-04-22,15/9-F-4,18.583,,,,,,,,3219.000,injection,WI
2009-04-23,15/9-F-4,24.000,,,,,,,,4199.000,injection,WI
2009-04-24,15/9-F-4,24.000,,,,,,,,4158.000,injection,WI
2009-04-25,15/9-F-4,24.000,,,,,,,,4188.000,injection,WI
2009-04-26,15/9-F-4,24.000,,,,,,,,4249.000,injection,WI
2009-04-27,15/9-F-4,24.000,,,,,,,,5257.000,injection,WI
2009-04-28,15/9-F-4,24.000,,,,,,,,6012.000,injection,WI
2009-04-29,15/9-F-4,24.000,,,,,,,,6377.600,injection,WI
2009-04-30,15/9-F-4,24.000,,,,,,,,7020.200,injection,WI
2009-05-01,15/9-F-4,24.000,,,,,,,,6883.800,injection,WI
2009-05-02,15/9-F-4,24.000,,,,,,,,6903.300,injection,WI
2009-05-03,15/9-F-4,24.000,,,,,,,,6952.200,injection,WI
2009-05-04,15/9-F-4,5.808,,,,,,,,1730.500,injection,WI
2009-05-05,15/9-F-4,11.692,,,,,,,,3318.400,injection,WI
2009-05-06,15/9-F-4,24.000,,,,,,,,6266.700,injection,WI
2009-05-07,15/9-F-4,21.000,,,,,,,,6801.183,injection,WI
2009-05-08,15/9-F-4,24.000,,,,,,,,7911.056,injection,WI
2009-05-09,15/9-F-4,24.000,,,,,,,,7913.000,injection,WI
2009-05-10,15/9-F-4,24.000,,,,,,,,7941.351,injection,WI
2009-05-11,15/9-F-4,24.000,,,,,,,,7911.957,injection,WI
2009-05-12,15/9-F-4,24.000,,,,,,,,8032.700,injection,WI
2009-05-13,15/9-F-4,24.000,,,,,,,,8217.000,injection,WI
2009-05-14,15/9-F-4,24.000,,,,,,,,8404.080,injection,WI
2009-05-15,15/9-F-4,24.000,,,,,,,,8435.500,injection,WI
2009-05-16,15/9-F-4,24.000,,,,,,,,8424.980,injection,WI
2009-05-17,15/9-F-4,24.000,,,,,,,,8439.550,injection,WI
2009-05-18,15/9-F-4,24.000,,,,,,,,8391.880,injection,WI
2009-05-19,15/9-F-4,24.000,,,,,,,,8110.000,injection,WI
2009-05-20,15/9-F-4,24.000,,,,,,,,8449.000,injection,WI
2009-05-21,15/9-F-4,24.000,,,,,,,,8437.000,injection,WI
2009-05-22,15/9-F-4,24.000,,,,,,,,8258.000,injection,WI
2009-05-23,15/9-F-4,24.000,,,,,,,,8370.000,injection,WI
2009-05-24,15/9-F-4,24.000,,,,,,,,8450.000,injection,WI
2009-05-25,15/9-F-4,24.000,,,,,,,,8393.000,injection,WI
2009-05-26,15/9-F-4,24.000,,,,,,,,8428.500,injection,WI
2009-05-27,15/9-F-4,24.000,,,,,,,,8497.000,injection,WI
2009-05-28,15/9-F-4,24.000,,,,,,,,8468.000,injection,WI
2009-05-29,15/9-F-4,24.000,,,,,,,,6837.000,injection,WI
2009-05-30,15/9-F-4,24.000,,,,,,,,5917.000,injection,WI
2009-05-31,15/9-F-4,24.000,,,,,,,,6009.459,injection,WI
2009-06-01,15/9-F-4,23.500,,,,,,,,6003.000,injection,WI
2009-06-02,15/9-F-4,24.000,,,,,,,,6456.000,injection,WI
2009-06-03,15/9-F-4,24.000,,,,,,,,4642.247,injection,WI
2009-06-04,15/9-F-4,24.000,,,,,,,,3867.000,injection,WI
2009-06-05,15/9-F-4,24.000,,,,,,,,3876.000,injection,WI
2009-06-06,15/9-F-4,18.483,,,,,,,,2859.600,injection,WI
2009-06-07,15/9-F-4,24.000,,,,,,,,3800.000,injection,WI
2009-06-08,15/9-F-4,24.000,,,,,,,,3802.000,injection,WI
2009-06-09,15/9-F-4,24.000,,,,,,,,3744.400,injection,WI
2009-06-10,15/9-F-4,24.000,,,,,,,,3993.500,injection,WI
2009-06-11,15/9-F-4,20.833,,,,,,,,3429.200,injection,WI
2009-06-12,15/9-F-4,24.000,,,,,,,,3780.800,injection,WI
2009-06-13,15/9-F-4,21.333,,,,,,,,3319.000,injection,WI
2009-06-14,15/9-F-4,13.058,,,,,,,,2593.700,injection,WI
2009-06-15,15/9-F-4,17.442,,,,,,,,2937.400,injection,WI
2009-06-16,15/9-F-4,24.000,,,,,,,,3910.000,injection,WI
2009-06-17,15/9-F-4,24.000,,,,,,,,4148.000,injection,WI
2009-06-18,15/9-F-4,24.000,,,,,,,,4538.472,injection,WI
2009-06-19,15/9-F-4,24.000,,,,,,,,4716.153,injection,WI
2009-06-20,15/9-F-4,24.000,,,,,,,,4747.625,injection,WI
2009-06-21,15/9-F-4,24.000,,,,,,,,4603.838,injection,WI
2009-06-22,15/9-F-4,24.000,,,,,,,,4795.000,injection,WI
2009-06-23,15/9-F-4,24.000,,,,,,,,4646.100,injection,WI
2009-06-24,15/9-F-4,24.000,,,,,,,,4553.500,injection,WI
2009-06-25,15/9-F-4,24.000,,,,,,,,4646.440,injection,WI
2009-06-26,15/9-F-4,24.000,,,,,,,,5519.000,injection,WI
2009-06-27,15/9-F-4,24.000,,,,,,,,5418.500,injection,WI
2009-06-28,15/9-F-4,24.000,,,,,,,,4819.100,injection,WI
2009-06-29,15/9-F-4,24.000,,,,,,,,5000.000,injection,WI
2009-06-30,15/9-F-4,24.000,,,,,,,,4822.409,injection,WI
2009-07-01,15/9-F-4,24.000,,,,,,,,4775.000,injection,WI
2009-07-02,15/9-F-4,24.000,,,,,,,,4754.000,injection,WI
2009-07-03,15/9-F-4,24.000,,,,,,,,4744.200,injection,WI
2009-07-04,15/9-F-4,24.000,,,,,,,,4724.000,injection,WI
2009-07-05,15/9-F-4,24.000,,,,,,,,4687.000,injection,WI
2009-07-06,15/9-F-4,24.000,,,,,,,,3942.500,injection,WI
2009-07-07,15/9-F-4,24.000,,,,,,,,3929.000,injection,WI
2009-07-08,15/9-F-4,24.000,,,,,,,,3776.000,injection,WI
2009-07-09,15/9-F-4,24.000,,,,,,,,3743.000,injection,WI
2009-07-10,15/9-F-4,24.000,,,,,,,,3725.000,injection,WI
2009-07-11,15/9-F-4,24.000,,,,,,,,4198.000,injection,WI
2009-07-12,15/9-F-4,24.000,,,,,,,,4597.000,injection,WI
2009-07-13,15/9-F-4,24.000,,,,,,,,4599.000,injection,WI
2009-07-14,15/9-F-4,24.000,,,,,,,,4670.000,injection,WI
2009-07-15,15/9-F-4,24.000,,,,,,,,4734.500,injection,WI
2009-07-16,15/9-F-4,21.500,,,,,,,,3748.000,injection,WI
2009-07-17,15/9-F-4,24.000,,,,,,,,8667.600,injection,WI
2009-07-18,15/9-F-4,24.000,,,,,,,,8407.100,injection,WI
2009-07-19,15/9-F-4,17.333,,,,,,,,5297.050,injection,WI
2009-07-20,15/9-F-4,24.000,,,,,,,,8505.000,injection,WI
2009-07-21,15/9-F-4,24.000,,,,,,,,8384.600,injection,WI
2009-07-22,15/9-F-4,24.000,,,,,,,,8043.100,injection,WI
2009-07-23,15/9-F-4,24.000,,,,,,,,8206.100,injection,WI
2009-07-24,15/9-F-4,24.000,,,,,,,,8297.100,injection,WI
2009-07-25,15/9-F-4,24.000,,,,,,,,8192.900,injection,WI
2009-07-26,15/9-F-4,24.000,,,,,,,,8308.000,injection,WI
2009-07-27,15/9-F-4,24.000,,,,,,,,8276.200,injection,WI
2009-07-28,15/9-F-4,24.000,,,,,,,,8287.000,injection,WI
2009-07-29,15/9-F-4,24.000,,,,,,,,8316.105,injection,WI
2009-07-30,15/9-F-4,24.000,,,,,,,,8339.728,injection,WI
2009-07-31,15/9-F-4,24.000,,,,,,,,8354.488,injection,WI
2009-08-01,15/9-F-4,24.000,,,,,,,,6081.000,injection,WI
2009-08-02,15/9-F-4,24.000,,,,,,,,7352.846,injection,WI
2009-08-03,15/9-F-4,24.000,,,,,,,,4555.615,injection,WI
2009-08-04,15/9-F-4,24.000,,,,,,,,4019.000,injection,WI
2009-08-05,15/9-F-4,24.000,,,,,,,,4346.150,injection,WI
2009-08-06,15/9-F-4,24.000,,,,,,,,4473.900,injection,WI
2009-08-07,15/9-F-4,22.908,,,,,,,,4742.000,injection,WI
2009-08-08,15/9-F-4,8.258,,,,,,,,1246.000,injection,WI
2009-08-09,15/9-F-4,24.000,,,,,,,,4397.000,injection,WI
2009-08-10,15/9-F-4,24.000,,,,,,,,5434.000,injection,WI
2009-08-11,15/9-F-4,24.000,,,,,,,,5355.000,injection,WI
2009-08-12,15/9-F-4,24.000,,,,,,,,5491.846,injection,WI
2009-08-13,15/9-F-4,24.000,,,,,,,,5040.000,injection,WI
2009-08-14,15/9-F-4,24.000,,,,,,,,4016.000,injection,WI
2009-08-15,15/9-F-4,24.000,,,,,,,,6192.000,injection,WI
2009-08-16,15/9-F-4,24.000,,,,,,,,7707.000,injection,WI
2009-08-17,15/9-F-4,24.000,,,,,,,,8073.000,injection,WI
2009-08-18,15/9-F-4,24.000,,,,,,,,8337.000,injection,WI
2009-08-19,15/9-F-4,24.000,,,,,,,,8266.000,injection,WI
2009-08-20,15/9-F-4,24.000,,,,,,,,8254.000,injection,WI
2009-08-21,15/9-F-4,24.000,,,,,,,,8213.000,injection,WI
2009-08-22,15/9-F-4,24.000,,,,,,,,6801.000,injection,WI
2009-08-23,15/9-F-4,24.000,,,,,,,,7954.000,injection,WI
2009-08-24,15/9-F-4,24.000,,,,,,,,8207.000,injection,WI
2009-08-25,15/9-F-4,24.000,,,,,,,,7610.000,injection,WI
2009-08-26,15/9-F-4,13.992,,,,,,,,3781.000,injection,WI
2009-08-27,15/9-F-4,22.175,,,,,,,,6830.000,injection,WI
2009-08-28,15/9-F-4,24.000,,,,,,,,7608.000,injection,WI
2009-08-29,15/9-F-4,24.000,,,,,,,,8301.000,injection,WI
2009-08-30,15/9-F-4,24.000,,,,,,,,8438.000,injection,WI
2009-08-31,15/9-F-4,13.492,,,,,,,,4802.000,injection,WI
2009-09-01,15/9-F-4,0.000,,,,,,,,,injection,WI
2009-09-02,15/9-F-4,0.000,,,,,,,,,injection,WI
2009-09-03,15/9-F-4,0.000,,,,,,,,,injection,WI
2009-09-04,15/9-F-4,0.000,,,,,,,,,injection,WI
2009-09-05,15/9-F-4,19.342,,,,,,,,6403.600,injection,WI
2009-09-06,15/9-F-4,24.000,,,,,,,,6803.700,injection,WI
2009-09-07,15/9-F-4,24.000,,,,,,,,7108.700,injection,WI
2009-09-08,15/9-F-4,24.000,,,,,,,,7701.463,injection,WI
2009-09-09,15/9-F-4,24.000,,,,,,,,7845.200,injection,WI
2009-09-10,15/9-F-4,24.000,,,,,,,,7521.000,injection,WI
2009-09-11,15/9-F-4,24.000,,,,,,,,5779.501,injection,WI
2009-09-12,15/9-F-4,24.000,,,,,,,,7625.000,injection,WI
2009-09-13,15/9-F-4,24.000,,,,,,,,8525.993,injection,WI
2009-09-14,15/9-F-4,24.000,,,,,,,,8071.100,injection,WI
2009-09-15,15/9-F-4,23.500,,,,,,,,8379.300,injection,WI
2009-09-16,15/9-F-4,24.000,,,,,,,,8000.000,injection,WI
2009-09-17,15/9-F-4,24.000,,,,,,,,7283.000,injection,WI
2009-09-18,15/9-F-4,24.000,,,,,,,,8000.000,injection,WI
2009-09-19,15/9-F-4,24.000,,,,,,,,7776.925,injection,WI
2009-09-20,15/9-F-4,24.000,,,,,,,,7937.540,injection,WI
2009-09-21,15/9-F-4,24.000,,,,,,,,7842.300,injection,WI
2009-09-22,15/9-F-4,24.000,,,,,,,,8007.000,injection,WI
2009-09-23,15/9-F-4,24.000,,,,,,,,7995.000,injection,WI
2009-09-24,15/9-F-4,24.000,,,,,,,,7937.000,injection,WI
2009-09-25,15/9-F-4,24.000,,,,,,,,7839.000,injection,WI
2009-09-26,15/9-F-4,10.825,,,,,,,,3403.000,injection,WI
2009-09-27,15/9-F-4,0.000,,,,,,,,,injection,WI
2009-09-28,15/9-F-4,0.000,,,,,,,,,injection,WI
2009-09-29,15/9-F-4,0.000,,,,,,,,,injection,WI
2009-09-30,15/9-F-4,0.000,,,,,,,,,injection,WI
2009-10-01,15/9-F-4,12.319,,,,,,,,2811.000,injection,WI
2009-10-02,15/9-F-4,24.000,,,,,,,,7153.677,injection,WI
2009-10-03,15/9-F-4,24.000,,,,,,,,7467.000,injection,WI
2009-10-04,15/9-F-4,24.000,,,,,,,,7426.123,injection,WI
2009-10-05,15/9-F-4,23.160,,,,,,,,7105.000,injection,WI
2009-10-06,15/9-F-4,24.000,,,,,,,,5614.679,injection,WI
2009-10-07,15/9-F-4,24.000,,,,,,,,7226.188,injection,WI
2009-10-08,15/9-F-4,24.000,,,,,,,,6457.937,injection,WI
2009-10-09,15/9-F-4,24.000,,,,,,,,5541.171,injection,WI
2009-10-10,15/9-F-4,24.000,,,,,,,,5540.212,injection,WI
2009-10-11,15/9-F-4,24.000,,,,,,,,5659.509,injection,WI
2009-10-12,15/9-F-4,24.000,,,,,,,,5043.535,injection,WI
2009-10-13,15/9-F-4,19.667,,,,,,,,4375.835,injection,WI
2009-10-14,15/9-F-4,24.000,,,,,,,,4119.928,injection,WI
2009-10-15,15/9-F-4,18.333,,,,,,,,5028.155,injection,WI
2009-10-16,15/9-F-4,24.000,,,,,,,,6560.305,injection,WI
2009-10-17,15/9-F-4,6.158,,,,,,,,1669.000,injection,WI
2009-10-18,15/9-F-4,21.342,,,,,,,,5971.000,injection,WI
2009-10-19,15/9-F-4,17.333,,,,,,,,4571.000,injection,WI
2009-10-20,15/9-F-4,24.000,,,,,,,,6499.027,injection,WI
2009-10-21,15/9-F-4,19.833,,,,,,,,6561.448,injection,WI
2009-10-22,15/9-F-4,24.000,,,,,,,,6464.084,injection,WI
2009-10-23,15/9-F-4,24.000,,,,,,,,5813.678,injection,WI
2009-10-24,15/9-F-4,19.583,,,,,,,,5486.726,injection,WI
2009-10-25,15/9-F-4,23.833,,,,,,,,6067.688,injection,WI
2009-10-26,15/9-F-4,24.000,,,,,,,,6785.477,injection,WI
2009-10-27,15/9-F-4,24.000,,,,,,,,6852.247,injection,WI
2009-10-28,15/9-F-4,24.000,,,,,,,,6674.452,injection,WI
2009-10-29,15/9-F-4,22.167,,,,,,,,6291.000,injection,WI
2009-10-30,15/9-F-4,24.000,,,,,,,,6729.256,injection,WI
2009-10-31,15/9-F-4,24.000,,,,,,,,6538.390,injection,WI
2009-11-01,15/9-F-4,24.000,,,,,,,,6896.086,injection,WI
2009-11-02,15/9-F-4,24.000,,,,,,,,6948.349,injection,WI
2009-11-03,15/9-F-4,24.000,,,,,,,,6906.000,injection,WI
2009-11-04,15/9-F-4,21.167,,,,,,,,4630.000,injection,WI
2009-11-05,15/9-F-4,24.000,,,,,,,,6678.000,injection,WI
2009-11-06,15/9-F-4,24.000,,,,,,,,6869.000,injection,WI
2009-11-07,15/9-F-4,24.000,,,,,,,,7000.000,injection,WI
2009-11-08,15/9-F-4,24.000,,,,,,,,6898.000,injection,WI
2009-11-09,15/9-F-4,22.000,,,,,,,,6002.000,injection,WI
2009-11-10,15/9-F-4,24.000,,,,,,,,6620.796,injection,WI
2009-11-11,15/9-F-4,24.000,,,,,,,,6834.259,injection,WI
2009-11-12,15/9-F-4,24.000,,,,,,,,6851.839,injection,WI
2009-11-13,15/9-F-4,24.000,,,,,,,,7312.261,injection,WI
2009-11-14,15/9-F-4,24.000,,,,,,,,6968.000,injection,WI
2009-11-15,15/9-F-4,24.000,,,,,,,,7236.500,injection,WI
2009-11-16,15/9-F-4,24.000,,,,,,,,6993.000,injection,WI
2009-11-17,15/9-F-4,24.000,,,,,,,,6778.778,injection,WI
2009-11-18,15/9-F-4,24.000,,,,,,,,6993.000,injection,WI
2009-11-19,15/9-F-4,24.000,,,,,,,,6811.000,injection,WI
2009-11-20,15/9-F-4,21.500,,,,,,,,5945.000,injection,WI
2009-11-21,15/9-F-4,24.000,,,,,,,,6705.000,injection,WI
2009-11-22,15/9-F-4,24.000,,,,,,,,6516.000,injection,WI
2009-11-23,15/9-F-4,21.583,,,,,,,,5407.000,injection,WI
2009-11-24,15/9-F-4,20.500,,,,,,,,6194.761,injection,WI
2009-11-25,15/9-F-4,24.000,,,,,,,,6645.697,injection,WI
2009-11-26,15/9-F-4,24.000,,,,,,,,8022.377,injection,WI
2009-11-27,15/9-F-4,24.000,,,,,,,,7776.000,injection,WI
2009-11-28,15/9-F-4,24.000,,,,,,,,7560.024,injection,WI
2009-11-29,15/9-F-4,23.500,,,,,,,,7268.620,injection,WI
2009-11-30,15/9-F-4,24.000,,,,,,,,7607.000,injection,WI
2009-12-01,15/9-F-4,24.000,,,,,,,,7612.852,injection,WI
2009-12-02,15/9-F-4,24.000,,,,,,,,7789.600,injection,WI
2009-12-03,15/9-F-4,24.000,,,,,,,,7476.154,injection,WI
2009-12-04,15/9-F-4,24.000,,,,,,,,7758.529,injection,WI
2009-12-05,15/9-F-4,24.000,,,,,,,,7796.722,injection,WI
2009-12-06,15/9-F-4,24.000,,,,,,,,8137.586,injection,WI
2009-12-07,15/9-F-4,24.000,,,,,,,,8129.841,injection,WI
2009-12-08,15/9-F-4,24.000,,,,,,,,8218.591,injection,WI
2009-12-09,15/9-F-4,24.000,,,,,,,,8203.746,injection,WI
2009-12-10,15/9-F-4,24.000,,,,,,,,8129.721,injection,WI
2009-12-11,15/9-F-4,24.000,,,,,,,,8066.095,injection,WI
2009-12-12,15/9-F-4,24.000,,,,,,,,8014.316,injection,WI
2009-12-13,15/9-F-4,24.000,,,,,,,,7964.825,injection,WI
2009-12-14,15/9-F-4,24.000,,,,,,,,7891.849,injection,WI
2009-12-15,15/9-F-4,24.000,,,,,,,,7855.973,injection,WI
2009-12-16,15/9-F-4,24.000,,,,,,,,7667.281,injection,WI
2009-12-17,15/9-F-4,23.000,,,,,,,,6929.637,injection,WI
2009-12-18,15/9-F-4,20.500,,,,,,,,3162.323,injection,WI
2009-12-19,15/9-F-4,24.000,,,,,,,,2744.870,injection,WI
2009-12-20,15/9-F-4,24.000,,,,,,,,4387.305,injection,WI
2009-12-21,15/9-F-4,24.000,,,,,,,,5019.611,injection,WI
2009-12-22,15/9-F-4,24.000,,,,,,,,7223.000,injection,WI
2009-12-23,15/9-F-4,24.000,,,,,,,,7153.125,injection,WI
2009-12-24,15/9-F-4,24.000,,,,,,,,7165.000,injection,WI
2009-12-25,15/9-F-4,24.000,,,,,,,,6213.054,injection,WI
2009-12-26,15/9-F-4,24.000,,,,,,,,6922.000,injection,WI
2009-12-27,15/9-F-4,24.000,,,,,,,,6965.000,injection,WI
2009-12-28,15/9-F-4,24.000,,,,,,,,7235.000,injection,WI
2009-12-29,15/9-F-4,24.000,,,,,,,,7220.734,injection,WI
2009-12-30,15/9-F-4,24.000,,,,,,,,7182.552,injection,WI
2009-12-31,15/9-F-4,24.000,,,,,,,,7292.344,injection,WI
2010-01-01,15/9-F-4,24.000,,,,,,,,7012.817,injection,WI
2010-01-02,15/9-F-4,24.000,,,,,,,,6667.446,injection,WI
2010-01-03,15/9-F-4,24.000,,,,,,,,6536.695,injection,WI
2010-01-04,15/9-F-4,24.000,,,,,,,,6401.988,injection,WI
2010-01-05,15/9-F-4,24.000,,,,,,,,6442.839,injection,WI
2010-01-06,15/9-F-4,24.000,,,,,,,,6476.064,injection,WI
2010-01-07,15/9-F-4,24.000,,,,,,,,6354.700,injection,WI
2010-01-08,15/9-F-4,24.000,,,,,,,,6531.045,injection,WI
2010-01-09,15/9-F-4,17.167,,,,,,,,4223.000,injection,WI
2010-01-10,15/9-F-4,24.000,,,,,,,,6844.347,injection,WI
2010-01-11,15/9-F-4,24.000,,,,,,,,6933.488,injection,WI
2010-01-12,15/9-F-4,24.000,,,,,,,,7281.046,injection,WI
2010-01-13,15/9-F-4,24.000,,,,,,,,8022.017,injection,WI
2010-01-14,15/9-F-4,24.000,,,,,,,,8091.810,injection,WI
2010-01-15,15/9-F-4,24.000,,,,,,,,8237.797,injection,WI
2010-01-16,15/9-F-4,24.000,,,,,,,,8103.878,injection,WI
2010-01-17,15/9-F-4,24.000,,,,,,,,8045.497,injection,WI
2010-01-18,15/9-F-4,24.000,,,,,,,,7102.549,injection,WI
2010-01-19,15/9-F-4,24.000,,,,,,,,6883.000,injection,WI
2010-01-20,15/9-F-4,24.000,,,,,,,,7068.000,injection,WI
2010-01-21,15/9-F-4,24.000,,,,,,,,7252.097,injection,WI
2010-01-22,15/9-F-4,24.000,,,,,,,,6940.756,injection,WI
2010-01-23,15/9-F-4,24.000,,,,,,,,6743.379,injection,WI
2010-01-24,15/9-F-4,24.000,,,,,,,,6959.377,injection,WI
2010-01-25,15/9-F-4,24.000,,,,,,,,7115.091,injection,WI
2010-01-26,15/9-F-4,22.000,,,,,,,,6535.930,injection,WI
2010-01-27,15/9-F-4,24.000,,,,,,,,8227.496,injection,WI
2010-01-28,15/9-F-4,24.000,,,,,,,,8277.125,injection,WI
2010-01-29,15/9-F-4,24.000,,,,,,,,8422.261,injection,WI
2010-01-30,15/9-F-4,24.000,,,,,,,,8472.120,injection,WI
2010-01-31,15/9-F-4,24.000,,,,,,,,8473.304,injection,WI
2010-02-01,15/9-F-4,24.000,,,,,,,,8495.079,injection,WI
2010-02-02,15/9-F-4,24.000,,,,,,,,8330.222,injection,WI
2010-02-03,15/9-F-4,24.000,,,,,,,,7797.900,injection,WI
2010-02-04,15/9-F-4,24.000,,,,,,,,7857.913,injection,WI
2010-02-05,15/9-F-4,24.000,,,,,,,,8075.044,injection,WI
2010-02-06,15/9-F-4,24.000,,,,,,,,8108.770,injection,WI
2010-02-07,15/9-F-4,24.000,,,,,,,,7885.198,injection,WI
2010-02-08,15/9-F-4,24.000,,,,,,,,7874.120,injection,WI
2010-02-09,15/9-F-4,24.000,,,,,,,,7450.000,injection,WI
2010-02-10,15/9-F-4,24.000,,,,,,,,7281.837,injection,WI
2010-02-11,15/9-F-4,24.000,,,,,,,,7315.900,injection,WI
2010-02-12,15/9-F-4,24.000,,,,,,,,6996.453,injection,WI
2010-02-13,15/9-F-4,24.000,,,,,,,,4672.622,injection,WI
2010-02-14,15/9-F-4,13.592,,,,,,,,4175.134,injection,WI
2010-02-15,15/9-F-4,11.075,,,,,,,,3139.000,injection,WI
2010-02-16,15/9-F-4,24.000,,,,,,,,7916.741,injection,WI
2010-02-17,15/9-F-4,24.000,,,,,,,,7754.646,injection,WI
2010-02-18,15/9-F-4,19.833,,,,,,,,7137.499,injection,WI
2010-02-19,15/9-F-4,24.000,,,,,,,,7265.075,injection,WI
2010-02-20,15/9-F-4,24.000,,,,,,,,7364.407,injection,WI
2010-02-21,15/9-F-4,24.000,,,,,,,,7025.559,injection,WI
2010-02-22,15/9-F-4,24.000,,,,,,,,6850.505,injection,WI
2010-02-23,15/9-F-4,20.333,,,,,,,,5444.000,injection,WI
2010-02-24,15/9-F-4,24.000,,,,,,,,7407.959,injection,WI
2010-02-25,15/9-F-4,18.500,,,,,,,,7118.836,injection,WI
2010-02-26,15/9-F-4,14.358,,,,,,,,4765.345,injection,WI
2010-02-27,15/9-F-4,18.475,,,,,,,,4279.977,injection,WI
2010-02-28,15/9-F-4,0.000,,,,,,,,0.000,injection,WI
2010-03-01,15/9-F-4,0.000,,,,,,,,,injection,WI
2010-03-02,15/9-F-4,0.000,,,,,,,,,injection,WI
2010-03-03,15/9-F-4,23.158,,,,,,,,6470.462,injection,WI
2010-03-04,15/9-F-4,24.000,,,,,,,,7446.394,injection,WI
2010-03-05,15/9-F-4,24.000,,,,,,,,7493.653,injection,WI
2010-03-06,15/9-F-4,21.825,,,,,,,,5655.467,injection,WI
2010-03-07,15/9-F-4,0.000,,,,,,,,,injection,WI
2010-03-08,15/9-F-4,0.000,,,,,,,,,injection,WI
2010-03-09,15/9-F-4,11.425,,,,,,,,1444.000,injection,WI
2010-03-10,15/9-F-4,24.000,,,,,,,,3289.992,injection,WI
2010-03-11,15/9-F-4,23.500,,,,,,,,2923.472,injection,WI
2010-03-12,15/9-F-4,15.500,,,,,,,,2500.000,injection,WI
2010-03-13,15/9-F-4,24.000,,,,,,,,7567.687,injection,WI
2010-03-14,15/9-F-4,24.000,,,,,,,,7684.651,injection,WI
2010-03-15,15/9-F-4,24.000,,,,,,,,7747.997,injection,WI
2010-03-16,15/9-F-4,24.000,,,,,,,,7766.450,injection,WI
2010-03-17,15/9-F-4,24.000,,,,,,,,5841.650,injection,WI
2010-03-18,15/9-F-4,24.000,,,,,,,,4097.930,injection,WI
2010-03-19,15/9-F-4,24.000,,,,,,,,3979.863,injection,WI
2010-03-20,15/9-F-4,24.000,,,,,,,,3921.356,injection,WI
2010-03-21,15/9-F-4,24.000,,,,,,,,3892.565,injection,WI
2010-03-22,15/9-F-4,24.000,,,,,,,,3888.604,injection,WI
2010-03-23,15/9-F-4,24.000,,,,,,,,6601.240,injection,WI
2010-03-24,15/9-F-4,24.000,,,,,,,,8965.727,injection,WI
2010-03-25,15/9-F-4,24.000,,,,,,,,9021.486,injection,WI
2010-03-26,15/9-F-4,24.000,,,,,,,,8816.891,injection,WI
2010-03-27,15/9-F-4,24.000,,,,,,,,8714.538,injection,WI
2010-03-28,15/9-F-4,23.000,,,,,,,,7932.678,injection,WI
2010-03-29,15/9-F-4,24.000,,,,,,,,8366.993,injection,WI
2010-03-30,15/9-F-4,24.000,,,,,,,,8423.084,injection,WI
2010-03-31,15/9-F-4,24.000,,,,,,,,8484.221,injection,WI
2010-04-01,15/9-F-4,12.000,,,,,,,,2489.000,injection,WI
2010-04-02,15/9-F-4,24.000,,,,,,,,8084.164,injection,WI
2010-04-03,15/9-F-4,22.667,,,,,,,,7764.067,injection,WI
2010-04-04,15/9-F-4,24.000,,,,,,,,8140.514,injection,WI
2010-04-05,15/9-F-4,24.000,,,,,,,,8125.000,injection,WI
2010-04-06,15/9-F-4,24.000,,,,,,,,8271.585,injection,WI
2010-04-07,15/9-F-4,24.000,,,,,,,,8011.111,injection,WI
2010-04-08,15/9-F-4,24.000,,,,,,,,8043.896,injection,WI
2010-04-09,15/9-F-4,24.000,,,,,,,,5354.212,injection,WI
2010-04-10,15/9-F-4,22.942,,,,,,,,3924.897,injection,WI
2010-04-11,15/9-F-4,20.725,,,,,,,,4594.790,injection,WI
2010-04-12,15/9-F-4,24.000,,,,,,,,6659.049,injection,WI
2010-04-13,15/9-F-4,24.000,,,,,,,,8222.999,injection,WI
2010-04-14,15/9-F-4,24.000,,,,,,,,8661.774,injection,WI
2010-04-15,15/9-F-4,24.000,,,,,,,,8583.501,injection,WI
2010-04-16,15/9-F-4,24.000,,,,,,,,8624.500,injection,WI
2010-04-17,15/9-F-4,22.167,,,,,,,,8397.114,injection,WI
2010-04-18,15/9-F-4,24.000,,,,,,,,8178.545,injection,WI
2010-04-19,15/9-F-4,17.667,,,,,,,,6028.000,injection,WI
2010-04-20,15/9-F-4,19.833,,,,,,,,6769.000,injection,WI
2010-04-21,15/9-F-4,24.000,,,,,,,,7971.547,injection,WI
2010-04-22,15/9-F-4,4.608,,,,,,,,1476.000,injection,WI
2010-04-23,15/9-F-4,23.225,,,,,,,,8464.000,injection,WI
2010-04-24,15/9-F-4,24.000,,,,,,,,8952.967,injection,WI
2010-04-25,15/9-F-4,24.000,,,,,,,,8901.181,injection,WI
2010-04-26,15/9-F-4,24.000,,,,,,,,9034.196,injection,WI
2010-04-27,15/9-F-4,24.000,,,,,,,,8675.207,injection,WI
2010-04-28,15/9-F-4,24.000,,,,,,,,8800.893,injection,WI
2010-04-29,15/9-F-4,24.000,,,,,,,,8737.536,injection,WI
2010-04-30,15/9-F-4,24.000,,,,,,,,8691.873,injection,WI
2010-05-01,15/9-F-4,24.000,,,,,,,,8817.228,injection,WI
2010-05-02,15/9-F-4,24.000,,,,,,,,7901.948,injection,WI
2010-05-03,15/9-F-4,24.000,,,,,,,,6983.684,injection,WI
2010-05-04,15/9-F-4,24.000,,,,,,,,7307.574,injection,WI
2010-05-05,15/9-F-4,24.000,,,,,,,,7455.519,injection,WI
2010-05-06,15/9-F-4,24.000,,,,,,,,8098.831,injection,WI
2010-05-07,15/9-F-4,24.000,,,,,,,,7820.101,injection,WI
2010-05-08,15/9-F-4,24.000,,,,,,,,8064.987,injection,WI
2010-05-09,15/9-F-4,24.000,,,,,,,,8107.307,injection,WI
2010-05-10,15/9-F-4,24.000,,,,,,,,8179.179,injection,WI
2010-05-11,15/9-F-4,24.000,,,,,,,,8118.070,injection,WI
2010-05-12,15/9-F-4,24.000,,,,,,,,8027.412,injection,WI
2010-05-13,15/9-F-4,24.000,,,,,,,,8243.171,injection,WI
2010-05-14,15/9-F-4,24.000,,,,,,,,8744.330,injection,WI
2010-05-15,15/9-F-4,24.000,,,,,,,,8461.000,injection,WI
2010-05-16,15/9-F-4,24.000,,,,,,,,8529.132,injection,WI
2010-05-17,15/9-F-4,24.000,,,,,,,,8358.930,injection,WI
2010-05-18,15/9-F-4,24.000,,,,,,,,8320.927,injection,WI
2010-05-19,15/9-F-4,24.000,,,,,,,,8421.736,injection,WI
2010-05-20,15/9-F-4,24.000,,,,,,,,8531.465,injection,WI
2010-05-21,15/9-F-4,24.000,,,,,,,,8533.266,injection,WI
2010-05-22,15/9-F-4,24.000,,,,,,,,8455.742,injection,WI
2010-05-23,15/9-F-4,24.000,,,,,,,,8573.214,injection,WI
2010-05-24,15/9-F-4,24.000,,,,,,,,8676.893,injection,WI
2010-05-25,15/9-F-4,24.000,,,,,,,,8829.314,injection,WI
2010-05-26,15/9-F-4,24.000,,,,,,,,8300.863,injection,WI
2010-05-27,15/9-F-4,24.000,,,,,,,,8378.377,injection,WI
2010-05-28,15/9-F-4,24.000,,,,,,,,7068.178,injection,WI
2010-05-29,15/9-F-4,24.000,,,,,,,,7420.163,injection,WI
2010-05-30,15/9-F-4,24.000,,,,,,,,7390.748,injection,WI
2010-05-31,15/9-F-4,24.000,,,,,,,,8407.057,injection,WI
2010-06-01,15/9-F-4,24.000,,,,,,,,8338.643,injection,WI
2010-06-02,15/9-F-4,24.000,,,,,,,,5920.355,injection,WI
2010-06-03,15/9-F-4,24.000,,,,,,,,7803.384,injection,WI
2010-06-04,15/9-F-4,24.000,,,,,,,,8137.188,injection,WI
2010-06-05,15/9-F-4,24.000,,,,,,,,7963.698,injection,WI
2010-06-06,15/9-F-4,24.000,,,,,,,,7957.900,injection,WI
2010-06-07,15/9-F-4,24.000,,,,,,,,7564.076,injection,WI
2010-06-08,15/9-F-4,24.000,,,,,,,,7164.417,injection,WI
2010-06-09,15/9-F-4,24.000,,,,,,,,6802.486,injection,WI
2010-06-10,15/9-F-4,24.000,,,,,,,,7333.843,injection,WI
2010-06-11,15/9-F-4,24.000,,,,,,,,7012.094,injection,WI
2010-06-12,15/9-F-4,24.000,,,,,,,,6873.682,injection,WI
2010-06-13,15/9-F-4,24.000,,,,,,,,7250.921,injection,WI
2010-06-14,15/9-F-4,23.000,,,,,,,,7014.765,injection,WI
2010-06-15,15/9-F-4,24.000,,,,,,,,7012.879,injection,WI
2010-06-16,15/9-F-4,24.000,,,,,,,,7128.587,injection,WI
2010-06-17,15/9-F-4,24.000,,,,,,,,6975.303,injection,WI
2010-06-18,15/9-F-4,24.000,,,,,,,,6897.000,injection,WI
2010-06-19,15/9-F-4,20.667,,,,,,,,5427.000,injection,WI
2010-06-20,15/9-F-4,24.000,,,,,,,,6576.420,injection,WI
2010-06-21,15/9-F-4,24.000,,,,,,,,6555.890,injection,WI
2010-06-22,15/9-F-4,24.000,,,,,,,,7109.413,injection,WI
2010-06-23,15/9-F-4,24.000,,,,,,,,7060.414,injection,WI
2010-06-24,15/9-F-4,24.000,,,,,,,,5656.000,injection,WI
2010-06-25,15/9-F-4,24.000,,,,,,,,7023.000,injection,WI
2010-06-26,15/9-F-4,24.000,,,,,,,,6262.419,injection,WI
2010-06-27,15/9-F-4,24.000,,,,,,,,6929.418,injection,WI
2010-06-28,15/9-F-4,24.000,,,,,,,,6719.843,injection,WI
2010-06-29,15/9-F-4,24.000,,,,,,,,6874.292,injection,WI
2010-06-30,15/9-F-4,24.000,,,,,,,,7018.510,injection,WI
2010-07-01,15/9-F-4,24.000,,,,,,,,6648.110,injection,WI
2010-07-02,15/9-F-4,24.000,,,,,,,,6370.637,injection,WI
2010-07-03,15/9-F-4,24.000,,,,,,,,5390.933,injection,WI
2010-07-04,15/9-F-4,24.000,,,,,,,,6209.743,injection,WI
2010-07-05,15/9-F-4,24.000,,,,,,,,6400.598,injection,WI
2010-07-06,15/9-F-4,24.000,,,,,,,,6313.456,injection,WI
2010-07-07,15/9-F-4,24.000,,,,,,,,6221.802,injection,WI
2010-07-08,15/9-F-4,24.000,,,,,,,,6714.465,injection,WI
2010-07-09,15/9-F-4,24.000,,,,,,,,6892.428,injection,WI
2010-07-10,15/9-F-4,23.500,,,,,,,,5834.132,injection,WI
2010-07-11,15/9-F-4,24.000,,,,,,,,6169.180,injection,WI
2010-07-12,15/9-F-4,24.000,,,,,,,,6483.234,injection,WI
2010-07-13,15/9-F-4,24.000,,,,,,,,6508.222,injection,WI
2010-07-14,15/9-F-4,24.000,,,,,,,,6421.267,injection,WI
2010-07-15,15/9-F-4,24.000,,,,,,,,6299.998,injection,WI
2010-07-16,15/9-F-4,24.000,,,,,,,,6117.370,injection,WI
2010-07-17,15/9-F-4,24.000,,,,,,,,6020.836,injection,WI
2010-07-18,15/9-F-4,24.000,,,,,,,,6493.452,injection,WI
2010-07-19,15/9-F-4,24.000,,,,,,,,6419.978,injection,WI
2010-07-20,15/9-F-4,24.000,,,,,,,,6570.907,injection,WI
2010-07-21,15/9-F-4,24.000,,,,,,,,6602.256,injection,WI
2010-07-22,15/9-F-4,24.000,,,,,,,,6524.001,injection,WI
2010-07-23,15/9-F-4,24.000,,,,,,,,6505.871,injection,WI
2010-07-24,15/9-F-4,24.000,,,,,,,,6623.388,injection,WI
2010-07-25,15/9-F-4,24.000,,,,,,,,6622.115,injection,WI
2010-07-26,15/9-F-4,24.000,,,,,,,,6552.538,injection,WI
2010-07-27,15/9-F-4,24.000,,,,,,,,6498.383,injection,WI
2010-07-28,15/9-F-4,24.000,,,,,,,,6424.901,injection,WI
2010-07-29,15/9-F-4,24.000,,,,,,,,6395.221,injection,WI
2010-07-30,15/9-F-4,24.000,,,,,,,,6353.565,injection,WI
2010-07-31,15/9-F-4,24.000,,,,,,,,6438.410,injection,WI
2010-08-01,15/9-F-4,24.000,,,,,,,,6427.000,injection,WI
2010-08-02,15/9-F-4,24.000,,,,,,,,6374.549,injection,WI
2010-08-03,15/9-F-4,24.000,,,,,,,,6418.197,injection,WI
2010-08-04,15/9-F-4,24.000,,,,,,,,6414.625,injection,WI
2010-08-05,15/9-F-4,21.833,,,,,,,,5703.000,injection,WI
2010-08-06,15/9-F-4,24.000,,,,,,,,6670.504,injection,WI
2010-08-07,15/9-F-4,22.000,,,,,,,,6092.070,injection,WI
2010-08-08,15/9-F-4,24.000,,,,,,,,6436.982,injection,WI
2010-08-09,15/9-F-4,24.000,,,,,,,,6825.608,injection,WI
2010-08-10,15/9-F-4,24.000,,,,,,,,6712.420,injection,WI
2010-08-11,15/9-F-4,24.000,,,,,,,,6595.846,injection,WI
2010-08-12,15/9-F-4,24.000,,,,,,,,6522.709,injection,WI
2010-08-13,15/9-F-4,24.000,,,,,,,,6447.328,injection,WI
2010-08-14,15/9-F-4,24.000,,,,,,,,6449.014,injection,WI
2010-08-15,15/9-F-4,24.000,,,,,,,,6279.329,injection,WI
2010-08-16,15/9-F-4,1.758,,,,,,,,0.000,injection,WI
2010-08-17,15/9-F-4,0.000,,,,,,,,,injection,WI
2010-08-18,15/9-F-4,0.000,,,,,,,,,injection,WI
2010-08-19,15/9-F-4,0.000,,,,,,,,,injection,WI
2010-08-20,15/9-F-4,0.000,,,,,,,,,injection,WI
2010-08-21,15/9-F-4,0.000,,,,,,,,,injection,WI
2010-08-22,15/9-F-4,0.000,,,,,,,,,injection,WI
2010-08-23,15/9-F-4,0.000,,,,,,,,,injection,WI
2010-08-24,15/9-F-4,0.000,,,,,,,,,injection,WI
2010-08-25,15/9-F-4,0.000,,,,,,,,,injection,WI
2010-08-26,15/9-F-4,0.000,,,,,,,,,injection,WI
2010-08-27,15/9-F-4,0.000,,,,,,,,,injection,WI
2010-08-28,15/9-F-4,0.000,,,,,,,,,injection,WI
2010-08-29,15/9-F-4,16.342,,,,,,,,4150.801,injection,WI
2010-08-30,15/9-F-4,24.000,,,,,,,,4115.415,injection,WI
2010-08-31,15/9-F-4,22.333,,,,,,,,3996.359,injection,WI
2010-09-01,15/9-F-4,18.333,,,,,,,,3918.547,injection,WI
2010-09-02,15/9-F-4,24.000,,,,,,,,5959.039,injection,WI
2010-09-03,15/9-F-4,24.000,,,,,,,,5874.927,injection,WI
2010-09-04,15/9-F-4,24.000,,,,,,,,5717.426,injection,WI
2010-09-05,15/9-F-4,24.000,,,,,,,,5979.497,injection,WI
2010-09-06,15/9-F-4,24.000,,,,,,,,5978.481,injection,WI
2010-09-07,15/9-F-4,24.000,,,,,,,,5814.268,injection,WI
2010-09-08,15/9-F-4,24.000,,,,,,,,6191.929,injection,WI
2010-09-09,15/9-F-4,24.000,,,,,,,,6333.544,injection,WI
2010-09-10,15/9-F-4,24.000,,,,,,,,6246.359,injection,WI
2010-09-11,15/9-F-4,24.000,,,,,,,,5596.992,injection,WI
2010-09-12,15/9-F-4,24.000,,,,,,,,4225.001,injection,WI
2010-09-13,15/9-F-4,24.000,,,,,,,,4729.565,injection,WI
2010-09-14,15/9-F-4,24.000,,,,,,,,4282.236,injection,WI
2010-09-15,15/9-F-4,24.000,,,,,,,,3746.416,injection,WI
2010-09-16,15/9-F-4,24.000,,,,,,,,4136.000,injection,WI
2010-09-17,15/9-F-4,24.000,,,,,,,,5363.000,injection,WI
2010-09-18,15/9-F-4,19.667,,,,,,,,3893.000,injection,WI
2010-09-19,15/9-F-4,24.000,,,,,,,,4381.435,injection,WI
2010-09-20,15/9-F-4,24.000,,,,,,,,4304.000,injection,WI
2010-09-21,15/9-F-4,24.000,,,,,,,,4532.646,injection,WI
2010-09-22,15/9-F-4,24.000,,,,,,,,3931.874,injection,WI
2010-09-23,15/9-F-4,7.492,,,,,,,,3672.136,injection,WI
2010-09-24,15/9-F-4,0.000,,,,,,,,,injection,WI
2010-09-25,15/9-F-4,0.000,,,,,,,,0.000,injection,WI
2010-09-26,15/9-F-4,22.000,,,,,,,,5498.110,injection,WI
2010-09-27,15/9-F-4,24.000,,,,,,,,6805.173,injection,WI
2010-09-28,15/9-F-4,24.000,,,,,,,,6847.449,injection,WI
2010-09-29,15/9-F-4,24.000,,,,,,,,6935.564,injection,WI
2010-09-30,15/9-F-4,11.667,,,,,,,,4356.630,injection,WI
2010-10-01,15/9-F-4,24.000,,,,,,,,4889.199,injection,WI
2010-10-02,15/9-F-4,24.000,,,,,,,,8493.488,injection,WI
2010-10-03,15/9-F-4,24.000,,,,,,,,8873.142,injection,WI
2010-10-04,15/9-F-4,23.250,,,,,,,,7189.914,injection,WI
2010-10-05,15/9-F-4,24.000,,,,,,,,6269.685,injection,WI
2010-10-06,15/9-F-4,24.000,,,,,,,,7019.783,injection,WI
2010-10-07,15/9-F-4,24.000,,,,,,,,6091.543,injection,WI
2010-10-08,15/9-F-4,21.167,,,,,,,,4745.417,injection,WI
2010-10-09,15/9-F-4,24.000,,,,,,,,5968.525,injection,WI
2010-10-10,15/9-F-4,24.000,,,,,,,,6234.369,injection,WI
2010-10-11,15/9-F-4,24.000,,,,,,,,6174.516,injection,WI
2010-10-12,15/9-F-4,24.000,,,,,,,,6385.856,injection,WI
2010-10-13,15/9-F-4,24.000,,,,,,,,6493.763,injection,WI
2010-10-14,15/9-F-4,24.000,,,,,,,,6498.677,injection,WI
2010-10-15,15/9-F-4,24.000,,,,,,,,6627.230,injection,WI
2010-10-16,15/9-F-4,24.000,,,,,,,,6556.943,injection,WI
2010-10-17,15/9-F-4,24.000,,,,,,,,6486.258,injection,WI
2010-10-18,15/9-F-4,16.667,,,,,,,,5946.235,injection,WI
2010-10-19,15/9-F-4,24.000,,,,,,,,6585.000,injection,WI
2010-10-20,15/9-F-4,24.000,,,,,,,,6827.385,injection,WI
2010-10-21,15/9-F-4,24.000,,,,,,,,7308.417,injection,WI
2010-10-22,15/9-F-4,24.000,,,,,,,,7458.265,injection,WI
2010-10-23,15/9-F-4,24.000,,,,,,,,7193.757,injection,WI
2010-10-24,15/9-F-4,24.000,,,,,,,,6612.302,injection,WI
2010-10-25,15/9-F-4,24.000,,,,,,,,6453.161,injection,WI
2010-10-26,15/9-F-4,24.000,,,,,,,,6264.496,injection,WI
2010-10-27,15/9-F-4,24.000,,,,,,,,6350.929,injection,WI
2010-10-28,15/9-F-4,24.000,,,,,,,,6337.441,injection,WI
2010-10-29,15/9-F-4,24.000,,,,,,,,6328.735,injection,WI
2010-10-30,15/9-F-4,15.492,,,,,,,,4063.000,injection,WI
2010-10-31,15/9-F-4,0.000,,,,,,,,,injection,WI
2010-11-01,15/9-F-4,0.000,,,,,,,,,injection,WI
2010-11-02,15/9-F-4,23.675,,,,,,,,6869.298,injection,WI
2010-11-03,15/9-F-4,24.000,,,,,,,,7376.109,injection,WI
2010-11-04,15/9-F-4,0.242,,,,,,,,11.000,injection,WI
2010-11-05,15/9-F-4,12.842,,,,,,,,3919.000,injection,WI
2010-11-06,15/9-F-4,24.000,,,,,,,,7665.000,injection,WI
2010-11-07,15/9-F-4,24.000,,,,,,,,7439.142,injection,WI
2010-11-08,15/9-F-4,21.667,,,,,,,,6139.000,injection,WI
2010-11-09,15/9-F-4,24.000,,,,,,,,6858.000,injection,WI
2010-11-10,15/9-F-4,24.000,,,,,,,,6998.000,injection,WI
2010-11-11,15/9-F-4,24.000,,,,,,,,6951.000,injection,WI
2010-11-12,15/9-F-4,24.000,,,,,,,,3585.000,injection,WI
2010-11-13,15/9-F-4,24.000,,,,,,,,3895.000,injection,WI
2010-11-14,15/9-F-4,24.000,,,,,,,,4056.903,injection,WI
2010-11-15,15/9-F-4,14.250,,,,,,,,2427.000,injection,WI
2010-11-16,15/9-F-4,24.000,,,,,,,,4058.048,injection,WI
2010-11-17,15/9-F-4,21.583,,,,,,,,3674.223,injection,WI
2010-11-18,15/9-F-4,24.000,,,,,,,,3989.000,injection,WI
2010-11-19,15/9-F-4,24.000,,,,,,,,3976.000,injection,WI
2010-11-20,15/9-F-4,24.000,,,,,,,,4002.000,injection,WI
2010-11-21,15/9-F-4,24.000,,,,,,,,3954.183,injection,WI
2010-11-22,15/9-F-4,22.583,,,,,,,,4497.000,injection,WI
2010-11-23,15/9-F-4,24.000,,,,,,,,8034.965,injection,WI
2010-11-24,15/9-F-4,24.000,,,,,,,,8271.753,injection,WI
2010-11-25,15/9-F-4,24.000,,,,,,,,8388.338,injection,WI
2010-11-26,15/9-F-4,24.000,,,,,,,,8366.259,injection,WI
2010-11-27,15/9-F-4,24.000,,,,,,,,8293.755,injection,WI
2010-11-28,15/9-F-4,24.000,,,,,,,,8179.779,injection,WI
2010-11-29,15/9-F-4,24.000,,,,,,,,8382.723,injection,WI
2010-11-30,15/9-F-4,24.000,,,,,,,,7208.651,injection,WI
2010-12-01,15/9-F-4,24.000,,,,,,,,6102.476,injection,WI
2010-12-02,15/9-F-4,24.000,,,,,,,,6414.608,injection,WI
2010-12-03,15/9-F-4,24.000,,,,,,,,6549.255,injection,WI
2010-12-04,15/9-F-4,24.000,,,,,,,,6597.093,injection,WI
2010-12-05,15/9-F-4,24.000,,,,,,,,6567.536,injection,WI
2010-12-06,15/9-F-4,24.000,,,,,,,,6564.915,injection,WI
2010-12-07,15/9-F-4,24.000,,,,,,,,6587.703,injection,WI
2010-12-08,15/9-F-4,24.000,,,,,,,,5797.568,injection,WI
2010-12-09,15/9-F-4,13.025,,,,,,,,2985.000,injection,WI
2010-12-10,15/9-F-4,11.975,,,,,,,,3075.000,injection,WI
2010-12-11,15/9-F-4,24.000,,,,,,,,6575.205,injection,WI
2010-12-12,15/9-F-4,24.000,,,,,,,,6630.968,injection,WI
2010-12-13,15/9-F-4,24.000,,,,,,,,6662.111,injection,WI
2010-12-14,15/9-F-4,24.000,,,,,,,,6823.850,injection,WI
2010-12-15,15/9-F-4,24.000,,,,,,,,6730.122,injection,WI
2010-12-16,15/9-F-4,24.000,,,,,,,,6621.381,injection,WI
2010-12-17,15/9-F-4,24.000,,,,,,,,6330.927,injection,WI
2010-12-18,15/9-F-4,23.167,,,,,,,,6183.268,injection,WI
2010-12-19,15/9-F-4,24.000,,,,,,,,6168.159,injection,WI
2010-12-20,15/9-F-4,24.000,,,,,,,,6058.823,injection,WI
2010-12-21,15/9-F-4,24.000,,,,,,,,6286.081,injection,WI
2010-12-22,15/9-F-4,24.000,,,,,,,,6219.056,injection,WI
2010-12-23,15/9-F-4,24.000,,,,,,,,6174.819,injection,WI
2010-12-24,15/9-F-4,24.000,,,,,,,,6159.866,injection,WI
2010-12-25,15/9-F-4,24.000,,,,,,,,6179.769,injection,WI
2010-12-26,15/9-F-4,24.000,,,,,,,,6169.608,injection,WI
2010-12-27,15/9-F-4,24.000,,,,,,,,6154.302,injection,WI
2010-12-28,15/9-F-4,20.667,,,,,,,,5159.000,injection,WI
2010-12-29,15/9-F-4,24.000,,,,,,,,3810.000,injection,WI
2010-12-30,15/9-F-4,24.000,,,,,,,,6872.808,injection,WI
2010-12-31,15/9-F-4,24.000,,,,,,,,7214.848,injection,WI
2011-01-01,15/9-F-4,24.000,,,,,,,,6077.460,injection,WI
2011-01-02,15/9-F-4,24.000,,,,,,,,6078.038,injection,WI
2011-01-03,15/9-F-4,24.000,,,,,,,,6287.559,injection,WI
2011-01-04,15/9-F-4,24.000,,,,,,,,6431.963,injection,WI
2011-01-05,15/9-F-4,24.000,,,,,,,,6253.213,injection,WI
2011-01-06,15/9-F-4,24.000,,,,,,,,6063.013,injection,WI
2011-01-07,15/9-F-4,24.000,,,,,,,,6069.792,injection,WI
2011-01-08,15/9-F-4,24.000,,,,,,,,6027.591,injection,WI
2011-01-09,15/9-F-4,24.000,,,,,,,,6106.921,injection,WI
2011-01-10,15/9-F-4,20.083,,,,,,,,5306.500,injection,WI
2011-01-11,15/9-F-4,15.000,,,,,,,,3382.000,injection,WI
2011-01-12,15/9-F-4,24.000,,,,,,,,5905.000,injection,WI
2011-01-13,15/9-F-4,24.000,,,,,,,,5702.975,injection,WI
2011-01-14,15/9-F-4,24.000,,,,,,,,6377.162,injection,WI
2011-01-15,15/9-F-4,24.000,,,,,,,,6517.124,injection,WI
2011-01-16,15/9-F-4,24.000,,,,,,,,6402.915,injection,WI
2011-01-17,15/9-F-4,24.000,,,,,,,,6396.569,injection,WI
2011-01-18,15/9-F-4,24.000,,,,,,,,6422.439,injection,WI
2011-01-19,15/9-F-4,24.000,,,,,,,,6424.333,injection,WI
2011-01-20,15/9-F-4,24.000,,,,,,,,6391.596,injection,WI
2011-01-21,15/9-F-4,24.000,,,,,,,,6383.812,injection,WI
2011-01-22,15/9-F-4,24.000,,,,,,,,6353.031,injection,WI
2011-01-23,15/9-F-4,24.000,,,,,,,,6327.805,injection,WI
2011-01-24,15/9-F-4,24.000,,,,,,,,6339.053,injection,WI
2011-01-25,15/9-F-4,24.000,,,,,,,,6379.268,injection,WI
2011-01-26,15/9-F-4,24.000,,,,,,,,6412.069,injection,WI
2011-01-27,15/9-F-4,24.000,,,,,,,,6382.287,injection,WI
2011-01-28,15/9-F-4,24.000,,,,,,,,6350.319,injection,WI
2011-01-29,15/9-F-4,24.000,,,,,,,,6268.976,injection,WI
2011-01-30,15/9-F-4,24.000,,,,,,,,5623.921,injection,WI
2011-01-31,15/9-F-4,24.000,,,,,,,,5638.945,injection,WI
2011-02-01,15/9-F-4,23.275,,,,,,,,6325.279,injection,WI
2011-02-02,15/9-F-4,0.000,,,,,,,,,injection,WI
2011-02-03,15/9-F-4,0.000,,,,,,,,,injection,WI
2011-02-04,15/9-F-4,0.000,,,,,,,,,injection,WI
2011-02-05,15/9-F-4,11.892,,,,,,,,2032.000,injection,WI
2011-02-06,15/9-F-4,21.333,,,,,,,,4058.681,injection,WI
2011-02-07,15/9-F-4,24.000,,,,,,,,4010.175,injection,WI
2011-02-08,15/9-F-4,24.000,,,,,,,,4438.000,injection,WI
2011-02-09,15/9-F-4,12.333,,,,,,,,993.000,injection,WI
2011-02-10,15/9-F-4,24.000,,,,,,,,4449.000,injection,WI
2011-02-11,15/9-F-4,24.000,,,,,,,,4378.779,injection,WI
2011-02-12,15/9-F-4,24.000,,,,,,,,4472.576,injection,WI
2011-02-13,15/9-F-4,17.667,,,,,,,,3265.000,injection,WI
2011-02-14,15/9-F-4,7.108,,,,,,,,1340.000,injection,WI
2011-02-15,15/9-F-4,12.142,,,,,,,,3795.061,injection,WI
2011-02-16,15/9-F-4,24.000,,,,,,,,5250.294,injection,WI
2011-02-17,15/9-F-4,24.000,,,,,,,,7720.297,injection,WI
2011-02-18,15/9-F-4,24.000,,,,,,,,7836.981,injection,WI
2011-02-19,15/9-F-4,24.000,,,,,,,,7893.257,injection,WI
2011-02-20,15/9-F-4,23.000,,,,,,,,7490.863,injection,WI
2011-02-21,15/9-F-4,24.000,,,,,,,,7883.395,injection,WI
2011-02-22,15/9-F-4,24.000,,,,,,,,7808.009,injection,WI
2011-02-23,15/9-F-4,24.000,,,,,,,,7840.820,injection,WI
2011-02-24,15/9-F-4,24.000,,,,,,,,7500.758,injection,WI
2011-02-25,15/9-F-4,24.000,,,,,,,,6217.202,injection,WI
2011-02-26,15/9-F-4,24.000,,,,,,,,6118.893,injection,WI
2011-02-27,15/9-F-4,24.000,,,,,,,,6138.939,injection,WI
2011-02-28,15/9-F-4,24.000,,,,,,,,6132.421,injection,WI
2011-03-01,15/9-F-4,24.000,,,,,,,,6091.209,injection,WI
2011-03-02,15/9-F-4,24.000,,,,,,,,6159.389,injection,WI
2011-03-03,15/9-F-4,24.000,,,,,,,,6074.673,injection,WI
2011-03-04,15/9-F-4,24.000,,,,,,,,6216.353,injection,WI
2011-03-05,15/9-F-4,24.000,,,,,,,,6218.945,injection,WI
2011-03-06,15/9-F-4,19.417,,,,,,,,4665.000,injection,WI
2011-03-07,15/9-F-4,24.000,,,,,,,,5902.369,injection,WI
2011-03-08,15/9-F-4,24.000,,,,,,,,6212.473,injection,WI
2011-03-09,15/9-F-4,24.000,,,,,,,,6292.272,injection,WI
2011-03-10,15/9-F-4,24.000,,,,,,,,6084.886,injection,WI
2011-03-11,15/9-F-4,24.000,,,,,,,,6005.000,injection,WI
2011-03-12,15/9-F-4,24.000,,,,,,,,5955.489,injection,WI
2011-03-13,15/9-F-4,24.000,,,,,,,,6333.000,injection,WI
2011-03-14,15/9-F-4,24.000,,,,,,,,6325.000,injection,WI
2011-03-15,15/9-F-4,24.000,,,,,,,,6350.004,injection,WI
2011-03-16,15/9-F-4,24.000,,,,,,,,6289.407,injection,WI
2011-03-17,15/9-F-4,14.500,,,,,,,,3152.000,injection,WI
2011-03-18,15/9-F-4,24.000,,,,,,,,6573.090,injection,WI
2011-03-19,15/9-F-4,24.000,,,,,,,,6401.862,injection,WI
2011-03-20,15/9-F-4,24.000,,,,,,,,5469.616,injection,WI
2011-03-21,15/9-F-4,24.000,,,,,,,,6795.824,injection,WI
2011-03-22,15/9-F-4,24.000,,,,,,,,6046.655,injection,WI
2011-03-23,15/9-F-4,24.000,,,,,,,,6464.450,injection,WI
2011-03-24,15/9-F-4,24.000,,,,,,,,6368.553,injection,WI
2011-03-25,15/9-F-4,21.833,,,,,,,,6553.900,injection,WI
2011-03-26,15/9-F-4,24.000,,,,,,,,6085.264,injection,WI
2011-03-27,15/9-F-4,13.667,,,,,,,,3653.300,injection,WI
2011-03-28,15/9-F-4,24.000,,,,,,,,6461.886,injection,WI
2011-03-29,15/9-F-4,24.000,,,,,,,,5847.390,injection,WI
2011-03-30,15/9-F-4,24.000,,,,,,,,6017.272,injection,WI
2011-03-31,15/9-F-4,22.833,,,,,,,,5774.640,injection,WI
2011-04-01,15/9-F-4,24.000,,,,,,,,6167.573,injection,WI
2011-04-02,15/9-F-4,24.000,,,,,,,,6162.914,injection,WI
2011-04-03,15/9-F-4,24.000,,,,,,,,6201.433,injection,WI
2011-04-04,15/9-F-4,24.000,,,,,,,,6181.275,injection,WI
2011-04-05,15/9-F-4,21.000,,,,,,,,5590.844,injection,WI
2011-04-06,15/9-F-4,13.000,,,,,,,,2871.000,injection,WI
2011-04-07,15/9-F-4,24.000,,,,,,,,3333.712,injection,WI
2011-04-08,15/9-F-4,24.000,,,,,,,,7284.000,injection,WI
2011-04-09,15/9-F-4,24.000,,,,,,,,8591.029,injection,WI
2011-04-10,15/9-F-4,24.000,,,,,,,,8441.492,injection,WI
2011-04-11,15/9-F-4,17.167,,,,,,,,3558.000,injection,WI
2011-04-12,15/9-F-4,24.000,,,,,,,,6683.243,injection,WI
2011-04-13,15/9-F-4,21.333,,,,,,,,5748.304,injection,WI
2011-04-14,15/9-F-4,24.000,,,,,,,,5868.380,injection,WI
2011-04-15,15/9-F-4,24.000,,,,,,,,6121.456,injection,WI
2011-04-16,15/9-F-4,24.000,,,,,,,,6120.792,injection,WI
2011-04-17,15/9-F-4,24.000,,,,,,,,6079.903,injection,WI
2011-04-18,15/9-F-4,24.000,,,,,,,,6113.000,injection,WI
2011-04-19,15/9-F-4,24.000,,,,,,,,6031.000,injection,WI
2011-04-20,15/9-F-4,24.000,,,,,,,,6047.000,injection,WI
2011-04-21,15/9-F-4,24.000,,,,,,,,4909.000,injection,WI
2011-04-22,15/9-F-4,24.000,,,,,,,,6243.000,injection,WI
2011-04-23,15/9-F-4,24.000,,,,,,,,6439.000,injection,WI
2011-04-24,15/9-F-4,24.000,,,,,,,,6246.200,injection,WI
2011-04-25,15/9-F-4,24.000,,,,,,,,6130.000,injection,WI
2011-04-26,15/9-F-4,24.000,,,,,,,,6313.131,injection,WI
2011-04-27,15/9-F-4,24.000,,,,,,,,6279.595,injection,WI
2011-04-28,15/9-F-4,24.000,,,,,,,,6309.477,injection,WI
2011-04-29,15/9-F-4,24.000,,,,,,,,6302.667,injection,WI
2011-04-30,15/9-F-4,24.000,,,,,,,,6161.000,injection,WI
2011-05-01,15/9-F-4,24.000,,,,,,,,6142.316,injection,WI
2011-05-02,15/9-F-4,24.000,,,,,,,,6130.459,injection,WI
2011-05-03,15/9-F-4,24.000,,,,,,,,6031.679,injection,WI
2011-05-04,15/9-F-4,24.000,,,,,,,,6288.489,injection,WI
2011-05-05,15/9-F-4,24.000,,,,,,,,6328.784,injection,WI
2011-05-06,15/9-F-4,24.000,,,,,,,,6106.479,injection,WI
2011-05-07,15/9-F-4,24.000,,,,,,,,5986.486,injection,WI
2011-05-08,15/9-F-4,24.000,,,,,,,,6070.962,injection,WI
2011-05-09,15/9-F-4,24.000,,,,,,,,6187.992,injection,WI
2011-05-10,15/9-F-4,24.000,,,,,,,,6172.326,injection,WI
2011-05-11,15/9-F-4,21.167,,,,,,,,5271.000,injection,WI
2011-05-12,15/9-F-4,24.000,,,,,,,,6406.532,injection,WI
2011-05-13,15/9-F-4,24.000,,,,,,,,5958.199,injection,WI
2011-05-14,15/9-F-4,24.000,,,,,,,,6196.000,injection,WI
2011-05-15,15/9-F-4,24.000,,,,,,,,6195.218,injection,WI
2011-05-16,15/9-F-4,24.000,,,,,,,,5925.000,injection,WI
2011-05-17,15/9-F-4,24.000,,,,,,,,6073.360,injection,WI
2011-05-18,15/9-F-4,24.000,,,,,,,,5961.372,injection,WI
2011-05-19,15/9-F-4,20.083,,,,,,,,5341.649,injection,WI
2011-05-20,15/9-F-4,24.000,,,,,,,,6391.411,injection,WI
2011-05-21,15/9-F-4,24.000,,,,,,,,5365.996,injection,WI
2011-05-22,15/9-F-4,24.000,,,,,,,,5453.394,injection,WI
2011-05-23,15/9-F-4,24.000,,,,,,,,7424.284,injection,WI
2011-05-24,15/9-F-4,24.000,,,,,,,,6504.131,injection,WI
2011-05-25,15/9-F-4,24.000,,,,,,,,6072.411,injection,WI
2011-05-26,15/9-F-4,24.000,,,,,,,,6024.830,injection,WI
2011-05-27,15/9-F-4,24.000,,,,,,,,6009.187,injection,WI
2011-05-28,15/9-F-4,24.000,,,,,,,,5995.972,injection,WI
2011-05-29,15/9-F-4,24.000,,,,,,,,6030.340,injection,WI
2011-05-30,15/9-F-4,24.000,,,,,,,,6055.576,injection,WI
2011-05-31,15/9-F-4,24.000,,,,,,,,6074.721,injection,WI
2011-06-01,15/9-F-4,24.000,,,,,,,,6040.786,injection,WI
2011-06-02,15/9-F-4,18.417,,,,,,,,5386.574,injection,WI
2011-06-03,15/9-F-4,24.000,,,,,,,,6010.157,injection,WI
2011-06-04,15/9-F-4,24.000,,,,,,,,6195.718,injection,WI
2011-06-05,15/9-F-4,24.000,,,,,,,,6224.488,injection,WI
2011-06-06,15/9-F-4,24.000,,,,,,,,6221.000,injection,WI
2011-06-07,15/9-F-4,24.000,,,,,,,,6192.665,injection,WI
2011-06-08,15/9-F-4,24.000,,,,,,,,6142.018,injection,WI
2011-06-09,15/9-F-4,24.000,,,,,,,,6102.000,injection,WI
2011-06-10,15/9-F-4,24.000,,,,,,,,6341.495,injection,WI
2011-06-11,15/9-F-4,24.000,,,,,,,,6372.115,injection,WI
2011-06-12,15/9-F-4,24.000,,,,,,,,6370.459,injection,WI
2011-06-13,15/9-F-4,24.000,,,,,,,,6365.418,injection,WI
2011-06-14,15/9-F-4,24.000,,,,,,,,6343.771,injection,WI
2011-06-15,15/9-F-4,24.000,,,,,,,,6332.512,injection,WI
2011-06-16,15/9-F-4,24.000,,,,,,,,6341.933,injection,WI
2011-06-17,15/9-F-4,21.833,,,,,,,,5687.000,injection,WI
2011-06-18,15/9-F-4,0.000,,,,,,,,6263.692,injection,WI
2011-06-19,15/9-F-4,24.000,,,,,,,,6356.460,injection,WI
2011-06-20,15/9-F-4,11.842,,,,,,,,2945.000,injection,WI
2011-06-21,15/9-F-4,0.000,,,,,,,,,injection,WI
2011-06-22,15/9-F-4,0.000,,,,,,,,,injection,WI
2011-06-23,15/9-F-4,0.000,,,,,,,,,injection,WI
2011-06-24,15/9-F-4,0.000,,,,,,,,,injection,WI
2011-06-25,15/9-F-4,0.000,,,,,,,,,injection,WI
2011-06-26,15/9-F-4,0.000,,,,,,,,,injection,WI
2011-06-27,15/9-F-4,0.000,,,,,,,,,injection,WI
2011-06-28,15/9-F-4,0.000,,,,,,,,,injection,WI
2011-06-29,15/9-F-4,0.000,,,,,,,,,injection,WI
2011-06-30,15/9-F-4,0.000,,,,,,,,,injection,WI
2011-07-01,15/9-F-4,22.825,,,,,,,,5113.000,injection,WI
2011-07-02,15/9-F-4,7.592,,,,,,,,1707.000,injection,WI
2011-07-03,15/9-F-4,6.500,,,,,,,,1706.000,injection,WI
2011-07-04,15/9-F-4,8.675,,,,,,,,2165.000,injection,WI
2011-07-05,15/9-F-4,0.000,,,,,,,,,injection,WI
2011-07-06,15/9-F-4,0.000,,,,,,,,,injection,WI
2011-07-07,15/9-F-4,6.325,,,,,,,,1591.000,injection,WI
2011-07-08,15/9-F-4,16.258,,,,,,,,4401.000,injection,WI
2011-07-09,15/9-F-4,1.158,,,,,,,,207.000,injection,WI
2011-07-10,15/9-F-4,21.667,,,,,,,,5985.000,injection,WI
2011-07-11,15/9-F-4,17.842,,,,,,,,4759.000,injection,WI
2011-07-12,15/9-F-4,0.000,,,,,,,,,injection,WI
2011-07-13,15/9-F-4,0.000,,,,,,,,,injection,WI
2011-07-14,15/9-F-4,0.000,,,,,,,,,injection,WI
2011-07-15,15/9-F-4,1.825,,,,,,,,236.000,injection,WI
2011-07-16,15/9-F-4,11.175,,,,,,,,2723.000,injection,WI
2011-07-17,15/9-F-4,0.000,,,,,,,,,injection,WI
2011-07-18,15/9-F-4,0.000,,,,,,,,,injection,WI
2011-07-19,15/9-F-4,1.333,,,,,,,,1079.034,injection,WI
2011-07-20,15/9-F-4,22.242,,,,,,,,5983.000,injection,WI
2011-07-21,15/9-F-4,24.000,,,,,,,,6880.000,injection,WI
2011-07-22,15/9-F-4,7.342,,,,,,,,1889.000,injection,WI
2011-07-23,15/9-F-4,0.000,,,,,,,,,injection,WI
2011-07-24,15/9-F-4,0.000,,,,,,,,,injection,WI
2011-07-25,15/9-F-4,17.325,,,,,,,,4478.000,injection,WI
2011-07-26,15/9-F-4,20.508,,,,,,,,5629.000,injection,WI
2011-07-27,15/9-F-4,0.000,,,,,,,,,injection,WI
2011-07-28,15/9-F-4,7.492,,,,,,,,1743.000,injection,WI
2011-07-29,15/9-F-4,24.000,,,,,,,,6476.598,injection,WI
2011-07-30,15/9-F-4,2.008,,,,,,,,429.000,injection,WI
2011-07-31,15/9-F-4,0.000,,,,,,,,,injection,WI
2011-08-01,15/9-F-4,0.000,,,,,,,,,injection,WI
2011-08-02,15/9-F-4,0.000,,,,,,,,,injection,WI
2011-08-03,15/9-F-4,0.000,,,,,,,,,injection,WI
2011-08-04,15/9-F-4,5.492,,,,,,,,1245.000,injection,WI
2011-08-05,15/9-F-4,24.000,,,,,,,,6797.106,injection,WI
2011-08-06,15/9-F-4,19.500,,,,,,,,6649.121,injection,WI
2011-08-07,15/9-F-4,24.000,,,,,,,,7141.368,injection,WI
2011-08-08,15/9-F-4,24.000,,,,,,,,6785.902,injection,WI
2011-08-09,15/9-F-4,21.333,,,,,,,,5750.000,injection,WI
2011-08-10,15/9-F-4,24.000,,,,,,,,6905.420,injection,WI
2011-08-11,15/9-F-4,24.000,,,,,,,,7128.313,injection,WI
2011-08-12,15/9-F-4,24.000,,,,,,,,6709.000,injection,WI
2011-08-13,15/9-F-4,24.000,,,,,,,,6524.000,injection,WI
2011-08-14,15/9-F-4,24.000,,,,,,,,6529.620,injection,WI
2011-08-15,15/9-F-4,24.000,,,,,,,,6285.311,injection,WI
2011-08-16,15/9-F-4,24.000,,,,,,,,6000.207,injection,WI
2011-08-17,15/9-F-4,24.000,,,,,,,,6212.000,injection,WI
2011-08-18,15/9-F-4,24.000,,,,,,,,6267.910,injection,WI
2011-08-19,15/9-F-4,24.000,,,,,,,,6165.285,injection,WI
2011-08-20,15/9-F-4,24.000,,,,,,,,6262.753,injection,WI
2011-08-21,15/9-F-4,24.000,,,,,,,,6306.900,injection,WI
2011-08-22,15/9-F-4,24.000,,,,,,,,6362.000,injection,WI
2011-08-23,15/9-F-4,24.000,,,,,,,,6398.690,injection,WI
2011-08-24,15/9-F-4,24.000,,,,,,,,6065.652,injection,WI
2011-08-25,15/9-F-4,23.158,,,,,,,,5884.930,injection,WI
2011-08-26,15/9-F-4,21.342,,,,,,,,5936.100,injection,WI
2011-08-27,15/9-F-4,24.000,,,,,,,,6398.310,injection,WI
2011-08-28,15/9-F-4,24.000,,,,,,,,6292.731,injection,WI
2011-08-29,15/9-F-4,24.000,,,,,,,,6348.687,injection,WI
2011-08-30,15/9-F-4,24.000,,,,,,,,6194.499,injection,WI
2011-08-31,15/9-F-4,24.000,,,,,,,,5857.890,injection,WI
2011-09-01,15/9-F-4,24.000,,,,,,,,6208.679,injection,WI
2011-09-02,15/9-F-4,24.000,,,,,,,,6392.061,injection,WI
2011-09-03,15/9-F-4,24.000,,,,,,,,6503.537,injection,WI
2011-09-04,15/9-F-4,24.000,,,,,,,,6449.328,injection,WI
2011-09-05,15/9-F-4,24.000,,,,,,,,6236.967,injection,WI
2011-09-06,15/9-F-4,24.000,,,,,,,,6320.000,injection,WI
2011-09-07,15/9-F-4,24.000,,,,,,,,6155.598,injection,WI
2011-09-08,15/9-F-4,24.000,,,,,,,,6061.973,injection,WI
2011-09-09,15/9-F-4,24.000,,,,,,,,5901.043,injection,WI
2011-09-10,15/9-F-4,24.000,,,,,,,,5975.000,injection,WI
2011-09-11,15/9-F-4,24.000,,,,,,,,6086.088,injection,WI
2011-09-12,15/9-F-4,24.000,,,,,,,,5984.000,injection,WI
2011-09-13,15/9-F-4,12.658,,,,,,,,4466.595,injection,WI
2011-09-14,15/9-F-4,9.508,,,,,,,,1357.680,injection,WI
2011-09-15,15/9-F-4,24.000,,,,,,,,3694.535,injection,WI
2011-09-16,15/9-F-4,24.000,,,,,,,,6080.830,injection,WI
2011-09-17,15/9-F-4,24.000,,,,,,,,6214.000,injection,WI
2011-09-18,15/9-F-4,24.000,,,,,,,,6219.000,injection,WI
2011-09-19,15/9-F-4,24.000,,,,,,,,6299.000,injection,WI
2011-09-20,15/9-F-4,24.000,,,,,,,,6294.000,injection,WI
2011-09-21,15/9-F-4,24.000,,,,,,,,6163.200,injection,WI
2011-09-22,15/9-F-4,24.000,,,,,,,,6036.000,injection,WI
2011-09-23,15/9-F-4,24.000,,,,,,,,6138.000,injection,WI
2011-09-24,15/9-F-4,24.000,,,,,,,,6138.000,injection,WI
2011-09-25,15/9-F-4,24.000,,,,,,,,6125.000,injection,WI
2011-09-26,15/9-F-4,24.000,,,,,,,,6129.000,injection,WI
2011-09-27,15/9-F-4,24.000,,,,,,,,6129.000,injection,WI
2011-09-28,15/9-F-4,24.000,,,,,,,,6095.700,injection,WI
2011-09-29,15/9-F-4,24.000,,,,,,,,6074.500,injection,WI
2011-09-30,15/9-F-4,19.000,,,,,,,,5040.000,injection,WI
2011-10-01,15/9-F-4,24.000,,,,,,,,6150.600,injection,WI
2011-10-02,15/9-F-4,24.000,,,,,,,,6035.700,injection,WI
2011-10-03,15/9-F-4,24.000,,,,,,,,5983.200,injection,WI
2011-10-04,15/9-F-4,24.000,,,,,,,,5994.384,injection,WI
2011-10-05,15/9-F-4,24.000,,,,,,,,5880.069,injection,WI
2011-10-06,15/9-F-4,24.000,,,,,,,,5929.604,injection,WI
2011-10-07,15/9-F-4,12.800,,,,,,,,3027.103,injection,WI
2011-10-08,15/9-F-4,10.675,,,,,,,,3043.679,injection,WI
2011-10-09,15/9-F-4,24.000,,,,,,,,5993.540,injection,WI
2011-10-10,15/9-F-4,24.000,,,,,,,,5699.805,injection,WI
2011-10-11,15/9-F-4,24.000,,,,,,,,5512.413,injection,WI
2011-10-12,15/9-F-4,24.000,,,,,,,,5475.585,injection,WI
2011-10-13,15/9-F-4,24.000,,,,,,,,5352.701,injection,WI
2011-10-14,15/9-F-4,19.333,,,,,,,,4072.219,injection,WI
2011-10-15,15/9-F-4,22.242,,,,,,,,3677.346,injection,WI
2011-10-16,15/9-F-4,0.000,,,,,,,,0.000,injection,WI
2011-10-17,15/9-F-4,0.000,,,,,,,,0.000,injection,WI
2011-10-18,15/9-F-4,0.000,,,,,,,,0.008,injection,WI
2011-10-19,15/9-F-4,0.000,,,,,,,,0.000,injection,WI
2011-10-20,15/9-F-4,0.000,,,,,,,,0.000,injection,WI
2011-10-21,15/9-F-4,0.000,,,,,,,,0.000,injection,WI
2011-10-22,15/9-F-4,0.000,,,,,,,,0.000,injection,WI
2011-10-23,15/9-F-4,0.000,,,,,,,,0.000,injection,WI
2011-10-24,15/9-F-4,0.000,,,,,,,,0.000,injection,WI
2011-10-25,15/9-F-4,0.000,,,,,,,,0.000,injection,WI
2011-10-26,15/9-F-4,0.000,,,,,,,,0.000,injection,WI
2011-10-27,15/9-F-4,0.000,,,,,,,,0.000,injection,WI
2011-10-28,15/9-F-4,0.000,,,,,,,,0.000,injection,WI
2011-10-29,15/9-F-4,0.000,,,,,,,,0.000,injection,WI
2011-10-30,15/9-F-4,0.000,,,,,,,,0.000,injection,WI
2011-10-31,15/9-F-4,0.000,,,,,,,,0.000,injection,WI
2011-11-01,15/9-F-4,0.000,,,,,,,,0.000,injection,WI
2011-11-02,15/9-F-4,0.000,,,,,,,,0.000,injection,WI
2011-11-03,15/9-F-4,0.000,,,,,,,,0.000,injection,WI
2011-11-04,15/9-F-4,0.000,,,,,,,,0.000,injection,WI
2011-11-05,15/9-F-4,15.858,,,,,,,,2406.382,injection,WI
2011-11-06,15/9-F-4,24.000,,,,,,,,5484.327,injection,WI
2011-11-07,15/9-F-4,24.000,,,,,,,,6215.000,injection,WI
2011-11-08,15/9-F-4,24.000,,,,,,,,5802.068,injection,WI
2011-11-09,15/9-F-4,24.000,,,,,,,,5966.794,injection,WI
2011-11-10,15/9-F-4,24.000,,,,,,,,5976.000,injection,WI
2011-11-11,15/9-F-4,11.808,,,,,,,,2904.975,injection,WI
2011-11-12,15/9-F-4,15.858,,,,,,,,3606.510,injection,WI
2011-11-13,15/9-F-4,24.000,,,,,,,,6309.524,injection,WI
2011-11-14,15/9-F-4,24.000,,,,,,,,6399.440,injection,WI
2011-11-15,15/9-F-4,24.000,,,,,,,,6412.460,injection,WI
2011-11-16,15/9-F-4,24.000,,,,,,,,6451.482,injection,WI
2011-11-17,15/9-F-4,24.000,,,,,,,,6443.839,injection,WI
2011-11-18,15/9-F-4,24.000,,,,,,,,6378.659,injection,WI
2011-11-19,15/9-F-4,24.000,,,,,,,,6499.240,injection,WI
2011-11-20,15/9-F-4,24.000,,,,,,,,6473.000,injection,WI
2011-11-21,15/9-F-4,24.000,,,,,,,,6498.800,injection,WI
2011-11-22,15/9-F-4,24.000,,,,,,,,6515.215,injection,WI
2011-11-23,15/9-F-4,24.000,,,,,,,,6608.526,injection,WI
2011-11-24,15/9-F-4,23.475,,,,,,,,6442.098,injection,WI
2011-11-25,15/9-F-4,0.000,,,,,,,,0.000,injection,WI
2011-11-26,15/9-F-4,0.000,,,,,,,,0.000,injection,WI
2011-11-27,15/9-F-4,0.275,,,,,,,,33.866,injection,WI
2011-11-28,15/9-F-4,22.833,,,,,,,,5576.519,injection,WI
2011-11-29,15/9-F-4,1.058,,,,,,,,197.518,injection,WI
2011-11-30,15/9-F-4,0.000,,,,,,,,0.046,injection,WI
2011-12-01,15/9-F-4,0.000,,,,,,,,0.013,injection,WI
2011-12-02,15/9-F-4,19.158,,,,,,,,4736.500,injection,WI
2011-12-03,15/9-F-4,0.000,,,,,,,,0.000,injection,WI
2011-12-04,15/9-F-4,0.000,,,,,,,,0.000,injection,WI
2011-12-05,15/9-F-4,16.525,,,,,,,,4191.409,injection,WI
2011-12-06,15/9-F-4,4.642,,,,,,,,1069.200,injection,WI
2011-12-07,15/9-F-4,18.858,,,,,,,,4874.389,injection,WI
2011-12-08,15/9-F-4,14.392,,,,,,,,3686.891,injection,WI
2011-12-09,15/9-F-4,0.000,,,,,,,,0.021,injection,WI
2011-12-10,15/9-F-4,7.192,,,,,,,,1565.103,injection,WI
2011-12-11,15/9-F-4,24.000,,,,,,,,6143.410,injection,WI
2011-12-12,15/9-F-4,24.000,,,,,,,,6363.167,injection,WI
2011-12-13,15/9-F-4,4.308,,,,,,,,1051.000,injection,WI
2011-12-14,15/9-F-4,1.025,,,,,,,,195.000,injection,WI
2011-12-15,15/9-F-4,24.000,,,,,,,,6010.000,injection,WI
2011-12-16,15/9-F-4,24.000,,,,,,,,5902.698,injection,WI
2011-12-17,15/9-F-4,21.142,,,,,,,,5169.820,injection,WI
2011-12-18,15/9-F-4,16.525,,,,,,,,3688.429,injection,WI
2011-12-19,15/9-F-4,24.000,,,,,,,,6335.109,injection,WI
2011-12-20,15/9-F-4,24.000,,,,,,,,6442.900,injection,WI
2011-12-21,15/9-F-4,24.000,,,,,,,,6477.802,injection,WI
2011-12-22,15/9-F-4,24.000,,,,,,,,6158.600,injection,WI
2011-12-23,15/9-F-4,24.000,,,,,,,,5856.978,injection,WI
2011-12-24,15/9-F-4,18.475,,,,,,,,4316.027,injection,WI
2011-12-25,15/9-F-4,0.000,,,,,,,,0.978,injection,WI
2011-12-26,15/9-F-4,0.000,,,,,,,,0.000,injection,WI
2011-12-27,15/9-F-4,19.442,,,,,,,,4566.894,injection,WI
2011-12-28,15/9-F-4,10.475,,,,,,,,2760.800,injection,WI
2011-12-29,15/9-F-4,2.525,,,,,,,,461.100,injection,WI
2011-12-30,15/9-F-4,24.000,,,,,,,,5854.224,injection,WI
2011-12-31,15/9-F-4,24.000,,,,,,,,6034.100,injection,WI
2012-01-01,15/9-F-4,24.000,,,,,,,,6085.900,injection,WI
2012-01-02,15/9-F-4,24.000,,,,,,,,5845.257,injection,WI
2012-01-03,15/9-F-4,11.225,,,,,,,,0.000,injection,WI
2012-01-04,15/9-F-4,0.000,,,,,,,,0.003,injection,WI
2012-01-05,15/9-F-4,0.000,,,,,,,,0.000,injection,WI
2012-01-06,15/9-F-4,0.000,,,,,,,,0.000,injection,WI
2012-01-07,15/9-F-4,0.000,,,,,,,,0.000,injection,WI
2012-01-08,15/9-F-4,0.000,,,,,,,,0.000,injection,WI
2012-01-09,15/9-F-4,0.000,,,,,,,,0.000,injection,WI
2012-01-10,15/9-F-4,0.000,,,,,,,,0.000,injection,WI
2012-01-11,15/9-F-4,0.000,,,,,,,,0.000,injection,WI
2012-01-12,15/9-F-4,0.000,,,,,,,,0.000,injection,WI
2012-01-13,15/9-F-4,0.000,,,,,,,,0.000,injection,WI
2012-01-14,15/9-F-4,4.192,,,,,,,,754.802,injection,WI
2012-01-15,15/9-F-4,24.000,,,,,,,,5468.048,injection,WI
2012-01-16,15/9-F-4,24.000,,,,,,,,6785.750,injection,WI
2012-01-17,15/9-F-4,24.000,,,,,,,,4842.702,injection,WI
2012-01-18,15/9-F-4,24.000,,,,,,,,3715.097,injection,WI
2012-01-19,15/9-F-4,13.500,,,,,,,,3621.642,injection,WI
2012-01-20,15/9-F-4,24.000,,,,,,,,7225.642,injection,WI
2012-01-21,15/9-F-4,13.008,,,,,,,,3747.581,injection,WI
2012-01-22,15/9-F-4,17.492,,,,,,,,4446.250,injection,WI
2012-01-23,15/9-F-4,24.000,,,,,,,,6865.580,injection,WI
2012-01-24,15/9-F-4,24.000,,,,,,,,6878.986,injection,WI
2012-01-25,15/9-F-4,15.675,,,,,,,,4010.021,injection,WI
2012-01-26,15/9-F-4,15.158,,,,,,,,1698.216,injection,WI
2012-01-27,15/9-F-4,24.000,,,,,,,,4088.044,injection,WI
2012-01-28,15/9-F-4,24.000,,,,,,,,5834.035,injection,WI
2012-01-29,15/9-F-4,24.000,,,,,,,,4181.068,injection,WI
2012-01-30,15/9-F-4,24.000,,,,,,,,2530.062,injection,WI
2012-01-31,15/9-F-4,24.000,,,,,,,,2620.079,injection,WI
2012-02-01,15/9-F-4,24.000,,,,,,,,4471.000,injection,WI
2012-02-02,15/9-F-4,24.000,,,,,,,,4832.860,injection,WI
2012-02-03,15/9-F-4,24.000,,,,,,,,5683.000,injection,WI
2012-02-04,15/9-F-4,24.000,,,,,,,,5701.000,injection,WI
2012-02-05,15/9-F-4,24.000,,,,,,,,5476.160,injection,WI
2012-02-06,15/9-F-4,24.000,,,,,,,,5143.000,injection,WI
2012-02-07,15/9-F-4,24.000,,,,,,,,5013.279,injection,WI
2012-02-08,15/9-F-4,24.000,,,,,,,,5000.300,injection,WI
2012-02-09,15/9-F-4,19.500,,,,,,,,3916.100,injection,WI
2012-02-10,15/9-F-4,23.583,,,,,,,,5932.883,injection,WI
2012-02-11,15/9-F-4,24.000,,,,,,,,5921.529,injection,WI
2012-02-12,15/9-F-4,24.000,,,,,,,,4818.369,injection,WI
2012-02-13,15/9-F-4,24.000,,,,,,,,4851.654,injection,WI
2012-02-14,15/9-F-4,24.000,,,,,,,,4899.442,injection,WI
2012-02-15,15/9-F-4,24.000,,,,,,,,4908.133,injection,WI
2012-02-16,15/9-F-4,24.000,,,,,,,,5368.861,injection,WI
2012-02-17,15/9-F-4,24.000,,,,,,,,5151.973,injection,WI
2012-02-18,15/9-F-4,24.000,,,,,,,,5003.719,injection,WI
2012-02-19,15/9-F-4,24.000,,,,,,,,5005.693,injection,WI
2012-02-20,15/9-F-4,24.000,,,,,,,,5128.424,injection,WI
2012-02-21,15/9-F-4,24.000,,,,,,,,5049.610,injection,WI
2012-02-22,15/9-F-4,24.000,,,,,,,,4980.350,injection,WI
2012-02-23,15/9-F-4,24.000,,,,,,,,4945.147,injection,WI
2012-02-24,15/9-F-4,24.000,,,,,,,,4958.691,injection,WI
2012-02-25,15/9-F-4,24.000,,,,,,,,5039.143,injection,WI
2012-02-26,15/9-F-4,24.000,,,,,,,,4875.900,injection,WI
2012-02-27,15/9-F-4,24.000,,,,,,,,4995.761,injection,WI
2012-02-28,15/9-F-4,24.000,,,,,,,,5007.006,injection,WI
2012-02-29,15/9-F-4,24.000,,,,,,,,5045.864,injection,WI
2012-03-01,15/9-F-4,24.000,,,,,,,,5207.567,injection,WI
2012-03-02,15/9-F-4,24.000,,,,,,,,5141.508,injection,WI
2012-03-03,15/9-F-4,24.000,,,,,,,,5102.226,injection,WI
2012-03-04,15/9-F-4,24.000,,,,,,,,5136.729,injection,WI
2012-03-05,15/9-F-4,24.000,,,,,,,,5164.261,injection,WI
2012-03-06,15/9-F-4,24.000,,,,,,,,5334.899,injection,WI
2012-03-07,15/9-F-4,24.000,,,,,,,,5421.000,injection,WI
2012-03-08,15/9-F-4,24.000,,,,,,,,5373.000,injection,WI
2012-03-09,15/9-F-4,24.000,,,,,,,,5199.000,injection,WI
2012-03-10,15/9-F-4,24.000,,,,,,,,5141.000,injection,WI
2012-03-11,15/9-F-4,24.000,,,,,,,,5145.000,injection,WI
2012-03-12,15/9-F-4,24.000,,,,,,,,5139.000,injection,WI
2012-03-13,15/9-F-4,21.583,,,,,,,,4322.967,injection,WI
2012-03-14,15/9-F-4,24.000,,,,,,,,4462.881,injection,WI
2012-03-15,15/9-F-4,22.583,,,,,,,,4401.897,injection,WI
2012-03-16,15/9-F-4,24.000,,,,,,,,5271.519,injection,WI
2012-03-17,15/9-F-4,24.000,,,,,,,,5140.487,injection,WI
2012-03-18,15/9-F-4,24.000,,,,,,,,5144.173,injection,WI
2012-03-19,15/9-F-4,24.000,,,,,,,,3876.513,injection,WI
2012-03-20,15/9-F-4,24.000,,,,,,,,4912.942,injection,WI
2012-03-21,15/9-F-4,24.000,,,,,,,,4815.522,injection,WI
2012-03-22,15/9-F-4,24.000,,,,,,,,4865.494,injection,WI
2012-03-23,15/9-F-4,24.000,,,,,,,,4890.227,injection,WI
2012-03-24,15/9-F-4,23.375,,,,,,,,4483.958,injection,WI
2012-03-25,15/9-F-4,19.542,,,,,,,,3559.935,injection,WI
2012-03-26,15/9-F-4,24.000,,,,,,,,3539.473,injection,WI
2012-03-27,15/9-F-4,24.000,,,,,,,,3646.752,injection,WI
2012-03-28,15/9-F-4,24.000,,,,,,,,4911.371,injection,WI
2012-03-29,15/9-F-4,24.000,,,,,,,,4087.363,injection,WI
2012-03-30,15/9-F-4,24.000,,,,,,,,5144.815,injection,WI
2012-03-31,15/9-F-4,24.000,,,,,,,,5171.231,injection,WI
2012-04-01,15/9-F-4,24.000,,,,,,,,5121.104,injection,WI
2012-04-02,15/9-F-4,24.000,,,,,,,,5126.991,injection,WI
2012-04-03,15/9-F-4,24.000,,,,,,,,5164.100,injection,WI
2012-04-04,15/9-F-4,24.000,,,,,,,,5095.300,injection,WI
2012-04-05,15/9-F-4,24.000,,,,,,,,5091.865,injection,WI
2012-04-06,15/9-F-4,24.000,,,,,,,,5205.100,injection,WI
2012-04-07,15/9-F-4,24.000,,,,,,,,4987.900,injection,WI
2012-04-08,15/9-F-4,24.000,,,,,,,,5090.200,injection,WI
2012-04-09,15/9-F-4,24.000,,,,,,,,4988.429,injection,WI
2012-04-10,15/9-F-4,24.000,,,,,,,,4993.031,injection,WI
2012-04-11,15/9-F-4,24.000,,,,,,,,4890.853,injection,WI
2012-04-12,15/9-F-4,24.000,,,,,,,,4860.012,injection,WI
2012-04-13,15/9-F-4,24.000,,,,,,,,4889.249,injection,WI
2012-04-14,15/9-F-4,24.000,,,,,,,,4867.512,injection,WI
2012-04-15,15/9-F-4,24.000,,,,,,,,4851.488,injection,WI
2012-04-16,15/9-F-4,24.000,,,,,,,,4856.322,injection,WI
2012-04-17,15/9-F-4,24.000,,,,,,,,4875.125,injection,WI
2012-04-18,15/9-F-4,24.000,,,,,,,,5164.712,injection,WI
2012-04-19,15/9-F-4,24.000,,,,,,,,4527.000,injection,WI
2012-04-20,15/9-F-4,24.000,,,,,,,,5291.000,injection,WI
2012-04-21,15/9-F-4,24.000,,,,,,,,3699.585,injection,WI
2012-04-22,15/9-F-4,24.000,,,,,,,,5332.099,injection,WI
2012-04-23,15/9-F-4,24.000,,,,,,,,5418.000,injection,WI
2012-04-24,15/9-F-4,24.000,,,,,,,,5390.397,injection,WI
2012-04-25,15/9-F-4,24.000,,,,,,,,4059.857,injection,WI
2012-04-26,15/9-F-4,24.000,,,,,,,,5242.386,injection,WI
2012-04-27,15/9-F-4,24.000,,,,,,,,5082.661,injection,WI
2012-04-28,15/9-F-4,24.000,,,,,,,,4069.001,injection,WI
2012-04-29,15/9-F-4,24.000,,,,,,,,3984.937,injection,WI
2012-04-30,15/9-F-4,24.000,,,,,,,,5149.438,injection,WI
2012-05-01,15/9-F-4,24.000,,,,,,,,5045.212,injection,WI
2012-05-02,15/9-F-4,24.000,,,,,,,,4952.054,injection,WI
2012-05-03,15/9-F-4,24.000,,,,,,,,4480.098,injection,WI
2012-05-04,15/9-F-4,24.000,,,,,,,,3795.773,injection,WI
2012-05-05,15/9-F-4,24.000,,,,,,,,4491.389,injection,WI
2012-05-06,15/9-F-4,24.000,,,,,,,,5368.801,injection,WI
2012-05-07,15/9-F-4,24.000,,,,,,,,5378.064,injection,WI
2012-05-08,15/9-F-4,24.000,,,,,,,,3880.426,injection,WI
2012-05-09,15/9-F-4,24.000,,,,,,,,5514.000,injection,WI
2012-05-10,15/9-F-4,24.000,,,,,,,,4460.926,injection,WI
2012-05-11,15/9-F-4,24.000,,,,,,,,3464.500,injection,WI
2012-05-12,15/9-F-4,21.125,,,,,,,,4560.400,injection,WI
2012-05-13,15/9-F-4,20.875,,,,,,,,4648.353,injection,WI
2012-05-14,15/9-F-4,24.000,,,,,,,,5230.100,injection,WI
2012-05-15,15/9-F-4,24.000,,,,,,,,5611.987,injection,WI
2012-05-16,15/9-F-4,24.000,,,,,,,,5665.635,injection,WI
2012-05-17,15/9-F-4,24.000,,,,,,,,5688.416,injection,WI
2012-05-18,15/9-F-4,24.000,,,,,,,,5057.293,injection,WI
2012-05-19,15/9-F-4,24.000,,,,,,,,4304.068,injection,WI
2012-05-20,15/9-F-4,24.000,,,,,,,,4381.228,injection,WI
2012-05-21,15/9-F-4,24.000,,,,,,,,5227.986,injection,WI
2012-05-22,15/9-F-4,19.083,,,,,,,,3849.629,injection,WI
2012-05-23,15/9-F-4,24.000,,,,,,,,5229.674,injection,WI
2012-05-24,15/9-F-4,24.000,,,,,,,,4280.303,injection,WI
2012-05-25,15/9-F-4,24.000,,,,,,,,4267.184,injection,WI
2012-05-26,15/9-F-4,24.000,,,,,,,,5378.759,injection,WI
2012-05-27,15/9-F-4,24.000,,,,,,,,5258.884,injection,WI
2012-05-28,15/9-F-4,24.000,,,,,,,,5200.193,injection,WI
2012-05-29,15/9-F-4,24.000,,,,,,,,3579.114,injection,WI
2012-05-30,15/9-F-4,24.000,,,,,,,,5456.008,injection,WI
2012-05-31,15/9-F-4,24.000,,,,,,,,5423.360,injection,WI
2012-06-01,15/9-F-4,24.000,,,,,,,,4085.000,injection,WI
2012-06-02,15/9-F-4,24.000,,,,,,,,4584.426,injection,WI
2012-06-03,15/9-F-4,24.000,,,,,,,,5403.000,injection,WI
2012-06-04,15/9-F-4,24.000,,,,,,,,5381.000,injection,WI
2012-06-05,15/9-F-4,24.000,,,,,,,,5099.730,injection,WI
2012-06-06,15/9-F-4,24.000,,,,,,,,3939.514,injection,WI
2012-06-07,15/9-F-4,24.000,,,,,,,,5177.815,injection,WI
2012-06-08,15/9-F-4,24.000,,,,,,,,5446.619,injection,WI
2012-06-09,15/9-F-4,24.000,,,,,,,,5488.203,injection,WI
2012-06-10,15/9-F-4,24.000,,,,,,,,4433.779,injection,WI
2012-06-11,15/9-F-4,24.000,,,,,,,,4265.624,injection,WI
2012-06-12,15/9-F-4,24.000,,,,,,,,5385.423,injection,WI
2012-06-13,15/9-F-4,22.667,,,,,,,,4969.945,injection,WI
2012-06-14,15/9-F-4,24.000,,,,,,,,5533.025,injection,WI
2012-06-15,15/9-F-4,24.000,,,,,,,,4452.161,injection,WI
2012-06-16,15/9-F-4,24.000,,,,,,,,3515.660,injection,WI
2012-06-17,15/9-F-4,24.000,,,,,,,,5487.211,injection,WI
2012-06-18,15/9-F-4,24.000,,,,,,,,5585.040,injection,WI
2012-06-19,15/9-F-4,24.000,,,,,,,,5514.982,injection,WI
2012-06-20,15/9-F-4,15.500,,,,,,,,3241.061,injection,WI
2012-06-21,15/9-F-4,24.000,,,,,,,,4920.396,injection,WI
2012-06-22,15/9-F-4,24.000,,,,,,,,4310.556,injection,WI
2012-06-23,15/9-F-4,24.000,,,,,,,,4273.266,injection,WI
2012-06-24,15/9-F-4,24.000,,,,,,,,4175.799,injection,WI
2012-06-25,15/9-F-4,24.000,,,,,,,,4590.700,injection,WI
2012-06-26,15/9-F-4,24.000,,,,,,,,5293.172,injection,WI
2012-06-27,15/9-F-4,24.000,,,,,,,,5293.861,injection,WI
2012-06-28,15/9-F-4,24.000,,,,,,,,5239.732,injection,WI
2012-06-29,15/9-F-4,24.000,,,,,,,,5229.432,injection,WI
2012-06-30,15/9-F-4,24.000,,,,,,,,4446.300,injection,WI
2012-07-01,15/9-F-4,24.000,,,,,,,,3923.500,injection,WI
2012-07-02,15/9-F-4,24.000,,,,,,,,4976.800,injection,WI
2012-07-03,15/9-F-4,24.000,,,,,,,,5084.500,injection,WI
2012-07-04,15/9-F-4,24.000,,,,,,,,5130.528,injection,WI
2012-07-05,15/9-F-4,24.000,,,,,,,,4308.200,injection,WI
2012-07-06,15/9-F-4,24.000,,,,,,,,4216.645,injection,WI
2012-07-07,15/9-F-4,24.000,,,,,,,,4197.061,injection,WI
2012-07-08,15/9-F-4,24.000,,,,,,,,4919.661,injection,WI
2012-07-09,15/9-F-4,24.000,,,,,,,,5633.632,injection,WI
2012-07-10,15/9-F-4,24.000,,,,,,,,5605.579,injection,WI
2012-07-11,15/9-F-4,24.000,,,,,,,,5068.000,injection,WI
2012-07-12,15/9-F-4,24.000,,,,,,,,4379.000,injection,WI
2012-07-13,15/9-F-4,24.000,,,,,,,,4392.000,injection,WI
2012-07-14,15/9-F-4,24.000,,,,,,,,5287.121,injection,WI
2012-07-15,15/9-F-4,24.000,,,,,,,,5343.978,injection,WI
2012-07-16,15/9-F-4,24.000,,,,,,,,5207.358,injection,WI
2012-07-17,15/9-F-4,24.000,,,,,,,,4594.378,injection,WI
2012-07-18,15/9-F-4,24.000,,,,,,,,4552.768,injection,WI
2012-07-19,15/9-F-4,24.000,,,,,,,,4453.920,injection,WI
2012-07-20,15/9-F-4,24.000,,,,,,,,4819.917,injection,WI
2012-07-21,15/9-F-4,24.000,,,,,,,,5348.210,injection,WI
2012-07-22,15/9-F-4,24.000,,,,,,,,5368.481,injection,WI
2012-07-23,15/9-F-4,24.000,,,,,,,,4327.727,injection,WI
2012-07-24,15/9-F-4,24.000,,,,,,,,4460.744,injection,WI
2012-07-25,15/9-F-4,24.000,,,,,,,,4451.103,injection,WI
2012-07-26,15/9-F-4,24.000,,,,,,,,4451.889,injection,WI
2012-07-27,15/9-F-4,24.000,,,,,,,,4562.704,injection,WI
2012-07-28,15/9-F-4,24.000,,,,,,,,5854.228,injection,WI
2012-07-29,15/9-F-4,24.000,,,,,,,,5933.370,injection,WI
2012-07-30,15/9-F-4,24.000,,,,,,,,5279.213,injection,WI
2012-07-31,15/9-F-4,24.000,,,,,,,,4298.771,injection,WI
2012-08-01,15/9-F-4,24.000,,,,,,,,4218.629,injection,WI
2012-08-02,15/9-F-4,24.000,,,,,,,,4139.750,injection,WI
2012-08-03,15/9-F-4,24.000,,,,,,,,4704.799,injection,WI
2012-08-04,15/9-F-4,24.000,,,,,,,,5885.570,injection,WI
2012-08-05,15/9-F-4,24.000,,,,,,,,6041.554,injection,WI
2012-08-06,15/9-F-4,24.000,,,,,,,,4760.472,injection,WI
2012-08-07,15/9-F-4,24.000,,,,,,,,4299.300,injection,WI
2012-08-08,15/9-F-4,24.000,,,,,,,,4348.000,injection,WI
2012-08-09,15/9-F-4,23.667,,,,,,,,4193.800,injection,WI
2012-08-10,15/9-F-4,24.000,,,,,,,,4231.500,injection,WI
2012-08-11,15/9-F-4,24.000,,,,,,,,5717.800,injection,WI
2012-08-12,15/9-F-4,24.000,,,,,,,,4849.400,injection,WI
2012-08-13,15/9-F-4,4.458,,,,,,,,781.800,injection,WI
2012-08-14,15/9-F-4,0.000,,,,,,,,0.000,injection,WI
2012-08-15,15/9-F-4,0.000,,,,,,,,0.000,injection,WI
2012-08-16,15/9-F-4,0.000,,,,,,,,0.000,injection,WI
2012-08-17,15/9-F-4,0.000,,,,,,,,0.000,injection,WI
2012-08-18,15/9-F-4,0.000,,,,,,,,0.000,injection,WI
2012-08-19,15/9-F-4,0.000,,,,,,,,0.000,injection,WI
2012-08-20,15/9-F-4,0.000,,,,,,,,0.000,injection,WI
2012-08-21,15/9-F-4,0.000,,,,,,,,0.000,injection,WI
2012-08-22,15/9-F-4,0.000,,,,,,,,0.000,injection,WI
2012-08-23,15/9-F-4,0.000,,,,,,,,0.000,injection,WI
2012-08-24,15/9-F-4,0.000,,,,,,,,0.000,injection,WI
2012-08-25,15/9-F-4,0.000,,,,,,,,0.000,injection,WI
2012-08-26,15/9-F-4,0.000,,,,,,,,0.000,injection,WI
2012-08-27,15/9-F-4,0.000,,,,,,,,0.000,injection,WI
2012-08-28,15/9-F-4,0.000,,,,,,,,0.000,injection,WI
2012-08-29,15/9-F-4,0.000,,,,,,,,0.000,injection,WI
2012-08-30,15/9-F-4,0.000,,,,,,,,0.000,injection,WI
2012-08-31,15/9-F-4,0.000,,,,,,,,0.000,injection,WI
2012-09-01,15/9-F-4,0.000,,,,,,,,0.000,injection,WI
2012-09-02,15/9-F-4,0.000,,,,,,,,0.000,injection,WI
2012-09-03,15/9-F-4,0.000,,,,,,,,0.000,injection,WI
2012-09-04,15/9-F-4,0.000,,,,,,,,0.000,injection,WI
2012-09-05,15/9-F-4,0.000,,,,,,,,0.000,injection,WI
2012-09-06,15/9-F-4,0.000,,,,,,,,0.000,injection,WI
2012-09-07,15/9-F-4,0.000,,,,,,,,0.000,injection,WI
2012-09-08,15/9-F-4,0.000,,,,,,,,0.000,injection,WI
2012-09-09,15/9-F-4,0.000,,,,,,,,0.000,injection,WI
2012-09-10,15/9-F-4,0.000,,,,,,,,0.000,injection,WI
2012-09-11,15/9-F-4,0.000,,,,,,,,0.000,injection,WI
2012-09-12,15/9-F-4,0.708,,,,,,,,222.408,injection,WI
2012-09-13,15/9-F-4,2.625,,,,,,,,674.000,injection,WI
2012-09-14,15/9-F-4,0.000,,,,,,,,0.000,injection,WI
2012-09-15,15/9-F-4,0.000,,,,,,,,0.000,injection,WI
2012-09-16,15/9-F-4,0.000,,,,,,,,0.000,injection,WI
2012-09-17,15/9-F-4,0.000,,,,,,,,0.000,injection,WI
2012-09-18,15/9-F-4,0.000,,,,,,,,0.000,injection,WI
2012-09-19,15/9-F-4,0.000,,,,,,,,0.000,injection,WI
2012-09-20,15/9-F-4,0.000,,,,,,,,0.000,injection,WI
2012-09-21,15/9-F-4,0.000,,,,,,,,0.000,injection,WI
2012-09-22,15/9-F-4,0.000,,,,,,,,0.000,injection,WI
2012-09-23,15/9-F-4,0.000,,,,,,,,0.000,injection,WI
2012-09-24,15/9-F-4,0.000,,,,,,,,0.000,injection,WI
2012-09-25,15/9-F-4,0.000,,,,,,,,0.000,injection,WI
2012-09-26,15/9-F-4,0.000,,,,,,,,0.000,injection,WI
2012-09-27,15/9-F-4,0.000,,,,,,,,0.000,injection,WI
2012-09-28,15/9-F-4,0.000,,,,,,,,0.000,injection,WI
2012-09-29,15/9-F-4,4.325,,,,,,,,572.100,injection,WI
2012-09-30,15/9-F-4,24.000,,,,,,,,4556.500,injection,WI
2012-10-01,15/9-F-4,24.000,,,,,,,,5892.200,injection,WI
2012-10-02,15/9-F-4,24.000,,,,,,,,5936.456,injection,WI
2012-10-03,15/9-F-4,24.000,,,,,,,,5623.434,injection,WI
2012-10-04,15/9-F-4,24.000,,,,,,,,5351.746,injection,WI
2012-10-05,15/9-F-4,24.000,,,,,,,,5388.465,injection,WI
2012-10-06,15/9-F-4,24.000,,,,,,,,5429.134,injection,WI
2012-10-07,15/9-F-4,24.000,,,,,,,,4392.795,injection,WI
2012-10-08,15/9-F-4,24.000,,,,,,,,4298.419,injection,WI
2012-10-09,15/9-F-4,24.000,,,,,,,,5193.107,injection,WI
2012-10-10,15/9-F-4,24.000,,,,,,,,5026.373,injection,WI
2012-10-11,15/9-F-4,24.000,,,,,,,,4967.769,injection,WI
2012-10-12,15/9-F-4,24.000,,,,,,,,5287.037,injection,WI
2012-10-13,15/9-F-4,17.167,,,,,,,,3151.180,injection,WI
2012-10-14,15/9-F-4,4.842,,,,,,,,764.017,injection,WI
2012-10-15,15/9-F-4,0.000,,,,,,,,0.000,injection,WI
2012-10-16,15/9-F-4,0.000,,,,,,,,0.000,injection,WI
2012-10-17,15/9-F-4,0.000,,,,,,,,0.000,injection,WI
2012-10-18,15/9-F-4,0.000,,,,,,,,0.000,injection,WI
2012-10-19,15/9-F-4,6.908,,,,,,,,1422.572,injection,WI
2012-10-20,15/9-F-4,24.000,,,,,,,,5661.568,injection,WI
2012-10-21,15/9-F-4,24.000,,,,,,,,5912.644,injection,WI
2012-10-22,15/9-F-4,19.750,,,,,,,,5328.802,injection,WI
2012-10-23,15/9-F-4,7.675,,,,,,,,1961.598,injection,WI
2012-10-24,15/9-F-4,0.000,,,,,,,,0.000,injection,WI
2012-10-25,15/9-F-4,0.000,,,,,,,,0.000,injection,WI
2012-10-26,15/9-F-4,18.833,,,,,,,,2976.716,injection,WI
2012-10-27,15/9-F-4,14.825,,,,,,,,4703.632,injection,WI
2012-10-28,15/9-F-4,9.992,,,,,,,,2443.700,injection,WI
2012-10-29,15/9-F-4,24.000,,,,,,,,4491.819,injection,WI
2012-10-30,15/9-F-4,24.000,,,,,,,,4462.299,injection,WI
2012-10-31,15/9-F-4,24.000,,,,,,,,4382.200,injection,WI
2012-11-01,15/9-F-4,24.000,,,,,,,,4325.000,injection,WI
2012-11-02,15/9-F-4,24.000,,,,,,,,4305.000,injection,WI
2012-11-03,15/9-F-4,24.000,,,,,,,,4339.511,injection,WI
2012-11-04,15/9-F-4,24.000,,,,,,,,4377.300,injection,WI
2012-11-05,15/9-F-4,24.000,,,,,,,,6260.991,injection,WI
2012-11-06,15/9-F-4,24.000,,,,,,,,7112.731,injection,WI
2012-11-07,15/9-F-4,24.000,,,,,,,,7362.913,injection,WI
2012-11-08,15/9-F-4,24.000,,,,,,,,7340.488,injection,WI
2012-11-09,15/9-F-4,24.000,,,,,,,,7313.191,injection,WI
2012-11-10,15/9-F-4,24.000,,,,,,,,6681.641,injection,WI
2012-11-11,15/9-F-4,24.000,,,,,,,,5661.778,injection,WI
2012-11-12,15/9-F-4,24.000,,,,,,,,5493.371,injection,WI
2012-11-13,15/9-F-4,24.000,,,,,,,,5411.600,injection,WI
2012-11-14,15/9-F-4,24.000,,,,,,,,5363.891,injection,WI
2012-11-15,15/9-F-4,24.000,,,,,,,,5462.000,injection,WI
2012-11-16,15/9-F-4,24.000,,,,,,,,5512.000,injection,WI
2012-11-17,15/9-F-4,24.000,,,,,,,,5446.731,injection,WI
2012-11-18,15/9-F-4,24.000,,,,,,,,5429.000,injection,WI
2012-11-19,15/9-F-4,24.000,,,,,,,,5500.000,injection,WI
2012-11-20,15/9-F-4,24.000,,,,,,,,5147.076,injection,WI
2012-11-21,15/9-F-4,24.000,,,,,,,,4357.957,injection,WI
2012-11-22,15/9-F-4,24.000,,,,,,,,4388.554,injection,WI
2012-11-23,15/9-F-4,24.000,,,,,,,,4374.466,injection,WI
2012-11-24,15/9-F-4,24.000,,,,,,,,4333.000,injection,WI
2012-11-25,15/9-F-4,24.000,,,,,,,,4797.276,injection,WI
2012-11-26,15/9-F-4,24.000,,,,,,,,6172.844,injection,WI
2012-11-27,15/9-F-4,24.000,,,,,,,,6112.622,injection,WI
2012-11-28,15/9-F-4,24.000,,,,,,,,4962.729,injection,WI
2012-11-29,15/9-F-4,24.000,,,,,,,,4402.079,injection,WI
2012-11-30,15/9-F-4,24.000,,,,,,,,4740.704,injection,WI
2012-12-01,15/9-F-4,24.000,,,,,,,,4901.007,injection,WI
2012-12-02,15/9-F-4,24.000,,,,,,,,3127.172,injection,WI
2012-12-03,15/9-F-4,24.000,,,,,,,,4163.788,injection,WI
2012-12-04,15/9-F-4,17.667,,,,,,,,4684.695,injection,WI
2012-12-05,15/9-F-4,24.000,,,,,,,,5952.816,injection,WI
2012-12-06,15/9-F-4,24.000,,,,,,,,5682.683,injection,WI
2012-12-07,15/9-F-4,24.000,,,,,,,,5785.706,injection,WI
2012-12-08,15/9-F-4,24.000,,,,,,,,5723.145,injection,WI
2012-12-09,15/9-F-4,24.000,,,,,,,,4981.529,injection,WI
2012-12-10,15/9-F-4,24.000,,,,,,,,4254.121,injection,WI
2012-12-11,15/9-F-4,23.000,,,,,,,,3927.410,injection,WI
2012-12-12,15/9-F-4,12.292,,,,,,,,1986.405,injection,WI
2012-12-13,15/9-F-4,9.292,,,,,,,,1463.409,injection,WI
2012-12-14,15/9-F-4,24.000,,,,,,,,4200.655,injection,WI
2012-12-15,15/9-F-4,12.250,,,,,,,,2348.922,injection,WI
2012-12-16,15/9-F-4,24.000,,,,,,,,4566.470,injection,WI
2012-12-17,15/9-F-4,24.000,,,,,,,,4518.600,injection,WI
2012-12-18,15/9-F-4,24.000,,,,,,,,4488.692,injection,WI
2012-12-19,15/9-F-4,24.000,,,,,,,,4468.237,injection,WI
2012-12-20,15/9-F-4,24.000,,,,,,,,5257.808,injection,WI
2012-12-21,15/9-F-4,24.000,,,,,,,,5859.308,injection,WI
2012-12-22,15/9-F-4,24.000,,,,,,,,6132.500,injection,WI
2012-12-23,15/9-F-4,24.000,,,,,,,,6105.040,injection,WI
2012-12-24,15/9-F-4,24.000,,,,,,,,4508.748,injection,WI
2012-12-25,15/9-F-4,24.000,,,,,,,,4475.394,injection,WI
2012-12-26,15/9-F-4,24.000,,,,,,,,4465.000,injection,WI
2012-12-27,15/9-F-4,24.000,,,,,,,,4495.000,injection,WI
2012-12-28,15/9-F-4,24.000,,,,,,,,4463.000,injection,WI
2012-12-29,15/9-F-4,24.000,,,,,,,,6021.000,injection,WI
2012-12-30,15/9-F-4,24.000,,,,,,,,6205.000,injection,WI
2012-12-31,15/9-F-4,24.000,,,,,,,,5356.000,injection,WI
2013-01-01,15/9-F-4,24.000,,,,,,,,4363.341,injection,WI
2013-01-02,15/9-F-4,24.000,,,,,,,,4572.614,injection,WI
2013-01-03,15/9-F-4,24.000,,,,,,,,4587.149,injection,WI
2013-01-04,15/9-F-4,24.000,,,,,,,,4575.600,injection,WI
2013-01-05,15/9-F-4,24.000,,,,,,,,5108.802,injection,WI
2013-01-06,15/9-F-4,24.000,,,,,,,,6096.770,injection,WI
2013-01-07,15/9-F-4,24.000,,,,,,,,6138.818,injection,WI
2013-01-08,15/9-F-4,24.000,,,,,,,,4496.000,injection,WI
2013-01-09,15/9-F-4,24.000,,,,,,,,4595.768,injection,WI
2013-01-10,15/9-F-4,24.000,,,,,,,,4702.782,injection,WI
2013-01-11,15/9-F-4,24.000,,,,,,,,4705.975,injection,WI
2013-01-12,15/9-F-4,24.000,,,,,,,,4691.602,injection,WI
2013-01-13,15/9-F-4,14.583,,,,,,,,2509.037,injection,WI
2013-01-14,15/9-F-4,24.000,,,,,,,,5652.704,injection,WI
2013-01-15,15/9-F-4,24.000,,,,,,,,5639.833,injection,WI
2013-01-16,15/9-F-4,24.000,,,,,,,,5669.553,injection,WI
2013-01-17,15/9-F-4,24.000,,,,,,,,5748.984,injection,WI
2013-01-18,15/9-F-4,24.000,,,,,,,,5453.820,injection,WI
2013-01-19,15/9-F-4,24.000,,,,,,,,5568.639,injection,WI
2013-01-20,15/9-F-4,24.000,,,,,,,,5349.738,injection,WI
2013-01-21,15/9-F-4,24.000,,,,,,,,4651.237,injection,WI
2013-01-22,15/9-F-4,24.000,,,,,,,,5130.300,injection,WI
2013-01-23,15/9-F-4,24.000,,,,,,,,4995.122,injection,WI
2013-01-24,15/9-F-4,23.667,,,,,,,,4803.733,injection,WI
2013-01-25,15/9-F-4,24.000,,,,,,,,5025.148,injection,WI
2013-01-26,15/9-F-4,24.000,,,,,,,,5048.569,injection,WI
2013-01-27,15/9-F-4,24.000,,,,,,,,5049.273,injection,WI
2013-01-28,15/9-F-4,24.000,,,,,,,,5193.878,injection,WI
2013-01-29,15/9-F-4,24.000,,,,,,,,5163.789,injection,WI
2013-01-30,15/9-F-4,24.000,,,,,,,,5168.394,injection,WI
2013-01-31,15/9-F-4,24.000,,,,,,,,5170.732,injection,WI
2013-02-01,15/9-F-4,24.000,,,,,,,,5086.063,injection,WI
2013-02-02,15/9-F-4,24.000,,,,,,,,5073.982,injection,WI
2013-02-03,15/9-F-4,24.000,,,,,,,,5050.297,injection,WI
2013-02-04,15/9-F-4,24.000,,,,,,,,5046.829,injection,WI
2013-02-05,15/9-F-4,24.000,,,,,,,,5046.119,injection,WI
2013-02-06,15/9-F-4,24.000,,,,,,,,5045.000,injection,WI
2013-02-07,15/9-F-4,24.000,,,,,,,,5010.000,injection,WI
2013-02-08,15/9-F-4,24.000,,,,,,,,5011.000,injection,WI
2013-02-09,15/9-F-4,24.000,,,,,,,,4596.000,injection,WI
2013-02-10,15/9-F-4,24.000,,,,,,,,4355.000,injection,WI
2013-02-11,15/9-F-4,24.000,,,,,,,,4361.000,injection,WI
2013-02-12,15/9-F-4,24.000,,,,,,,,5266.613,injection,WI
2013-02-13,15/9-F-4,24.000,,,,,,,,5437.000,injection,WI
2013-02-14,15/9-F-4,24.000,,,,,,,,5418.100,injection,WI
2013-02-15,15/9-F-4,24.000,,,,,,,,4469.300,injection,WI
2013-02-16,15/9-F-4,24.000,,,,,,,,4356.905,injection,WI
2013-02-17,15/9-F-4,24.000,,,,,,,,4360.000,injection,WI
2013-02-18,15/9-F-4,24.000,,,,,,,,5337.620,injection,WI
2013-02-19,15/9-F-4,24.000,,,,,,,,5742.128,injection,WI
2013-02-20,15/9-F-4,24.000,,,,,,,,5670.647,injection,WI
2013-02-21,15/9-F-4,24.000,,,,,,,,4793.879,injection,WI
2013-02-22,15/9-F-4,24.000,,,,,,,,4426.891,injection,WI
2013-02-23,15/9-F-4,24.000,,,,,,,,4407.113,injection,WI
2013-02-24,15/9-F-4,24.000,,,,,,,,4431.205,injection,WI
2013-02-25,15/9-F-4,24.000,,,,,,,,4440.376,injection,WI
2013-02-26,15/9-F-4,24.000,,,,,,,,5216.912,injection,WI
2013-02-27,15/9-F-4,24.000,,,,,,,,5804.000,injection,WI
2013-02-28,15/9-F-4,24.000,,,,,,,,5641.776,injection,WI
2013-03-01,15/9-F-4,16.192,,,,,,,,3526.316,injection,WI
2013-03-02,15/9-F-4,23.642,,,,,,,,5786.300,injection,WI
2013-03-03,15/9-F-4,24.000,,,,,,,,5850.684,injection,WI
2013-03-04,15/9-F-4,24.000,,,,,,,,5729.544,injection,WI
2013-03-05,15/9-F-4,24.000,,,,,,,,5051.000,injection,WI
2013-03-06,15/9-F-4,24.000,,,,,,,,5100.033,injection,WI
2013-03-07,15/9-F-4,1.858,,,,,,,,342.666,injection,WI
2013-03-08,15/9-F-4,0.000,,,,,,,,0.000,injection,WI
2013-03-09,15/9-F-4,0.000,,,,,,,,0.000,injection,WI
2013-03-10,15/9-F-4,8.142,,,,,,,,1378.148,injection,WI
2013-03-11,15/9-F-4,15.192,,,,,,,,3448.900,injection,WI
2013-03-12,15/9-F-4,0.000,,,,,,,,0.000,injection,WI
2013-03-13,15/9-F-4,13.808,,,,,,,,1887.897,injection,WI
2013-03-14,15/9-F-4,15.358,,,,,,,,2061.142,injection,WI
2013-03-15,15/9-F-4,16.975,,,,,,,,2790.983,injection,WI
2013-03-16,15/9-F-4,11.358,,,,,,,,1550.901,injection,WI
2013-03-17,15/9-F-4,9.642,,,,,,,,1439.111,injection,WI
2013-03-18,15/9-F-4,24.000,,,,,,,,3784.805,injection,WI
2013-03-19,15/9-F-4,24.000,,,,,,,,3806.243,injection,WI
2013-03-20,15/9-F-4,1.410,,,,,,,,253.357,injection,WI
2013-03-21,15/9-F-4,0.000,,,,,,,,0.000,injection,WI
2013-03-22,15/9-F-4,6.642,,,,,,,,940.000,injection,WI
2013-03-23,15/9-F-4,24.000,,,,,,,,3799.000,injection,WI
2013-03-24,15/9-F-4,24.000,,,,,,,,3655.000,injection,WI
2013-03-25,15/9-F-4,9.800,,,,,,,,2545.000,injection,WI
2013-03-26,15/9-F-4,24.000,,,,,,,,5950.500,injection,WI
2013-03-27,15/9-F-4,24.000,,,,,,,,5920.400,injection,WI
2013-03-28,15/9-F-4,22.333,,,,,,,,3260.142,injection,WI
2013-03-29,15/9-F-4,24.000,,,,,,,,5073.980,injection,WI
2013-03-30,15/9-F-4,24.000,,,,,,,,6054.900,injection,WI
2013-03-31,15/9-F-4,23.000,,,,,,,,5673.000,injection,WI
2013-04-01,15/9-F-4,23.170,,,,,,,,3947.624,injection,WI
2013-04-02,15/9-F-4,0.000,,,,,,,,0.000,injection,WI
2013-04-03,15/9-F-4,17.000,,,,,,,,1765.747,injection,WI
2013-04-04,15/9-F-4,24.000,,,,,,,,3258.368,injection,WI
2013-04-05,15/9-F-4,20.692,,,,,,,,2169.316,injection,WI
2013-04-06,15/9-F-4,0.000,,,,,,,,0.000,injection,WI
2013-04-07,15/9-F-4,0.000,,,,,,,,0.000,injection,WI
2013-04-08,15/9-F-4,0.000,,,,,,,,0.000,injection,WI
2013-04-09,15/9-F-4,0.000,,,,,,,,0.000,injection,WI
2013-04-10,15/9-F-4,6.308,,,,,,,,938.822,injection,WI
2013-04-11,15/9-F-4,24.000,,,,,,,,5910.104,injection,WI
2013-04-12,15/9-F-4,24.000,,,,,,,,5875.633,injection,WI
2013-04-13,15/9-F-4,24.000,,,,,,,,6045.374,injection,WI
2013-04-14,15/9-F-4,24.000,,,,,,,,6042.452,injection,WI
2013-04-15,15/9-F-4,23.999,,,,,,,,4661.538,injection,WI
2013-04-16,15/9-F-4,22.001,,,,,,,,3861.806,injection,WI
2013-04-17,15/9-F-4,23.167,,,,,,,,4180.800,injection,WI
2013-04-18,15/9-F-4,24.000,,,,,,,,5387.279,injection,WI
2013-04-19,15/9-F-4,24.000,,,,,,,,5966.515,injection,WI
2013-04-20,15/9-F-4,24.000,,,,,,,,6039.996,injection,WI
2013-04-21,15/9-F-4,24.000,,,,,,,,5980.700,injection,WI
2013-04-22,15/9-F-4,24.000,,,,,,,,5970.041,injection,WI
2013-04-23,15/9-F-4,24.000,,,,,,,,5908.234,injection,WI
2013-04-24,15/9-F-4,24.000,,,,,,,,4380.142,injection,WI
2013-04-25,15/9-F-4,24.000,,,,,,,,4339.496,injection,WI
2013-04-26,15/9-F-4,24.000,,,,,,,,4977.611,injection,WI
2013-04-27,15/9-F-4,24.000,,,,,,,,5538.430,injection,WI
2013-04-28,15/9-F-4,24.000,,,,,,,,4627.265,injection,WI
2013-04-29,15/9-F-4,24.000,,,,,,,,3502.916,injection,WI
2013-04-30,15/9-F-4,19.167,,,,,,,,4752.000,injection,WI
2013-05-01,15/9-F-4,24.000,,,,,,,,5848.000,injection,WI
2013-05-02,15/9-F-4,24.000,,,,,,,,5806.000,injection,WI
2013-05-03,15/9-F-4,24.000,,,,,,,,5629.000,injection,WI
2013-05-04,15/9-F-4,24.000,,,,,,,,5046.000,injection,WI
2013-05-05,15/9-F-4,24.000,,,,,,,,5166.000,injection,WI
2013-05-06,15/9-F-4,24.000,,,,,,,,5300.000,injection,WI
2013-05-07,15/9-F-4,24.000,,,,,,,,5303.300,injection,WI
2013-05-08,15/9-F-4,24.000,,,,,,,,5351.400,injection,WI
2013-05-09,15/9-F-4,24.000,,,,,,,,5362.300,injection,WI
2013-05-10,15/9-F-4,24.000,,,,,,,,5370.900,injection,WI
2013-05-11,15/9-F-4,24.000,,,,,,,,5329.842,injection,WI
2013-05-12,15/9-F-4,24.000,,,,,,,,5351.560,injection,WI
2013-05-13,15/9-F-4,24.000,,,,,,,,5246.218,injection,WI
2013-05-14,15/9-F-4,15.167,,,,,,,,3245.408,injection,WI
2013-05-15,15/9-F-4,24.000,,,,,,,,4523.870,injection,WI
2013-05-16,15/9-F-4,24.000,,,,,,,,5220.500,injection,WI
2013-05-17,15/9-F-4,21.833,,,,,,,,3934.570,injection,WI
2013-05-18,15/9-F-4,24.000,,,,,,,,4509.058,injection,WI
2013-05-19,15/9-F-4,24.000,,,,,,,,4371.975,injection,WI
2013-05-20,15/9-F-4,24.000,,,,,,,,5320.600,injection,WI
2013-05-21,15/9-F-4,18.058,,,,,,,,4710.266,injection,WI
2013-05-22,15/9-F-4,0.000,,,,,,,,0.000,injection,WI
2013-05-23,15/9-F-4,2.742,,,,,,,,676.100,injection,WI
2013-05-24,15/9-F-4,24.000,,,,,,,,6096.772,injection,WI
2013-05-25,15/9-F-4,24.000,,,,,,,,6204.313,injection,WI
2013-05-26,15/9-F-4,24.000,,,,,,,,6330.405,injection,WI
2013-05-27,15/9-F-4,24.000,,,,,,,,6490.487,injection,WI
2013-05-28,15/9-F-4,24.000,,,,,,,,6446.200,injection,WI
2013-05-29,15/9-F-4,24.000,,,,,,,,6259.379,injection,WI
2013-05-30,15/9-F-4,24.000,,,,,,,,5989.838,injection,WI
2013-05-31,15/9-F-4,24.000,,,,,,,,6094.764,injection,WI
2013-06-01,15/9-F-4,24.000,,,,,,,,5998.960,injection,WI
2013-06-02,15/9-F-4,24.000,,,,,,,,6104.742,injection,WI
2013-06-03,15/9-F-4,24.000,,,,,,,,5259.700,injection,WI
2013-06-04,15/9-F-4,24.000,,,,,,,,5953.108,injection,WI
2013-06-05,15/9-F-4,9.008,,,,,,,,2009.775,injection,WI
2013-06-06,15/9-F-4,9.492,,,,,,,,2632.124,injection,WI
2013-06-07,15/9-F-4,24.000,,,,,,,,6440.280,injection,WI
2013-06-08,15/9-F-4,24.000,,,,,,,,6331.527,injection,WI
2013-06-09,15/9-F-4,18.675,,,,,,,,4825.000,injection,WI
2013-06-10,15/9-F-4,18.992,,,,,,,,5382.374,injection,WI
2013-06-11,15/9-F-4,24.000,,,,,,,,6341.000,injection,WI
2013-06-12,15/9-F-4,24.000,,,,,,,,5410.000,injection,WI
2013-06-13,15/9-F-4,24.000,,,,,,,,5396.000,injection,WI
2013-06-14,15/9-F-4,24.000,,,,,,,,5327.000,injection,WI
2013-06-15,15/9-F-4,24.000,,,,,,,,5239.000,injection,WI
2013-06-16,15/9-F-4,24.000,,,,,,,,5292.000,injection,WI
2013-06-17,15/9-F-4,24.000,,,,,,,,4865.000,injection,WI
2013-06-18,15/9-F-4,24.000,,,,,,,,4587.600,injection,WI
2013-06-19,15/9-F-4,24.000,,,,,,,,4805.993,injection,WI
2013-06-20,15/9-F-4,24.000,,,,,,,,5969.687,injection,WI
2013-06-21,15/9-F-4,20.342,,,,,,,,4868.449,injection,WI
2013-06-22,15/9-F-4,0.000,,,,,,,,0.000,injection,WI
2013-06-23,15/9-F-4,0.000,,,,,,,,0.000,injection,WI
2013-06-24,15/9-F-4,0.000,,,,,,,,0.000,injection,WI
2013-06-25,15/9-F-4,2.408,,,,,,,,299.488,injection,WI
2013-06-26,15/9-F-4,24.000,,,,,,,,5314.661,injection,WI
2013-06-27,15/9-F-4,17.190,,,,,,,,3322.349,injection,WI
2013-06-28,15/9-F-4,21.227,,,,,,,,3644.244,injection,WI
2013-06-29,15/9-F-4,24.000,,,,,,,,5508.744,injection,WI
2013-06-30,15/9-F-4,24.000,,,,,,,,5033.623,injection,WI
2013-07-01,15/9-F-4,24.000,,,,,,,,4507.489,injection,WI
2013-07-02,15/9-F-4,24.000,,,,,,,,5602.709,injection,WI
2013-07-03,15/9-F-4,24.000,,,,,,,,5721.984,injection,WI
2013-07-04,15/9-F-4,16.008,,,,,,,,3834.002,injection,WI
2013-07-05,15/9-F-4,6.408,,,,,,,,1602.560,injection,WI
2013-07-06,15/9-F-4,17.667,,,,,,,,3228.217,injection,WI
2013-07-07,15/9-F-4,24.000,,,,,,,,5186.553,injection,WI
2013-07-08,15/9-F-4,24.000,,,,,,,,6015.453,injection,WI
2013-07-09,15/9-F-4,24.000,,,,,,,,5860.624,injection,WI
2013-07-10,15/9-F-4,24.000,,,,,,,,5719.270,injection,WI
2013-07-11,15/9-F-4,24.000,,,,,,,,5257.177,injection,WI
2013-07-12,15/9-F-4,24.000,,,,,,,,5239.956,injection,WI
2013-07-13,15/9-F-4,24.000,,,,,,,,5242.638,injection,WI
2013-07-14,15/9-F-4,24.000,,,,,,,,5217.200,injection,WI
2013-07-15,15/9-F-4,24.000,,,,,,,,5357.172,injection,WI
2013-07-16,15/9-F-4,24.000,,,,,,,,5344.000,injection,WI
2013-07-17,15/9-F-4,24.000,,,,,,,,5322.656,injection,WI
2013-07-18,15/9-F-4,24.000,,,,,,,,5569.131,injection,WI
2013-07-19,15/9-F-4,24.000,,,,,,,,5782.087,injection,WI
2013-07-20,15/9-F-4,24.000,,,,,,,,5664.791,injection,WI
2013-07-21,15/9-F-4,24.000,,,,,,,,5652.177,injection,WI
2013-07-22,15/9-F-4,2.333,,,,,,,,492.635,injection,WI
2013-07-23,15/9-F-4,24.000,,,,,,,,2352.000,injection,WI
2013-07-24,15/9-F-4,24.000,,,,,,,,2476.000,injection,WI
2013-07-25,15/9-F-4,24.000,,,,,,,,4706.000,injection,WI
2013-07-26,15/9-F-4,24.000,,,,,,,,2710.000,injection,WI
2013-07-27,15/9-F-4,24.000,,,,,,,,4824.000,injection,WI
2013-07-28,15/9-F-4,0.300,,,,,,,,87.000,injection,WI
2013-07-29,15/9-F-4,9.992,,,,,,,,1677.000,injection,WI
2013-07-30,15/9-F-4,24.000,,,,,,,,6112.689,injection,WI
2013-07-31,15/9-F-4,24.000,,,,,,,,1177.465,injection,WI
2013-08-01,15/9-F-4,0.000,,,,,,,,0.000,injection,WI
2013-08-02,15/9-F-4,0.000,,,,,,,,0.000,injection,WI
2013-08-03,15/9-F-4,18.050,,,,,,,,3283.905,injection,WI
2013-08-04,15/9-F-4,24.000,,,,,,,,6043.910,injection,WI
2013-08-05,15/9-F-4,24.000,,,,,,,,5832.090,injection,WI
2013-08-06,15/9-F-4,24.000,,,,,,,,5794.217,injection,WI
2013-08-07,15/9-F-4,24.000,,,,,,,,5825.262,injection,WI
2013-08-08,15/9-F-4,24.000,,,,,,,,5811.789,injection,WI
2013-08-09,15/9-F-4,24.000,,,,,,,,5753.669,injection,WI
2013-08-10,15/9-F-4,24.000,,,,,,,,5723.188,injection,WI
2013-08-11,15/9-F-4,24.000,,,,,,,,5377.918,injection,WI
2013-08-12,15/9-F-4,23.667,,,,,,,,5587.503,injection,WI
2013-08-13,15/9-F-4,24.000,,,,,,,,5484.195,injection,WI
2013-08-14,15/9-F-4,24.000,,,,,,,,5801.964,injection,WI
2013-08-15,15/9-F-4,24.000,,,,,,,,5883.078,injection,WI
2013-08-16,15/9-F-4,24.000,,,,,,,,5738.873,injection,WI
2013-08-17,15/9-F-4,24.000,,,,,,,,5632.247,injection,WI
2013-08-18,15/9-F-4,24.000,,,,,,,,5272.633,injection,WI
2013-08-19,15/9-F-4,24.000,,,,,,,,5241.521,injection,WI
2013-08-20,15/9-F-4,24.000,,,,,,,,5215.412,injection,WI
2013-08-21,15/9-F-4,24.000,,,,,,,,5306.500,injection,WI
2013-08-22,15/9-F-4,24.000,,,,,,,,5396.894,injection,WI
2013-08-23,15/9-F-4,24.000,,,,,,,,5344.388,injection,WI
2013-08-24,15/9-F-4,24.000,,,,,,,,5215.954,injection,WI
2013-08-25,15/9-F-4,24.000,,,,,,,,5255.730,injection,WI
2013-08-26,15/9-F-4,24.000,,,,,,,,5276.325,injection,WI
2013-08-27,15/9-F-4,24.000,,,,,,,,5266.566,injection,WI
2013-08-28,15/9-F-4,24.000,,,,,,,,5105.242,injection,WI
2013-08-29,15/9-F-4,24.000,,,,,,,,4869.171,injection,WI
2013-08-30,15/9-F-4,24.000,,,,,,,,4860.967,injection,WI
2013-08-31,15/9-F-4,24.000,,,,,,,,4869.744,injection,WI
2013-09-01,15/9-F-4,24.000,,,,,,,,4788.481,injection,WI
2013-09-02,15/9-F-4,24.000,,,,,,,,4789.546,injection,WI
2013-09-03,15/9-F-4,24.000,,,,,,,,4709.000,injection,WI
2013-09-04,15/9-F-4,24.000,,,,,,,,5245.000,injection,WI
2013-09-05,15/9-F-4,24.000,,,,,,,,4498.000,injection,WI
2013-09-06,15/9-F-4,24.000,,,,,,,,4355.000,injection,WI
2013-09-07,15/9-F-4,24.000,,,,,,,,5260.000,injection,WI
2013-09-08,15/9-F-4,24.000,,,,,,,,5331.000,injection,WI
2013-09-09,15/9-F-4,24.000,,,,,,,,4788.000,injection,WI
2013-09-10,15/9-F-4,24.000,,,,,,,,4478.626,injection,WI
2013-09-11,15/9-F-4,24.000,,,,,,,,4704.503,injection,WI
2013-09-12,15/9-F-4,18.250,,,,,,,,3728.457,injection,WI
2013-09-13,15/9-F-4,0.000,,,,,,,,0.000,injection,WI
2013-09-14,15/9-F-4,10.525,,,,,,,,1538.591,injection,WI
2013-09-15,15/9-F-4,24.000,,,,,,,,6122.658,injection,WI
2013-09-16,15/9-F-4,21.500,,,,,,,,5283.761,injection,WI
2013-09-17,15/9-F-4,24.000,,,,,,,,5694.306,injection,WI
2013-09-18,15/9-F-4,10.642,,,,,,,,2452.313,injection,WI
2013-09-19,15/9-F-4,0.000,,,,,,,,0.000,injection,WI
2013-09-20,15/9-F-4,18.525,,,,,,,,3693.486,injection,WI
2013-09-21,15/9-F-4,11.667,,,,,,,,2419.196,injection,WI
2013-09-22,15/9-F-4,24.000,,,,,,,,5677.211,injection,WI
2013-09-23,15/9-F-4,24.000,,,,,,,,5674.146,injection,WI
2013-09-24,15/9-F-4,24.000,,,,,,,,5566.638,injection,WI
2013-09-25,15/9-F-4,24.000,,,,,,,,5503.577,injection,WI
2013-09-26,15/9-F-4,24.000,,,,,,,,5490.429,injection,WI
2013-09-27,15/9-F-4,13.333,,,,,,,,2221.660,injection,WI
2013-09-28,15/9-F-4,24.000,,,,,,,,4878.032,injection,WI
2013-09-29,15/9-F-4,24.000,,,,,,,,5650.199,injection,WI
2013-09-30,15/9-F-4,24.000,,,,,,,,5780.918,injection,WI
2013-10-01,15/9-F-4,24.000,,,,,,,,5505.433,injection,WI
2013-10-02,15/9-F-4,24.000,,,,,,,,5441.388,injection,WI
2013-10-03,15/9-F-4,24.000,,,,,,,,5466.435,injection,WI
2013-10-04,15/9-F-4,24.000,,,,,,,,3434.064,injection,WI
2013-10-05,15/9-F-4,24.000,,,,,,,,5174.553,injection,WI
2013-10-06,15/9-F-4,24.000,,,,,,,,5481.086,injection,WI
2013-10-07,15/9-F-4,24.000,,,,,,,,5360.978,injection,WI
2013-10-08,15/9-F-4,24.000,,,,,,,,5383.651,injection,WI
2013-10-09,15/9-F-4,24.000,,,,,,,,5557.274,injection,WI
2013-10-10,15/9-F-4,24.000,,,,,,,,5655.181,injection,WI
2013-10-11,15/9-F-4,11.500,,,,,,,,2511.425,injection,WI
2013-10-12,15/9-F-4,9.750,,,,,,,,1856.618,injection,WI
2013-10-13,15/9-F-4,24.000,,,,,,,,5193.830,injection,WI
2013-10-14,15/9-F-4,24.000,,,,,,,,5336.093,injection,WI
2013-10-15,15/9-F-4,24.000,,,,,,,,5482.000,injection,WI
2013-10-16,15/9-F-4,24.000,,,,,,,,5561.000,injection,WI
2013-10-17,15/9-F-4,24.000,,,,,,,,5665.000,injection,WI
2013-10-18,15/9-F-4,24.000,,,,,,,,5647.000,injection,WI
2013-10-19,15/9-F-4,19.975,,,,,,,,4698.000,injection,WI
2013-10-20,15/9-F-4,17.692,,,,,,,,4186.000,injection,WI
2013-10-21,15/9-F-4,23.167,,,,,,,,5404.883,injection,WI
2013-10-22,15/9-F-4,24.000,,,,,,,,5649.303,injection,WI
2013-10-23,15/9-F-4,24.000,,,,,,,,5636.300,injection,WI
2013-10-24,15/9-F-4,24.000,,,,,,,,4940.868,injection,WI
2013-10-25,15/9-F-4,24.000,,,,,,,,5611.953,injection,WI
2013-10-26,15/9-F-4,24.000,,,,,,,,5816.200,injection,WI
2013-10-27,15/9-F-4,24.142,,,,,,,,4814.530,injection,WI
2013-10-28,15/9-F-4,0.000,,,,,,,,0.000,injection,WI
2013-10-29,15/9-F-4,0.000,,,,,,,,0.148,injection,WI
2013-10-30,15/9-F-4,16.192,,,,,,,,2800.896,injection,WI
2013-10-31,15/9-F-4,24.000,,,,,,,,5470.475,injection,WI
2013-11-01,15/9-F-4,24.000,,,,,,,,5480.556,injection,WI
2013-11-02,15/9-F-4,3.308,,,,,,,,709.779,injection,WI
2013-11-03,15/9-F-4,8.192,,,,,,,,1449.070,injection,WI
2013-11-04,15/9-F-4,24.000,,,,,,,,5245.413,injection,WI
2013-11-05,15/9-F-4,24.000,,,,,,,,5372.468,injection,WI
2013-11-06,15/9-F-4,24.000,,,,,,,,4788.293,injection,WI
2013-11-07,15/9-F-4,24.000,,,,,,,,5536.729,injection,WI
2013-11-08,15/9-F-4,24.000,,,,,,,,5557.014,injection,WI
2013-11-09,15/9-F-4,23.167,,,,,,,,5331.431,injection,WI
2013-11-10,15/9-F-4,23.833,,,,,,,,5514.060,injection,WI
2013-11-11,15/9-F-4,24.000,,,,,,,,5552.254,injection,WI
2013-11-12,15/9-F-4,23.833,,,,,,,,5373.772,injection,WI
2013-11-13,15/9-F-4,24.000,,,,,,,,5556.619,injection,WI
2013-11-14,15/9-F-4,24.000,,,,,,,,5514.811,injection,WI
2013-11-15,15/9-F-4,24.000,,,,,,,,5510.615,injection,WI
2013-11-16,15/9-F-4,24.000,,,,,,,,5495.038,injection,WI
2013-11-17,15/9-F-4,24.000,,,,,,,,5532.314,injection,WI
2013-11-18,15/9-F-4,24.000,,,,,,,,5424.292,injection,WI
2013-11-19,15/9-F-4,24.000,,,,,,,,5580.749,injection,WI
2013-11-20,15/9-F-4,24.000,,,,,,,,5560.320,injection,WI
2013-11-21,15/9-F-4,24.000,,,,,,,,5472.071,injection,WI
2013-11-22,15/9-F-4,24.000,,,,,,,,5400.096,injection,WI
2013-11-23,15/9-F-4,24.000,,,,,,,,5473.379,injection,WI
2013-11-24,15/9-F-4,24.000,,,,,,,,5195.364,injection,WI
2013-11-25,15/9-F-4,24.000,,,,,,,,5732.197,injection,WI
2013-11-26,15/9-F-4,24.000,,,,,,,,5597.000,injection,WI
2013-11-27,15/9-F-4,24.000,,,,,,,,5534.000,injection,WI
2013-11-28,15/9-F-4,24.000,,,,,,,,5844.000,injection,WI
2013-11-29,15/9-F-4,24.000,,,,,,,,6113.000,injection,WI
2013-11-30,15/9-F-4,24.000,,,,,,,,5526.000,injection,WI
2013-12-01,15/9-F-4,24.000,,,,,,,,5856.000,injection,WI
2013-12-02,15/9-F-4,24.000,,,,,,,,4696.000,injection,WI
2013-12-03,15/9-F-4,24.000,,,,,,,,6041.943,injection,WI
2013-12-04,15/9-F-4,24.000,,,,,,,,4955.831,injection,WI
2013-12-05,15/9-F-4,23.392,,,,,,,,5293.842,injection,WI
2013-12-06,15/9-F-4,16.358,,,,,,,,3472.210,injection,WI
2013-12-07,15/9-F-4,24.000,,,,,,,,5662.625,injection,WI
2013-12-08,15/9-F-4,24.000,,,,,,,,5641.751,injection,WI
2013-12-09,15/9-F-4,14.833,,,,,,,,2973.658,injection,WI
2013-12-10,15/9-F-4,19.058,,,,,,,,4160.481,injection,WI
2013-12-11,15/9-F-4,10.942,,,,,,,,138.399,injection,WI
2013-12-12,15/9-F-4,24.000,,,,,,,,3427.847,injection,WI
2013-12-13,15/9-F-4,9.000,,,,,,,,1796.200,injection,WI
2013-12-14,15/9-F-4,24.000,,,,,,,,5043.532,injection,WI
2013-12-15,15/9-F-4,23.167,,,,,,,,5259.215,injection,WI
2013-12-16,15/9-F-4,24.000,,,,,,,,5396.000,injection,WI
2013-12-17,15/9-F-4,24.000,,,,,,,,5506.855,injection,WI
2013-12-18,15/9-F-4,24.000,,,,,,,,5529.725,injection,WI
2013-12-19,15/9-F-4,24.000,,,,,,,,5576.721,injection,WI
2013-12-20,15/9-F-4,19.667,,,,,,,,4071.422,injection,WI
2013-12-21,15/9-F-4,24.000,,,,,,,,5549.998,injection,WI
2013-12-22,15/9-F-4,24.000,,,,,,,,5531.511,injection,WI
2013-12-23,15/9-F-4,24.000,,,,,,,,5589.514,injection,WI
2013-12-24,15/9-F-4,24.000,,,,,,,,5589.293,injection,WI
2013-12-25,15/9-F-4,24.000,,,,,,,,5603.485,injection,WI
2013-12-26,15/9-F-4,20.892,,,,,,,,4776.574,injection,WI
2013-12-27,15/9-F-4,18.025,,,,,,,,3563.031,injection,WI
2013-12-28,15/9-F-4,24.000,,,,,,,,5599.230,injection,WI
2013-12-29,15/9-F-4,24.000,,,,,,,,5564.255,injection,WI
2013-12-30,15/9-F-4,24.000,,,,,,,,5828.580,injection,WI
2013-12-31,15/9-F-4,20.917,,,,,,,,4898.428,injection,WI
2014-01-01,15/9-F-4,24.000,,,,,,,,5468.746,injection,WI
2014-01-02,15/9-F-4,24.000,,,,,,,,5438.330,injection,WI
2014-01-03,15/9-F-4,24.000,,,,,,,,5474.324,injection,WI
2014-01-04,15/9-F-4,14.308,,,,,,,,3273.729,injection,WI
2014-01-05,15/9-F-4,10.025,,,,,,,,1581.432,injection,WI
2014-01-06,15/9-F-4,24.000,,,,,,,,5193.548,injection,WI
2014-01-07,15/9-F-4,24.000,,,,,,,,4116.752,injection,WI
2014-01-08,15/9-F-4,24.000,,,,,,,,3962.000,injection,WI
2014-01-09,15/9-F-4,24.000,,,,,,,,4913.000,injection,WI
2014-01-10,15/9-F-4,24.000,,,,,,,,5814.000,injection,WI
2014-01-11,15/9-F-4,24.000,,,,,,,,5674.000,injection,WI
2014-01-12,15/9-F-4,24.000,,,,,,,,5614.000,injection,WI
2014-01-13,15/9-F-4,24.000,,,,,,,,5659.000,injection,WI
2014-01-14,15/9-F-4,24.000,,,,,,,,5644.842,injection,WI
2014-01-15,15/9-F-4,24.000,,,,,,,,5698.407,injection,WI
2014-01-16,15/9-F-4,24.000,,,,,,,,6807.387,injection,WI
2014-01-17,15/9-F-4,24.000,,,,,,,,7152.006,injection,WI
2014-01-18,15/9-F-4,24.000,,,,,,,,5819.301,injection,WI
2014-01-19,15/9-F-4,24.000,,,,,,,,4615.555,injection,WI
2014-01-20,15/9-F-4,24.000,,,,,,,,3897.979,injection,WI
2014-01-21,15/9-F-4,24.000,,,,,,,,3735.221,injection,WI
2014-01-22,15/9-F-4,24.000,,,,,,,,3626.942,injection,WI
2014-01-23,15/9-F-4,24.000,,,,,,,,3730.020,injection,WI
2014-01-24,15/9-F-4,24.000,,,,,,,,4370.406,injection,WI
2014-01-25,15/9-F-4,24.000,,,,,,,,5551.149,injection,WI
2014-01-26,15/9-F-4,24.000,,,,,,,,6540.843,injection,WI
2014-01-27,15/9-F-4,24.000,,,,,,,,6345.676,injection,WI
2014-01-28,15/9-F-4,23.833,,,,,,,,4825.841,injection,WI
2014-01-29,15/9-F-4,8.225,,,,,,,,1274.157,injection,WI
2014-01-30,15/9-F-4,1.692,,,,,,,,247.848,injection,WI
2014-01-31,15/9-F-4,24.000,,,,,,,,5741.555,injection,WI
2014-02-01,15/9-F-4,24.000,,,,,,,,6424.000,injection,WI
2014-02-02,15/9-F-4,23.583,,,,,,,,5433.213,injection,WI
2014-02-03,15/9-F-4,24.000,,,,,,,,4765.879,injection,WI
2014-02-04,15/9-F-4,24.000,,,,,,,,4648.000,injection,WI
2014-02-05,15/9-F-4,24.000,,,,,,,,4582.075,injection,WI
2014-02-06,15/9-F-4,8.000,,,,,,,,1332.000,injection,WI
2014-02-07,15/9-F-4,0.000,,,,,,,,0.000,injection,WI
2014-02-08,15/9-F-4,5.000,,,,,,,,1040.000,injection,WI
2014-02-09,15/9-F-4,24.000,,,,,,,,5157.000,injection,WI
2014-02-10,15/9-F-4,16.500,,,,,,,,3196.000,injection,WI
2014-02-11,15/9-F-4,18.275,,,,,,,,2979.929,injection,WI
2014-02-12,15/9-F-4,24.000,,,,,,,,5481.449,injection,WI
2014-02-13,15/9-F-4,24.000,,,,,,,,6079.517,injection,WI
2014-02-14,15/9-F-4,24.000,,,,,,,,6103.460,injection,WI
2014-02-15,15/9-F-4,24.000,,,,,,,,5356.225,injection,WI
2014-02-16,15/9-F-4,24.000,,,,,,,,5732.252,injection,WI
2014-02-17,15/9-F-4,24.000,,,,,,,,5822.718,injection,WI
2014-02-18,15/9-F-4,16.500,,,,,,,,4057.000,injection,WI
2014-02-19,15/9-F-4,24.000,,,,,,,,5756.877,injection,WI
2014-02-20,15/9-F-4,24.000,,,,,,,,5895.000,injection,WI
2014-02-21,15/9-F-4,23.167,,,,,,,,4379.000,injection,WI
2014-02-22,15/9-F-4,23.125,,,,,,,,4065.382,injection,WI
2014-02-23,15/9-F-4,13.125,,,,,,,,3681.000,injection,WI
2014-02-24,15/9-F-4,23.830,,,,,,,,5684.000,injection,WI
2014-02-25,15/9-F-4,24.000,,,,,,,,5764.223,injection,WI
2014-02-26,15/9-F-4,24.000,,,,,,,,5782.962,injection,WI
2014-02-27,15/9-F-4,24.000,,,,,,,,5932.479,injection,WI
2014-02-28,15/9-F-4,24.000,,,,,,,,5891.574,injection,WI
2014-03-01,15/9-F-4,24.000,,,,,,,,5354.042,injection,WI
2014-03-02,15/9-F-4,24.000,,,,,,,,4895.466,injection,WI
2014-03-03,15/9-F-4,24.000,,,,,,,,4823.826,injection,WI
2014-03-04,15/9-F-4,24.000,,,,,,,,5213.194,injection,WI
2014-03-05,15/9-F-4,24.000,,,,,,,,5950.000,injection,WI
2014-03-06,15/9-F-4,24.000,,,,,,,,5927.200,injection,WI
2014-03-07,15/9-F-4,24.000,,,,,,,,6014.584,injection,WI
2014-03-08,15/9-F-4,24.000,,,,,,,,6101.300,injection,WI
2014-03-09,15/9-F-4,24.000,,,,,,,,6138.600,injection,WI
2014-03-10,15/9-F-4,24.000,,,,,,,,6163.900,injection,WI
2014-03-11,15/9-F-4,24.000,,,,,,,,6135.884,injection,WI
2014-03-12,15/9-F-4,24.000,,,,,,,,6042.583,injection,WI
2014-03-13,15/9-F-4,24.000,,,,,,,,5531.800,injection,WI
2014-03-14,15/9-F-4,24.000,,,,,,,,4937.124,injection,WI
2014-03-15,15/9-F-4,23.667,,,,,,,,5405.941,injection,WI
2014-03-16,15/9-F-4,24.000,,,,,,,,5474.756,injection,WI
2014-03-17,15/9-F-4,24.000,,,,,,,,5135.887,injection,WI
2014-03-18,15/9-F-4,24.000,,,,,,,,4982.903,injection,WI
2014-03-19,15/9-F-4,24.000,,,,,,,,5064.091,injection,WI
2014-03-20,15/9-F-4,24.000,,,,,,,,5485.252,injection,WI
2014-03-21,15/9-F-4,24.000,,,,,,,,5664.946,injection,WI
2014-03-22,15/9-F-4,15.500,,,,,,,,2899.989,injection,WI
2014-03-23,15/9-F-4,24.000,,,,,,,,5607.332,injection,WI
2014-03-24,15/9-F-4,6.392,,,,,,,,1404.886,injection,WI
2014-03-25,15/9-F-4,9.608,,,,,,,,1875.372,injection,WI
2014-03-26,15/9-F-4,24.000,,,,,,,,5983.969,injection,WI
2014-03-27,15/9-F-4,14.667,,,,,,,,2705.085,injection,WI
2014-03-28,15/9-F-4,24.000,,,,,,,,4082.006,injection,WI
2014-03-29,15/9-F-4,17.167,,,,,,,,2590.663,injection,WI
2014-03-30,15/9-F-4,23.000,,,,,,,,5151.232,injection,WI
2014-03-31,15/9-F-4,24.000,,,,,,,,5353.399,injection,WI
2014-04-01,15/9-F-4,24.000,,,,,,,,5472.000,injection,WI
2014-04-02,15/9-F-4,24.000,,,,,,,,5697.000,injection,WI
2014-04-03,15/9-F-4,24.000,,,,,,,,5689.000,injection,WI
2014-04-04,15/9-F-4,24.000,,,,,,,,5771.000,injection,WI
2014-04-05,15/9-F-4,24.000,,,,,,,,5946.000,injection,WI
2014-04-06,15/9-F-4,18.167,,,,,,,,4371.000,injection,WI
2014-04-07,15/9-F-4,21.000,,,,,,,,3509.000,injection,WI
2014-04-08,15/9-F-4,24.000,,,,,,,,5995.272,injection,WI
2014-04-09,15/9-F-4,24.000,,,,,,,,6409.375,injection,WI
2014-04-10,15/9-F-4,20.375,,,,,,,,4327.184,injection,WI
2014-04-11,15/9-F-4,24.000,,,,,,,,6066.184,injection,WI
2014-04-12,15/9-F-4,24.000,,,,,,,,6078.821,injection,WI
2014-04-13,15/9-F-4,24.000,,,,,,,,6437.643,injection,WI
2014-04-14,15/9-F-4,24.000,,,,,,,,6492.209,injection,WI
2014-04-15,15/9-F-4,24.000,,,,,,,,6606.743,injection,WI
2014-04-16,15/9-F-4,24.000,,,,,,,,6834.440,injection,WI
2014-04-17,15/9-F-4,24.000,,,,,,,,6996.869,injection,WI
2014-04-18,15/9-F-4,24.000,,,,,,,,7078.730,injection,WI
2014-04-19,15/9-F-4,24.000,,,,,,,,7126.449,injection,WI
2014-04-20,15/9-F-4,24.000,,,,,,,,6342.578,injection,WI
2014-04-21,15/9-F-4,24.000,,,,,,,,5662.274,injection,WI
2014-04-22,15/9-F-4,24.000,,,,,,,,5789.493,injection,WI
2014-04-23,15/9-F-4,24.000,,,,,,,,6465.919,injection,WI
2014-04-24,15/9-F-4,24.000,,,,,,,,6158.800,injection,WI
2014-04-25,15/9-F-4,24.000,,,,,,,,6412.504,injection,WI
2014-04-26,15/9-F-4,24.000,,,,,,,,6499.575,injection,WI
2014-04-27,15/9-F-4,24.000,,,,,,,,6968.376,injection,WI
2014-04-28,15/9-F-4,24.000,,,,,,,,7116.851,injection,WI
2014-04-29,15/9-F-4,24.000,,,,,,,,7468.199,injection,WI
2014-04-30,15/9-F-4,24.000,,,,,,,,7524.983,injection,WI
2014-05-01,15/9-F-4,24.000,,,,,,,,7672.151,injection,WI
2014-05-02,15/9-F-4,24.000,,,,,,,,7674.805,injection,WI
2014-05-03,15/9-F-4,24.000,,,,,,,,7836.582,injection,WI
2014-05-04,15/9-F-4,24.000,,,,,,,,7986.122,injection,WI
2014-05-05,15/9-F-4,24.000,,,,,,,,8331.101,injection,WI
2014-05-06,15/9-F-4,24.000,,,,,,,,8681.171,injection,WI
2014-05-07,15/9-F-4,24.000,,,,,,,,8436.018,injection,WI
2014-05-08,15/9-F-4,14.825,,,,,,,,4928.277,injection,WI
2014-05-09,15/9-F-4,0.000,,,,,,,,0.000,injection,WI
2014-05-10,15/9-F-4,0.000,,,,,,,,0.000,injection,WI
2014-05-11,15/9-F-4,0.000,,,,,,,,0.000,injection,WI
2014-05-12,15/9-F-4,0.000,,,,,,,,0.029,injection,WI
2014-05-13,15/9-F-4,0.000,,,,,,,,0.000,injection,WI
2014-05-14,15/9-F-4,15.508,,,,,,,,2052.000,injection,WI
2014-05-15,15/9-F-4,24.000,,,,,,,,3118.000,injection,WI
2014-05-16,15/9-F-4,24.000,,,,,,,,3068.000,injection,WI
2014-05-17,15/9-F-4,24.000,,,,,,,,3013.000,injection,WI
2014-05-18,15/9-F-4,24.000,,,,,,,,3065.000,injection,WI
2014-05-19,15/9-F-4,24.000,,,,,,,,3117.000,injection,WI
2014-05-20,15/9-F-4,24.000,,,,,,,,3122.975,injection,WI
2014-05-21,15/9-F-4,24.000,,,,,,,,4245.588,injection,WI
2014-05-22,15/9-F-4,24.000,,,,,,,,8628.621,injection,WI
2014-05-23,15/9-F-4,24.000,,,,,,,,8157.011,injection,WI
2014-05-24,15/9-F-4,24.000,,,,,,,,7993.556,injection,WI
2014-05-25,15/9-F-4,24.000,,,,,,,,4218.896,injection,WI
2014-05-26,15/9-F-4,24.000,,,,,,,,6822.140,injection,WI
2014-05-27,15/9-F-4,24.000,,,,,,,,6621.491,injection,WI
2014-05-28,15/9-F-4,24.000,,,,,,,,6750.106,injection,WI
2014-05-29,15/9-F-4,24.000,,,,,,,,6745.317,injection,WI
2014-05-30,15/9-F-4,24.000,,,,,,,,6817.314,injection,WI
2014-05-31,15/9-F-4,24.000,,,,,,,,7086.905,injection,WI
2014-06-01,15/9-F-4,24.000,,,,,,,,7190.283,injection,WI
2014-06-02,15/9-F-4,20.083,,,,,,,,5661.775,injection,WI
2014-06-03,15/9-F-4,24.000,,,,,,,,6874.133,injection,WI
2014-06-04,15/9-F-4,24.000,,,,,,,,7016.651,injection,WI
2014-06-05,15/9-F-4,22.746,,,,,,,,7184.666,injection,WI
2014-06-06,15/9-F-4,24.000,,,,,,,,7034.715,injection,WI
2014-06-07,15/9-F-4,24.000,,,,,,,,7047.513,injection,WI
2014-06-08,15/9-F-4,24.000,,,,,,,,7201.466,injection,WI
2014-06-09,15/9-F-4,24.000,,,,,,,,7315.023,injection,WI
2014-06-10,15/9-F-4,24.000,,,,,,,,7050.863,injection,WI
2014-06-11,15/9-F-4,24.000,,,,,,,,6944.313,injection,WI
2014-06-12,15/9-F-4,24.000,,,,,,,,6967.020,injection,WI
2014-06-13,15/9-F-4,24.000,,,,,,,,7031.790,injection,WI
2014-06-14,15/9-F-4,24.000,,,,,,,,7001.627,injection,WI
2014-06-15,15/9-F-4,24.000,,,,,,,,6964.149,injection,WI
2014-06-16,15/9-F-4,24.000,,,,,,,,6955.900,injection,WI
2014-06-17,15/9-F-4,24.000,,,,,,,,6956.437,injection,WI
2014-06-18,15/9-F-4,24.000,,,,,,,,6981.472,injection,WI
2014-06-19,15/9-F-4,24.000,,,,,,,,7093.278,injection,WI
2014-06-20,15/9-F-4,24.000,,,,,,,,6996.023,injection,WI
2014-06-21,15/9-F-4,24.000,,,,,,,,7041.660,injection,WI
2014-06-22,15/9-F-4,24.000,,,,,,,,7229.926,injection,WI
2014-06-23,15/9-F-4,24.000,,,,,,,,7148.874,injection,WI
2014-06-24,15/9-F-4,24.000,,,,,,,,7254.000,injection,WI
2014-06-25,15/9-F-4,24.000,,,,,,,,7282.000,injection,WI
2014-06-26,15/9-F-4,9.500,,,,,,,,2362.000,injection,WI
2014-06-27,15/9-F-4,21.667,,,,,,,,4110.000,injection,WI
2014-06-28,15/9-F-4,24.000,,,,,,,,6649.000,injection,WI
2014-06-29,15/9-F-4,24.000,,,,,,,,6620.000,injection,WI
2014-06-30,15/9-F-4,24.000,,,,,,,,7074.000,injection,WI
2014-07-01,15/9-F-4,24.000,,,,,,,,7075.055,injection,WI
2014-07-02,15/9-F-4,24.000,,,,,,,,7109.849,injection,WI
2014-07-03,15/9-F-4,24.000,,,,,,,,7148.813,injection,WI
2014-07-04,15/9-F-4,24.000,,,,,,,,7178.143,injection,WI
2014-07-05,15/9-F-4,24.000,,,,,,,,7287.308,injection,WI
2014-07-06,15/9-F-4,24.000,,,,,,,,7426.202,injection,WI
2014-07-07,15/9-F-4,24.000,,,,,,,,7133.471,injection,WI
2014-07-08,15/9-F-4,24.000,,,,,,,,7587.949,injection,WI
2014-07-09,15/9-F-4,24.000,,,,,,,,7722.910,injection,WI
2014-07-10,15/9-F-4,24.000,,,,,,,,6207.112,injection,WI
2014-07-11,15/9-F-4,24.000,,,,,,,,5217.943,injection,WI
2014-07-12,15/9-F-4,24.000,,,,,,,,4086.146,injection,WI
2014-07-13,15/9-F-4,24.000,,,,,,,,4831.498,injection,WI
2014-07-14,15/9-F-4,24.000,,,,,,,,6706.017,injection,WI
2014-07-15,15/9-F-4,24.000,,,,,,,,7078.743,injection,WI
2014-07-16,15/9-F-4,24.000,,,,,,,,7108.228,injection,WI
2014-07-17,15/9-F-4,24.000,,,,,,,,7373.749,injection,WI
2014-07-18,15/9-F-4,24.000,,,,,,,,7826.333,injection,WI
2014-07-19,15/9-F-4,24.000,,,,,,,,8154.341,injection,WI
2014-07-20,15/9-F-4,22.167,,,,,,,,7491.548,injection,WI
2014-07-21,15/9-F-4,24.000,,,,,,,,7914.799,injection,WI
2014-07-22,15/9-F-4,24.000,,,,,,,,7920.895,injection,WI
2014-07-23,15/9-F-4,24.000,,,,,,,,7949.320,injection,WI
2014-07-24,15/9-F-4,24.000,,,,,,,,8026.533,injection,WI
2014-07-25,15/9-F-4,24.000,,,,,,,,8095.340,injection,WI
2014-07-26,15/9-F-4,24.000,,,,,,,,8335.354,injection,WI
2014-07-27,15/9-F-4,24.000,,,,,,,,8400.183,injection,WI
2014-07-28,15/9-F-4,24.000,,,,,,,,8343.385,injection,WI
2014-07-29,15/9-F-4,24.000,,,,,,,,8323.513,injection,WI
2014-07-30,15/9-F-4,24.000,,,,,,,,6956.858,injection,WI
2014-07-31,15/9-F-4,24.000,,,,,,,,8566.341,injection,WI
2014-08-01,15/9-F-4,24.000,,,,,,,,8455.550,injection,WI
2014-08-02,15/9-F-4,24.000,,,,,,,,7918.869,injection,WI
2014-08-03,15/9-F-4,23.667,,,,,,,,6267.055,injection,WI
2014-08-04,15/9-F-4,24.000,,,,,,,,7469.390,injection,WI
2014-08-05,15/9-F-4,24.000,,,,,,,,7469.000,injection,WI
2014-08-06,15/9-F-4,24.000,,,,,,,,7449.000,injection,WI
2014-08-07,15/9-F-4,24.000,,,,,,,,7787.000,injection,WI
2014-08-08,15/9-F-4,24.000,,,,,,,,7686.000,injection,WI
2014-08-09,15/9-F-4,24.000,,,,,,,,7825.000,injection,WI
2014-08-10,15/9-F-4,24.000,,,,,,,,8110.000,injection,WI
2014-08-11,15/9-F-4,24.000,,,,,,,,8190.000,injection,WI
2014-08-12,15/9-F-4,24.000,,,,,,,,8230.758,injection,WI
2014-08-13,15/9-F-4,24.000,,,,,,,,8131.625,injection,WI
2014-08-14,15/9-F-4,24.000,,,,,,,,8028.173,injection,WI
2014-08-15,15/9-F-4,24.000,,,,,,,,6288.633,injection,WI
2014-08-16,15/9-F-4,24.000,,,,,,,,7935.534,injection,WI
2014-08-17,15/9-F-4,24.000,,,,,,,,8065.080,injection,WI
2014-08-18,15/9-F-4,24.000,,,,,,,,7070.229,injection,WI
2014-08-19,15/9-F-4,10.508,,,,,,,,1301.998,injection,WI
2014-08-20,15/9-F-4,0.000,,,,,,,,0.000,injection,WI
2014-08-21,15/9-F-4,0.000,,,,,,,,0.000,injection,WI
2014-08-22,15/9-F-4,0.000,,,,,,,,0.000,injection,WI
2014-08-23,15/9-F-4,0.000,,,,,,,,0.000,injection,WI
2014-08-24,15/9-F-4,0.000,,,,,,,,0.000,injection,WI
2014-08-25,15/9-F-4,22.625,,,,,,,,5902.958,injection,WI
2014-08-26,15/9-F-4,24.000,,,,,,,,6957.127,injection,WI
2014-08-27,15/9-F-4,24.000,,,,,,,,6637.157,injection,WI
2014-08-28,15/9-F-4,22.500,,,,,,,,5958.942,injection,WI
2014-08-29,15/9-F-4,24.000,,,,,,,,6351.804,injection,WI
2014-08-30,15/9-F-4,24.000,,,,,,,,6338.919,injection,WI
2014-08-31,15/9-F-4,24.000,,,,,,,,6284.024,injection,WI
2014-09-01,15/9-F-4,24.000,,,,,,,,6297.024,injection,WI
2014-09-02,15/9-F-4,24.000,,,,,,,,6432.442,injection,WI
2014-09-03,15/9-F-4,22.667,,,,,,,,6435.670,injection,WI
2014-09-04,15/9-F-4,24.000,,,,,,,,6259.450,injection,WI
2014-09-05,15/9-F-4,24.000,,,,,,,,6133.109,injection,WI
2014-09-06,15/9-F-4,24.000,,,,,,,,6423.000,injection,WI
2014-09-07,15/9-F-4,24.000,,,,,,,,6529.121,injection,WI
2014-09-08,15/9-F-4,24.000,,,,,,,,6571.000,injection,WI
2014-09-09,15/9-F-4,24.000,,,,,,,,6572.721,injection,WI
2014-09-10,15/9-F-4,24.000,,,,,,,,6555.743,injection,WI
2014-09-11,15/9-F-4,24.000,,,,,,,,7066.063,injection,WI
2014-09-12,15/9-F-4,24.000,,,,,,,,7103.933,injection,WI
2014-09-13,15/9-F-4,24.000,,,,,,,,7122.451,injection,WI
2014-09-14,15/9-F-4,24.000,,,,,,,,7161.826,injection,WI
2014-09-15,15/9-F-4,24.000,,,,,,,,7173.180,injection,WI
2014-09-16,15/9-F-4,24.000,,,,,,,,7203.000,injection,WI
2014-09-17,15/9-F-4,24.000,,,,,,,,7294.000,injection,WI
2014-09-18,15/9-F-4,24.000,,,,,,,,7581.000,injection,WI
2014-09-19,15/9-F-4,24.000,,,,,,,,7562.000,injection,WI
2014-09-20,15/9-F-4,24.000,,,,,,,,7588.000,injection,WI
2014-09-21,15/9-F-4,24.000,,,,,,,,7720.000,injection,WI
2014-09-22,15/9-F-4,24.000,,,,,,,,8015.000,injection,WI
2014-09-23,15/9-F-4,24.000,,,,,,,,7594.499,injection,WI
2014-09-24,15/9-F-4,24.000,,,,,,,,7070.143,injection,WI
2014-09-25,15/9-F-4,24.000,,,,,,,,7156.194,injection,WI
2014-09-26,15/9-F-4,24.000,,,,,,,,7285.205,injection,WI
2014-09-27,15/9-F-4,24.000,,,,,,,,7213.025,injection,WI
2014-09-28,15/9-F-4,24.000,,,,,,,,6380.915,injection,WI
2014-09-29,15/9-F-4,2.925,,,,,,,,325.499,injection,WI
2014-09-30,15/9-F-4,19.742,,,,,,,,4042.550,injection,WI
2014-10-01,15/9-F-4,24.000,,,,,,,,7581.041,injection,WI
2014-10-02,15/9-F-4,24.000,,,,,,,,7583.876,injection,WI
2014-10-03,15/9-F-4,24.000,,,,,,,,7647.872,injection,WI
2014-10-04,15/9-F-4,24.000,,,,,,,,7822.053,injection,WI
2014-10-05,15/9-F-4,24.000,,,,,,,,7790.369,injection,WI
2014-10-06,15/9-F-4,24.000,,,,,,,,7572.344,injection,WI
2014-10-07,15/9-F-4,24.000,,,,,,,,7296.414,injection,WI
2014-10-08,15/9-F-4,24.000,,,,,,,,7189.982,injection,WI
2014-10-09,15/9-F-4,21.333,,,,,,,,4912.499,injection,WI
2014-10-10,15/9-F-4,24.000,,,,,,,,6896.588,injection,WI
2014-10-11,15/9-F-4,24.000,,,,,,,,6907.941,injection,WI
2014-10-12,15/9-F-4,24.000,,,,,,,,6940.000,injection,WI
2014-10-13,15/9-F-4,24.000,,,,,,,,7203.622,injection,WI
2014-10-14,15/9-F-4,24.000,,,,,,,,7295.532,injection,WI
2014-10-15,15/9-F-4,24.000,,,,,,,,7164.558,injection,WI
2014-10-16,15/9-F-4,24.000,,,,,,,,7056.250,injection,WI
2014-10-17,15/9-F-4,24.000,,,,,,,,7025.786,injection,WI
2014-10-18,15/9-F-4,24.000,,,,,,,,7057.165,injection,WI
2014-10-19,15/9-F-4,24.000,,,,,,,,7019.060,injection,WI
2014-10-20,15/9-F-4,24.000,,,,,,,,6994.013,injection,WI
2014-10-21,15/9-F-4,24.000,,,,,,,,6988.944,injection,WI
2014-10-22,15/9-F-4,24.000,,,,,,,,6908.586,injection,WI
2014-10-23,15/9-F-4,24.000,,,,,,,,7040.301,injection,WI
2014-10-24,15/9-F-4,24.000,,,,,,,,7038.847,injection,WI
2014-10-25,15/9-F-4,24.000,,,,,,,,7191.245,injection,WI
2014-10-26,15/9-F-4,25.000,,,,,,,,7256.952,injection,WI
2014-10-27,15/9-F-4,24.000,,,,,,,,7421.734,injection,WI
2014-10-28,15/9-F-4,24.000,,,,,,,,7573.000,injection,WI
2014-10-29,15/9-F-4,24.000,,,,,,,,6694.646,injection,WI
2014-10-30,15/9-F-4,24.000,,,,,,,,5665.637,injection,WI
2014-10-31,15/9-F-4,24.000,,,,,,,,6885.000,injection,WI
2014-11-01,15/9-F-4,24.000,,,,,,,,6927.000,injection,WI
2014-11-02,15/9-F-4,24.000,,,,,,,,7021.000,injection,WI
2014-11-03,15/9-F-4,24.000,,,,,,,,7053.000,injection,WI
2014-11-04,15/9-F-4,24.000,,,,,,,,7098.768,injection,WI
2014-11-05,15/9-F-4,24.000,,,,,,,,7133.876,injection,WI
2014-11-06,15/9-F-4,24.000,,,,,,,,7169.987,injection,WI
2014-11-07,15/9-F-4,24.000,,,,,,,,7359.267,injection,WI
2014-11-08,15/9-F-4,24.000,,,,,,,,7393.720,injection,WI
2014-11-09,15/9-F-4,24.000,,,,,,,,7551.864,injection,WI
2014-11-10,15/9-F-4,24.000,,,,,,,,7634.900,injection,WI
2014-11-11,15/9-F-4,24.000,,,,,,,,7695.438,injection,WI
2014-11-12,15/9-F-4,24.000,,,,,,,,7677.970,injection,WI
2014-11-13,15/9-F-4,24.000,,,,,,,,7083.006,injection,WI
2014-11-14,15/9-F-4,24.000,,,,,,,,7348.784,injection,WI
2014-11-15,15/9-F-4,24.000,,,,,,,,7409.732,injection,WI
2014-11-16,15/9-F-4,24.000,,,,,,,,7373.096,injection,WI
2014-11-17,15/9-F-4,24.000,,,,,,,,4921.322,injection,WI
2014-11-18,15/9-F-4,24.000,,,,,,,,4850.451,injection,WI
2014-11-19,15/9-F-4,24.000,,,,,,,,4851.877,injection,WI
2014-11-20,15/9-F-4,24.000,,,,,,,,4885.665,injection,WI
2014-11-21,15/9-F-4,24.000,,,,,,,,5347.847,injection,WI
2014-11-22,15/9-F-4,24.000,,,,,,,,5469.155,injection,WI
2014-11-23,15/9-F-4,24.000,,,,,,,,5553.980,injection,WI
2014-11-24,15/9-F-4,9.108,,,,,,,,2097.509,injection,WI
2014-11-25,15/9-F-4,0.000,,,,,,,,0.094,injection,WI
2014-11-26,15/9-F-4,0.000,,,,,,,,0.000,injection,WI
2014-11-27,15/9-F-4,0.000,,,,,,,,0.000,injection,WI
2014-11-28,15/9-F-4,11.442,,,,,,,,2627.098,injection,WI
2014-11-29,15/9-F-4,24.000,,,,,,,,3998.109,injection,WI
2014-11-30,15/9-F-4,23.333,,,,,,,,5322.224,injection,WI
2014-12-01,15/9-F-4,24.000,,,,,,,,5655.654,injection,WI
2014-12-02,15/9-F-4,24.000,,,,,,,,5746.301,injection,WI
2014-12-03,15/9-F-4,24.000,,,,,,,,5743.329,injection,WI
2014-12-04,15/9-F-4,22.167,,,,,,,,5125.241,injection,WI
2014-12-05,15/9-F-4,24.000,,,,,,,,5768.841,injection,WI
2014-12-06,15/9-F-4,24.000,,,,,,,,5803.539,injection,WI
2014-12-07,15/9-F-4,24.000,,,,,,,,5744.285,injection,WI
2014-12-08,15/9-F-4,24.000,,,,,,,,5733.500,injection,WI
2014-12-09,15/9-F-4,24.000,,,,,,,,5788.050,injection,WI
2014-12-10,15/9-F-4,22.500,,,,,,,,5322.027,injection,WI
2014-12-11,15/9-F-4,24.000,,,,,,,,4402.008,injection,WI
2014-12-12,15/9-F-4,24.000,,,,,,,,4138.000,injection,WI
2014-12-13,15/9-F-4,7.392,,,,,,,,1700.000,injection,WI
2014-12-14,15/9-F-4,0.000,,,,,,,,0.000,injection,WI
2014-12-15,15/9-F-4,0.000,,,,,,,,0.000,injection,WI
2014-12-16,15/9-F-4,0.000,,,,,,,,0.000,injection,WI
2014-12-17,15/9-F-4,0.000,,,,,,,,0.000,injection,WI
2014-12-18,15/9-F-4,0.000,,,,,,,,0.135,injection,WI
2014-12-19,15/9-F-4,0.000,,,,,,,,0.000,injection,WI
2014-12-20,15/9-F-4,0.000,,,,,,,,0.089,injection,WI
2014-12-21,15/9-F-4,0.000,,,,,,,,0.231,injection,WI
2014-12-22,15/9-F-4,0.000,,,,,,,,0.000,injection,WI
2014-12-23,15/9-F-4,0.000,,,,,,,,0.000,injection,WI
2014-12-24,15/9-F-4,0.000,,,,,,,,0.000,injection,WI
2014-12-25,15/9-F-4,0.000,,,,,,,,0.000,injection,WI
2014-12-26,15/9-F-4,0.000,,,,,,,,0.000,injection,WI
2014-12-27,15/9-F-4,0.000,,,,,,,,0.000,injection,WI
2014-12-28,15/9-F-4,0.000,,,,,,,,0.000,injection,WI
2014-12-29,15/9-F-4,0.000,,,,,,,,0.000,injection,WI
2014-12-30,15/9-F-4,0.000,,,,,,,,0.000,injection,WI
2014-12-31,15/9-F-4,0.000,,,,,,,,0.000,injection,WI
2015-01-01,15/9-F-4,9.500,,,,,,,,914.000,injection,WI
2015-01-02,15/9-F-4,24.000,,,,,,,,2647.000,injection,WI
2015-01-03,15/9-F-4,24.000,,,,,,,,2938.000,injection,WI
2015-01-04,15/9-F-4,24.000,,,,,,,,2881.164,injection,WI
2015-01-05,15/9-F-4,24.000,,,,,,,,2888.696,injection,WI
2015-01-06,15/9-F-4,24.000,,,,,,,,2920.881,injection,WI
2015-01-07,15/9-F-4,24.000,,,,,,,,2953.716,injection,WI
2015-01-08,15/9-F-4,24.000,,,,,,,,3012.113,injection,WI
2015-01-09,15/9-F-4,17.000,,,,,,,,2213.990,injection,WI
2015-01-10,15/9-F-4,19.500,,,,,,,,2713.491,injection,WI
2015-01-11,15/9-F-4,24.000,,,,,,,,2958.571,injection,WI
2015-01-12,15/9-F-4,24.000,,,,,,,,2798.226,injection,WI
2015-01-13,15/9-F-4,24.000,,,,,,,,2735.016,injection,WI
2015-01-14,15/9-F-4,24.000,,,,,,,,2549.279,injection,WI
2015-01-15,15/9-F-4,24.000,,,,,,,,2877.978,injection,WI
2015-01-16,15/9-F-4,24.000,,,,,,,,2674.060,injection,WI
2015-01-17,15/9-F-4,24.000,,,,,,,,2470.028,injection,WI
2015-01-18,15/9-F-4,24.000,,,,,,,,2470.028,injection,WI
2015-01-19,15/9-F-4,24.000,,,,,,,,2470.028,injection,WI
2015-01-20,15/9-F-4,13.392,,,,,,,,1484.000,injection,WI
2015-01-21,15/9-F-4,17.608,,,,,,,,2145.000,injection,WI
2015-01-22,15/9-F-4,24.000,,,,,,,,2833.000,injection,WI
2015-01-23,15/9-F-4,24.000,,,,,,,,2771.227,injection,WI
2015-01-24,15/9-F-4,24.000,,,,,,,,2859.000,injection,WI
2015-01-25,15/9-F-4,24.000,,,,,,,,2754.000,injection,WI
2015-01-26,15/9-F-4,19.000,,,,,,,,2156.000,injection,WI
2015-01-27,15/9-F-4,14.442,,,,,,,,2199.123,injection,WI
2015-01-28,15/9-F-4,24.000,,,,,,,,3725.124,injection,WI
2015-01-29,15/9-F-4,24.000,,,,,,,,3385.954,injection,WI
2015-01-30,15/9-F-4,24.000,,,,,,,,3101.664,injection,WI
2015-01-31,15/9-F-4,13.442,,,,,,,,1660.544,injection,WI
2015-02-01,15/9-F-4,19.725,,,,,,,,2758.341,injection,WI
2015-02-02,15/9-F-4,24.000,,,,,,,,2545.590,injection,WI
2015-02-03,15/9-F-4,13.442,,,,,,,,1378.962,injection,WI
2015-02-04,15/9-F-4,0.000,,,,,,,,0.000,injection,WI
2015-02-05,15/9-F-4,1.225,,,,,,,,233.417,injection,WI
2015-02-06,15/9-F-4,24.000,,,,,,,,5364.647,injection,WI
2015-02-07,15/9-F-4,24.000,,,,,,,,6191.624,injection,WI
2015-02-08,15/9-F-4,17.442,,,,,,,,4218.670,injection,WI
2015-02-09,15/9-F-4,21.058,,,,,,,,4956.806,injection,WI
2015-02-10,15/9-F-4,24.000,,,,,,,,7039.890,injection,WI
2015-02-11,15/9-F-4,24.000,,,,,,,,6821.052,injection,WI
2015-02-12,15/9-F-4,24.000,,,,,,,,6684.802,injection,WI
2015-02-13,15/9-F-4,24.000,,,,,,,,6616.139,injection,WI
2015-02-14,15/9-F-4,24.000,,,,,,,,6653.040,injection,WI
2015-02-15,15/9-F-4,24.000,,,,,,,,6537.881,injection,WI
2015-02-16,15/9-F-4,24.000,,,,,,,,6588.651,injection,WI
2015-02-17,15/9-F-4,24.000,,,,,,,,6567.900,injection,WI
2015-02-18,15/9-F-4,24.000,,,,,,,,4115.617,injection,WI
2015-02-19,15/9-F-4,24.000,,,,,,,,4218.667,injection,WI
2015-02-20,15/9-F-4,15.500,,,,,,,,2722.210,injection,WI
2015-02-21,15/9-F-4,24.000,,,,,,,,4325.152,injection,WI
2015-02-22,15/9-F-4,24.000,,,,,,,,4282.785,injection,WI
2015-02-23,15/9-F-4,24.000,,,,,,,,4277.189,injection,WI
2015-02-24,15/9-F-4,24.000,,,,,,,,4314.275,injection,WI
2015-02-25,15/9-F-4,24.000,,,,,,,,4267.159,injection,WI
2015-02-26,15/9-F-4,20.492,,,,,,,,3636.540,injection,WI
2015-02-27,15/9-F-4,24.000,,,,,,,,4391.985,injection,WI
2015-02-28,15/9-F-4,24.000,,,,,,,,4667.892,injection,WI
2015-03-01,15/9-F-4,24.000,,,,,,,,4672.091,injection,WI
2015-03-02,15/9-F-4,24.000,,,,,,,,4667.602,injection,WI
2015-03-03,15/9-F-4,24.000,,,,,,,,4592.000,injection,WI
2015-03-04,15/9-F-4,24.000,,,,,,,,4637.000,injection,WI
2015-03-05,15/9-F-4,24.000,,,,,,,,4637.000,injection,WI
2015-03-06,15/9-F-4,24.000,,,,,,,,4816.912,injection,WI
2015-03-07,15/9-F-4,24.000,,,,,,,,4820.988,injection,WI
2015-03-08,15/9-F-4,24.000,,,,,,,,4806.000,injection,WI
2015-03-09,15/9-F-4,24.000,,,,,,,,4812.647,injection,WI
2015-03-10,15/9-F-4,24.000,,,,,,,,4870.515,injection,WI
2015-03-11,15/9-F-4,24.000,,,,,,,,4298.655,injection,WI
2015-03-12,15/9-F-4,24.000,,,,,,,,3831.378,injection,WI
2015-03-13,15/9-F-4,24.000,,,,,,,,4310.349,injection,WI
2015-03-14,15/9-F-4,24.000,,,,,,,,4329.463,injection,WI
2015-03-15,15/9-F-4,24.000,,,,,,,,4412.931,injection,WI
2015-03-16,15/9-F-4,24.000,,,,,,,,4391.660,injection,WI
2015-03-17,15/9-F-4,24.000,,,,,,,,4274.420,injection,WI
2015-03-18,15/9-F-4,24.000,,,,,,,,4320.321,injection,WI
2015-03-19,15/9-F-4,24.000,,,,,,,,4414.293,injection,WI
2015-03-20,15/9-F-4,24.000,,,,,,,,4151.577,injection,WI
2015-03-21,15/9-F-4,24.000,,,,,,,,4178.376,injection,WI
2015-03-22,15/9-F-4,24.000,,,,,,,,4150.311,injection,WI
2015-03-23,15/9-F-4,24.000,,,,,,,,4210.875,injection,WI
2015-03-24,15/9-F-4,24.000,,,,,,,,4183.672,injection,WI
2015-03-25,15/9-F-4,24.000,,,,,,,,4126.288,injection,WI
2015-03-26,15/9-F-4,24.000,,,,,,,,4403.488,injection,WI
2015-03-27,15/9-F-4,24.000,,,,,,,,4413.870,injection,WI
2015-03-28,15/9-F-4,24.000,,,,,,,,4431.251,injection,WI
2015-03-29,15/9-F-4,24.000,,,,,,,,4176.920,injection,WI
2015-03-30,15/9-F-4,24.000,,,,,,,,4349.462,injection,WI
2015-03-31,15/9-F-4,24.000,,,,,,,,4362.488,injection,WI
2015-04-01,15/9-F-4,24.000,,,,,,,,4172.357,injection,WI
2015-04-02,15/9-F-4,24.000,,,,,,,,4064.980,injection,WI
2015-04-03,15/9-F-4,24.000,,,,,,,,4101.172,injection,WI
2015-04-04,15/9-F-4,24.000,,,,,,,,4041.286,injection,WI
2015-04-05,15/9-F-4,24.000,,,,,,,,4089.914,injection,WI
2015-04-06,15/9-F-4,11.667,,,,,,,,1998.628,injection,WI
2015-04-07,15/9-F-4,24.000,,,,,,,,4290.370,injection,WI
2015-04-08,15/9-F-4,24.000,,,,,,,,4306.116,injection,WI
2015-04-09,15/9-F-4,24.000,,,,,,,,4269.159,injection,WI
2015-04-10,15/9-F-4,24.000,,,,,,,,3383.150,injection,WI
2015-04-11,15/9-F-4,24.000,,,,,,,,4560.609,injection,WI
2015-04-12,15/9-F-4,24.000,,,,,,,,5997.076,injection,WI
2015-04-13,15/9-F-4,24.000,,,,,,,,8022.717,injection,WI
2015-04-14,15/9-F-4,24.000,,,,,,,,7457.000,injection,WI
2015-04-15,15/9-F-4,24.000,,,,,,,,7010.000,injection,WI
2015-04-16,15/9-F-4,24.000,,,,,,,,5541.000,injection,WI
2015-04-17,15/9-F-4,24.000,,,,,,,,7045.000,injection,WI
2015-04-18,15/9-F-4,24.000,,,,,,,,6970.000,injection,WI
2015-04-19,15/9-F-4,24.000,,,,,,,,4429.000,injection,WI
2015-04-20,15/9-F-4,24.000,,,,,,,,4395.000,injection,WI
2015-04-21,15/9-F-4,24.000,,,,,,,,4351.811,injection,WI
2015-04-22,15/9-F-4,24.000,,,,,,,,4461.443,injection,WI
2015-04-23,15/9-F-4,24.000,,,,,,,,4463.624,injection,WI
2015-04-24,15/9-F-4,24.000,,,,,,,,4332.474,injection,WI
2015-04-25,15/9-F-4,24.000,,,,,,,,4288.420,injection,WI
2015-04-26,15/9-F-4,24.000,,,,,,,,4319.313,injection,WI
2015-04-27,15/9-F-4,24.000,,,,,,,,4357.499,injection,WI
2015-04-28,15/9-F-4,24.000,,,,,,,,4302.166,injection,WI
2015-04-29,15/9-F-4,24.000,,,,,,,,4317.060,injection,WI
2015-04-30,15/9-F-4,24.000,,,,,,,,4344.737,injection,WI
2015-05-01,15/9-F-4,24.000,,,,,,,,4349.889,injection,WI
2015-05-02,15/9-F-4,24.000,,,,,,,,4324.925,injection,WI
2015-05-03,15/9-F-4,24.000,,,,,,,,4364.020,injection,WI
2015-05-04,15/9-F-4,24.000,,,,,,,,4341.900,injection,WI
2015-05-05,15/9-F-4,24.000,,,,,,,,4280.518,injection,WI
2015-05-06,15/9-F-4,24.000,,,,,,,,4273.628,injection,WI
2015-05-07,15/9-F-4,24.000,,,,,,,,4238.386,injection,WI
2015-05-08,15/9-F-4,24.000,,,,,,,,4228.971,injection,WI
2015-05-09,15/9-F-4,24.000,,,,,,,,4289.735,injection,WI
2015-05-10,15/9-F-4,24.000,,,,,,,,4282.433,injection,WI
2015-05-11,15/9-F-4,24.000,,,,,,,,4191.627,injection,WI
2015-05-12,15/9-F-4,24.000,,,,,,,,4168.459,injection,WI
2015-05-13,15/9-F-4,24.000,,,,,,,,4144.423,injection,WI
2015-05-14,15/9-F-4,24.000,,,,,,,,4172.921,injection,WI
2015-05-15,15/9-F-4,24.000,,,,,,,,4139.278,injection,WI
2015-05-16,15/9-F-4,24.000,,,,,,,,4131.150,injection,WI
2015-05-17,15/9-F-4,24.000,,,,,,,,4067.419,injection,WI
2015-05-18,15/9-F-4,24.000,,,,,,,,4015.001,injection,WI
2015-05-19,15/9-F-4,24.000,,,,,,,,3974.255,injection,WI
2015-05-20,15/9-F-4,24.000,,,,,,,,3953.139,injection,WI
2015-05-21,15/9-F-4,24.000,,,,,,,,4006.436,injection,WI
2015-05-22,15/9-F-4,24.000,,,,,,,,4087.011,injection,WI
2015-05-23,15/9-F-4,24.000,,,,,,,,3990.920,injection,WI
2015-05-24,15/9-F-4,24.000,,,,,,,,4064.388,injection,WI
2015-05-25,15/9-F-4,24.000,,,,,,,,4062.336,injection,WI
2015-05-26,15/9-F-4,24.000,,,,,,,,4100.000,injection,WI
2015-05-27,15/9-F-4,24.000,,,,,,,,4055.000,injection,WI
2015-05-28,15/9-F-4,24.000,,,,,,,,4055.000,injection,WI
2015-05-29,15/9-F-4,24.000,,,,,,,,4076.000,injection,WI
2015-05-30,15/9-F-4,24.000,,,,,,,,4091.000,injection,WI
2015-05-31,15/9-F-4,24.000,,,,,,,,4128.000,injection,WI
2015-06-01,15/9-F-4,24.000,,,,,,,,4171.000,injection,WI
2015-06-02,15/9-F-4,24.000,,,,,,,,4085.975,injection,WI
2015-06-03,15/9-F-4,24.000,,,,,,,,3960.957,injection,WI
2015-06-04,15/9-F-4,24.000,,,,,,,,4063.442,injection,WI
2015-06-05,15/9-F-4,24.000,,,,,,,,4618.615,injection,WI
2015-06-06,15/9-F-4,24.000,,,,,,,,4669.939,injection,WI
2015-06-07,15/9-F-4,21.450,,,,,,,,3651.484,injection,WI
2015-06-08,15/9-F-4,24.000,,,,,,,,4493.213,injection,WI
2015-06-09,15/9-F-4,24.000,,,,,,,,4550.238,injection,WI
2015-06-10,15/9-F-4,24.000,,,,,,,,4521.847,injection,WI
2015-06-11,15/9-F-4,24.000,,,,,,,,4546.064,injection,WI
2015-06-12,15/9-F-4,24.000,,,,,,,,4630.458,injection,WI
2015-06-13,15/9-F-4,24.000,,,,,,,,3656.143,injection,WI
2015-06-14,15/9-F-4,24.000,,,,,,,,4446.537,injection,WI
2015-06-15,15/9-F-4,24.000,,,,,,,,4522.339,injection,WI
2015-06-16,15/9-F-4,24.000,,,,,,,,4484.000,injection,WI
2015-06-17,15/9-F-4,24.000,,,,,,,,4479.000,injection,WI
2015-06-18,15/9-F-4,24.000,,,,,,,,5115.000,injection,WI
2015-06-19,15/9-F-4,24.000,,,,,,,,7084.758,injection,WI
2015-06-20,15/9-F-4,24.000,,,,,,,,7227.003,injection,WI
2015-06-21,15/9-F-4,24.000,,,,,,,,7052.872,injection,WI
2015-06-22,15/9-F-4,24.000,,,,,,,,7156.366,injection,WI
2015-06-23,15/9-F-4,24.000,,,,,,,,7217.000,injection,WI
2015-06-24,15/9-F-4,24.000,,,,,,,,7138.240,injection,WI
2015-06-25,15/9-F-4,24.000,,,,,,,,7219.078,injection,WI
2015-06-26,15/9-F-4,24.000,,,,,,,,7336.000,injection,WI
2015-06-27,15/9-F-4,24.000,,,,,,,,6766.000,injection,WI
2015-06-28,15/9-F-4,24.000,,,,,,,,6143.000,injection,WI
2015-06-29,15/9-F-4,24.000,,,,,,,,6136.356,injection,WI
2015-06-30,15/9-F-4,24.000,,,,,,,,6140.163,injection,WI
2015-07-01,15/9-F-4,24.000,,,,,,,,6159.946,injection,WI
2015-07-02,15/9-F-4,24.000,,,,,,,,6194.410,injection,WI
2015-07-03,15/9-F-4,19.675,,,,,,,,4610.017,injection,WI
2015-07-04,15/9-F-4,24.000,,,,,,,,5828.425,injection,WI
2015-07-05,15/9-F-4,24.000,,,,,,,,5792.793,injection,WI
2015-07-06,15/9-F-4,24.000,,,,,,,,5772.385,injection,WI
2015-07-07,15/9-F-4,24.000,,,,,,,,5783.000,injection,WI
2015-07-08,15/9-F-4,24.000,,,,,,,,5942.000,injection,WI
2015-07-09,15/9-F-4,24.000,,,,,,,,5858.000,injection,WI
2015-07-10,15/9-F-4,24.000,,,,,,,,5904.000,injection,WI
2015-07-11,15/9-F-4,24.000,,,,,,,,5852.912,injection,WI
2015-07-12,15/9-F-4,24.000,,,,,,,,5834.000,injection,WI
2015-07-13,15/9-F-4,24.000,,,,,,,,5902.000,injection,WI
2015-07-14,15/9-F-4,24.000,,,,,,,,5391.701,injection,WI
2015-07-15,15/9-F-4,24.000,,,,,,,,4481.452,injection,WI
2015-07-16,15/9-F-4,24.000,,,,,,,,4461.497,injection,WI
2015-07-17,15/9-F-4,24.000,,,,,,,,4441.219,injection,WI
2015-07-18,15/9-F-4,24.000,,,,,,,,4511.239,injection,WI
2015-07-19,15/9-F-4,24.000,,,,,,,,4672.708,injection,WI
2015-07-20,15/9-F-4,24.000,,,,,,,,4636.640,injection,WI
2015-07-21,15/9-F-4,24.000,,,,,,,,4706.217,injection,WI
2015-07-22,15/9-F-4,24.000,,,,,,,,4411.223,injection,WI
2015-07-23,15/9-F-4,24.000,,,,,,,,4392.459,injection,WI
2015-07-24,15/9-F-4,24.000,,,,,,,,4346.144,injection,WI
2015-07-25,15/9-F-4,24.000,,,,,,,,4376.925,injection,WI
2015-07-26,15/9-F-4,24.000,,,,,,,,4396.587,injection,WI
2015-07-27,15/9-F-4,24.000,,,,,,,,4416.958,injection,WI
2015-07-28,15/9-F-4,24.000,,,,,,,,4458.860,injection,WI
2015-07-29,15/9-F-4,24.000,,,,,,,,4324.083,injection,WI
2015-07-30,15/9-F-4,24.000,,,,,,,,4231.978,injection,WI
2015-07-31,15/9-F-4,24.000,,,,,,,,4220.762,injection,WI
2015-08-01,15/9-F-4,24.000,,,,,,,,4238.516,injection,WI
2015-08-02,15/9-F-4,24.000,,,,,,,,4257.300,injection,WI
2015-08-03,15/9-F-4,24.000,,,,,,,,4289.235,injection,WI
2015-08-04,15/9-F-4,24.000,,,,,,,,4274.170,injection,WI
2015-08-05,15/9-F-4,24.000,,,,,,,,4240.857,injection,WI
2015-08-06,15/9-F-4,24.000,,,,,,,,4157.304,injection,WI
2015-08-07,15/9-F-4,24.000,,,,,,,,4158.235,injection,WI
2015-08-08,15/9-F-4,24.000,,,,,,,,3666.948,injection,WI
2015-08-09,15/9-F-4,24.000,,,,,,,,6662.060,injection,WI
2015-08-10,15/9-F-4,20.126,,,,,,,,3351.954,injection,WI
2015-08-11,15/9-F-4,21.842,,,,,,,,3968.186,injection,WI
2015-08-12,15/9-F-4,24.000,,,,,,,,4422.043,injection,WI
2015-08-13,15/9-F-4,24.000,,,,,,,,4411.917,injection,WI
2015-08-14,15/9-F-4,24.000,,,,,,,,4404.044,injection,WI
2015-08-15,15/9-F-4,24.000,,,,,,,,4447.503,injection,WI
2015-08-16,15/9-F-4,24.000,,,,,,,,4518.386,injection,WI
2015-08-17,15/9-F-4,24.000,,,,,,,,4577.583,injection,WI
2015-08-18,15/9-F-4,24.000,,,,,,,,4603.000,injection,WI
2015-08-19,15/9-F-4,24.000,,,,,,,,4593.000,injection,WI
2015-08-20,15/9-F-4,24.000,,,,,,,,4608.000,injection,WI
2015-08-21,15/9-F-4,24.000,,,,,,,,4654.000,injection,WI
2015-08-22,15/9-F-4,24.000,,,,,,,,4675.000,injection,WI
2015-08-23,15/9-F-4,7.350,,,,,,,,1291.000,injection,WI
2015-08-24,15/9-F-4,24.000,,,,,,,,4677.000,injection,WI
2015-08-25,15/9-F-4,24.000,,,,,,,,4691.244,injection,WI
2015-08-26,15/9-F-4,16.275,,,,,,,,2914.289,injection,WI
2015-08-27,15/9-F-4,0.000,,,,,,,,0.000,injection,WI
2015-08-28,15/9-F-4,0.000,,,,,,,,0.000,injection,WI
2015-08-29,15/9-F-4,0.000,,,,,,,,0.000,injection,WI
2015-08-30,15/9-F-4,0.000,,,,,,,,0.000,injection,WI
2015-08-31,15/9-F-4,21.075,,,,,,,,4000.275,injection,WI
2015-09-01,15/9-F-4,24.000,,,,,,,,4703.556,injection,WI
2015-09-02,15/9-F-4,24.000,,,,,,,,4721.313,injection,WI
2015-09-03,15/9-F-4,24.000,,,,,,,,4623.374,injection,WI
2015-09-04,15/9-F-4,24.000,,,,,,,,4442.291,injection,WI
2015-09-05,15/9-F-4,24.000,,,,,,,,4634.662,injection,WI
2015-09-06,15/9-F-4,24.000,,,,,,,,4630.718,injection,WI
2015-09-07,15/9-F-4,24.000,,,,,,,,4708.209,injection,WI
2015-09-08,15/9-F-4,24.000,,,,,,,,4788.070,injection,WI
2015-09-09,15/9-F-4,24.000,,,,,,,,4783.638,injection,WI
2015-09-10,15/9-F-4,24.000,,,,,,,,4787.797,injection,WI
2015-09-11,15/9-F-4,24.000,,,,,,,,4474.026,injection,WI
2015-09-12,15/9-F-4,24.000,,,,,,,,4585.460,injection,WI
2015-09-13,15/9-F-4,24.000,,,,,,,,4450.214,injection,WI
2015-09-14,15/9-F-4,24.000,,,,,,,,4455.601,injection,WI
2015-09-15,15/9-F-4,24.000,,,,,,,,4453.242,injection,WI
2015-09-16,15/9-F-4,24.000,,,,,,,,4459.109,injection,WI
2015-09-17,15/9-F-4,24.000,,,,,,,,4532.096,injection,WI
2015-09-18,15/9-F-4,24.000,,,,,,,,4473.347,injection,WI
2015-09-19,15/9-F-4,24.000,,,,,,,,4438.608,injection,WI
2015-09-20,15/9-F-4,24.000,,,,,,,,4430.433,injection,WI
2015-09-21,15/9-F-4,24.000,,,,,,,,4455.439,injection,WI
2015-09-22,15/9-F-4,19.984,,,,,,,,3201.409,injection,WI
2015-09-23,15/9-F-4,24.000,,,,,,,,4307.068,injection,WI
2015-09-24,15/9-F-4,24.000,,,,,,,,4162.248,injection,WI
2015-09-25,15/9-F-4,24.000,,,,,,,,4281.873,injection,WI
2015-09-26,15/9-F-4,24.000,,,,,,,,4375.047,injection,WI
2015-09-27,15/9-F-4,24.000,,,,,,,,4375.841,injection,WI
2015-09-28,15/9-F-4,24.000,,,,,,,,4389.714,injection,WI
2015-09-29,15/9-F-4,24.000,,,,,,,,4329.000,injection,WI
2015-09-30,15/9-F-4,24.000,,,,,,,,4302.000,injection,WI
2015-10-01,15/9-F-4,24.000,,,,,,,,4357.000,injection,WI
2015-10-02,15/9-F-4,24.000,,,,,,,,4629.000,injection,WI
2015-10-03,15/9-F-4,21.500,,,,,,,,4174.000,injection,WI
2015-10-04,15/9-F-4,24.000,,,,,,,,4749.000,injection,WI
2015-10-05,15/9-F-4,24.000,,,,,,,,4670.000,injection,WI
2015-10-06,15/9-F-4,24.000,,,,,,,,4656.870,injection,WI
2015-10-07,15/9-F-4,24.000,,,,,,,,4628.334,injection,WI
2015-10-08,15/9-F-4,24.000,,,,,,,,4600.749,injection,WI
2015-10-09,15/9-F-4,24.000,,,,,,,,4645.764,injection,WI
2015-10-10,15/9-F-4,24.000,,,,,,,,4689.836,injection,WI
2015-10-11,15/9-F-4,24.000,,,,,,,,4748.603,injection,WI
2015-10-12,15/9-F-4,24.000,,,,,,,,4743.897,injection,WI
2015-10-13,15/9-F-4,16.683,,,,,,,,3226.037,injection,WI
2015-10-14,15/9-F-4,24.000,,,,,,,,4268.266,injection,WI
2015-10-15,15/9-F-4,24.000,,,,,,,,4280.509,injection,WI
2015-10-16,15/9-F-4,24.000,,,,,,,,4178.637,injection,WI
2015-10-17,15/9-F-4,18.417,,,,,,,,3216.083,injection,WI
2015-10-18,15/9-F-4,24.000,,,,,,,,4359.937,injection,WI
2015-10-19,15/9-F-4,24.000,,,,,,,,4239.765,injection,WI
2015-10-20,15/9-F-4,24.000,,,,,,,,4275.334,injection,WI
2015-10-21,15/9-F-4,24.000,,,,,,,,4326.022,injection,WI
2015-10-22,15/9-F-4,24.000,,,,,,,,4375.501,injection,WI
2015-10-23,15/9-F-4,24.000,,,,,,,,4370.968,injection,WI
2015-10-24,15/9-F-4,24.000,,,,,,,,4364.369,injection,WI
2015-10-25,15/9-F-4,24.000,,,,,,,,4359.061,injection,WI
2015-10-26,15/9-F-4,24.000,,,,,,,,4418.980,injection,WI
2015-10-27,15/9-F-4,24.000,,,,,,,,4422.407,injection,WI
2015-10-28,15/9-F-4,24.000,,,,,,,,4443.040,injection,WI
2015-10-29,15/9-F-4,24.000,,,,,,,,4466.872,injection,WI
2015-10-30,15/9-F-4,24.000,,,,,,,,4484.868,injection,WI
2015-10-31,15/9-F-4,24.000,,,,,,,,4490.505,injection,WI
2015-11-01,15/9-F-4,24.000,,,,,,,,4543.455,injection,WI
2015-11-02,15/9-F-4,11.025,,,,,,,,2017.302,injection,WI
2015-11-03,15/9-F-4,21.475,,,,,,,,6943.187,injection,WI
2015-11-04,15/9-F-4,24.000,,,,,,,,7763.885,injection,WI
2015-11-05,15/9-F-4,18.000,,,,,,,,4434.792,injection,WI
2015-11-06,15/9-F-4,24.000,,,,,,,,4519.319,injection,WI
2015-11-07,15/9-F-4,24.000,,,,,,,,7045.680,injection,WI
2015-11-08,15/9-F-4,24.000,,,,,,,,7341.271,injection,WI
2015-11-09,15/9-F-4,24.000,,,,,,,,7154.219,injection,WI
2015-11-10,15/9-F-4,24.000,,,,,,,,7439.000,injection,WI
2015-11-11,15/9-F-4,24.000,,,,,,,,7698.000,injection,WI
2015-11-12,15/9-F-4,24.000,,,,,,,,6866.000,injection,WI
2015-11-13,15/9-F-4,24.000,,,,,,,,7151.000,injection,WI
2015-11-14,15/9-F-4,24.000,,,,,,,,7201.000,injection,WI
2015-11-15,15/9-F-4,24.000,,,,,,,,4545.000,injection,WI
2015-11-16,15/9-F-4,24.000,,,,,,,,4434.000,injection,WI
2015-11-17,15/9-F-4,24.000,,,,,,,,4503.425,injection,WI
2015-11-18,15/9-F-4,24.000,,,,,,,,4553.480,injection,WI
2015-11-19,15/9-F-4,24.000,,,,,,,,4490.688,injection,WI
2015-11-20,15/9-F-4,24.000,,,,,,,,4460.802,injection,WI
2015-11-21,15/9-F-4,24.000,,,,,,,,4420.077,injection,WI
2015-11-22,15/9-F-4,24.000,,,,,,,,4493.880,injection,WI
2015-11-23,15/9-F-4,24.000,,,,,,,,4512.149,injection,WI
2015-11-24,15/9-F-4,24.000,,,,,,,,4557.065,injection,WI
2015-11-25,15/9-F-4,24.000,,,,,,,,4555.772,injection,WI
2015-11-26,15/9-F-4,24.000,,,,,,,,4564.327,injection,WI
2015-11-27,15/9-F-4,24.000,,,,,,,,4558.611,injection,WI
2015-11-28,15/9-F-4,24.000,,,,,,,,4572.638,injection,WI
2015-11-29,15/9-F-4,24.000,,,,,,,,4586.577,injection,WI
2015-11-30,15/9-F-4,24.000,,,,,,,,4578.379,injection,WI
2015-12-01,15/9-F-4,24.000,,,,,,,,4556.805,injection,WI
2015-12-02,15/9-F-4,24.000,,,,,,,,4558.030,injection,WI
2015-12-03,15/9-F-4,24.000,,,,,,,,5793.147,injection,WI
2015-12-04,15/9-F-4,24.000,,,,,,,,7159.490,injection,WI
2015-12-05,15/9-F-4,24.000,,,,,,,,7034.113,injection,WI
2015-12-06,15/9-F-4,24.000,,,,,,,,7074.849,injection,WI
2015-12-07,15/9-F-4,24.000,,,,,,,,7045.610,injection,WI
2015-12-08,15/9-F-4,24.000,,,,,,,,7304.858,injection,WI
2015-12-09,15/9-F-4,19.250,,,,,,,,3997.072,injection,WI
2015-12-10,15/9-F-4,24.000,,,,,,,,4269.213,injection,WI
2015-12-11,15/9-F-4,24.000,,,,,,,,4320.252,injection,WI
2015-12-12,15/9-F-4,24.000,,,,,,,,4311.234,injection,WI
2015-12-13,15/9-F-4,24.000,,,,,,,,4322.208,injection,WI
2015-12-14,15/9-F-4,24.000,,,,,,,,4344.685,injection,WI
2015-12-15,15/9-F-4,24.000,,,,,,,,4383.930,injection,WI
2015-12-16,15/9-F-4,24.000,,,,,,,,4413.032,injection,WI
2015-12-17,15/9-F-4,24.000,,,,,,,,4415.989,injection,WI
2015-12-18,15/9-F-4,24.000,,,,,,,,4435.369,injection,WI
2015-12-19,15/9-F-4,24.000,,,,,,,,4478.491,injection,WI
2015-12-20,15/9-F-4,24.000,,,,,,,,4450.245,injection,WI
2015-12-21,15/9-F-4,24.000,,,,,,,,4509.208,injection,WI
2015-12-22,15/9-F-4,24.000,,,,,,,,4589.000,injection,WI
2015-12-23,15/9-F-4,24.000,,,,,,,,4584.000,injection,WI
2015-12-24,15/9-F-4,24.000,,,,,,,,4579.000,injection,WI
2015-12-25,15/9-F-4,24.000,,,,,,,,4570.000,injection,WI
2015-12-26,15/9-F-4,24.000,,,,,,,,4589.000,injection,WI
2015-12-27,15/9-F-4,24.000,,,,,,,,4582.000,injection,WI
2015-12-28,15/9-F-4,24.000,,,,,,,,4573.000,injection,WI
2015-12-29,15/9-F-4,24.000,,,,,,,,4550.880,injection,WI
2015-12-30,15/9-F-4,24.000,,,,,,,,4540.222,injection,WI
2015-12-31,15/9-F-4,24.000,,,,,,,,4586.704,injection,WI
2016-01-01,15/9-F-4,24.000,,,,,,,,4574.158,injection,WI
2016-01-02,15/9-F-4,24.000,,,,,,,,4559.059,injection,WI
2016-01-03,15/9-F-4,17.000,,,,,,,,3203.406,injection,WI
2016-01-04,15/9-F-4,24.000,,,,,,,,3602.034,injection,WI
2016-01-05,15/9-F-4,24.000,,,,,,,,6438.993,injection,WI
2016-01-06,15/9-F-4,24.000,,,,,,,,7166.635,injection,WI
2016-01-07,15/9-F-4,24.000,,,,,,,,7186.760,injection,WI
2016-01-08,15/9-F-4,24.000,,,,,,,,7038.235,injection,WI
2016-01-09,15/9-F-4,24.000,,,,,,,,6877.910,injection,WI
2016-01-10,15/9-F-4,24.000,,,,,,,,6824.330,injection,WI
2016-01-11,15/9-F-4,24.000,,,,,,,,6939.191,injection,WI
2016-01-12,15/9-F-4,24.000,,,,,,,,6781.411,injection,WI
2016-01-13,15/9-F-4,21.000,,,,,,,,3858.251,injection,WI
2016-01-14,15/9-F-4,24.000,,,,,,,,4220.510,injection,WI
2016-01-15,15/9-F-4,24.000,,,,,,,,4191.034,injection,WI
2016-01-16,15/9-F-4,24.000,,,,,,,,4187.668,injection,WI
2016-01-17,15/9-F-4,24.000,,,,,,,,4166.728,injection,WI
2016-01-18,15/9-F-4,24.000,,,,,,,,4177.084,injection,WI
2016-01-19,15/9-F-4,24.000,,,,,,,,4165.137,injection,WI
2016-01-20,15/9-F-4,20.333,,,,,,,,3748.774,injection,WI
2016-01-21,15/9-F-4,24.000,,,,,,,,4661.583,injection,WI
2016-01-22,15/9-F-4,24.000,,,,,,,,4713.888,injection,WI
2016-01-23,15/9-F-4,24.000,,,,,,,,4677.677,injection,WI
2016-01-24,15/9-F-4,24.000,,,,,,,,4372.920,injection,WI
2016-01-25,15/9-F-4,19.258,,,,,,,,3595.031,injection,WI
2016-01-26,15/9-F-4,19.742,,,,,,,,3727.438,injection,WI
2016-01-27,15/9-F-4,24.000,,,,,,,,4494.623,injection,WI
2016-01-28,15/9-F-4,24.000,,,,,,,,4431.899,injection,WI
2016-01-29,15/9-F-4,24.000,,,,,,,,4491.627,injection,WI
2016-01-30,15/9-F-4,24.000,,,,,,,,4529.333,injection,WI
2016-01-31,15/9-F-4,24.000,,,,,,,,4526.607,injection,WI
2016-02-01,15/9-F-4,24.000,,,,,,,,4513.408,injection,WI
2016-02-02,15/9-F-4,24.000,,,,,,,,4515.437,injection,WI
2016-02-03,15/9-F-4,24.000,,,,,,,,4524.000,injection,WI
2016-02-04,15/9-F-4,21.417,,,,,,,,3769.000,injection,WI
2016-02-05,15/9-F-4,24.000,,,,,,,,4671.000,injection,WI
2016-02-06,15/9-F-4,24.000,,,,,,,,4691.000,injection,WI
2016-02-07,15/9-F-4,24.000,,,,,,,,4683.000,injection,WI
2016-02-08,15/9-F-4,24.000,,,,,,,,4683.000,injection,WI
2016-02-09,15/9-F-4,24.000,,,,,,,,4655.048,injection,WI
2016-02-10,15/9-F-4,24.000,,,,,,,,4125.597,injection,WI
2016-02-11,15/9-F-4,24.000,,,,,,,,3349.949,injection,WI
2016-02-12,15/9-F-4,24.000,,,,,,,,3342.330,injection,WI
2016-02-13,15/9-F-4,24.000,,,,,,,,3340.969,injection,WI
2016-02-14,15/9-F-4,24.000,,,,,,,,3340.692,injection,WI
2016-02-15,15/9-F-4,24.000,,,,,,,,3332.570,injection,WI
2016-02-16,15/9-F-4,24.000,,,,,,,,3321.013,injection,WI
2016-02-17,15/9-F-4,24.000,,,,,,,,3314.378,injection,WI
2016-02-18,15/9-F-4,24.000,,,,,,,,3314.929,injection,WI
2016-02-19,15/9-F-4,24.000,,,,,,,,3620.954,injection,WI
2016-02-20,15/9-F-4,24.000,,,,,,,,6488.470,injection,WI
2016-02-21,15/9-F-4,24.000,,,,,,,,7129.350,injection,WI
2016-02-22,15/9-F-4,24.000,,,,,,,,7454.021,injection,WI
2016-02-23,15/9-F-4,24.000,,,,,,,,7545.886,injection,WI
2016-02-24,15/9-F-4,24.000,,,,,,,,7642.264,injection,WI
2016-02-25,15/9-F-4,24.000,,,,,,,,7760.064,injection,WI
2016-02-26,15/9-F-4,24.000,,,,,,,,7434.411,injection,WI
2016-02-27,15/9-F-4,24.000,,,,,,,,7638.073,injection,WI
2016-02-28,15/9-F-4,24.000,,,,,,,,7791.211,injection,WI
2016-02-29,15/9-F-4,24.000,,,,,,,,6086.103,injection,WI
2016-03-01,15/9-F-4,24.000,,,,,,,,4419.369,injection,WI
2016-03-02,15/9-F-4,24.000,,,,,,,,4512.863,injection,WI
2016-03-03,15/9-F-4,24.000,,,,,,,,4581.976,injection,WI
2016-03-04,15/9-F-4,24.000,,,,,,,,4599.851,injection,WI
2016-03-05,15/9-F-4,24.000,,,,,,,,4599.620,injection,WI
2016-03-06,15/9-F-4,24.000,,,,,,,,4591.800,injection,WI
2016-03-07,15/9-F-4,24.000,,,,,,,,4599.950,injection,WI
2016-03-08,15/9-F-4,24.000,,,,,,,,4597.262,injection,WI
2016-03-09,15/9-F-4,24.000,,,,,,,,4590.336,injection,WI
2016-03-10,15/9-F-4,24.000,,,,,,,,4592.788,injection,WI
2016-03-11,15/9-F-4,24.000,,,,,,,,4594.812,injection,WI
2016-03-12,15/9-F-4,24.000,,,,,,,,4620.367,injection,WI
2016-03-13,15/9-F-4,24.000,,,,,,,,4599.728,injection,WI
2016-03-14,15/9-F-4,24.000,,,,,,,,4569.803,injection,WI
2016-03-15,15/9-F-4,24.000,,,,,,,,4588.000,injection,WI
2016-03-16,15/9-F-4,24.000,,,,,,,,4556.000,injection,WI
2016-03-17,15/9-F-4,24.000,,,,,,,,4586.000,injection,WI
2016-03-18,15/9-F-4,24.000,,,,,,,,4597.000,injection,WI
2016-03-19,15/9-F-4,24.000,,,,,,,,4584.000,injection,WI
2016-03-20,15/9-F-4,24.000,,,,,,,,4554.000,injection,WI
2016-03-21,15/9-F-4,24.000,,,,,,,,4547.000,injection,WI
2016-03-22,15/9-F-4,24.000,,,,,,,,4534.047,injection,WI
2016-03-23,15/9-F-4,24.000,,,,,,,,4531.927,injection,WI
2016-03-24,15/9-F-4,24.000,,,,,,,,4518.663,injection,WI
2016-03-25,15/9-F-4,24.000,,,,,,,,4523.556,injection,WI
2016-03-26,15/9-F-4,24.000,,,,,,,,4535.353,injection,WI
2016-03-27,15/9-F-4,23.000,,,,,,,,4344.000,injection,WI
2016-03-28,15/9-F-4,24.000,,,,,,,,4542.812,injection,WI
2016-03-29,15/9-F-4,24.000,,,,,,,,4529.347,injection,WI
2016-03-30,15/9-F-4,24.000,,,,,,,,4528.686,injection,WI
2016-03-31,15/9-F-4,24.000,,,,,,,,4530.869,injection,WI
2016-04-01,15/9-F-4,24.000,,,,,,,,4601.625,injection,WI
2016-04-02,15/9-F-4,24.000,,,,,,,,6429.660,injection,WI
2016-04-03,15/9-F-4,24.000,,,,,,,,4598.718,injection,WI
2016-04-04,15/9-F-4,24.000,,,,,,,,5137.816,injection,WI
2016-04-05,15/9-F-4,24.000,,,,,,,,6521.452,injection,WI
2016-04-06,15/9-F-4,15.000,,,,,,,,4443.900,injection,WI
2016-04-07,15/9-F-4,24.000,,,,,,,,7938.131,injection,WI
2016-04-08,15/9-F-4,24.000,,,,,,,,8076.627,injection,WI
2016-04-09,15/9-F-4,24.000,,,,,,,,8042.569,injection,WI
2016-04-10,15/9-F-4,24.000,,,,,,,,8058.926,injection,WI
2016-04-11,15/9-F-4,24.000,,,,,,,,8102.068,injection,WI
2016-04-12,15/9-F-4,24.000,,,,,,,,8102.515,injection,WI
2016-04-13,15/9-F-4,24.000,,,,,,,,8112.030,injection,WI
2016-04-14,15/9-F-4,24.000,,,,,,,,8110.027,injection,WI
2016-04-15,15/9-F-4,24.000,,,,,,,,8125.379,injection,WI
2016-04-16,15/9-F-4,24.000,,,,,,,,8095.102,injection,WI
2016-04-17,15/9-F-4,24.000,,,,,,,,8086.276,injection,WI
2016-04-18,15/9-F-4,24.000,,,,,,,,7337.137,injection,WI
2016-04-19,15/9-F-4,24.000,,,,,,,,6979.064,injection,WI
2016-04-20,15/9-F-4,24.000,,,,,,,,6379.542,injection,WI
2016-04-21,15/9-F-4,24.000,,,,,,,,7917.068,injection,WI
2016-04-22,15/9-F-4,14.833,,,,,,,,4717.997,injection,WI
2016-04-23,15/9-F-4,24.000,,,,,,,,7985.353,injection,WI
2016-04-24,15/9-F-4,24.000,,,,,,,,7981.159,injection,WI
2016-04-25,15/9-F-4,24.000,,,,,,,,7942.595,injection,WI
2016-04-26,15/9-F-4,24.000,,,,,,,,7940.733,injection,WI
2016-04-27,15/9-F-4,24.000,,,,,,,,8009.834,injection,WI
2016-04-28,15/9-F-4,24.000,,,,,,,,8788.736,injection,WI
2016-04-29,15/9-F-4,24.000,,,,,,,,8767.374,injection,WI
2016-04-30,15/9-F-4,24.000,,,,,,,,8748.902,injection,WI
2016-05-01,15/9-F-4,24.000,,,,,,,,8763.800,injection,WI
2016-05-02,15/9-F-4,24.000,,,,,,,,8812.746,injection,WI
2016-05-03,15/9-F-4,24.000,,,,,,,,8851.766,injection,WI
2016-05-04,15/9-F-4,24.000,,,,,,,,8853.174,injection,WI
2016-05-05,15/9-F-4,24.000,,,,,,,,8871.331,injection,WI
2016-05-06,15/9-F-4,24.000,,,,,,,,8835.599,injection,WI
2016-05-07,15/9-F-4,24.000,,,,,,,,8803.215,injection,WI
2016-05-08,15/9-F-4,24.000,,,,,,,,8791.138,injection,WI
2016-05-09,15/9-F-4,24.000,,,,,,,,8776.875,injection,WI
2016-05-10,15/9-F-4,24.000,,,,,,,,8799.694,injection,WI
2016-05-11,15/9-F-4,24.000,,,,,,,,8779.404,injection,WI
2016-05-12,15/9-F-4,24.000,,,,,,,,8755.659,injection,WI
2016-05-13,15/9-F-4,24.000,,,,,,,,8752.921,injection,WI
2016-05-14,15/9-F-4,24.000,,,,,,,,8735.412,injection,WI
2016-05-15,15/9-F-4,24.000,,,,,,,,8715.706,injection,WI
2016-05-16,15/9-F-4,24.000,,,,,,,,8577.426,injection,WI
2016-05-17,15/9-F-4,24.000,,,,,,,,8516.927,injection,WI
2016-05-18,15/9-F-4,24.000,,,,,,,,8488.979,injection,WI
2016-05-19,15/9-F-4,24.000,,,,,,,,8467.252,injection,WI
2016-05-20,15/9-F-4,24.000,,,,,,,,8463.524,injection,WI
2016-05-21,15/9-F-4,24.000,,,,,,,,7582.811,injection,WI
2016-05-22,15/9-F-4,24.000,,,,,,,,8720.228,injection,WI
2016-05-23,15/9-F-4,24.000,,,,,,,,8751.091,injection,WI
2016-05-24,15/9-F-4,24.000,,,,,,,,8761.496,injection,WI
2016-05-25,15/9-F-4,24.000,,,,,,,,8729.417,injection,WI
2016-05-26,15/9-F-4,24.000,,,,,,,,8699.142,injection,WI
2016-05-27,15/9-F-4,24.000,,,,,,,,8704.286,injection,WI
2016-05-28,15/9-F-4,24.000,,,,,,,,8706.820,injection,WI
2016-05-29,15/9-F-4,24.000,,,,,,,,8721.034,injection,WI
2016-05-30,15/9-F-4,24.000,,,,,,,,8784.500,injection,WI
2016-05-31,15/9-F-4,24.000,,,,,,,,8705.802,injection,WI
2016-06-01,15/9-F-4,24.000,,,,,,,,8662.103,injection,WI
2016-06-02,15/9-F-4,24.000,,,,,,,,8666.765,injection,WI
2016-06-03,15/9-F-4,24.000,,,,,,,,8654.440,injection,WI
2016-06-04,15/9-F-4,24.000,,,,,,,,8717.333,injection,WI
2016-06-05,15/9-F-4,24.000,,,,,,,,8709.088,injection,WI
2016-06-06,15/9-F-4,24.000,,,,,,,,8707.413,injection,WI
2016-06-07,15/9-F-4,24.000,,,,,,,,8681.000,injection,WI
2016-06-08,15/9-F-4,21.083,,,,,,,,7376.000,injection,WI
2016-06-09,15/9-F-4,24.000,,,,,,,,8689.000,injection,WI
2016-06-10,15/9-F-4,24.000,,,,,,,,8693.000,injection,WI
2016-06-11,15/9-F-4,24.000,,,,,,,,8610.000,injection,WI
2016-06-12,15/9-F-4,15.500,,,,,,,,5632.000,injection,WI
2016-06-13,15/9-F-4,24.000,,,,,,,,8707.000,injection,WI
2016-06-14,15/9-F-4,24.000,,,,,,,,8711.100,injection,WI
2016-06-15,15/9-F-4,24.000,,,,,,,,8727.840,injection,WI
2016-06-16,15/9-F-4,24.000,,,,,,,,8743.900,injection,WI
2016-06-17,15/9-F-4,24.000,,,,,,,,8742.629,injection,WI
2016-06-18,15/9-F-4,24.000,,,,,,,,8750.902,injection,WI
2016-06-19,15/9-F-4,24.000,,,,,,,,8758.242,injection,WI
2016-06-20,15/9-F-4,24.000,,,,,,,,8760.703,injection,WI
2016-06-21,15/9-F-4,24.000,,,,,,,,8797.459,injection,WI
2016-06-22,15/9-F-4,24.000,,,,,,,,8839.524,injection,WI
2016-06-23,15/9-F-4,24.000,,,,,,,,8794.221,injection,WI
2016-06-24,15/9-F-4,24.000,,,,,,,,8759.515,injection,WI
2016-06-25,15/9-F-4,24.000,,,,,,,,8726.606,injection,WI
2016-06-26,15/9-F-4,24.000,,,,,,,,8736.066,injection,WI
2016-06-27,15/9-F-4,24.000,,,,,,,,8739.360,injection,WI
2016-06-28,15/9-F-4,24.000,,,,,,,,8723.694,injection,WI
2016-06-29,15/9-F-4,24.000,,,,,,,,8735.196,injection,WI
2016-06-30,15/9-F-4,24.000,,,,,,,,8729.161,injection,WI
2016-07-01,15/9-F-4,24.000,,,,,,,,8728.695,injection,WI
2016-07-02,15/9-F-4,24.000,,,,,,,,8725.374,injection,WI
2016-07-03,15/9-F-4,24.000,,,,,,,,8717.798,injection,WI
2016-07-04,15/9-F-4,24.000,,,,,,,,8716.044,injection,WI
2016-07-05,15/9-F-4,24.000,,,,,,,,8720.300,injection,WI
2016-07-06,15/9-F-4,24.000,,,,,,,,8724.400,injection,WI
2016-07-07,15/9-F-4,24.000,,,,,,,,8714.900,injection,WI
2016-07-08,15/9-F-4,24.000,,,,,,,,8687.110,injection,WI
2016-07-09,15/9-F-4,20.167,,,,,,,,7210.823,injection,WI
2016-07-10,15/9-F-4,24.000,,,,,,,,8670.884,injection,WI
2016-07-11,15/9-F-4,22.000,,,,,,,,7786.589,injection,WI
2016-07-12,15/9-F-4,24.000,,,,,,,,8188.120,injection,WI
2016-07-13,15/9-F-4,24.000,,,,,,,,7309.764,injection,WI
2016-07-14,15/9-F-4,18.058,,,,,,,,3807.368,injection,WI
2016-07-15,15/9-F-4,0.000,,,,,,,,0.000,injection,WI
2016-07-16,15/9-F-4,12.775,,,,,,,,4650.857,injection,WI
2016-07-17,15/9-F-4,14.058,,,,,,,,4940.928,injection,WI
2016-07-18,15/9-F-4,6.608,,,,,,,,2391.289,injection,WI
2016-07-19,15/9-F-4,24.000,,,,,,,,8561.000,injection,WI
2016-07-20,15/9-F-4,24.000,,,,,,,,8554.000,injection,WI
2016-07-21,15/9-F-4,24.000,,,,,,,,7174.000,injection,WI
2016-07-22,15/9-F-4,0.000,,,,,,,,0.000,injection,WI
2016-07-23,15/9-F-4,24.000,,,,,,,,1295.000,injection,WI
2016-07-24,15/9-F-4,24.000,,,,,,,,8523.000,injection,WI
2016-07-25,15/9-F-4,24.000,,,,,,,,8343.000,injection,WI
2016-07-26,15/9-F-4,20.150,,,,,,,,6887.400,injection,WI
2016-07-27,15/9-F-4,14.333,,,,,,,,2770.650,injection,WI
2016-07-28,15/9-F-4,24.000,,,,,,,,7693.754,injection,WI
2016-07-29,15/9-F-4,12.000,,,,,,,,3970.994,injection,WI
2016-07-30,15/9-F-4,12.500,,,,,,,,4588.644,injection,WI
2016-07-31,15/9-F-4,24.000,,,,,,,,4923.023,injection,WI
2016-08-01,15/9-F-4,24.000,,,,,,,,3623.883,injection,WI
2016-08-02,15/9-F-4,21.725,,,,,,,,7704.045,injection,WI
2016-08-03,15/9-F-4,0.000,,,,,,,,0.044,injection,WI
2016-08-04,15/9-F-4,13.858,,,,,,,,2906.992,injection,WI
2016-08-05,15/9-F-4,24.000,,,,,,,,5250.278,injection,WI
2016-08-06,15/9-F-4,24.000,,,,,,,,5312.794,injection,WI
2016-08-07,15/9-F-4,24.000,,,,,,,,5350.133,injection,WI
2016-08-08,15/9-F-4,24.000,,,,,,,,5406.574,injection,WI
2016-08-09,15/9-F-4,21.000,,,,,,,,4413.787,injection,WI
2016-08-10,15/9-F-4,24.000,,,,,,,,5230.482,injection,WI
2016-08-11,15/9-F-4,24.000,,,,,,,,5285.005,injection,WI
2016-08-12,15/9-F-4,24.000,,,,,,,,5328.379,injection,WI
2016-08-13,15/9-F-4,24.000,,,,,,,,5531.675,injection,WI
2016-08-14,15/9-F-4,24.000,,,,,,,,5553.798,injection,WI
2016-08-15,15/9-F-4,24.000,,,,,,,,4940.921,injection,WI
2016-08-16,15/9-F-4,24.000,,,,,,,,4525.325,injection,WI
2016-08-17,15/9-F-4,24.000,,,,,,,,4509.044,injection,WI
2016-08-18,15/9-F-4,24.000,,,,,,,,4492.121,injection,WI
2016-08-19,15/9-F-4,24.000,,,,,,,,4486.260,injection,WI
2016-08-20,15/9-F-4,24.000,,,,,,,,4499.296,injection,WI
2016-08-21,15/9-F-4,24.000,,,,,,,,4507.959,injection,WI
2016-08-22,15/9-F-4,24.000,,,,,,,,4482.312,injection,WI
2016-08-23,15/9-F-4,24.000,,,,,,,,4479.315,injection,WI
2016-08-24,15/9-F-4,24.000,,,,,,,,4492.808,injection,WI
2016-08-25,15/9-F-4,24.000,,,,,,,,4506.036,injection,WI
2016-08-26,15/9-F-4,24.000,,,,,,,,4512.446,injection,WI
2016-08-27,15/9-F-4,24.000,,,,,,,,4465.573,injection,WI
2016-08-28,15/9-F-4,24.000,,,,,,,,4496.593,injection,WI
2016-08-29,15/9-F-4,24.000,,,,,,,,2088.957,injection,WI
2016-08-30,15/9-F-4,0.000,,,,,,,,0.000,injection,WI
2016-08-31,15/9-F-4,0.000,,,,,,,,0.041,injection,WI
2016-09-01,15/9-F-4,24.000,,,,,,,,1938.000,injection,WI
2016-09-02,15/9-F-4,24.000,,,,,,,,4514.000,injection,WI
2016-09-03,15/9-F-4,24.000,,,,,,,,4613.000,injection,WI
2016-09-04,15/9-F-4,24.000,,,,,,,,4905.000,injection,WI
2016-09-05,15/9-F-4,24.000,,,,,,,,4451.000,injection,WI
2016-09-06,15/9-F-4,24.000,,,,,,,,4422.755,injection,WI
2016-09-07,15/9-F-4,24.000,,,,,,,,4431.691,injection,WI
2016-09-08,15/9-F-4,24.000,,,,,,,,4454.881,injection,WI
2016-09-09,15/9-F-4,24.000,,,,,,,,4452.007,injection,WI
2016-09-10,15/9-F-4,24.000,,,,,,,,4435.164,injection,WI
2016-09-11,15/9-F-4,24.000,,,,,,,,4437.442,injection,WI
2016-09-12,15/9-F-4,10.942,,,,,,,,1971.781,injection,WI
2016-09-13,15/9-F-4,0.000,,,,,,,,0.034,injection,WI
2016-09-14,15/9-F-4,9.558,,,,,,,,1810.684,injection,WI
2016-09-15,15/9-F-4,24.000,,,,,,,,4469.376,injection,WI
2016-09-16,15/9-F-4,24.000,,,,,,,,4474.813,injection,WI
2016-09-17,15/9-F-4,7.608,,,,,,,,1419.012,injection,WI
2016-09-18,15/9-F-4,0.000,,,,,,,,0.000,injection,WI
2016-09-19,15/9-F-4,0.000,,,,,,,,0.235,injection,WI
2016-09-20,15/9-F-4,,,,,,,,,,injection,WI
2016-09-21,15/9-F-4,,,,,,,,,,injection,WI
2016-09-22,15/9-F-4,,,,,,,,,,injection,WI
2016-09-23,15/9-F-4,,,,,,,,,,injection,WI
2016-09-24,15/9-F-4,,,,,,,,,,injection,WI
2016-09-25,15/9-F-4,,,,,,,,,,injection,WI
2016-09-26,15/9-F-4,,,,,,,,,,injection,WI
2016-09-27,15/9-F-4,,,,,,,,,,injection,WI
2016-09-28,15/9-F-4,,,,,,,,,,injection,WI
2016-09-29,15/9-F-4,,,,,,,,,,injection,WI
2016-09-30,15/9-F-4,,,,,,,,,,injection,WI
2016-10-01,15/9-F-4,,,,,,,,,,injection,WI
2016-10-02,15/9-F-4,,,,,,,,,,injection,WI
2016-10-03,15/9-F-4,,,,,,,,,,injection,WI
2016-10-04,15/9-F-4,,,,,,,,,,injection,WI
2016-10-05,15/9-F-4,,,,,,,,,,injection,WI
2016-10-06,15/9-F-4,,,,,,,,,,injection,WI
2016-10-07,15/9-F-4,,,,,,,,,,injection,WI
2016-11-01,15/9-F-4,,,,,,,,,,injection,WI
2016-12-01,15/9-F-4,,,,,,,,,,injection,WI
