DATEPRD,NPD_WELL_BORE_NAME,ON_STREAM_HRS,AVG_DOWNHOLE_PRESSURE,AVG_DOWNHOLE_TEMPERATURE,AVG_WHP_P,AVG_CHOKE_SIZE_P,BORE_OIL_VOL,BORE_GAS_VOL,BORE_WAT_VOL,BORE_WI_VOL,FLOW_KIND,WELL_TYPE
2008-02-12,15/9-F-14,0.000,0.000,0.000,0.000,,0.000,0.000,0.000,,production,OP
2008-02-13,15/9-F-14,0.000,0.000,0.000,0.000,,0.000,0.000,0.000,,production,OP
2008-02-14,15/9-F-14,0.000,0.000,0.000,0.000,,0.000,0.000,0.000,,production,OP
2008-02-15,15/9-F-14,0.000,0.000,0.000,0.000,,0.000,0.000,0.000,,production,OP
2008-02-16,15/9-F-14,0.000,0.000,0.000,0.000,,0.000,0.000,0.000,,production,OP
2008-02-17,15/9-F-14,0.000,0.000,0.000,0.000,,0.000,0.000,0.000,,production,OP
2008-02-18,15/9-F-14,0.000,0.000,0.000,0.000,,0.000,0.000,0.000,,production,OP
2008-02-19,15/9-F-14,0.000,0.000,0.000,0.000,,0.000,0.000,0.000,,production,OP
2008-02-20,15/9-F-14,0.000,0.000,0.000,0.000,,0.000,0.000,0.000,,production,OP
2008-02-21,15/9-F-14,0.000,0.000,0.000,0.000,,0.000,0.000,0.000,,production,OP
2008-02-22,15/9-F-14,0.000,0.000,0.000,0.000,,0.000,0.000,0.000,,production,OP
2008-02-23,15/9-F-14,0.000,0.000,0.000,0.000,,0.000,0.000,0.000,,production,OP
2008-02-24,15/9-F-14,0.000,0.000,0.000,0.000,,0.000,0.000,0.000,,production,OP
2008-02-25,15/9-F-14,0.000,0.000,0.000,0.000,,0.000,0.000,0.000,,production,OP
2008-02-26,15/9-F-14,0.000,0.000,0.000,0.000,,0.000,0.000,0.000,,production,OP
2008-02-27,15/9-F-14,0.000,0.000,0.000,0.000,,0.000,0.000,0.000,,production,OP
2008-02-28,15/9-F-14,0.000,0.000,0.000,0.000,,0.000,0.000,0.000,,production,OP
2008-02-29,15/9-F-14,0.000,0.000,0.000,0.000,,0.000,0.000,0.000,,production,OP
2008-03-01,15/9-F-14,0.000,0.000,0.000,0.000,,0.000,0.000,0.000,,production,OP
2008-03-02,15/9-F-14,0.000,0.000,0.000,0.000,,0.000,0.000,0.000,,production,OP
2008-03-03,15/9-F-14,0.000,0.000,0.000,0.000,,0.000,0.000,0.000,,production,OP
2008-03-04,15/9-F-14,0.000,0.000,0.000,0.000,,0.000,0.000,0.000,,production,OP
2008-03-05,15/9-F-14,0.000,0.000,0.000,0.000,,0.000,0.000,0.000,,production,OP
2008-03-06,15/9-F-14,0.000,0.000,0.000,0.000,,0.000,0.000,0.000,,production,OP
2008-03-07,15/9-F-14,0.000,0.000,0.000,0.000,,0.000,0.000,0.000,,production,OP
2008-03-08,15/9-F-14,0.000,0.000,0.000,0.000,,0.000,0.000,0.000,,production,OP
2008-03-09,15/9-F-14,0.000,0.000,0.000,0.000,,0.000,0.000,0.000,,production,OP
2008-03-10,15/9-F-14,0.000,0.000,0.000,0.000,,0.000,0.000,0.000,,production,OP
2008-03-11,15/9-F-14,0.000,0.000,0.000,0.000,,0.000,0.000,0.000,,production,OP
2008-03-12,15/9-F-14,0.000,0.000,0.000,0.000,,0.000,0.000,0.000,,production,OP
2008-03-13,15/9-F-14,0.000,0.000,0.000,0.000,,0.000,0.000,0.000,,production,OP
2008-03-14,15/9-F-14,0.000,0.000,0.000,0.000,,0.000,0.000,0.000,,production,OP
2008-03-15,15/9-F-14,0.000,0.000,0.000,0.000,,0.000,0.000,0.000,,production,OP
2008-03-16,15/9-F-14,0.000,0.000,0.000,0.000,,0.000,0.000,0.000,,production,OP
2008-03-17,15/9-F-14,0.000,0.000,0.000,0.000,,0.000,0.000,0.000,,production,OP
2008-03-18,15/9-F-14,0.000,0.000,0.000,0.000,,0.000,0.000,0.000,,production,OP
2008-03-19,15/9-F-14,0.000,0.000,0.000,0.000,,0.000,0.000,0.000,,production,OP
2008-03-20,15/9-F-14,0.000,0.000,0.000,0.000,,0.000,0.000,0.000,,production,OP
2008-03-21,15/9-F-14,0.000,0.000,0.000,0.000,,0.000,0.000,0.000,,production,OP
2008-03-22,15/9-F-14,0.000,0.000,0.000,0.000,,0.000,0.000,0.000,,production,OP
2008-03-23,15/9-F-14,0.000,0.000,0.000,0.000,,0.000,0.000,0.000,,production,OP
2008-03-24,15/9-F-14,0.000,0.000,0.000,0.000,,0.000,0.000,0.000,,production,OP
2008-03-25,15/9-F-14,0.000,0.000,0.000,0.000,,0.000,0.000,0.000,,production,OP
2008-03-26,15/9-F-14,0.000,0.000,0.000,0.000,,0.000,0.000,0.000,,production,OP
2008-03-27,15/9-F-14,0.000,0.000,0.000,0.000,,0.000,0.000,0.000,,production,OP
2008-03-28,15/9-F-14,0.000,0.000,0.000,0.000,,0.000,0.000,0.000,,production,OP
2008-03-29,15/9-F-14,0.000,0.000,0.000,0.000,,0.000,0.000,0.000,,production,OP
2008-03-30,15/9-F-14,0.000,0.000,0.000,0.000,0.000,0.000,0.000,0.000,,production,OP
2008-03-31,15/9-F-14,0.000,0.000,0.000,0.000,,0.000,0.000,0.000,,production,OP
2008-04-01,15/9-F-14,0.000,0.000,0.000,0.000,,0.000,0.000,0.000,,production,OP
2008-04-02,15/9-F-14,0.000,0.000,0.000,0.000,,0.000,0.000,0.000,,production,OP
2008-04-03,15/9-F-14,0.000,0.000,0.000,0.000,,0.000,0.000,0.000,,production,OP
2008-04-04,15/9-F-14,0.000,0.000,0.000,0.000,,0.000,0.000,0.000,,production,OP
2008-04-05,15/9-F-14,0.000,0.000,0.000,0.000,,0.000,0.000,0.000,,production,OP
2008-04-06,15/9-F-14,0.000,0.000,0.000,0.000,,0.000,0.000,0.000,,production,OP
2008-04-07,15/9-F-14,0.000,0.000,0.000,0.000,,0.000,0.000,0.000,,production,OP
2008-04-08,15/9-F-14,0.000,0.000,0.000,0.000,,0.000,0.000,0.000,,production,OP
2008-04-09,15/9-F-14,0.000,0.000,0.000,0.000,,0.000,0.000,0.000,,production,OP
2008-04-10,15/9-F-14,0.000,0.000,0.000,0.000,,0.000,0.000,0.000,,production,OP
2008-04-11,15/9-F-14,0.000,0.000,0.000,0.000,,0.000,0.000,0.000,,production,OP
2008-04-12,15/9-F-14,0.000,0.000,0.000,0.000,,0.000,0.000,0.000,,production,OP
2008-04-13,15/9-F-14,0.000,0.000,0.000,0.000,,0.000,0.000,0.000,,production,OP
2008-04-14,15/9-F-14,0.000,0.000,0.000,0.000,,0.000,0.000,0.000,,production,OP
2008-04-15,15/9-F-14,0.000,0.000,0.000,0.000,,0.000,0.000,0.000,,production,OP
2008-04-16,15/9-F-14,0.000,0.000,0.000,0.000,,0.000,0.000,0.000,,production,OP
2008-04-17,15/9-F-14,0.000,0.000,0.000,0.000,,0.000,0.000,0.000,,production,OP
2008-04-18,15/9-F-14,0.000,0.000,0.000,0.000,,0.000,0.000,0.000,,production,OP
2008-04-19,15/9-F-14,0.000,0.000,0.000,0.000,,0.000,0.000,0.000,,production,OP
2008-04-20,15/9-F-14,0.000,0.000,0.000,0.000,,0.000,0.000,0.000,,production,OP
2008-04-21,15/9-F-14,0.000,0.000,0.000,0.000,,0.000,0.000,0.000,,production,OP
2008-04-22,15/9-F-14,0.000,0.000,0.000,0.000,,0.000,0.000,0.000,,production,OP
2008-04-23,15/9-F-14,0.000,0.000,0.000,0.000,,0.000,0.000,0.000,,production,OP
2008-04-24,15/9-F-14,0.000,0.000,0.000,0.000,,0.000,0.000,0.000,,production,OP
2008-04-25,15/9-F-14,0.000,0.000,0.000,0.000,,0.000,0.000,0.000,,production,OP
2008-04-26,15/9-F-14,0.000,0.000,0.000,0.000,,0.000,0.000,0.000,,production,OP
2008-04-27,15/9-F-14,0.000,0.000,0.000,0.000,,0.000,0.000,0.000,,production,OP
2008-04-29,15/9-F-14,0.000,0.000,0.000,0.000,,0.000,0.000,0.000,,production,OP
2008-04-30,15/9-F-14,0.000,0.000,0.000,0.000,,0.000,0.000,0.000,,production,OP
2008-05-01,15/9-F-14,0.000,0.000,0.000,0.000,,0.000,0.000,0.000,,production,OP
2008-05-02,15/9-F-14,0.000,0.000,0.000,0.000,,0.000,0.000,0.000,,production,OP
2008-05-03,15/9-F-14,0.000,0.000,0.000,0.000,,0.000,0.000,0.000,,production,OP
2008-05-04,15/9-F-14,0.000,0.000,0.000,0.000,,0.000,0.000,0.000,,production,OP
2008-05-05,15/9-F-14,0.000,0.000,0.000,0.000,,0.000,0.000,0.000,,production,OP
2008-05-06,15/9-F-14,0.000,0.000,0.000,0.000,,0.000,0.000,0.000,,production,OP
2008-05-07,15/9-F-14,0.000,0.000,0.000,0.000,,0.000,0.000,0.000,,production,OP
2008-05-08,15/9-F-14,0.000,0.000,0.000,0.000,,0.000,0.000,0.000,,production,OP
2008-05-09,15/9-F-14,0.000,0.000,0.000,0.000,,0.000,0.000,0.000,,production,OP
2008-05-10,15/9-F-14,0.000,0.000,0.000,0.000,,0.000,0.000,0.000,,production,OP
2008-05-11,15/9-F-14,0.000,0.000,0.000,0.000,,0.000,0.000,0.000,,production,OP
2008-05-12,15/9-F-14,0.000,0.000,0.000,0.000,,0.000,0.000,0.000,,production,OP
2008-05-13,15/9-F-14,0.000,0.000,0.000,0.000,,0.000,0.000,0.000,,production,OP
2008-05-14,15/9-F-14,0.000,0.000,0.000,0.000,,0.000,0.000,0.000,,production,OP
2008-05-15,15/9-F-14,0.000,0.000,0.000,0.000,,0.000,0.000,0.000,,production,OP
2008-05-16,15/9-F-14,0.000,0.000,0.000,0.000,0.000,0.000,0.000,0.000,,production,OP
2008-05-17,15/9-F-14,0.000,0.000,0.000,0.000,,0.000,0.000,0.000,,production,OP
2008-05-18,15/9-F-14,0.000,0.000,0.000,0.000,,0.000,0.000,0.000,,production,OP
2008-05-19,15/9-F-14,0.000,0.000,0.000,0.000,,0.000,0.000,0.000,,production,OP
2008-05-20,15/9-F-14,0.000,117.499,19.175,0.000,0.000,0.000,0.000,0.000,,production,OP
2008-05-21,15/9-F-14,0.000,240.009,39.158,0.000,,0.000,0.000,0.000,,production,OP
2008-05-22,15/9-F-14,0.000,97.364,15.885,0.000,,0.000,0.000,0.000,,production,OP
2008-05-23,15/9-F-14,0.000,0.000,0.000,0.000,,0.000,0.000,0.000,,production,OP
2008-05-24,15/9-F-14,0.000,0.000,0.000,0.000,,0.000,0.000,0.000,,production,OP
2008-05-25,15/9-F-14,0.000,0.000,0.000,0.000,,0.000,0.000,0.000,,production,OP
2008-05-26,15/9-F-14,0.000,0.000,0.000,0.000,,0.000,0.000,0.000,,production,OP
2008-05-27,15/9-F-14,0.000,0.000,0.000,0.000,,0.000,0.000,0.000,,production,OP
2008-05-28,15/9-F-14,0.000,0.000,0.000,0.000,,0.000,0.000,0.000,,production,OP
2008-05-29,15/9-F-14,0.000,0.000,0.000,0.000,,0.000,0.000,0.000,,production,OP
2008-05-30,15/9-F-14,0.000,0.000,0.000,0.000,,0.000,0.000,0.000,,production,OP
2008-05-31,15/9-F-14,0.000,0.000,0.000,0.000,,0.000,0.000,0.000,,production,OP
2008-06-01,15/9-F-14,0.000,0.000,0.000,0.000,,0.000,0.000,0.000,,production,OP
2008-06-02,15/9-F-14,0.000,0.000,0.000,0.000,,0.000,0.000,0.000,,production,OP
2008-06-03,15/9-F-14,0.000,0.000,0.000,0.000,,0.000,0.000,0.000,,production,OP
2008-06-04,15/9-F-14,0.000,0.000,0.000,0.000,,0.000,0.000,0.000,,production,OP
2008-06-05,15/9-F-14,0.000,0.000,0.000,0.000,,0.000,0.000,0.000,,production,OP
2008-06-06,15/9-F-14,0.000,0.000,0.000,0.000,,0.000,0.000,0.000,,production,OP
2008-06-07,15/9-F-14,0.000,0.000,0.000,0.000,,0.000,0.000,0.000,,production,OP
2008-06-08,15/9-F-14,0.000,0.000,0.000,0.000,,0.000,0.000,0.000,,production,OP
2008-06-09,15/9-F-14,0.000,0.000,0.000,0.000,,0.000,0.000,0.000,,production,OP
2008-06-10,15/9-F-14,0.000,0.000,0.000,0.000,,0.000,0.000,0.000,,production,OP
2008-06-11,15/9-F-14,0.000,0.000,0.000,0.000,,0.000,0.000,0.000,,production,OP
2008-06-12,15/9-F-14,0.000,0.000,0.000,0.000,,0.000,0.000,0.000,,production,OP
2008-06-13,15/9-F-14,0.000,0.000,0.000,0.000,,0.000,0.000,0.000,,production,OP
2008-06-14,15/9-F-14,0.000,0.000,0.000,0.000,,0.000,0.000,0.000,,production,OP
2008-06-15,15/9-F-14,0.000,0.000,0.000,0.000,,0.000,0.000,0.000,,production,OP
2008-06-16,15/9-F-14,0.000,0.000,0.000,0.000,,0.000,0.000,0.000,,production,OP
2008-06-17,15/9-F-14,0.000,0.000,0.000,0.000,,0.000,0.000,0.000,,production,OP
2008-06-18,15/9-F-14,0.000,0.000,0.000,0.000,,0.000,0.000,0.000,,production,OP
2008-06-19,15/9-F-14,0.000,0.000,0.000,0.000,,0.000,0.000,0.000,,production,OP
2008-06-20,15/9-F-14,0.000,0.000,0.000,0.000,,0.000,0.000,0.000,,production,OP
2008-06-21,15/9-F-14,0.000,0.000,0.000,0.000,,0.000,0.000,0.000,,production,OP
2008-06-22,15/9-F-14,0.000,0.000,0.000,0.000,,0.000,0.000,0.000,,production,OP
2008-06-23,15/9-F-14,0.000,0.000,0.000,0.000,,0.000,0.000,0.000,,production,OP
2008-06-24,15/9-F-14,0.000,0.000,0.000,0.000,,0.000,0.000,0.000,,production,OP
2008-06-25,15/9-F-14,0.000,0.000,0.000,0.000,0.000,0.000,0.000,0.000,,production,OP
2008-06-26,15/9-F-14,0.000,0.000,0.000,0.000,,0.000,0.000,0.000,,production,OP
2008-06-27,15/9-F-14,0.000,0.000,0.000,0.000,0.000,0.000,0.000,0.000,,production,OP
2008-06-28,15/9-F-14,0.000,0.000,0.000,0.000,,0.000,0.000,0.000,,production,OP
2008-06-29,15/9-F-14,0.000,0.857,2.160,0.000,,0.000,0.000,0.000,,production,OP
2008-06-30,15/9-F-14,0.000,149.555,51.038,0.000,,0.000,0.000,0.000,,production,OP
2008-07-01,15/9-F-14,0.000,260.199,94.095,3.478,,0.000,0.000,0.000,,production,OP
2008-07-02,15/9-F-14,0.000,261.104,94.240,4.893,,0.000,0.000,0.000,,production,OP
2008-07-03,15/9-F-14,0.000,264.616,94.363,1.270,,0.000,0.000,0.000,,production,OP
2008-07-04,15/9-F-14,0.000,255.964,94.450,2.386,,0.000,0.000,0.000,,production,OP
2008-07-05,15/9-F-14,0.000,262.051,94.351,2.953,,0.000,0.000,0.000,,production,OP
2008-07-06,15/9-F-14,0.000,260.470,91.872,12.100,,0.000,0.000,0.000,,production,OP
2008-07-07,15/9-F-14,0.000,255.439,92.326,9.778,,0.000,0.000,0.000,,production,OP
2008-07-08,15/9-F-14,0.000,259.084,93.960,11.726,,0.000,0.000,0.000,,production,OP
2008-07-09,15/9-F-14,0.000,266.396,93.461,35.606,,0.000,0.000,0.000,,production,OP
2008-07-10,15/9-F-14,0.000,267.518,93.086,11.632,,0.000,0.000,0.000,,production,OP
2008-07-11,15/9-F-14,0.000,266.364,99.407,53.743,,0.000,0.000,0.000,,production,OP
2008-07-12,15/9-F-14,0.000,267.681,96.168,21.773,,0.000,0.000,0.000,,production,OP
2008-07-13,15/9-F-14,24.000,260.867,103.293,100.715,21.053,1735.260,252235.230,4.000,,production,OP
2008-07-14,15/9-F-14,5.570,256.248,104.018,99.598,27.223,592.360,88949.000,1.370,,production,OP
2008-07-15,15/9-F-14,24.000,254.983,103.967,98.650,27.278,2532.210,373786.280,5.840,,production,OP
2008-07-16,15/9-F-14,24.000,251.476,104.211,95.659,30.651,3030.710,447840.090,9.130,,production,OP
2008-07-17,15/9-F-14,24.000,249.346,104.339,93.585,32.563,3288.080,474614.430,7.580,,production,OP
2008-07-18,15/9-F-14,24.000,251.502,104.334,96.223,30.052,2780.060,410359.820,11.050,,production,OP
2008-07-19,15/9-F-14,24.000,251.509,104.354,96.149,30.084,2774.380,420865.050,6.400,,production,OP
2008-07-20,15/9-F-14,24.000,251.458,104.378,96.106,30.118,2791.010,408766.410,6.430,,production,OP
2008-07-21,15/9-F-14,24.000,251.724,104.399,96.490,29.831,2743.100,402199.560,6.320,,production,OP
2008-07-22,15/9-F-14,24.000,251.858,104.407,96.686,29.748,2717.440,399221.040,6.450,,production,OP
2008-07-23,15/9-F-14,24.000,251.915,104.430,96.734,29.668,2745.510,403771.000,6.380,,production,OP
2008-07-24,15/9-F-14,24.000,251.851,104.441,96.658,29.786,2762.590,413309.670,6.400,,production,OP
2008-07-25,15/9-F-14,24.000,251.870,104.459,96.288,29.722,2763.680,402430.020,6.430,,production,OP
2008-07-26,15/9-F-14,24.000,251.855,104.472,96.437,29.787,2759.300,404995.200,6.390,,production,OP
2008-07-27,15/9-F-14,24.000,251.915,104.469,96.499,29.783,2732.340,400145.030,6.280,,production,OP
2008-07-28,15/9-F-14,24.000,251.951,104.496,96.583,29.807,2762.740,405191.140,6.350,,production,OP
2008-07-29,15/9-F-14,24.000,252.589,104.497,97.307,28.814,2670.670,391242.720,8.820,,production,OP
2008-07-30,15/9-F-14,24.000,246.954,104.611,89.486,35.302,3553.370,519134.990,8.190,,production,OP
2008-07-31,15/9-F-14,24.000,247.192,104.670,89.781,35.465,3550.270,519804.390,6.360,,production,OP
2008-08-01,15/9-F-14,24.000,250.435,104.621,94.450,32.309,3118.920,457661.810,5.000,,production,OP
2008-08-02,15/9-F-14,24.000,250.541,104.620,90.040,30.761,3057.910,449222.700,4.290,,production,OP
2008-08-03,15/9-F-14,24.000,250.443,104.629,94.291,32.197,3111.440,455830.950,4.670,,production,OP
2008-08-04,15/9-F-14,22.500,250.179,104.558,94.186,32.186,3019.300,441240.450,4.540,,production,OP
2008-08-05,15/9-F-14,24.000,250.292,104.644,94.106,32.309,3135.890,457771.780,4.720,,production,OP
2008-08-06,15/9-F-14,7.792,251.121,104.630,94.985,29.153,911.430,134051.240,1.370,,production,OP
2008-08-08,15/9-F-14,11.400,259.488,103.413,98.026,17.481,724.970,99367.940,1.090,,production,OP
2008-08-09,15/9-F-14,24.000,247.845,104.611,90.643,34.384,3821.010,526296.560,5.680,,production,OP
2008-08-10,15/9-F-14,24.000,244.981,104.701,87.773,36.270,4148.940,575329.600,6.270,,production,OP
2008-08-11,15/9-F-14,24.000,244.312,104.716,87.395,36.243,4118.030,570958.860,6.170,,production,OP
2008-08-12,15/9-F-14,24.000,244.052,104.717,87.281,36.020,4126.780,575615.740,6.200,,production,OP
2008-08-13,15/9-F-14,24.000,243.907,104.711,87.599,35.575,3941.150,549953.080,7.540,,production,OP
2008-08-14,15/9-F-14,24.000,244.310,104.685,88.110,34.364,3676.280,549990.930,23.120,,production,OP
2008-08-15,15/9-F-14,24.000,244.306,104.693,88.838,34.165,3603.110,539411.930,38.420,,production,OP
2008-08-16,15/9-F-14,24.000,242.792,104.701,86.932,35.469,3578.920,522217.200,31.260,,production,OP
2008-08-17,15/9-F-14,24.000,241.218,104.708,85.478,36.304,3723.190,543934.140,36.880,,production,OP
2008-08-18,15/9-F-14,24.000,240.453,104.708,85.244,36.169,3666.190,553186.010,12.370,,production,OP
2008-08-19,15/9-F-14,24.000,239.369,104.708,84.373,36.475,3719.870,560845.200,6.890,,production,OP
2008-08-20,15/9-F-14,24.000,238.403,104.716,83.668,36.583,4032.640,589848.540,7.670,,production,OP
2008-08-21,15/9-F-14,17.875,237.672,104.728,82.975,36.324,2911.250,423611.980,5.540,,production,OP
2008-08-22,15/9-F-14,0.000,255.611,100.776,0.000,,0.000,0.000,0.000,,production,OP
2008-08-23,15/9-F-14,0.000,256.769,99.632,0.021,,0.000,0.000,0.000,,production,OP
2008-08-24,15/9-F-14,0.000,257.789,99.116,0.001,,0.000,0.000,0.000,,production,OP
2008-08-25,15/9-F-14,0.000,258.763,98.786,0.000,,0.000,0.000,0.000,,production,OP
2008-08-26,15/9-F-14,0.000,259.726,98.553,0.000,,0.000,0.000,0.000,,production,OP
2008-08-27,15/9-F-14,0.000,260.339,98.355,0.011,,0.000,0.000,0.000,,production,OP
2008-08-28,15/9-F-14,0.000,260.320,98.178,35.856,,0.000,0.000,0.000,,production,OP
2008-08-29,15/9-F-14,0.000,260.273,98.053,99.791,,0.000,0.000,0.000,,production,OP
2008-08-30,15/9-F-14,0.000,260.240,97.959,87.474,,0.000,0.000,0.000,,production,OP
2008-08-31,15/9-F-14,14.833,252.346,104.092,95.640,24.328,1473.980,204185.700,2.840,,production,OP
2008-09-01,15/9-F-14,0.000,260.716,99.511,101.670,,0.000,0.000,0.000,,production,OP
2008-09-02,15/9-F-14,15.292,252.326,104.235,96.036,26.226,1345.440,187673.220,0.790,,production,OP
2008-09-03,15/9-F-14,24.000,252.193,104.541,97.316,26.846,2164.780,298774.410,0.800,,production,OP
2008-09-04,15/9-F-14,24.000,252.293,104.580,97.481,27.028,2186.740,302139.380,0.860,,production,OP
2008-09-05,15/9-F-14,24.000,252.369,104.605,97.161,27.189,2230.260,305847.410,0.810,,production,OP
2008-09-06,15/9-F-14,16.875,252.796,104.615,97.555,26.670,1442.190,199286.090,0.750,,production,OP
2008-09-07,15/9-F-14,0.000,262.174,100.363,0.317,,0.000,0.000,0.000,,production,OP
2008-09-08,15/9-F-14,19.458,252.920,104.349,96.873,26.062,1729.800,238728.060,1.230,,production,OP
2008-09-09,15/9-F-14,24.000,252.370,104.614,97.331,27.525,2272.650,194403.170,1.110,,production,OP
2008-09-10,15/9-F-14,24.000,241.049,104.808,82.197,39.690,4378.150,641009.670,5.680,,production,OP
2008-09-11,15/9-F-14,24.000,237.059,104.879,77.008,42.015,4813.990,700783.730,8.170,,production,OP
2008-09-12,15/9-F-14,24.000,235.646,104.907,76.218,42.046,4789.590,705461.790,8.140,,production,OP
2008-09-13,15/9-F-14,24.000,233.440,104.919,74.258,44.175,4925.620,720884.420,6.440,,production,OP
2008-09-14,15/9-F-14,24.000,231.425,104.937,72.717,44.796,4963.820,724921.580,7.440,,production,OP
2008-09-15,15/9-F-14,24.000,229.797,104.954,71.711,45.066,4970.380,724705.090,7.470,,production,OP
2008-09-16,15/9-F-14,24.000,227.754,104.957,70.281,45.631,4982.770,724440.980,7.450,,production,OP
2008-09-17,15/9-F-14,24.000,225.018,104.965,68.302,46.475,5003.650,724363.220,7.010,,production,OP
2008-09-18,15/9-F-14,24.000,230.301,104.866,76.388,37.452,3949.420,571257.620,17.270,,production,OP
2008-09-19,15/9-F-14,24.000,227.719,104.877,74.057,39.334,4169.600,603265.900,5.540,,production,OP
2008-09-20,15/9-F-14,24.000,216.817,104.989,60.520,52.352,5353.530,765203.950,5.690,,production,OP
2008-09-21,15/9-F-14,22.333,220.149,104.917,65.310,45.469,4520.520,643641.960,6.340,,production,OP
2008-09-22,15/9-F-14,22.583,217.294,104.955,62.792,47.816,4689.720,668819.960,19.310,,production,OP
2008-09-23,15/9-F-14,24.000,213.475,105.006,58.926,52.370,5290.920,753658.360,20.730,,production,OP
2008-09-24,15/9-F-14,24.000,211.802,105.021,57.855,53.290,5336.600,757018.340,7.490,,production,OP
2008-09-25,15/9-F-14,24.000,212.718,105.003,60.155,50.206,4880.310,733460.140,20.560,,production,OP
2008-09-26,15/9-F-14,24.000,209.007,105.025,55.692,55.550,5453.840,773865.600,29.580,,production,OP
2008-09-27,15/9-F-14,24.000,211.500,105.010,58.941,51.465,4902.390,705250.940,45.510,,production,OP
2008-09-28,15/9-F-14,24.000,209.360,105.027,56.748,53.960,5156.660,736404.870,18.840,,production,OP
2008-09-29,15/9-F-14,24.000,207.532,105.032,54.899,55.810,5410.730,766070.770,10.110,,production,OP
2008-09-30,15/9-F-14,18.167,214.276,104.889,61.854,44.256,3282.190,469174.120,4.610,,production,OP
2008-10-01,15/9-F-14,24.000,207.694,105.030,55.757,54.301,5319.830,754940.790,7.420,,production,OP
2008-10-02,15/9-F-14,24.000,207.085,105.031,55.532,54.209,5569.540,789974.730,1.800,,production,OP
2008-10-03,15/9-F-14,24.000,206.512,105.030,55.263,54.301,5281.920,748824.810,1.580,,production,OP
2008-10-04,15/9-F-14,24.000,207.673,105.019,57.327,51.403,4954.210,724471.610,1.740,,production,OP
2008-10-05,15/9-F-14,24.000,205.596,105.025,54.783,54.753,5419.560,766948.870,1.700,,production,OP
2008-10-06,15/9-F-14,22.167,215.263,104.938,66.558,38.503,3485.340,484446.820,1.110,,production,OP
2008-10-07,15/9-F-14,24.000,212.017,104.979,63.517,43.305,4222.500,599591.350,2.580,,production,OP
2008-10-08,15/9-F-14,24.000,211.897,104.982,63.637,43.266,4208.550,598519.970,3.520,,production,OP
2008-10-09,15/9-F-14,24.000,211.818,104.981,63.636,43.296,4201.860,596697.500,4.740,,production,OP
2008-10-10,15/9-F-14,24.000,211.814,104.986,63.629,43.256,4206.550,598685.250,2.900,,production,OP
2008-10-11,15/9-F-14,24.000,211.866,104.989,63.692,43.319,4231.880,603345.050,4.940,,production,OP
2008-10-12,15/9-F-14,24.000,212.111,104.995,63.927,42.796,4195.090,594618.040,4.010,,production,OP
2008-10-13,15/9-F-14,24.000,211.938,104.991,63.762,42.804,4208.900,595052.350,3.520,,production,OP
2008-10-14,15/9-F-14,24.000,212.023,104.996,63.935,42.808,4210.830,594860.230,1.710,,production,OP
2008-10-15,15/9-F-14,24.000,212.144,104.994,64.171,42.670,4187.330,593455.790,3.490,,production,OP
2008-10-16,15/9-F-14,24.000,211.969,104.992,64.101,42.728,4194.080,594050.400,3.500,,production,OP
2008-10-17,15/9-F-14,24.000,211.836,104.991,64.037,42.756,4206.380,594347.070,3.500,,production,OP
2008-10-18,15/9-F-14,24.000,209.825,105.034,60.814,46.566,4753.550,677616.460,4.440,,production,OP
2008-10-19,15/9-F-14,24.000,210.606,105.053,61.542,45.429,4440.160,625988.230,3.880,,production,OP
2008-10-20,15/9-F-14,24.000,211.097,105.065,61.865,45.286,4429.040,628127.790,3.890,,production,OP
2008-10-21,15/9-F-14,24.000,211.643,105.083,62.150,45.268,4435.340,627682.440,1.830,,production,OP
2008-10-22,15/9-F-14,24.000,212.131,105.098,62.475,45.253,4613.810,659793.540,4.800,,production,OP
2008-10-23,15/9-F-14,24.000,211.751,105.094,62.070,45.780,4652.960,663983.040,3.230,,production,OP
2008-10-24,15/9-F-14,24.000,211.579,105.103,61.769,45.950,4675.700,669780.920,4.200,,production,OP
2008-10-25,15/9-F-14,24.000,212.555,105.109,62.794,45.003,4633.710,662716.120,1.420,,production,OP
2008-10-26,15/9-F-14,25.000,214.028,105.110,64.512,43.487,4608.810,657672.800,1.540,,production,OP
2008-10-27,15/9-F-14,24.000,214.207,105.102,64.845,43.707,4429.460,643534.880,2.730,,production,OP
2008-10-28,15/9-F-14,24.000,209.145,105.145,57.421,52.525,5123.010,733730.330,3.480,,production,OP
2008-10-29,15/9-F-14,23.333,211.473,105.157,59.278,50.582,4793.270,688367.980,3.690,,production,OP
2008-10-30,15/9-F-14,24.000,207.397,105.170,54.609,57.139,5460.780,778382.240,3.270,,production,OP
2008-10-31,15/9-F-14,24.000,206.566,105.174,54.186,57.325,5463.110,776658.920,5.090,,production,OP
2008-11-01,15/9-F-14,22.833,211.143,105.158,59.071,50.590,4645.380,654580.070,5.500,,production,OP
2008-11-02,15/9-F-14,23.000,218.989,104.999,67.129,38.057,3731.520,531070.720,2.340,,production,OP
2008-11-03,15/9-F-14,24.000,221.100,105.113,72.562,36.830,3475.800,507041.180,2.200,,production,OP
2008-11-04,15/9-F-14,24.000,221.308,105.101,72.638,36.761,3460.920,498542.520,1.330,,production,OP
2008-11-05,15/9-F-14,24.000,221.063,105.083,72.686,36.804,3458.270,489500.320,2.110,,production,OP
2008-11-06,15/9-F-14,24.000,221.624,105.088,73.116,36.484,3403.180,487984.320,2.500,,production,OP
2008-11-07,15/9-F-14,24.000,223.786,105.076,75.481,34.819,3310.610,469642.190,2.750,,production,OP
2008-11-08,15/9-F-14,24.000,223.876,105.075,75.519,35.066,3354.770,476607.160,2.500,,production,OP
2008-11-09,15/9-F-14,24.000,223.258,105.088,74.667,35.936,3502.600,497111.260,2.850,,production,OP
2008-11-10,15/9-F-14,24.000,223.779,105.093,75.135,35.705,3464.410,492344.490,2.430,,production,OP
2008-11-11,15/9-F-14,24.000,223.836,105.096,74.907,35.809,3492.990,495927.250,0.850,,production,OP
2008-11-12,15/9-F-14,24.000,224.024,105.100,75.193,35.789,3482.000,496461.650,2.910,,production,OP
2008-11-13,15/9-F-14,24.000,224.324,105.104,75.414,35.822,3499.810,497727.680,1.040,,production,OP
2008-11-14,15/9-F-14,24.000,224.555,105.109,75.547,35.730,3498.890,497601.800,0.900,,production,OP
2008-11-15,15/9-F-14,24.000,224.805,105.113,75.707,35.757,3508.480,499260.800,0.810,,production,OP
2008-11-16,15/9-F-14,24.000,225.002,105.114,75.920,35.768,3501.060,498776.510,0.890,,production,OP
2008-11-17,15/9-F-14,24.000,225.027,105.115,75.673,35.800,3526.540,502342.590,0.840,,production,OP
2008-11-18,15/9-F-14,24.000,224.526,105.086,75.731,35.688,3481.630,496976.880,0.610,,production,OP
2008-11-19,15/9-F-14,24.000,223.811,105.070,75.265,35.626,3462.830,493744.180,1.300,,production,OP
2008-11-20,15/9-F-14,24.000,223.997,105.093,75.199,35.808,3489.610,497824.400,0.880,,production,OP
2008-11-21,15/9-F-14,24.000,224.185,105.103,75.184,36.424,3424.060,486907.050,70.680,,production,OP
2008-11-22,15/9-F-14,24.000,224.688,105.123,75.237,36.300,3580.990,513287.660,48.620,,production,OP
2008-11-23,15/9-F-14,24.000,226.230,105.112,76.652,34.850,3234.990,460596.100,6.330,,production,OP
2008-11-24,15/9-F-14,24.000,225.771,105.115,76.349,35.326,3378.110,486266.340,4.390,,production,OP
2008-11-25,15/9-F-14,24.000,224.749,105.135,75.115,36.556,3661.020,525715.860,12.450,,production,OP
2008-11-26,15/9-F-14,24.000,224.061,105.161,73.782,37.324,3853.400,553829.860,1.560,,production,OP
2008-11-27,15/9-F-14,24.000,224.563,105.170,74.346,37.269,3833.270,553351.630,3.730,,production,OP
2008-11-28,15/9-F-14,24.000,236.436,105.079,85.609,25.049,1780.740,244692.250,0.440,,production,OP
2008-11-29,15/9-F-14,24.000,230.205,105.121,79.350,33.909,3100.680,451496.530,3.040,,production,OP
2008-11-30,15/9-F-14,24.000,227.678,105.186,76.607,36.817,3811.050,548808.760,1.110,,production,OP
2008-12-01,15/9-F-14,24.000,230.054,105.180,78.703,34.586,3333.320,483082.200,1.260,,production,OP
2008-12-02,15/9-F-14,24.000,232.064,105.168,80.494,33.642,3203.920,463731.940,2.410,,production,OP
2008-12-03,15/9-F-14,24.000,230.671,105.193,79.417,35.816,3625.360,524348.410,2.600,,production,OP
2008-12-04,15/9-F-14,24.000,231.254,105.197,79.741,35.793,3571.270,514993.370,2.270,,production,OP
2008-12-05,15/9-F-14,24.000,231.746,105.202,79.940,35.787,3629.640,522042.920,2.680,,production,OP
2008-12-06,15/9-F-14,24.000,232.245,105.208,80.292,35.734,3663.250,528911.840,2.630,,production,OP
2008-12-07,15/9-F-14,24.000,232.747,105.215,80.641,35.767,3687.910,533632.580,2.270,,production,OP
2008-12-08,15/9-F-14,24.000,233.325,105.216,81.080,35.729,3652.200,498323.720,2.640,,production,OP
2008-12-09,15/9-F-14,24.000,233.236,105.215,80.741,35.813,3687.360,510228.280,0.980,,production,OP
2008-12-10,15/9-F-14,24.000,233.769,105.220,81.258,35.776,3685.380,534315.900,0.910,,production,OP
2008-12-11,15/9-F-14,24.000,234.821,105.215,82.236,35.321,3526.360,509272.510,1.150,,production,OP
2008-12-12,15/9-F-14,24.000,234.474,105.218,81.539,35.807,3679.890,532148.720,1.590,,production,OP
2008-12-13,15/9-F-14,24.000,234.914,105.230,81.497,35.826,3712.640,534747.960,1.100,,production,OP
2008-12-14,15/9-F-14,24.000,235.534,105.235,81.861,35.786,3720.130,537612.970,3.460,,production,OP
2008-12-15,15/9-F-14,24.000,236.253,105.238,82.508,35.671,3676.110,537083.050,0.980,,production,OP
2008-12-16,15/9-F-14,24.000,237.418,105.236,83.576,35.183,3604.860,528565.990,3.340,,production,OP
2008-12-17,15/9-F-14,24.000,238.390,105.235,84.364,34.731,3548.880,520006.460,4.150,,production,OP
2008-12-18,15/9-F-14,24.000,238.923,105.239,84.701,34.993,3622.370,529434.210,3.740,,production,OP
2008-12-19,15/9-F-14,24.000,239.779,105.243,85.278,34.886,3608.760,527810.530,4.480,,production,OP
2008-12-20,15/9-F-14,24.000,240.992,105.235,86.398,34.314,3524.440,516367.930,4.360,,production,OP
2008-12-21,15/9-F-14,24.000,242.066,105.233,87.264,33.948,3492.510,508709.440,4.130,,production,OP
2008-12-22,15/9-F-14,24.000,242.880,105.232,87.870,33.787,3478.920,506383.060,4.280,,production,OP
2008-12-23,15/9-F-14,24.000,243.608,105.233,88.136,33.689,3473.270,505086.110,0.860,,production,OP
2008-12-24,15/9-F-14,24.000,244.113,105.238,88.279,33.782,3494.080,507980.350,0.910,,production,OP
2008-12-25,15/9-F-14,24.000,244.927,105.237,88.977,33.769,3484.950,507316.820,0.900,,production,OP
2008-12-26,15/9-F-14,24.000,245.577,105.241,89.418,33.809,3499.210,508942.260,1.260,,production,OP
2008-12-27,15/9-F-14,24.000,246.166,105.246,89.809,33.086,3422.040,499431.070,1.330,,production,OP
2008-12-28,15/9-F-14,24.000,246.880,105.251,90.207,33.763,3494.290,509670.570,0.940,,production,OP
2008-12-29,15/9-F-14,24.000,247.710,105.253,90.730,33.622,3476.120,506836.210,0.930,,production,OP
2008-12-30,15/9-F-14,24.000,248.527,105.253,91.330,33.421,3451.080,503361.460,1.090,,production,OP
2008-12-31,15/9-F-14,24.000,248.975,105.259,91.535,33.449,3468.760,505874.610,0.910,,production,OP
2009-01-01,15/9-F-14,24.000,249.415,105.262,91.608,33.439,3478.640,506024.380,2.540,,production,OP
2009-01-02,15/9-F-14,24.000,250.697,105.256,92.890,32.812,3363.800,488365.580,0.810,,production,OP
2009-01-03,15/9-F-14,18.167,251.823,105.174,93.549,30.048,2216.900,323603.080,3.420,,production,OP
2009-01-04,15/9-F-14,24.000,250.741,105.226,93.025,32.643,3347.770,484832.660,0.780,,production,OP
2009-01-05,15/9-F-14,24.000,250.452,105.256,92.307,33.328,3495.800,506288.630,1.610,,production,OP
2009-01-06,15/9-F-14,21.000,250.786,104.938,93.030,31.611,2649.250,386193.550,1.510,,production,OP
2009-01-07,15/9-F-14,24.000,,,93.354,32.371,3309.880,491311.060,1.510,,production,OP
2009-01-08,15/9-F-14,24.000,,,95.858,30.450,3054.020,440434.880,0.790,,production,OP
2009-01-09,15/9-F-14,24.000,,,98.477,28.121,2627.220,377383.980,0.660,,production,OP
2009-01-10,15/9-F-14,24.000,,,95.670,31.520,3259.450,468775.450,0.870,,production,OP
2009-01-11,15/9-F-14,24.000,,,94.565,32.305,3360.250,483460.060,0.910,,production,OP
2009-01-12,15/9-F-14,24.000,,,92.040,34.303,3622.100,520625.520,1.020,,production,OP
2009-01-13,15/9-F-14,24.000,247.990,104.038,89.521,36.256,3920.600,561182.250,3.350,,production,OP
2009-01-14,15/9-F-14,24.000,251.528,105.361,90.657,35.825,3827.530,547774.310,2.660,,production,OP
2009-01-15,15/9-F-14,24.000,252.119,105.369,90.984,35.810,4449.030,639914.220,48.440,,production,OP
2009-01-16,15/9-F-14,24.000,252.549,105.378,91.166,35.817,4595.560,660379.980,59.330,,production,OP
2009-01-17,15/9-F-14,24.000,253.671,105.381,92.214,34.986,4386.220,641965.530,27.680,,production,OP
2009-01-18,15/9-F-14,24.000,253.671,105.391,91.752,35.676,4580.120,659836.920,43.970,,production,OP
2009-01-19,15/9-F-14,24.000,253.959,105.396,91.962,35.776,4621.010,663577.950,17.760,,production,OP
2009-01-20,15/9-F-14,24.000,254.364,105.393,92.297,35.799,4634.870,666607.860,11.930,,production,OP
2009-01-21,15/9-F-14,22.652,255.125,105.378,92.805,34.215,4162.580,599459.190,27.720,,production,OP
2009-01-22,15/9-F-14,23.515,256.608,105.349,94.423,33.565,3996.660,616437.480,57.890,,production,OP
2009-01-23,15/9-F-14,24.000,255.891,105.387,93.499,35.240,4479.000,643344.430,18.030,,production,OP
2009-01-24,15/9-F-14,24.000,256.368,105.388,93.876,35.183,4459.690,651056.890,25.320,,production,OP
2009-01-25,15/9-F-14,24.000,256.700,105.389,94.017,35.289,4519.770,647831.550,26.160,,production,OP
2009-01-26,15/9-F-14,24.000,257.021,105.393,93.909,35.332,4522.950,650030.810,52.770,,production,OP
2009-01-27,15/9-F-14,24.000,257.518,105.393,94.425,35.323,4526.290,650522.860,57.910,,production,OP
2009-01-28,15/9-F-14,14.175,258.437,105.387,94.973,33.748,2486.860,360902.160,38.570,,production,OP
2009-01-29,15/9-F-14,5.658,265.125,104.809,101.217,26.465,559.580,82493.780,88.510,,production,OP
2009-01-30,15/9-F-14,24.000,257.442,105.339,94.148,35.299,4535.430,649388.070,298.190,,production,OP
2009-01-31,15/9-F-14,24.000,257.699,105.364,94.484,35.299,4523.830,648450.260,55.170,,production,OP
2009-02-01,15/9-F-14,15.000,259.897,105.214,96.220,31.738,2266.890,328221.380,43.920,,production,OP
2009-02-02,15/9-F-14,24.000,258.129,105.351,94.779,35.325,4534.470,648416.750,64.060,,production,OP
2009-02-03,15/9-F-14,24.000,258.480,105.363,95.042,35.284,4536.970,647736.320,69.520,,production,OP
2009-02-04,15/9-F-14,5.833,270.121,104.636,104.719,19.548,384.260,56516.370,53.310,,production,OP
2009-02-05,15/9-F-14,24.000,259.163,105.311,95.504,34.816,4417.620,630778.170,81.550,,production,OP
2009-02-06,15/9-F-14,24.000,258.765,105.353,95.074,35.233,4501.760,646118.760,81.780,,production,OP
2009-02-07,15/9-F-14,24.000,259.323,105.368,95.007,34.846,4501.180,644354.380,66.280,,production,OP
2009-02-08,15/9-F-14,24.000,260.198,105.372,95.816,35.184,4669.970,664681.950,71.290,,production,OP
2009-02-09,15/9-F-14,24.000,263.448,105.322,99.625,32.373,3723.990,531370.470,85.720,,production,OP
2009-02-10,15/9-F-14,24.000,260.976,105.358,96.754,34.797,4416.340,659900.980,68.040,,production,OP
2009-02-11,15/9-F-14,24.000,261.481,105.365,97.129,34.698,4379.880,629307.340,143.540,,production,OP
2009-02-12,15/9-F-14,24.000,261.772,105.371,97.209,34.692,4440.700,631954.750,74.240,,production,OP
2009-02-13,15/9-F-14,21.750,263.817,105.313,99.080,32.256,3573.580,506865.090,91.370,,production,OP
2009-02-14,15/9-F-14,24.000,261.775,105.386,96.477,35.232,4618.770,652096.630,80.780,,production,OP
2009-02-15,15/9-F-14,24.000,262.417,105.388,97.185,34.879,4493.980,639392.160,88.040,,production,OP
2009-02-16,15/9-F-14,22.000,263.528,105.360,98.028,33.597,3907.940,554563.460,84.730,,production,OP
2009-02-17,15/9-F-14,24.000,263.049,105.396,97.408,34.959,4526.910,644169.060,95.760,,production,OP
2009-02-18,15/9-F-14,24.000,263.497,105.401,97.577,34.818,4515.100,641145.230,91.870,,production,OP
2009-02-19,15/9-F-14,24.000,263.909,105.407,97.717,34.802,4518.340,640332.130,81.640,,production,OP
2009-02-20,15/9-F-14,24.000,264.386,105.411,98.172,34.779,4509.070,638750.170,108.740,,production,OP
2009-02-21,15/9-F-14,24.000,270.425,105.300,104.993,29.048,2905.920,414713.420,75.560,,production,OP
2009-02-22,15/9-F-14,24.000,266.709,105.396,100.436,34.055,4319.020,612912.620,106.600,,production,OP
2009-02-23,15/9-F-14,24.000,266.667,105.411,100.154,34.395,4417.660,625514.010,117.370,,production,OP
2009-02-24,15/9-F-14,24.000,266.974,105.417,100.347,34.307,4367.330,622877.100,90.870,,production,OP
2009-02-25,15/9-F-14,21.833,269.706,105.358,102.780,31.055,3226.610,460948.010,118.990,,production,OP
2009-02-26,15/9-F-14,24.000,268.343,105.428,101.058,34.310,4411.900,628668.270,134.190,,production,OP
2009-02-27,15/9-F-14,24.000,268.748,105.438,101.346,34.307,4376.910,625510.250,152.760,,production,OP
2009-02-28,15/9-F-14,24.000,269.144,105.443,101.293,34.281,4417.910,626562.210,106.720,,production,OP
2009-03-01,15/9-F-14,24.000,269.560,105.450,101.632,34.317,4396.740,628354.120,155.970,,production,OP
2009-03-02,15/9-F-14,24.000,270.002,105.455,101.977,34.237,4381.090,623678.160,163.390,,production,OP
2009-03-03,15/9-F-14,24.000,270.291,105.464,101.986,33.576,4339.130,616094.560,-0.950,,production,OP
2009-03-04,15/9-F-14,24.000,270.432,105.464,101.992,34.330,4421.770,627149.490,63.560,,production,OP
2009-03-05,15/9-F-14,14.000,275.315,105.253,106.928,29.522,1974.220,281263.480,18.190,,production,OP
2009-03-06,15/9-F-14,24.000,276.238,105.322,108.499,29.129,2987.890,427244.320,90.060,,production,OP
2009-03-07,15/9-F-14,24.000,281.305,105.221,115.061,24.944,2208.960,316638.280,104.010,,production,OP
2009-03-08,15/9-F-14,11.108,281.636,105.222,115.184,24.157,969.010,139091.130,0.000,,production,OP
2009-03-09,15/9-F-14,7.500,289.897,103.428,113.619,4.906,109.630,15874.530,0.000,,production,OP
2009-03-10,15/9-F-14,21.220,277.611,105.216,110.741,30.500,2623.970,365586.500,91.120,,production,OP
2009-03-11,15/9-F-14,8.808,273.077,105.142,106.442,25.032,1185.050,165437.350,174.740,,production,OP
2009-03-12,15/9-F-14,19.858,264.295,105.463,97.805,33.230,3349.120,468179.340,78.120,,production,OP
2009-03-13,15/9-F-14,8.142,261.688,105.129,93.005,33.239,1512.650,217677.630,63.530,,production,OP
2009-03-14,15/9-F-14,24.000,255.083,105.556,87.676,39.199,4690.250,639509.900,54.580,,production,OP
2009-03-15,15/9-F-14,24.000,251.118,105.582,82.679,42.199,5220.210,718575.170,48.320,,production,OP
2009-03-16,15/9-F-14,24.000,245.335,105.614,74.925,47.254,5534.900,760060.880,77.990,,production,OP
2009-03-17,15/9-F-14,24.000,244.673,105.595,75.341,46.479,5634.320,778638.780,48.700,,production,OP
2009-03-18,15/9-F-14,24.000,254.087,105.432,89.756,36.327,4546.780,636956.260,23.960,,production,OP
2009-03-19,15/9-F-14,24.000,255.198,105.324,92.525,33.801,3976.450,556637.700,34.220,,production,OP
2009-03-20,15/9-F-14,24.000,249.808,104.825,88.228,36.012,4539.290,633353.270,37.010,,production,OP
2009-03-21,15/9-F-14,24.000,249.007,105.288,87.580,36.224,4427.820,618792.430,37.070,,production,OP
2009-03-22,15/9-F-14,24.000,246.739,105.259,85.972,36.462,4433.690,618703.760,34.730,,production,OP
2009-03-23,15/9-F-14,24.000,244.065,105.240,83.870,37.101,4490.240,615693.190,33.390,,production,OP
2009-03-24,15/9-F-14,24.000,242.677,105.202,83.420,36.768,4379.470,611263.110,207.660,,production,OP
2009-03-25,15/9-F-14,3.692,244.296,105.172,85.809,30.830,505.630,72083.060,7.340,,production,OP
2009-03-26,15/9-F-14,0.000,263.680,101.248,6.498,,0.000,0.000,0.000,,production,OP
2009-03-27,15/9-F-14,0.000,264.028,100.698,6.585,,0.000,0.000,0.000,,production,OP
2009-03-28,15/9-F-14,0.000,264.334,100.364,3.795,,0.000,0.000,0.000,,production,OP
2009-03-29,15/9-F-14,0.000,178.249,67.218,37.599,,0.000,0.000,0.000,,production,OP
2009-03-30,15/9-F-14,4.475,261.910,102.627,94.811,11.909,155.260,18731.260,0.000,,production,OP
2009-03-31,15/9-F-14,24.000,247.088,105.027,88.105,33.814,3650.900,531195.560,31.460,,production,OP
2009-04-01,15/9-F-14,24.000,246.190,105.087,87.722,33.746,3515.990,497247.670,32.390,,production,OP
2009-04-02,15/9-F-14,24.000,244.240,105.106,85.755,35.101,3831.970,536264.980,33.000,,production,OP
2009-04-03,15/9-F-14,24.000,241.566,105.143,82.925,36.764,4211.600,594143.350,37.780,,production,OP
2009-04-04,15/9-F-14,24.000,142.195,62.097,82.266,36.916,4266.190,603057.780,39.670,,production,OP
2009-04-05,15/9-F-14,22.192,0.000,0.000,81.859,36.068,3873.720,547078.740,33.730,,production,OP
2009-04-06,15/9-F-14,0.000,0.000,0.000,0.000,,0.000,0.000,0.000,,production,OP
2009-04-07,15/9-F-14,0.000,118.098,45.848,0.000,,0.000,0.000,0.000,,production,OP
2009-04-08,15/9-F-14,18.692,238.779,104.855,81.411,34.890,2903.010,402186.220,6.670,,production,OP
2009-04-09,15/9-F-14,15.583,156.705,68.810,82.463,32.957,2094.720,291446.140,2.620,,production,OP
2009-04-10,15/9-F-14,0.808,0.000,0.000,86.931,21.543,50.650,7190.410,0.050,,production,OP
2009-04-11,15/9-F-14,0.000,0.000,0.000,0.000,,0.000,0.000,0.000,,production,OP
2009-04-12,15/9-F-14,13.858,0.000,0.000,79.386,34.449,2063.320,286054.450,3.050,,production,OP
2009-04-13,15/9-F-14,24.000,0.000,0.000,77.487,36.930,3941.130,540977.580,7.700,,production,OP
2009-04-14,15/9-F-14,24.000,0.000,0.000,76.398,37.223,3975.770,543293.150,2.650,,production,OP
2009-04-15,15/9-F-14,4.475,0.000,0.000,76.654,34.276,651.670,95907.560,0.270,,production,OP
2009-04-16,15/9-F-14,17.525,126.438,57.946,76.983,33.940,2452.260,337254.140,1.420,,production,OP
2009-04-17,15/9-F-14,24.000,227.887,105.020,73.869,38.049,4018.000,544108.280,2.660,,production,OP
2009-04-18,15/9-F-14,10.475,230.897,104.820,75.292,33.485,1417.680,195564.930,0.640,,production,OP
2009-04-19,15/9-F-14,3.192,238.392,103.942,80.827,24.177,217.490,30334.900,0.080,,production,OP
2009-04-20,15/9-F-14,24.000,161.168,75.026,72.358,38.396,3990.320,539753.590,2.500,,production,OP
2009-04-21,15/9-F-14,24.000,223.687,105.028,70.479,39.182,4074.510,549278.230,2.760,,production,OP
2009-04-22,15/9-F-14,22.833,228.324,104.949,75.566,32.787,2868.860,396006.070,6.650,,production,OP
2009-04-23,15/9-F-14,24.000,222.068,105.036,69.528,39.642,4074.460,550962.020,2.900,,production,OP
2009-04-24,15/9-F-14,24.000,220.987,105.051,68.643,39.778,4092.660,551400.920,3.160,,production,OP
2009-04-25,15/9-F-14,24.000,220.166,105.055,68.165,39.874,4090.030,552159.100,3.380,,production,OP
2009-04-26,15/9-F-14,24.000,219.444,105.059,67.764,40.039,4103.630,551448.450,3.030,,production,OP
2009-04-27,15/9-F-14,24.000,219.076,105.057,67.706,39.711,4054.310,546555.880,3.880,,production,OP
2009-04-28,15/9-F-14,24.000,218.820,105.068,67.636,38.923,4021.800,542607.010,7.650,,production,OP
2009-04-29,15/9-F-14,24.000,218.583,105.077,67.481,39.939,4052.580,547817.040,3.100,,production,OP
2009-04-30,15/9-F-14,24.000,218.593,105.086,67.463,39.248,4035.730,546557.590,3.080,,production,OP
2009-05-01,15/9-F-14,24.000,218.694,105.099,67.260,40.123,4081.530,550609.590,2.920,,production,OP
2009-05-02,15/9-F-14,24.000,218.844,105.106,67.495,40.116,4066.610,550195.520,2.500,,production,OP
2009-05-03,15/9-F-14,24.000,218.826,105.114,67.333,40.323,4081.260,552464.510,3.140,,production,OP
2009-05-04,15/9-F-14,2.308,222.473,105.114,71.156,33.636,412.420,51425.660,0.280,,production,OP
2009-05-06,15/9-F-14,20.692,224.940,104.800,71.804,35.915,3306.810,448561.020,2.220,,production,OP
2009-05-07,15/9-F-14,23.667,222.983,105.064,70.820,37.937,3702.990,527302.520,14.420,,production,OP
2009-05-08,15/9-F-14,24.000,221.786,105.105,69.296,39.515,4081.410,549963.510,12.030,,production,OP
2009-05-09,15/9-F-14,24.000,223.103,105.107,70.659,38.560,3931.180,539574.280,11.080,,production,OP
2009-05-10,15/9-F-14,24.000,221.837,105.134,69.031,40.155,4150.800,562721.490,2.900,,production,OP
2009-05-11,15/9-F-14,24.000,131.509,62.529,67.970,41.256,4241.750,575312.380,18.760,,production,OP
2009-05-12,15/9-F-14,24.000,221.380,105.172,68.155,41.283,4239.180,577434.280,20.870,,production,OP
2009-05-13,15/9-F-14,24.000,221.816,105.183,68.373,41.257,4197.860,574295.900,14.920,,production,OP
2009-05-14,15/9-F-14,24.000,222.226,105.193,68.444,41.272,4211.250,576830.950,104.060,,production,OP
2009-05-15,15/9-F-14,24.000,222.632,105.204,68.462,41.308,4233.100,581687.190,84.310,,production,OP
2009-05-16,15/9-F-14,24.000,222.999,105.217,68.738,41.286,4237.940,583860.510,104.190,,production,OP
2009-05-17,15/9-F-14,24.000,223.101,105.235,68.511,41.335,4244.230,585468.540,104.300,,production,OP
2009-05-18,15/9-F-14,24.000,223.292,105.254,68.653,41.327,3759.110,519316.880,127.100,,production,OP
2009-05-19,15/9-F-14,24.000,223.371,105.269,68.579,41.322,3967.320,548750.040,110.410,,production,OP
2009-05-20,15/9-F-14,24.000,223.582,105.286,68.578,41.306,3972.970,548982.340,148.530,,production,OP
2009-05-21,15/9-F-14,24.000,223.789,105.303,68.480,41.330,3994.950,550388.290,153.090,,production,OP
2009-05-22,15/9-F-14,24.000,223.495,105.327,67.763,41.943,4063.220,557964.500,190.350,,production,OP
2009-05-23,15/9-F-14,24.000,223.556,105.348,67.346,42.319,4123.370,565775.960,192.650,,production,OP
2009-05-24,15/9-F-14,24.000,223.968,105.363,67.428,42.261,4136.450,567519.040,208.580,,production,OP
2009-05-25,15/9-F-14,24.000,225.186,105.370,68.418,41.404,4030.160,554095.560,219.010,,production,OP
2009-05-26,15/9-F-14,24.000,225.618,105.381,68.447,41.324,4024.790,552634.430,230.640,,production,OP
2009-05-27,15/9-F-14,24.000,226.016,105.394,68.638,41.302,4028.530,553345.930,259.770,,production,OP
2009-05-28,15/9-F-14,24.000,226.489,105.404,68.813,41.256,4023.550,553235.270,287.960,,production,OP
2009-05-29,15/9-F-14,24.000,229.913,105.378,72.346,38.442,3653.890,522179.160,252.350,,production,OP
2009-05-30,15/9-F-14,24.000,230.225,105.353,73.000,37.791,3496.610,482178.750,279.220,,production,OP
2009-05-31,15/9-F-14,24.000,229.735,105.346,72.643,37.748,3479.800,480474.830,277.490,,production,OP
2009-06-01,15/9-F-14,24.000,229.273,105.341,72.375,37.768,3442.300,475742.460,278.730,,production,OP
2009-06-02,15/9-F-14,24.000,229.256,105.343,72.309,37.777,3413.780,470984.550,128.490,,production,OP
2009-06-03,15/9-F-14,24.000,228.677,105.329,71.791,37.790,2994.600,409045.340,186.700,,production,OP
2009-06-04,15/9-F-14,24.000,227.840,105.316,71.379,37.926,3352.530,456955.830,104.450,,production,OP
2009-06-05,15/9-F-14,24.000,226.274,105.318,70.027,38.478,3369.570,460247.780,79.520,,production,OP
2009-06-06,15/9-F-14,21.650,228.892,105.237,72.319,34.149,2702.000,368496.380,99.300,,production,OP
2009-06-07,15/9-F-14,24.000,224.913,105.291,69.065,38.718,3439.900,459880.120,177.730,,production,OP
2009-06-08,15/9-F-14,24.000,222.903,105.310,67.404,39.785,3497.780,469527.140,109.230,,production,OP
2009-06-09,15/9-F-14,24.000,222.306,105.305,67.233,39.512,3443.710,467107.500,18.740,,production,OP
2009-06-10,15/9-F-14,24.000,221.035,105.304,66.311,39.803,3451.460,465749.310,18.770,,production,OP
2009-06-11,15/9-F-14,22.667,222.936,105.240,68.254,35.771,3108.440,436855.720,17.690,,production,OP
2009-06-12,15/9-F-14,24.000,219.340,105.297,64.988,40.273,3768.100,527805.400,21.400,,production,OP
2009-06-13,15/9-F-14,22.333,221.262,105.248,67.072,36.846,3178.300,450332.700,17.950,,production,OP
2009-06-14,15/9-F-14,11.642,218.774,105.297,64.568,38.647,1760.340,249065.380,12.020,,production,OP
2009-06-15,15/9-F-14,13.608,204.892,96.998,69.501,33.791,1724.890,248079.850,12.740,,production,OP
2009-06-16,15/9-F-14,24.000,220.699,105.217,68.312,36.680,3145.290,445722.630,287.170,,production,OP
2009-06-17,15/9-F-14,24.000,219.022,105.231,66.776,37.487,3483.910,487515.350,349.170,,production,OP
2009-06-18,15/9-F-14,24.000,216.927,105.258,64.946,38.318,3494.020,498257.230,435.690,,production,OP
2009-06-19,15/9-F-14,24.000,215.269,105.272,63.437,39.441,3560.140,510798.710,378.900,,production,OP
2009-06-20,15/9-F-14,24.000,211.855,105.316,60.003,42.236,3745.560,535961.190,336.280,,production,OP
2009-06-21,15/9-F-14,24.000,219.317,105.246,67.942,35.306,2777.630,397796.780,272.450,,production,OP
2009-06-22,15/9-F-14,24.000,219.063,105.233,67.670,35.715,2774.050,398807.860,268.440,,production,OP
2009-06-23,15/9-F-14,24.000,218.988,105.232,67.574,35.745,2807.650,403348.170,317.030,,production,OP
2009-06-24,15/9-F-14,24.000,219.026,105.233,67.586,35.738,2811.940,403666.110,278.820,,production,OP
2009-06-25,15/9-F-14,24.000,223.258,105.191,71.386,32.298,2454.110,351874.860,236.930,,production,OP
2009-06-26,15/9-F-14,24.000,228.581,105.095,76.236,28.067,1854.160,268924.100,171.030,,production,OP
2009-06-27,15/9-F-14,24.000,228.741,105.074,76.429,28.176,1774.820,256988.730,284.010,,production,OP
2009-06-28,15/9-F-14,24.000,228.920,105.071,76.535,28.217,1755.460,253941.550,256.610,,production,OP
2009-06-29,15/9-F-14,24.000,228.987,105.066,76.629,28.157,1786.060,256678.700,242.230,,production,OP
2009-06-30,15/9-F-14,24.000,229.201,105.061,76.792,28.133,1781.530,255723.680,332.960,,production,OP
2009-07-01,15/9-F-14,24.000,229.313,105.059,76.822,28.292,1787.320,257149.640,342.640,,production,OP
2009-07-02,15/9-F-14,24.000,229.522,105.055,76.980,28.180,1770.550,254537.610,340.750,,production,OP
2009-07-03,15/9-F-14,24.000,229.594,105.052,77.084,28.060,1756.690,252233.010,338.380,,production,OP
2009-07-04,15/9-F-14,24.000,229.496,105.053,77.016,28.155,1756.300,251549.540,341.620,,production,OP
2009-07-05,15/9-F-14,24.000,229.584,105.051,77.062,28.096,1750.500,251352.270,336.160,,production,OP
2009-07-06,15/9-F-14,24.000,229.600,105.050,77.070,28.114,2178.860,316747.310,124.860,,production,OP
2009-07-07,15/9-F-14,24.000,229.553,105.053,77.006,28.265,2189.440,317360.890,156.820,,production,OP
2009-07-08,15/9-F-14,24.000,229.714,105.052,77.046,28.214,1982.230,277388.460,104.120,,production,OP
2009-07-09,15/9-F-14,24.000,229.785,105.052,77.058,28.258,1983.900,277770.450,100.160,,production,OP
2009-07-10,15/9-F-14,24.000,229.850,105.052,77.082,28.210,1971.710,276018.340,104.170,,production,OP
2009-07-11,15/9-F-14,24.000,229.875,105.051,77.078,28.219,1973.720,275823.130,103.480,,production,OP
2009-07-12,15/9-F-14,24.000,229.598,105.046,76.914,28.448,1990.320,278743.970,105.870,,production,OP
2009-07-13,15/9-F-14,24.000,228.477,105.064,75.920,29.248,2068.620,287801.880,110.540,,production,OP
2009-07-14,15/9-F-14,24.000,228.395,105.069,75.747,29.304,2058.710,286738.380,110.060,,production,OP
2009-07-15,15/9-F-14,24.000,228.529,105.068,75.809,29.157,2031.150,282734.850,108.660,,production,OP
2009-07-16,15/9-F-14,24.000,228.451,105.065,75.803,29.045,2021.410,280486.360,100.820,,production,OP
2009-07-17,15/9-F-14,24.000,228.396,105.072,75.618,29.163,2032.920,285473.280,85.500,,production,OP
2009-07-18,15/9-F-14,24.000,228.993,105.095,75.777,29.365,1998.430,229295.820,113.470,,production,OP
2009-07-19,15/9-F-14,22.167,229.909,105.083,76.085,28.161,1725.310,237547.480,140.250,,production,OP
2009-07-20,15/9-F-14,24.000,228.340,105.145,74.577,31.216,2225.200,310831.780,331.440,,production,OP
2009-07-21,15/9-F-14,24.000,228.645,105.188,74.492,31.664,2373.340,334257.820,319.120,,production,OP
2009-07-22,15/9-F-14,24.000,229.735,105.201,75.003,31.629,2374.050,335557.650,268.020,,production,OP
2009-07-23,15/9-F-14,24.000,231.205,105.208,75.945,31.178,2332.240,330319.480,305.090,,production,OP
2009-07-24,15/9-F-14,24.000,233.235,105.203,77.371,29.962,2243.580,318234.690,332.630,,production,OP
2009-07-25,15/9-F-14,24.000,233.198,105.228,77.062,30.409,2334.320,330839.250,335.320,,production,OP
2009-07-26,15/9-F-14,24.000,234.567,105.237,77.867,30.735,2322.560,330488.820,336.990,,production,OP
2009-07-27,15/9-F-14,24.000,235.852,105.242,78.605,30.371,2292.320,325504.850,339.900,,production,OP
2009-07-28,15/9-F-14,24.000,236.392,105.263,78.707,30.752,2345.610,334205.260,238.100,,production,OP
2009-07-29,15/9-F-14,24.000,237.641,105.270,79.397,30.595,2337.600,333966.830,240.400,,production,OP
2009-07-30,15/9-F-14,24.000,238.727,105.281,80.041,30.465,2338.000,334189.410,228.510,,production,OP
2009-07-31,15/9-F-14,24.000,239.567,105.295,80.440,30.552,2324.910,332711.980,228.880,,production,OP
2009-08-01,15/9-F-14,24.000,240.300,105.297,80.794,30.550,2326.080,333956.280,231.080,,production,OP
2009-08-02,15/9-F-14,10.075,240.985,105.309,81.142,29.006,945.060,138806.890,91.770,,production,OP
2009-08-04,15/9-F-14,0.000,264.303,100.991,104.408,0.000,0.000,0.000,0.000,,production,OP
2009-08-05,15/9-F-14,21.508,236.247,105.280,73.703,36.512,3027.640,423443.820,353.620,,production,OP
2009-08-06,15/9-F-14,24.000,230.154,105.554,68.087,41.257,4270.990,593001.240,603.940,,production,OP
2009-08-07,15/9-F-14,22.908,228.825,105.574,67.037,41.751,4265.290,591157.500,893.230,,production,OP
2009-08-08,15/9-F-14,18.842,239.105,105.345,77.177,30.983,2058.020,300776.490,349.440,,production,OP
2009-08-09,15/9-F-14,24.000,222.922,105.584,60.669,47.860,4894.200,676198.460,759.550,,production,OP
2009-08-10,15/9-F-14,24.000,220.570,105.622,58.292,49.902,4998.820,689481.040,820.880,,production,OP
2009-08-11,15/9-F-14,24.000,224.262,105.572,62.912,44.940,4615.690,637879.270,750.850,,production,OP
2009-08-12,15/9-F-14,24.000,226.494,105.515,65.911,41.554,4301.840,595600.260,1296.300,,production,OP
2009-08-13,15/9-F-14,24.000,225.187,105.518,64.642,42.295,4369.420,603883.680,824.800,,production,OP
2009-08-14,15/9-F-14,24.000,224.548,105.515,64.190,42.299,4325.950,596886.660,822.840,,production,OP
2009-08-15,15/9-F-14,24.000,223.841,105.510,63.689,42.210,4260.780,590097.950,790.510,,production,OP
2009-08-16,15/9-F-14,24.000,223.952,105.525,63.564,42.237,4224.450,586837.650,817.100,,production,OP
2009-08-17,15/9-F-14,24.000,224.403,105.534,63.646,42.289,4232.840,587997.710,804.530,,production,OP
2009-08-18,15/9-F-14,24.000,224.818,105.544,63.707,42.270,4225.400,587934.370,786.500,,production,OP
2009-08-19,15/9-F-14,24.000,225.272,105.552,63.723,42.236,4225.220,588082.990,741.090,,production,OP
2009-08-20,15/9-F-14,24.000,225.513,105.564,63.663,42.289,4232.660,589375.100,785.260,,production,OP
2009-08-21,15/9-F-14,24.000,225.877,105.573,63.792,42.235,4231.890,588651.730,719.360,,production,OP
2009-08-22,15/9-F-14,24.000,226.178,105.579,63.866,42.193,4230.530,588015.650,780.100,,production,OP
2009-08-23,15/9-F-14,24.000,226.361,105.584,63.770,42.293,4227.740,588195.930,762.390,,production,OP
2009-08-24,15/9-F-14,24.000,226.391,105.594,63.502,42.562,4243.950,590541.200,787.570,,production,OP
2009-08-25,15/9-F-14,24.000,225.203,105.623,61.854,44.122,4321.880,600625.770,799.170,,production,OP
2009-08-26,15/9-F-14,14.667,234.194,105.343,62.396,30.955,1466.670,204838.220,658.030,,production,OP
2009-08-27,15/9-F-14,24.000,232.993,105.490,70.019,37.304,3276.910,463759.060,906.670,,production,OP
2009-08-28,15/9-F-14,24.000,226.907,105.609,63.472,42.748,4305.760,599141.970,692.060,,production,OP
2009-08-29,15/9-F-14,24.000,220.032,105.704,54.063,57.195,4495.440,632803.850,879.680,,production,OP
2009-08-30,15/9-F-14,24.000,218.482,105.764,49.725,66.234,4848.340,682081.460,760.430,,production,OP
2009-08-31,15/9-F-14,16.825,225.286,105.719,56.501,50.557,3044.040,414569.610,525.030,,production,OP
2009-09-02,15/9-F-14,0.000,132.342,50.785,97.592,,0.000,0.000,0.000,,production,OP
2009-09-03,15/9-F-14,0.000,263.417,100.862,100.474,,0.000,0.000,0.000,,production,OP
2009-09-04,15/9-F-14,3.008,254.737,104.645,0.000,19.459,293.980,39397.990,17.200,,production,OP
2009-09-05,15/9-F-14,24.000,244.992,105.321,0.000,31.353,2247.250,269448.670,8.390,,production,OP
2009-09-06,15/9-F-14,19.742,247.913,105.281,0.490,27.619,1802.880,257772.890,9.060,,production,OP
2009-09-07,15/9-F-14,19.500,240.806,104.366,76.918,32.357,2262.500,316811.720,13.900,,production,OP
2009-09-08,15/9-F-14,24.000,239.742,105.529,74.638,37.833,3644.190,508699.030,860.800,,production,OP
2009-09-09,15/9-F-14,24.000,232.986,105.644,66.584,43.820,4647.720,644186.790,1176.800,,production,OP
2009-09-10,15/9-F-14,24.000,233.263,105.667,66.792,43.681,4624.180,641206.130,855.750,,production,OP
2009-09-11,15/9-F-14,24.000,233.709,105.675,67.033,43.260,4595.160,635934.870,823.420,,production,OP
2009-09-12,15/9-F-14,24.000,234.517,105.663,67.940,42.288,4525.500,627128.480,912.780,,production,OP
2009-09-13,15/9-F-14,24.000,234.857,105.673,67.895,42.273,4514.240,627285.290,997.630,,production,OP
2009-09-14,15/9-F-14,24.000,235.231,105.684,67.867,42.231,4478.740,625909.590,929.360,,production,OP
2009-09-15,15/9-F-14,24.000,236.354,105.687,68.332,41.976,4377.970,615092.300,795.750,,production,OP
2009-09-16,15/9-F-14,24.000,234.686,105.718,66.211,43.378,4534.040,635173.290,659.000,,production,OP
2009-09-17,15/9-F-14,24.000,234.918,105.724,66.217,43.282,4521.120,633199.360,784.640,,production,OP
2009-09-18,15/9-F-14,24.000,235.181,105.731,66.178,43.279,4504.720,631462.000,759.290,,production,OP
2009-09-19,15/9-F-14,24.000,232.335,105.768,61.836,49.795,4804.400,672234.530,871.110,,production,OP
2009-09-20,15/9-F-14,24.000,223.807,105.906,50.078,69.189,5644.370,786328.360,783.900,,production,OP
2009-09-21,15/9-F-14,24.000,223.844,105.934,49.787,69.793,4867.010,678027.960,799.530,,production,OP
2009-09-22,15/9-F-14,24.000,224.079,105.945,49.829,69.396,4847.950,675426.370,854.260,,production,OP
2009-09-23,15/9-F-14,24.000,224.303,105.956,49.851,69.231,4690.490,654195.940,553.310,,production,OP
2009-09-24,15/9-F-14,24.000,230.587,105.912,57.780,55.298,4270.770,597666.970,693.420,,production,OP
2009-09-25,15/9-F-14,24.000,236.634,105.823,65.225,43.657,3899.790,546135.880,733.340,,production,OP
2009-09-26,15/9-F-14,10.825,236.740,105.825,65.089,43.042,1750.830,245908.830,382.200,,production,OP
2009-09-27,15/9-F-14,0.000,269.976,101.967,98.770,,0.000,0.000,0.000,,production,OP
2009-09-28,15/9-F-14,0.000,270.539,101.221,102.418,,0.000,0.000,0.000,,production,OP
2009-09-29,15/9-F-14,0.000,270.532,100.822,102.357,,0.000,0.000,0.000,,production,OP
2009-09-30,15/9-F-14,0.000,270.407,100.620,101.413,,0.000,0.000,0.000,,production,OP
2009-10-01,15/9-F-14,6.175,256.945,104.826,87.210,24.462,429.760,63849.670,137.520,,production,OP
2009-10-02,15/9-F-14,24.000,241.242,105.634,72.342,39.419,3567.820,502467.620,284.710,,production,OP
2009-10-03,15/9-F-14,24.000,236.778,105.742,66.853,43.004,3894.670,543524.320,415.530,,production,OP
2009-10-04,15/9-F-14,24.000,236.616,105.771,66.737,43.272,3894.950,546666.030,406.620,,production,OP
2009-10-05,15/9-F-14,23.158,237.039,105.784,66.894,42.458,3740.040,522982.650,82.330,,production,OP
2009-10-06,15/9-F-14,17.925,241.432,105.625,70.724,38.226,2449.200,345958.510,715.610,,production,OP
2009-10-07,15/9-F-14,24.000,237.365,105.805,66.762,43.279,3802.880,532991.230,333.330,,production,OP
2009-10-08,15/9-F-14,24.000,238.651,105.808,67.960,42.304,3715.570,520270.280,419.580,,production,OP
2009-10-09,15/9-F-14,24.000,240.943,105.781,70.367,40.278,3536.730,496636.740,506.430,,production,OP
2009-10-10,15/9-F-14,24.000,236.194,104.167,67.811,40.540,3599.730,504695.350,538.910,,production,OP
2009-10-11,15/9-F-14,24.000,239.867,105.796,68.574,41.161,3580.920,501628.240,575.500,,production,OP
2009-10-12,15/9-F-14,24.000,239.757,105.801,68.246,41.239,3585.750,501596.040,626.310,,production,OP
2009-10-13,15/9-F-14,21.500,241.857,105.738,69.885,37.613,2731.310,381468.810,1790.490,,production,OP
2009-10-14,15/9-F-14,24.000,239.354,105.783,67.825,41.055,3477.840,489328.580,792.970,,production,OP
2009-10-15,15/9-F-14,23.167,244.305,105.714,72.296,34.351,2601.890,378527.110,2326.190,,production,OP
2009-10-16,15/9-F-14,24.000,235.644,105.801,63.806,44.586,3837.870,532674.890,693.950,,production,OP
2009-10-17,15/9-F-14,6.644,235.718,105.677,59.657,42.159,1120.110,147799.540,6.600,,production,OP
2009-10-18,15/9-F-14,19.023,242.327,105.041,56.844,37.415,2434.520,345844.970,811.650,,production,OP
2009-10-19,15/9-F-14,24.000,234.776,105.807,63.476,44.295,3684.300,517428.020,686.290,,production,OP
2009-10-20,15/9-F-14,24.000,234.901,105.824,63.524,44.211,3675.560,514401.520,1315.690,,production,OP
2009-10-21,15/9-F-14,24.000,234.785,105.831,63.358,44.310,3675.290,513897.820,1373.070,,production,OP
2009-10-22,15/9-F-14,24.000,234.904,105.837,63.341,44.235,3664.120,513063.650,1258.670,,production,OP
2009-10-23,15/9-F-14,7.492,233.759,105.857,61.681,42.721,1238.040,170503.640,418.150,,production,OP
2009-10-24,15/9-F-14,4.508,261.589,104.765,81.152,18.102,208.750,41061.870,85.340,,production,OP
2009-10-25,15/9-F-14,24.500,241.828,105.789,68.434,39.832,3384.020,472845.450,1072.620,,production,OP
2009-10-26,15/9-F-14,24.000,236.376,105.896,62.849,45.565,3776.040,528571.450,1485.750,,production,OP
2009-10-27,15/9-F-14,24.000,236.123,105.915,62.483,45.624,3782.510,528860.040,1488.920,,production,OP
2009-10-28,15/9-F-14,24.000,237.300,105.914,63.650,44.404,3742.330,519616.530,1468.510,,production,OP
2009-10-29,15/9-F-14,22.333,239.585,105.873,65.253,41.568,3256.190,452126.150,1283.230,,production,OP
2009-10-30,15/9-F-14,23.000,240.336,105.887,66.353,40.724,3459.660,483519.070,1355.790,,production,OP
2009-10-31,15/9-F-14,24.000,245.373,105.830,72.303,37.277,3158.950,441779.030,1342.800,,production,OP
2009-11-01,15/9-F-14,24.000,244.806,105.825,71.481,37.712,3226.080,451119.010,1307.440,,production,OP
2009-11-02,15/9-F-14,24.000,244.838,105.826,71.331,37.662,3213.550,449539.760,1268.580,,production,OP
2009-11-03,15/9-F-14,24.000,244.500,105.832,70.665,38.029,3259.610,456930.680,1222.710,,production,OP
2009-11-04,15/9-F-14,21.500,247.645,105.762,72.897,33.940,2602.280,367442.110,920.880,,production,OP
2009-11-05,15/9-F-14,24.000,239.097,105.902,64.020,43.396,3628.840,507952.150,1339.300,,production,OP
2009-11-06,15/9-F-14,24.000,239.006,105.918,63.791,43.381,3609.060,505792.910,1317.790,,production,OP
2009-11-07,15/9-F-14,24.000,238.885,105.925,63.623,43.427,3620.380,507089.300,1404.450,,production,OP
2009-11-08,15/9-F-14,24.000,238.619,105.934,63.243,43.622,3634.400,508578.560,1425.140,,production,OP
2009-11-09,15/9-F-14,21.348,239.191,105.939,63.652,42.019,3121.080,436648.860,1269.340,,production,OP
2009-11-10,15/9-F-14,23.985,241.235,105.888,64.878,41.623,3409.720,477859.150,1482.530,,production,OP
2009-11-11,15/9-F-14,24.000,238.583,105.960,62.615,44.164,3640.410,511021.680,1557.870,,production,OP
2009-11-12,15/9-F-14,24.000,238.573,105.961,62.435,44.213,3635.050,510311.950,1630.010,,production,OP
2009-11-13,15/9-F-14,24.000,238.581,105.965,62.266,44.197,3614.060,514697.380,1618.100,,production,OP
2009-11-14,15/9-F-14,24.000,238.607,105.971,62.054,44.211,3624.810,509567.790,1601.680,,production,OP
2009-11-15,15/9-F-14,24.000,239.327,105.968,62.763,43.321,3580.460,504210.300,1662.570,,production,OP
2009-11-16,15/9-F-14,24.000,240.681,105.954,64.149,41.894,3506.480,493979.170,1454.210,,production,OP
2009-11-17,15/9-F-14,24.000,243.559,105.922,67.462,38.970,3296.120,465313.630,873.800,,production,OP
2009-11-18,15/9-F-14,24.000,244.171,105.907,68.107,38.428,3200.900,451518.580,1134.020,,production,OP
2009-11-19,15/9-F-14,24.000,244.002,105.904,67.650,38.619,3199.940,452524.380,1101.830,,production,OP
2009-11-20,15/9-F-14,22.667,247.002,105.866,69.261,34.981,2699.050,380362.770,966.470,,production,OP
2009-11-21,15/9-F-14,24.000,243.580,105.910,67.078,38.957,3222.510,455765.120,1155.710,,production,OP
2009-11-22,15/9-F-14,24.000,243.762,105.913,67.127,38.750,3197.720,451777.900,1086.470,,production,OP
2009-11-23,15/9-F-14,21.500,246.738,105.865,69.983,35.564,2570.890,364109.440,891.570,,production,OP
2009-11-24,15/9-F-14,22.250,246.320,105.854,69.347,36.072,2699.830,383391.370,1568.170,,production,OP
2009-11-25,15/9-F-14,24.000,244.697,105.909,68.134,37.967,3147.310,442953.370,605.370,,production,OP
2009-11-26,15/9-F-14,24.000,245.695,105.895,69.269,36.455,3085.330,437979.660,1430.760,,production,OP
2009-11-27,15/9-F-14,24.000,246.252,105.903,69.560,36.421,3099.790,439791.820,1324.120,,production,OP
2009-11-28,15/9-F-14,24.000,246.947,105.908,70.000,37.139,3091.190,438508.150,1324.910,,production,OP
2009-11-29,15/9-F-14,24.000,243.881,105.947,66.415,39.651,3281.290,475553.350,1474.730,,production,OP
2009-11-30,15/9-F-14,24.000,242.973,105.969,65.327,39.434,3325.360,469593.360,1595.920,,production,OP
2009-12-01,15/9-F-14,24.000,243.131,105.978,65.175,40.270,3305.280,467211.250,1463.650,,production,OP
2009-12-02,15/9-F-14,24.000,243.136,105.985,64.884,40.313,3319.050,469784.780,1620.140,,production,OP
2009-12-03,15/9-F-14,24.000,243.218,105.989,64.813,40.264,3300.400,467067.520,1595.670,,production,OP
2009-12-04,15/9-F-14,24.000,243.155,105.992,64.614,40.291,2913.030,411044.470,1476.400,,production,OP
2009-12-05,15/9-F-14,24.000,244.415,105.986,65.521,39.207,2797.510,394717.730,1399.100,,production,OP
2009-12-06,15/9-F-14,24.000,241.798,106.015,62.630,41.784,3031.700,425640.600,1564.790,,production,OP
2009-12-07,15/9-F-14,24.000,243.184,106.000,64.095,40.261,2895.940,406574.030,1484.800,,production,OP
2009-12-08,15/9-F-14,24.000,243.098,106.001,63.944,40.287,2763.860,387412.000,1595.820,,production,OP
2009-12-09,15/9-F-14,24.000,242.275,106.012,62.969,41.028,2821.190,393678.570,1665.620,,production,OP
2009-12-10,15/9-F-14,24.000,241.129,106.029,61.712,42.018,2900.000,404484.810,1326.080,,production,OP
2009-12-11,15/9-F-14,24.000,240.704,106.041,61.149,42.248,2919.380,408678.960,1118.890,,production,OP
2009-12-12,15/9-F-14,24.000,240.602,106.046,60.896,42.279,2919.950,408027.440,1804.230,,production,OP
2009-12-13,15/9-F-14,24.000,240.403,106.051,60.472,42.361,2920.020,408533.380,2079.200,,production,OP
2009-12-14,15/9-F-14,24.000,240.319,106.057,60.226,42.330,2910.860,408316.730,1921.740,,production,OP
2009-12-15,15/9-F-14,24.000,240.253,106.059,60.094,42.294,2874.910,415935.170,1868.780,,production,OP
2009-12-16,15/9-F-14,24.000,240.246,106.061,59.994,42.292,2894.130,404955.220,1165.290,,production,OP
2009-12-17,15/9-F-14,22.858,240.201,106.067,59.520,42.330,2753.060,387138.840,1817.450,,production,OP
2009-12-18,15/9-F-14,23.475,247.310,105.952,66.280,34.659,2129.710,294892.690,1575.240,,production,OP
2009-12-19,15/9-F-14,15.025,237.219,106.059,57.445,42.943,1770.130,246139.450,1404.760,,production,OP
2009-12-20,15/9-F-14,22.475,236.751,105.969,55.884,45.453,2753.300,380166.760,2296.830,,production,OP
2009-12-21,15/9-F-14,24.000,232.696,106.080,53.210,48.299,3061.280,423081.690,2407.760,,production,OP
2009-12-22,15/9-F-14,24.000,232.484,106.094,52.822,48.581,3042.090,422437.440,1795.870,,production,OP
2009-12-23,15/9-F-14,24.000,231.284,106.121,51.262,51.139,3221.530,447369.710,2270.410,,production,OP
2009-12-24,15/9-F-14,24.000,230.624,106.148,50.379,52.575,3305.480,459026.570,2589.360,,production,OP
2009-12-25,15/9-F-14,18.833,236.330,106.064,54.914,44.011,2205.810,308848.300,1594.680,,production,OP
2009-12-26,15/9-F-14,24.000,234.645,106.114,54.434,47.011,2991.820,417845.520,2372.370,,production,OP
2009-12-27,15/9-F-14,24.000,231.957,106.151,51.415,51.024,3205.500,447403.580,1758.790,,production,OP
2009-12-28,15/9-F-14,24.000,233.451,106.135,53.037,48.285,2912.110,405892.820,2311.770,,production,OP
2009-12-29,15/9-F-14,24.000,233.687,106.135,53.035,48.182,2892.660,405099.210,2202.170,,production,OP
2009-12-30,15/9-F-14,24.000,233.804,106.137,52.942,48.234,2891.580,404603.780,2349.650,,production,OP
2009-12-31,15/9-F-14,24.000,233.682,106.141,52.707,48.569,2891.080,420898.760,2276.110,,production,OP
2010-01-01,15/9-F-14,24.000,232.949,106.155,51.681,50.151,2956.170,414039.250,2433.180,,production,OP
2010-01-02,15/9-F-14,24.000,232.889,106.164,51.343,50.695,2973.260,416049.710,2626.330,,production,OP
2010-01-03,15/9-F-14,24.000,235.012,106.153,53.422,47.666,2829.960,396691.770,2352.400,,production,OP
2010-01-04,15/9-F-14,24.000,237.129,106.124,55.583,44.706,2703.200,379733.190,2134.980,,production,OP
2010-01-05,15/9-F-14,24.000,236.426,106.131,54.657,45.744,2745.860,385609.860,1564.420,,production,OP
2010-01-06,15/9-F-14,24.000,236.246,106.140,54.315,46.054,2755.530,386478.040,1598.470,,production,OP
2010-01-07,15/9-F-14,24.000,236.650,106.140,54.564,44.740,2724.820,382552.450,2041.070,,production,OP
2010-01-08,15/9-F-14,24.000,236.637,106.145,54.389,44.805,2723.080,382201.620,1667.540,,production,OP
2010-01-09,15/9-F-14,22.833,240.821,106.110,57.999,39.729,2301.790,337751.400,1609.050,,production,OP
2010-01-10,15/9-F-14,24.000,236.295,106.136,54.090,44.944,2726.550,382361.090,1760.210,,production,OP
2010-01-11,15/9-F-14,24.000,236.347,106.149,53.968,45.878,2714.430,380459.930,1998.230,,production,OP
2010-01-12,15/9-F-14,24.000,236.456,106.154,53.876,46.005,2711.820,379376.030,1800.960,,production,OP
2010-01-13,15/9-F-14,24.000,236.377,106.163,53.594,46.343,2713.460,379315.490,2008.990,,production,OP
2010-01-14,15/9-F-14,24.000,236.180,106.175,53.193,46.987,2710.240,379239.910,2593.380,,production,OP
2010-01-15,15/9-F-14,24.000,235.084,106.199,51.747,49.223,2762.750,386570.010,2596.490,,production,OP
2010-01-16,15/9-F-14,24.000,235.367,106.209,51.776,49.226,2734.350,381586.500,2788.240,,production,OP
2010-01-17,15/9-F-14,24.000,235.609,106.217,51.767,49.306,2695.510,376652.430,2791.500,,production,OP
2010-01-18,15/9-F-14,24.000,236.040,106.228,51.858,49.260,2840.810,396261.970,2533.960,,production,OP
2010-01-19,15/9-F-14,24.000,236.468,106.238,51.935,49.211,2813.380,392758.460,2477.030,,production,OP
2010-01-20,15/9-F-14,24.000,194.358,87.219,52.012,49.241,2789.610,389180.910,2595.680,,production,OP
2010-01-21,15/9-F-14,24.000,237.161,106.251,52.257,49.086,2758.510,386979.330,2599.220,,production,OP
2010-01-22,15/9-F-14,24.000,237.353,106.259,52.191,49.162,2746.740,386243.740,2595.550,,production,OP
2010-01-23,15/9-F-14,24.000,252.976,106.149,66.231,34.024,1935.580,282455.750,1786.530,,production,OP
2010-01-24,15/9-F-14,24.000,244.033,106.179,58.087,43.629,2512.900,360984.860,2321.350,,production,OP
2010-01-25,15/9-F-14,24.000,240.362,106.255,54.340,46.583,2689.440,375908.940,2571.560,,production,OP
2010-01-26,15/9-F-14,23.333,242.975,106.235,56.486,42.995,2447.280,351147.700,2300.590,,production,OP
2010-01-27,15/9-F-14,24.000,243.430,106.233,57.393,42.896,2549.270,357687.240,2415.210,,production,OP
2010-01-28,15/9-F-14,24.000,246.257,106.198,60.227,40.236,2392.820,335620.770,2351.710,,production,OP
2010-01-29,15/9-F-14,24.000,245.085,106.211,58.884,41.878,2431.330,341029.420,2286.590,,production,OP
2010-01-30,15/9-F-14,24.000,245.007,106.222,58.629,42.231,2421.010,339827.680,2351.100,,production,OP
2010-01-31,15/9-F-14,24.000,245.320,106.229,58.735,42.244,2409.790,338546.470,2452.640,,production,OP
2010-02-01,15/9-F-14,24.000,245.580,106.236,58.792,42.292,2415.980,338847.620,2464.310,,production,OP
2010-02-02,15/9-F-14,24.000,246.168,106.243,59.092,42.055,2390.720,336402.700,2524.310,,production,OP
2010-02-03,15/9-F-14,24.000,248.223,106.226,60.882,40.595,2475.530,361124.210,2383.690,,production,OP
2010-02-04,15/9-F-14,24.000,247.969,106.236,60.348,40.991,2511.600,356664.970,2970.890,,production,OP
2010-02-05,15/9-F-14,24.000,247.048,106.255,59.183,42.094,2595.290,364435.930,2443.850,,production,OP
2010-02-06,15/9-F-14,24.000,247.636,106.258,59.669,41.788,2573.400,361845.850,1801.470,,production,OP
2010-02-07,15/9-F-14,24.000,247.812,106.266,59.597,41.979,2547.010,361152.420,2569.970,,production,OP
2010-02-08,15/9-F-14,24.000,246.703,106.284,58.303,43.335,2608.510,367110.170,2750.300,,production,OP
2010-02-09,15/9-F-14,24.000,247.385,106.291,58.797,42.843,2579.150,362761.760,2724.610,,production,OP
2010-02-10,15/9-F-14,24.000,188.630,80.616,60.037,41.728,2521.730,355402.620,2616.020,,production,OP
2010-02-11,15/9-F-14,24.000,250.189,106.276,61.242,40.501,2500.810,350905.830,2280.370,,production,OP
2010-02-12,15/9-F-14,24.000,252.755,106.266,63.438,38.670,2368.790,330996.230,2247.600,,production,OP
2010-02-13,15/9-F-14,24.000,252.443,106.216,63.770,38.785,2426.540,333708.840,2359.860,,production,OP
2010-02-14,15/9-F-14,15.333,222.270,94.156,61.426,34.261,1436.900,201411.220,1288.170,,production,OP
2010-02-15,15/9-F-14,13.700,0.000,0.000,69.259,28.839,1006.270,137507.760,672.680,,production,OP
2010-02-16,15/9-F-14,24.000,0.000,0.000,59.769,41.811,2652.060,372253.280,2368.230,,production,OP
2010-02-17,15/9-F-14,24.000,0.000,0.000,59.813,41.785,2606.400,366025.930,2295.590,,production,OP
2010-02-18,15/9-F-14,21.600,0.000,0.000,61.798,39.019,2141.690,300735.420,1978.550,,production,OP
2010-02-19,15/9-F-14,24.000,0.000,0.000,60.529,41.379,2560.920,359808.720,2446.050,,production,OP
2010-02-20,15/9-F-14,24.000,0.000,0.000,61.037,40.982,2519.310,353951.900,2469.470,,production,OP
2010-02-21,15/9-F-14,24.000,0.000,0.000,61.196,40.096,2492.650,350037.930,2467.400,,production,OP
2010-02-22,15/9-F-14,24.000,0.000,0.000,61.639,40.834,2485.030,350026.960,2478.530,,production,OP
2010-02-23,15/9-F-14,23.083,71.155,30.076,63.935,37.115,2144.800,307980.270,2126.160,,production,OP
2010-02-24,15/9-F-14,24.000,250.828,106.349,60.582,41.878,2532.280,360704.440,2650.720,,production,OP
2010-02-25,15/9-F-14,18.500,49.450,20.960,60.117,40.528,1709.580,243034.510,1755.050,,production,OP
2010-02-26,15/9-F-14,20.358,255.381,106.219,63.967,36.962,1660.010,239149.240,2391.980,,production,OP
2010-02-27,15/9-F-14,17.600,251.288,106.329,59.410,39.412,1630.020,227261.560,2474.420,,production,OP
2010-03-02,15/9-F-14,1.525,279.679,102.803,101.513,7.914,51.610,3684.870,31.040,,production,OP
2010-03-03,15/9-F-14,23.500,252.143,106.134,63.548,38.443,2114.140,291748.790,2110.010,,production,OP
2010-03-04,15/9-F-14,23.667,247.415,106.248,60.444,40.986,2332.950,322809.680,1966.810,,production,OP
2010-03-05,15/9-F-14,24.000,244.446,106.268,58.542,43.074,2475.080,341962.900,2141.580,,production,OP
2010-03-06,15/9-F-14,20.992,244.461,106.263,59.267,41.362,2079.020,286933.520,1840.750,,production,OP
2010-03-08,15/9-F-14,12.008,248.937,105.975,64.167,37.255,1151.800,159842.090,746.820,,production,OP
2010-03-09,15/9-F-14,24.000,244.020,106.276,59.580,42.290,2406.830,331941.060,2575.170,,production,OP
2010-03-10,15/9-F-14,24.000,242.908,106.267,59.425,42.240,2353.480,324892.560,2029.420,,production,OP
2010-03-11,15/9-F-14,23.667,243.739,106.244,60.339,39.956,2412.870,334738.390,2137.270,,production,OP
2010-03-12,15/9-F-14,21.750,251.866,106.105,66.354,30.613,2035.340,288250.750,1671.350,,production,OP
2010-03-13,15/9-F-14,24.000,239.668,106.279,56.366,43.454,2651.610,382979.150,2403.790,,production,OP
2010-03-14,15/9-F-14,24.000,239.399,106.329,55.247,46.104,2682.950,383733.680,2516.720,,production,OP
2010-03-15,15/9-F-14,24.000,241.307,106.326,56.687,44.316,2551.430,360311.810,2929.680,,production,OP
2010-03-16,15/9-F-14,24.000,243.615,106.318,58.515,42.540,2443.690,346536.720,2514.630,,production,OP
2010-03-17,15/9-F-14,24.000,244.474,106.309,58.965,41.939,2363.550,330494.630,2707.640,,production,OP
2010-03-18,15/9-F-14,24.000,243.129,106.298,57.897,42.642,2302.630,336306.510,2355.550,,production,OP
2010-03-19,15/9-F-14,24.000,242.345,106.287,57.490,42.678,2275.390,318025.910,2039.450,,production,OP
2010-03-20,15/9-F-14,24.000,241.645,106.279,57.256,42.736,2251.880,314261.450,2036.450,,production,OP
2010-03-21,15/9-F-14,24.000,240.823,106.273,56.851,42.771,2220.600,309661.360,2031.360,,production,OP
2010-03-22,15/9-F-14,24.000,238.618,106.278,54.875,45.041,2650.030,370156.140,2364.900,,production,OP
2010-03-23,15/9-F-14,24.000,235.974,106.308,52.338,48.268,2763.870,391352.400,2744.650,,production,OP
2010-03-24,15/9-F-14,24.000,236.841,106.321,52.753,47.669,2723.290,384920.140,2563.730,,production,OP
2010-03-25,15/9-F-14,24.000,237.292,106.333,52.782,47.665,2710.550,382931.930,2632.920,,production,OP
2010-03-26,15/9-F-14,24.000,238.497,106.340,53.554,46.884,2607.980,368334.370,2647.590,,production,OP
2010-03-27,15/9-F-14,24.000,239.166,106.346,53.888,46.515,2538.520,359368.760,2546.040,,production,OP
2010-03-28,15/9-F-14,23.000,239.774,106.358,54.090,45.710,2372.260,334871.430,2456.030,,production,OP
2010-03-29,15/9-F-14,24.000,240.441,106.366,54.387,46.680,2380.490,336591.370,2496.200,,production,OP
2010-03-30,15/9-F-14,24.000,242.177,106.360,55.747,45.174,2555.350,363966.900,2556.960,,production,OP
2010-03-31,15/9-F-14,24.000,242.626,106.365,55.786,44.146,2530.060,360196.090,2766.340,,production,OP
2010-04-01,15/9-F-14,0.000,270.799,103.854,55.524,5.295,0.000,0.000,0.000,,production,OP
2010-04-02,15/9-F-14,9.142,249.669,105.911,54.147,35.256,805.180,116946.900,817.600,,production,OP
2010-04-03,15/9-F-14,23.333,245.918,106.350,57.892,42.415,2329.400,327884.140,2458.740,,production,OP
2010-04-04,15/9-F-14,24.000,243.646,106.407,55.521,45.930,2649.880,372779.090,2812.370,,production,OP
2010-04-05,15/9-F-14,24.000,244.660,106.418,56.177,44.420,2592.210,366142.180,2694.230,,production,OP
2010-04-06,15/9-F-14,24.000,245.686,106.420,56.930,44.623,2569.990,364122.630,2625.160,,production,OP
2010-04-07,15/9-F-14,24.000,246.050,106.429,57.062,44.619,2567.230,364373.140,2832.170,,production,OP
2010-04-08,15/9-F-14,24.000,247.136,106.433,57.836,43.980,2639.660,375786.260,2659.400,,production,OP
2010-04-09,15/9-F-14,24.000,248.222,106.421,58.887,43.053,2594.120,364622.260,2459.180,,production,OP
2010-04-10,15/9-F-14,24.000,247.492,106.396,58.753,42.748,2574.890,359872.050,2477.550,,production,OP
2010-04-11,15/9-F-14,24.000,246.805,106.382,58.425,42.692,2548.680,356321.960,2401.550,,production,OP
2010-04-12,15/9-F-14,24.000,244.751,106.378,56.845,43.894,2589.880,362544.040,2447.960,,production,OP
2010-04-13,15/9-F-14,24.000,243.242,106.357,56.220,44.264,2581.960,362655.220,2477.630,,production,OP
2010-04-14,15/9-F-14,24.000,242.265,106.342,55.924,44.286,2471.340,343955.470,2054.280,,production,OP
2010-04-15,15/9-F-14,24.000,241.517,106.331,55.826,44.167,2438.810,340726.460,2585.230,,production,OP
2010-04-16,15/9-F-14,24.000,240.285,106.328,55.208,44.612,2428.330,339139.220,2556.130,,production,OP
2010-04-17,15/9-F-14,23.333,241.282,106.304,56.589,42.216,2276.940,318135.050,2570.240,,production,OP
2010-04-18,15/9-F-14,24.000,238.065,106.320,54.267,45.676,2521.840,351073.080,2564.960,,production,OP
2010-04-19,15/9-F-14,24.000,236.855,106.316,53.719,46.197,2487.400,353646.980,2693.930,,production,OP
2010-04-20,15/9-F-14,24.000,235.292,106.307,52.801,46.983,2345.280,325928.070,1823.370,,production,OP
2010-04-21,15/9-F-14,24.000,234.262,106.302,52.445,47.151,2727.020,378875.370,2430.840,,production,OP
2010-04-22,15/9-F-14,24.000,233.989,106.279,52.808,46.163,2674.990,372845.540,2282.690,,production,OP
2010-04-23,15/9-F-14,24.000,233.618,106.287,52.527,46.169,2632.770,377052.690,2252.020,,production,OP
2010-04-24,15/9-F-14,24.000,232.116,106.336,49.810,52.598,2656.070,379250.250,2359.740,,production,OP
2010-04-25,15/9-F-14,24.000,231.336,106.402,47.931,58.579,2788.460,384677.300,2608.400,,production,OP
2010-04-26,15/9-F-14,24.000,238.468,106.347,54.388,49.447,2235.180,319314.570,2082.290,,production,OP
2010-04-27,15/9-F-14,24.000,232.121,106.456,46.895,61.313,3115.250,442143.390,2796.420,,production,OP
2010-04-28,15/9-F-14,24.000,240.665,106.428,54.795,50.104,2329.560,333190.640,1941.660,,production,OP
2010-04-29,15/9-F-14,24.000,238.100,106.428,51.512,55.088,2704.270,385619.310,2370.420,,production,OP
2010-04-30,15/9-F-14,24.000,234.780,106.506,47.621,61.249,3159.220,448847.160,2729.150,,production,OP
2010-05-01,15/9-F-14,24.000,235.372,106.524,47.743,60.896,3149.160,447855.250,2713.110,,production,OP
2010-05-02,15/9-F-14,24.000,236.368,106.532,48.355,59.358,3120.600,442383.610,2652.350,,production,OP
2010-05-03,15/9-F-14,24.000,236.418,106.529,48.414,59.332,3126.640,441909.620,2651.940,,production,OP
2010-05-04,15/9-F-14,24.000,236.685,106.532,48.490,59.237,2999.430,425496.490,2431.990,,production,OP
2010-05-05,15/9-F-14,24.000,237.134,106.542,48.568,59.116,3069.970,432818.080,2783.130,,production,OP
2010-05-06,15/9-F-14,24.000,236.955,106.554,47.895,61.464,3135.620,444230.830,2614.740,,production,OP
2010-05-07,15/9-F-14,24.000,236.972,106.571,47.442,63.292,3180.690,451352.620,2885.570,,production,OP
2010-05-08,15/9-F-14,24.000,237.453,106.580,47.501,63.266,3165.640,449545.580,2939.230,,production,OP
2010-05-09,15/9-F-14,24.000,237.931,106.587,47.555,63.181,3153.140,447430.630,2927.320,,production,OP
2010-05-10,15/9-F-14,24.000,238.393,106.594,47.573,63.169,2832.320,402525.760,2779.430,,production,OP
2010-05-11,15/9-F-14,24.000,238.563,106.604,47.289,64.412,2840.840,403412.750,2783.220,,production,OP
2010-05-12,15/9-F-14,24.000,238.938,106.615,47.187,64.953,2819.180,388630.980,2785.050,,production,OP
2010-05-13,15/9-F-14,20.167,242.157,106.578,49.117,59.090,2233.430,321080.800,2119.030,,production,OP
2010-05-14,15/9-F-14,24.000,240.030,106.638,46.975,65.332,2805.150,402508.650,2648.690,,production,OP
2010-05-15,15/9-F-14,24.000,240.277,106.648,46.819,65.252,2824.140,403614.570,2778.740,,production,OP
2010-05-16,15/9-F-14,24.000,240.652,106.658,46.773,67.272,2817.070,402721.500,2633.910,,production,OP
2010-05-17,15/9-F-14,24.000,240.928,106.670,46.533,69.336,2831.560,404825.380,2945.570,,production,OP
2010-05-18,15/9-F-14,24.000,241.327,106.680,46.449,70.250,2834.190,404854.080,3202.200,,production,OP
2010-05-19,15/9-F-14,24.000,241.964,106.687,46.667,68.733,2849.420,407374.390,3049.570,,production,OP
2010-05-20,15/9-F-14,24.000,242.492,106.693,46.808,67.987,2825.130,403710.790,2976.100,,production,OP
2010-05-21,15/9-F-14,24.000,242.929,106.701,46.827,68.172,2812.280,403047.360,2857.420,,production,OP
2010-05-22,15/9-F-14,24.000,243.451,106.708,46.854,68.125,2800.580,404666.480,2855.220,,production,OP
2010-05-23,15/9-F-14,24.000,243.872,106.717,46.799,68.925,2808.390,401629.780,2798.980,,production,OP
2010-05-24,15/9-F-14,24.000,244.294,106.724,46.761,69.694,2814.610,402992.060,2804.140,,production,OP
2010-05-25,15/9-F-14,24.000,244.665,106.732,46.651,70.969,2821.870,404143.030,2933.930,,production,OP
2010-05-26,15/9-F-14,24.000,245.103,106.738,46.692,71.164,2817.920,402764.220,3112.210,,production,OP
2010-05-27,15/9-F-14,24.000,245.399,106.740,46.660,71.180,2755.100,394519.140,2702.560,,production,OP
2010-05-28,15/9-F-14,24.000,247.975,106.718,49.068,65.784,2534.630,361765.590,2162.270,,production,OP
2010-05-29,15/9-F-14,24.000,245.737,106.733,46.719,70.225,2778.790,394752.360,3125.920,,production,OP
2010-05-30,15/9-F-14,24.000,246.829,106.724,47.946,67.328,2649.130,371374.080,2993.440,,production,OP
2010-05-31,15/9-F-14,24.000,259.125,106.583,61.262,42.275,1602.660,220359.450,1668.460,,production,OP
2010-06-01,15/9-F-14,24.000,257.859,106.606,58.942,46.693,1858.550,260175.060,1298.100,,production,OP
2010-06-02,15/9-F-14,24.000,248.967,106.718,48.772,62.170,2696.520,380985.040,2991.670,,production,OP
2010-06-03,15/9-F-14,24.000,247.901,106.735,47.705,66.380,2735.250,388901.370,2971.340,,production,OP
2010-06-04,15/9-F-14,24.000,247.781,106.754,46.989,71.008,2773.450,394726.730,2948.370,,production,OP
2010-06-05,15/9-F-14,24.000,247.809,106.766,46.478,76.637,2810.650,401083.640,3466.630,,production,OP
2010-06-06,15/9-F-14,24.000,248.161,106.773,46.511,76.692,2800.790,399978.920,3351.180,,production,OP
2010-06-07,15/9-F-14,24.000,249.356,106.764,47.679,66.775,2696.270,386090.760,3162.890,,production,OP
2010-06-08,15/9-F-14,24.000,249.636,106.757,47.856,65.257,2676.080,382028.250,3139.950,,production,OP
2010-06-09,15/9-F-14,24.000,249.523,106.755,47.697,65.903,2678.050,382530.290,2962.480,,production,OP
2010-06-10,15/9-F-14,24.000,249.541,106.753,47.616,66.159,2676.310,374324.710,3077.460,,production,OP
2010-06-11,15/9-F-14,24.000,249.543,106.750,47.827,66.153,2625.550,374541.530,3194.640,,production,OP
2010-06-12,15/9-F-14,24.000,249.582,106.748,47.887,66.268,2612.810,373944.070,3311.370,,production,OP
2010-06-13,15/9-F-14,24.000,249.599,106.746,47.907,66.294,2623.480,374702.750,2951.560,,production,OP
2010-06-14,15/9-F-14,23.167,249.998,106.740,48.172,64.457,2597.550,371658.000,3446.490,,production,OP
2010-06-15,15/9-F-14,24.000,250.383,106.729,49.047,62.249,2534.000,362746.400,3521.410,,production,OP
2010-06-16,15/9-F-14,24.000,250.967,106.720,50.003,60.230,2486.320,356111.930,3385.780,,production,OP
2010-06-17,15/9-F-14,24.000,251.064,106.718,50.453,60.117,2495.410,357432.080,3428.130,,production,OP
2010-06-18,15/9-F-14,24.000,251.194,106.716,49.843,60.310,2489.740,357146.720,3365.680,,production,OP
2010-06-19,15/9-F-14,22.583,255.798,106.653,54.700,51.979,1957.440,283896.950,2711.910,,production,OP
2010-06-20,15/9-F-14,24.000,250.707,106.713,49.478,60.551,2452.140,350053.600,3554.230,,production,OP
2010-06-21,15/9-F-14,24.000,250.930,106.715,49.559,59.845,2444.370,348878.740,3525.340,,production,OP
2010-06-22,15/9-F-14,24.000,251.023,106.710,49.479,59.675,2427.990,347999.530,3489.240,,production,OP
2010-06-23,15/9-F-14,24.000,251.075,106.707,49.380,59.819,2422.220,347806.750,3496.940,,production,OP
2010-06-24,15/9-F-14,24.000,250.910,106.700,49.609,59.651,2423.790,343279.560,3496.330,,production,OP
2010-06-25,15/9-F-14,24.000,250.772,106.692,49.352,59.643,2396.540,344715.380,3386.380,,production,OP
2010-06-26,15/9-F-14,24.000,250.904,106.689,49.863,59.722,2395.140,342561.460,3395.830,,production,OP
2010-06-27,15/9-F-14,24.000,250.913,106.685,49.898,59.634,2387.860,343058.410,3390.720,,production,OP
2010-06-28,15/9-F-14,24.000,251.071,106.686,50.669,59.604,2380.720,342371.260,3396.150,,production,OP
2010-06-29,15/9-F-14,24.000,251.200,106.686,50.299,59.759,2379.630,342137.650,3366.910,,production,OP
2010-06-30,15/9-F-14,24.000,251.290,106.683,50.427,59.742,2375.200,340709.260,3395.810,,production,OP
2010-07-01,15/9-F-14,24.000,251.276,106.678,50.456,59.859,2370.070,340847.550,3414.000,,production,OP
2010-07-02,15/9-F-14,24.000,252.573,106.666,51.631,57.341,2298.140,331205.230,3334.670,,production,OP
2010-07-03,15/9-F-14,24.000,262.271,106.528,63.795,41.340,1907.630,279405.310,2916.150,,production,OP
2010-07-04,15/9-F-14,24.000,263.064,106.477,63.950,39.867,1834.070,266509.390,2736.460,,production,OP
2010-07-05,15/9-F-14,24.000,263.652,106.461,66.385,39.121,1800.020,261444.200,2673.750,,production,OP
2010-07-06,15/9-F-14,24.000,263.415,106.460,65.204,39.409,1793.180,263113.490,2707.000,,production,OP
2010-07-07,15/9-F-14,24.000,263.733,106.454,63.651,39.395,1841.440,268895.240,2815.010,,production,OP
2010-07-08,15/9-F-14,24.000,263.714,106.450,62.842,39.280,1818.540,265260.440,2814.920,,production,OP
2010-07-09,15/9-F-14,24.000,263.624,106.446,62.756,39.468,1805.190,263330.080,2834.240,,production,OP
2010-07-10,15/9-F-14,22.417,269.395,106.369,67.782,32.992,1393.690,206141.460,2237.750,,production,OP
2010-07-11,15/9-F-14,24.000,263.780,106.435,62.734,39.693,1729.900,252874.960,2873.240,,production,OP
2010-07-12,15/9-F-14,24.000,258.763,106.500,57.183,47.932,2033.150,295470.560,3296.940,,production,OP
2010-07-13,15/9-F-14,24.000,250.820,106.627,47.951,62.145,2582.650,372301.400,4061.440,,production,OP
2010-07-14,15/9-F-14,24.000,251.053,106.633,48.046,62.311,2582.080,371452.460,4099.670,,production,OP
2010-07-15,15/9-F-14,24.000,251.235,106.630,48.028,62.113,2574.440,371282.320,3722.600,,production,OP
2010-07-16,15/9-F-14,24.000,251.321,106.628,47.990,61.978,2572.810,371287.400,3905.650,,production,OP
2010-07-17,15/9-F-14,24.000,251.389,106.623,47.915,61.995,2562.150,369933.700,3907.520,,production,OP
2010-07-18,15/9-F-14,24.000,251.395,106.618,47.836,62.009,2551.650,368216.340,3037.370,,production,OP
2010-07-19,15/9-F-14,24.000,251.292,106.611,47.759,62.092,2545.390,366496.310,3180.920,,production,OP
2010-07-20,15/9-F-14,24.000,251.043,106.605,47.461,62.898,2546.150,366948.650,3450.010,,production,OP
2010-07-21,15/9-F-14,24.000,250.873,106.599,47.312,63.236,2541.250,366305.810,3472.400,,production,OP
2010-07-22,15/9-F-14,24.000,250.901,106.593,47.363,63.315,2530.040,365410.600,3504.940,,production,OP
2010-07-23,15/9-F-14,24.000,251.598,106.584,48.045,60.846,2413.440,348507.240,3373.700,,production,OP
2010-07-24,15/9-F-14,24.000,252.095,106.573,48.467,59.209,2384.280,344604.710,3344.900,,production,OP
2010-07-25,15/9-F-14,24.000,252.096,106.568,48.378,59.200,2382.550,343975.620,3351.670,,production,OP
2010-07-26,15/9-F-14,24.000,252.105,106.562,48.437,59.102,2370.340,342144.370,3351.140,,production,OP
2010-07-27,15/9-F-14,24.000,252.063,106.558,48.307,59.240,2377.020,343677.860,3362.830,,production,OP
2010-07-28,15/9-F-14,24.000,252.155,106.553,48.412,59.132,2370.990,342499.130,3360.010,,production,OP
2010-07-29,15/9-F-14,24.000,252.204,106.547,48.455,59.051,2363.130,341715.290,3357.510,,production,OP
2010-07-30,15/9-F-14,24.000,252.205,106.543,48.399,59.065,2363.810,341180.300,3356.340,,production,OP
2010-07-31,15/9-F-14,24.000,252.145,106.539,48.343,59.056,2361.060,341096.930,3361.600,,production,OP
2010-08-01,15/9-F-14,24.000,252.149,106.534,48.364,58.981,2354.690,340158.730,3366.450,,production,OP
2010-08-02,15/9-F-14,24.000,252.173,106.530,48.355,58.990,2360.150,340870.100,3367.570,,production,OP
2010-08-03,15/9-F-14,24.000,252.147,106.524,48.273,59.131,2359.780,340677.740,3389.720,,production,OP
2010-08-04,15/9-F-14,24.000,252.140,106.519,48.268,59.156,2357.530,340689.920,3385.170,,production,OP
2010-08-05,15/9-F-14,22.667,254.149,106.491,49.791,54.622,2065.250,300997.970,3198.800,,production,OP
2010-08-06,15/9-F-14,24.000,251.719,106.521,47.786,59.278,2307.310,334403.970,3568.920,,production,OP
2010-08-07,15/9-F-14,22.667,254.969,106.482,49.861,52.800,1976.830,288792.530,3071.360,,production,OP
2010-08-08,15/9-F-14,24.000,251.670,106.517,47.842,59.237,2314.340,335464.180,3584.640,,production,OP
2010-08-09,15/9-F-14,24.000,251.639,106.513,47.880,59.137,2323.850,336483.870,3578.610,,production,OP
2010-08-10,15/9-F-14,24.000,251.636,106.508,47.881,59.051,2328.430,336442.770,3475.140,,production,OP
2010-08-11,15/9-F-14,24.000,251.588,106.504,47.913,59.131,2331.820,336346.580,3489.980,,production,OP
2010-08-12,15/9-F-14,24.000,251.570,106.498,47.930,59.194,2326.480,336776.430,3494.390,,production,OP
2010-08-13,15/9-F-14,24.000,251.515,106.492,47.893,59.199,2325.930,336865.460,3502.060,,production,OP
2010-08-14,15/9-F-14,24.000,251.488,106.487,47.872,59.232,2326.150,335954.390,3498.320,,production,OP
2010-08-15,15/9-F-14,23.758,252.441,106.479,48.827,57.292,2278.690,327273.000,3399.590,,production,OP
2010-08-17,15/9-F-14,0.000,293.355,102.315,3.059,,0.000,0.000,0.000,,production,OP
2010-08-20,15/9-F-14,0.000,297.543,101.001,3.823,,0.000,0.000,0.000,,production,OP
2010-08-21,15/9-F-14,0.000,301.931,100.923,3.133,,0.000,0.000,0.000,,production,OP
2010-08-22,15/9-F-14,0.000,301.873,100.785,2.279,,0.000,0.000,0.000,,production,OP
2010-08-23,15/9-F-14,0.000,301.818,100.659,3.467,,0.000,0.000,0.000,,production,OP
2010-08-25,15/9-F-14,0.000,301.729,100.443,3.197,,0.000,0.000,0.000,,production,OP
2010-08-26,15/9-F-14,0.000,301.689,100.351,3.148,,0.000,0.000,0.000,,production,OP
2010-08-27,15/9-F-14,0.000,301.651,100.267,3.122,,0.000,0.000,0.000,,production,OP
2010-08-28,15/9-F-14,0.000,301.612,100.189,17.051,,0.000,0.000,0.000,,production,OP
2010-08-29,15/9-F-14,20.008,269.172,105.743,70.126,32.319,1114.310,162282.270,1747.370,,production,OP
2010-08-30,15/9-F-14,24.000,266.633,106.127,69.321,35.227,1536.100,215332.100,1688.110,,production,OP
2010-08-31,15/9-F-14,24.000,269.228,106.126,72.315,33.088,1426.090,197440.270,1646.700,,production,OP
2010-09-01,15/9-F-14,21.333,263.696,106.171,65.924,37.381,1529.070,217223.360,2653.570,,production,OP
2010-09-02,15/9-F-14,24.000,251.650,106.389,53.023,51.201,2454.880,453753.370,2718.560,,production,OP
2010-09-03,15/9-F-14,24.000,255.422,106.357,57.106,45.029,2247.640,332337.450,2550.570,,production,OP
2010-09-04,15/9-F-14,24.000,254.581,106.371,56.465,45.950,2285.770,338531.350,2669.620,,production,OP
2010-09-05,15/9-F-14,24.000,255.262,106.371,56.923,45.445,2229.820,331444.660,2835.670,,production,OP
2010-09-06,15/9-F-14,24.000,254.940,106.373,56.322,45.977,2205.880,316423.160,2782.460,,production,OP
2010-09-07,15/9-F-14,24.000,254.264,106.379,55.538,46.982,2233.580,333180.650,3073.980,,production,OP
2010-09-08,15/9-F-14,24.000,253.832,106.382,54.812,47.755,2235.480,334409.150,2977.050,,production,OP
2010-09-09,15/9-F-14,24.000,252.619,106.391,53.223,50.007,2287.350,342163.700,3235.390,,production,OP
2010-09-10,15/9-F-14,24.000,252.027,106.399,52.322,51.262,2392.500,357523.670,3148.640,,production,OP
2010-09-11,15/9-F-14,20.592,252.661,106.398,52.591,50.765,2040.530,299748.630,2730.400,,production,OP
2010-09-12,15/9-F-14,0.000,291.946,103.188,19.593,,0.000,0.000,0.000,,production,OP
2010-09-13,15/9-F-14,19.408,272.566,105.964,68.783,30.672,1132.830,171566.300,1679.930,,production,OP
2010-09-14,15/9-F-14,4.758,285.455,105.983,83.813,16.267,141.840,22134.170,197.800,,production,OP
2010-09-15,15/9-F-14,0.000,292.654,101.949,102.174,,0.000,0.000,0.000,,production,OP
2010-09-16,15/9-F-14,8.225,268.516,105.658,62.272,28.156,511.550,78544.370,750.640,,production,OP
2010-09-17,15/9-F-14,24.000,261.407,106.194,62.471,38.111,1935.390,288903.890,2792.690,,production,OP
2010-09-18,15/9-F-14,17.492,270.680,106.054,68.835,28.360,1071.230,159450.290,1717.640,,production,OP
2010-09-19,15/9-F-14,0.000,291.688,102.766,67.702,,0.000,0.000,0.000,,production,OP
2010-09-20,15/9-F-14,9.508,261.358,105.782,66.504,33.347,863.110,131405.400,940.240,,production,OP
2010-09-21,15/9-F-14,24.000,251.368,106.214,60.398,42.311,2517.200,360332.190,2657.900,,production,OP
2010-09-22,15/9-F-14,24.000,250.555,106.244,59.381,42.907,2501.740,367969.880,2631.830,,production,OP
2010-09-23,15/9-F-14,24.000,246.901,106.292,56.034,47.067,2758.980,399923.700,2759.090,,production,OP
2010-09-24,15/9-F-14,24.000,245.178,106.321,54.278,49.230,2718.360,393505.060,2422.970,,production,OP
2010-09-25,15/9-F-14,24.000,243.451,106.309,53.088,50.106,2793.710,408499.130,2463.090,,production,OP
2010-09-26,15/9-F-14,23.333,243.622,106.291,52.803,49.803,2678.290,392563.610,2350.200,,production,OP
2010-09-27,15/9-F-14,24.000,240.593,106.315,49.779,55.399,2845.140,423344.210,2793.890,,production,OP
2010-09-28,15/9-F-14,24.000,240.719,106.322,49.178,56.669,2824.830,420324.430,2526.530,,production,OP
2010-09-29,15/9-F-14,24.000,240.211,106.330,48.036,59.738,2846.780,424316.330,2916.990,,production,OP
2010-09-30,15/9-F-14,9.500,248.142,106.165,51.355,50.320,1121.730,161030.080,3529.480,,production,OP
2010-10-01,15/9-F-14,24.000,242.420,106.285,49.309,58.979,2653.100,398467.590,2996.010,,production,OP
2010-10-02,15/9-F-14,24.000,239.209,106.337,46.293,65.231,2856.510,429064.230,2860.400,,production,OP
2010-10-03,15/9-F-14,24.000,240.436,106.351,46.880,63.324,2803.630,422302.150,2807.430,,production,OP
2010-10-04,15/9-F-14,24.000,243.119,106.346,48.760,60.248,2863.050,427329.920,3032.610,,production,OP
2010-10-05,15/9-F-14,24.000,241.662,106.338,47.131,64.601,2896.500,438253.410,3503.110,,production,OP
2010-10-06,15/9-F-14,24.000,241.866,106.346,46.879,62.867,2729.250,410479.800,2978.200,,production,OP
2010-10-07,15/9-F-14,24.000,244.119,106.314,48.780,56.227,2605.460,391037.180,3257.210,,production,OP
2010-10-08,15/9-F-14,22.167,255.124,106.123,57.734,40.823,2262.190,339621.980,3045.890,,production,OP
2010-10-09,15/9-F-14,24.000,243.702,106.290,48.098,57.402,2562.510,383489.950,3337.240,,production,OP
2010-10-10,15/9-F-14,24.000,243.163,106.291,47.427,59.223,2581.000,387678.010,3196.700,,production,OP
2010-10-11,15/9-F-14,24.000,243.295,106.285,47.344,57.934,2562.550,385578.390,3384.290,,production,OP
2010-10-12,15/9-F-14,24.000,243.054,106.219,47.255,59.148,2547.280,383805.620,3268.860,,production,OP
2010-10-13,15/9-F-14,24.000,243.523,106.271,47.119,58.084,2523.030,380442.810,3136.460,,production,OP
2010-10-14,15/9-F-14,24.000,243.388,106.267,46.773,60.364,2536.660,382744.190,3150.930,,production,OP
2010-10-15,15/9-F-14,24.000,243.388,106.262,46.617,60.779,2530.040,381962.800,3197.430,,production,OP
2010-10-16,15/9-F-14,24.000,243.250,106.258,46.362,61.523,2528.620,381460.860,3191.020,,production,OP
2010-10-17,15/9-F-14,24.000,243.123,106.254,46.019,62.547,2526.930,381440.840,3245.260,,production,OP
2010-10-18,15/9-F-14,24.000,243.016,106.246,45.885,62.781,2514.250,375750.530,3263.700,,production,OP
2010-10-19,15/9-F-14,24.000,242.377,106.225,45.663,62.807,2493.550,374954.760,3342.920,,production,OP
2010-10-20,15/9-F-14,24.000,241.972,106.207,45.562,62.615,2471.300,371281.050,3345.000,,production,OP
2010-10-21,15/9-F-14,24.000,242.269,106.205,45.614,62.420,2459.140,373620.450,3373.890,,production,OP
2010-10-22,15/9-F-14,24.000,242.627,106.207,45.602,62.354,2430.540,362374.990,3339.020,,production,OP
2010-10-23,15/9-F-14,24.000,243.053,106.206,45.691,62.320,2434.430,369649.970,3396.250,,production,OP
2010-10-24,15/9-F-14,24.000,243.244,106.201,45.644,62.364,2433.690,366367.420,3389.020,,production,OP
2010-10-25,15/9-F-14,24.000,243.251,106.193,45.545,62.355,2417.350,365751.220,3369.450,,production,OP
2010-10-26,15/9-F-14,24.000,243.257,106.185,45.390,62.420,2402.660,364573.840,3367.660,,production,OP
2010-10-27,15/9-F-14,24.000,243.233,106.178,45.267,62.862,2398.730,363680.190,3377.760,,production,OP
2010-10-28,15/9-F-14,24.000,243.133,106.172,45.060,63.967,2416.680,364233.170,3404.050,,production,OP
2010-10-29,15/9-F-14,24.000,243.214,106.164,44.875,64.318,2410.660,364898.800,3409.530,,production,OP
2010-10-30,15/9-F-14,24.000,243.281,106.157,44.881,64.302,2406.950,361270.150,3426.160,,production,OP
2010-10-31,15/9-F-14,25.000,242.748,106.137,44.771,64.179,2497.070,370280.310,3555.680,,production,OP
2010-11-01,15/9-F-14,24.000,241.874,106.112,44.410,64.281,2376.820,352826.560,3377.060,,production,OP
2010-11-02,15/9-F-14,24.000,241.462,106.093,44.191,64.239,2350.740,356989.320,3314.070,,production,OP
2010-11-03,15/9-F-14,24.000,241.736,106.092,44.143,64.967,2353.340,357220.410,3349.570,,production,OP
2010-11-04,15/9-F-14,24.000,241.439,106.086,43.809,66.746,2363.630,351068.290,3424.840,,production,OP
2010-11-05,15/9-F-14,24.000,240.359,106.067,43.235,69.269,2363.880,355117.850,3409.450,,production,OP
2010-11-06,15/9-F-14,24.000,240.583,106.063,43.256,69.138,2352.440,357303.680,3410.370,,production,OP
2010-11-07,15/9-F-14,24.000,240.864,106.065,43.107,71.374,2364.510,359941.530,3479.160,,production,OP
2010-11-08,15/9-F-14,20.583,243.572,106.039,44.664,68.267,1872.930,287077.780,2838.260,,production,OP
2010-11-09,15/9-F-14,24.000,241.654,106.062,43.029,72.921,2170.110,329076.090,3352.860,,production,OP
2010-11-10,15/9-F-14,17.083,246.244,105.979,46.237,64.486,1434.870,222538.680,2245.580,,production,OP
2010-11-11,15/9-F-14,24.000,242.251,106.069,42.893,77.005,2221.000,339402.890,3430.310,,production,OP
2010-11-12,15/9-F-14,24.000,242.099,106.063,42.832,79.280,2227.410,337341.640,3579.990,,production,OP
2010-11-13,15/9-F-14,24.000,241.566,106.040,42.706,79.161,2219.720,334479.380,3525.590,,production,OP
2010-11-14,15/9-F-14,24.000,241.092,106.017,42.739,79.276,2190.850,319958.800,3642.490,,production,OP
2010-11-15,15/9-F-14,3.325,244.368,106.001,46.213,68.521,299.300,45071.920,546.470,,production,OP
2010-11-16,15/9-F-14,20.342,246.642,105.862,47.024,65.726,1630.200,247818.440,2797.820,,production,OP
2010-11-17,15/9-F-14,22.083,244.143,105.941,45.693,70.824,1926.250,291134.020,2496.740,,production,OP
2010-11-18,15/9-F-14,24.000,239.549,105.982,42.051,82.813,2258.750,339051.030,3449.440,,production,OP
2010-11-19,15/9-F-14,24.000,238.677,105.972,41.478,94.391,2193.090,330510.160,3447.980,,production,OP
2010-11-20,15/9-F-14,24.000,238.005,105.959,41.402,100.000,2175.140,328843.150,3506.570,,production,OP
2010-11-21,15/9-F-14,24.000,237.484,105.945,41.296,97.917,2186.730,329660.730,3445.170,,production,OP
2010-11-22,15/9-F-14,24.000,237.043,105.929,41.215,97.917,2132.860,322707.690,3511.730,,production,OP
2010-11-23,15/9-F-14,24.000,237.266,105.924,41.224,100.000,2113.080,323606.630,3263.190,,production,OP
2010-11-24,15/9-F-14,24.000,238.206,105.931,41.349,100.000,2112.610,324078.270,3306.890,,production,OP
2010-11-25,15/9-F-14,24.000,238.998,105.937,41.462,100.000,2107.900,324208.670,3359.390,,production,OP
2010-11-26,15/9-F-14,24.000,239.708,105.940,41.497,100.000,2112.980,324931.940,3402.250,,production,OP
2010-11-27,15/9-F-14,24.000,240.380,105.941,41.596,100.000,2114.800,325010.310,3445.560,,production,OP
2010-11-28,15/9-F-14,24.000,241.007,105.942,41.653,100.000,2120.650,325651.110,3481.470,,production,OP
2010-11-29,15/9-F-14,24.000,241.569,105.940,41.711,100.000,2125.950,326204.520,3526.290,,production,OP
2010-11-30,15/9-F-14,24.000,242.051,105.937,41.786,100.000,2082.940,316517.190,3603.420,,production,OP
2010-12-01,15/9-F-14,24.000,242.099,105.924,41.718,100.000,2080.840,317185.290,3593.820,,production,OP
2010-12-02,15/9-F-14,24.000,242.202,105.914,41.716,100.000,2070.320,316502.170,3603.270,,production,OP
2010-12-03,15/9-F-14,24.000,242.390,105.905,41.597,100.000,2066.320,314761.020,3620.920,,production,OP
2010-12-04,15/9-F-14,24.000,242.488,105.894,41.602,100.000,2054.180,315796.990,3620.420,,production,OP
2010-12-05,15/9-F-14,24.000,242.536,105.882,41.622,100.000,2051.020,315399.260,3623.200,,production,OP
2010-12-06,15/9-F-14,24.000,242.528,105.873,41.603,100.000,2096.440,322143.850,3475.860,,production,OP
2010-12-07,15/9-F-14,24.000,242.526,105.865,41.573,100.000,2101.220,323285.180,3669.980,,production,OP
2010-12-08,15/9-F-14,24.000,242.499,105.857,41.498,100.000,2099.090,322256.910,3677.970,,production,OP
2010-12-09,15/9-F-14,22.500,246.418,105.800,44.728,77.975,1772.000,270337.260,3426.000,,production,OP
2010-12-10,15/9-F-14,24.000,241.716,105.817,41.124,100.000,2055.080,315985.400,3694.900,,production,OP
2010-12-11,15/9-F-14,24.000,241.614,105.804,41.046,100.000,2056.450,316553.810,3617.230,,production,OP
2010-12-12,15/9-F-14,24.000,241.796,105.798,41.121,100.000,2064.020,308529.710,3627.530,,production,OP
2010-12-13,15/9-F-14,24.000,241.902,105.797,41.118,97.917,2080.160,316435.940,3572.940,,production,OP
2010-12-14,15/9-F-14,24.000,242.089,105.794,41.055,100.000,2068.290,316660.170,3551.960,,production,OP
2010-12-15,15/9-F-14,24.000,242.358,105.788,41.066,100.000,2065.080,318124.400,3563.790,,production,OP
2010-12-16,15/9-F-14,24.000,242.426,105.778,41.114,100.000,2078.310,319391.610,3570.200,,production,OP
2010-12-17,15/9-F-14,24.000,242.479,105.770,41.072,100.000,2074.010,317548.300,3578.900,,production,OP
2010-12-18,15/9-F-14,24.000,242.678,105.762,40.879,100.000,2073.420,315903.550,3635.020,,production,OP
2010-12-19,15/9-F-14,24.000,242.800,105.749,40.817,100.000,2061.980,315069.080,3550.940,,production,OP
2010-12-20,15/9-F-14,24.000,242.510,105.739,40.746,100.000,2068.300,316676.670,3562.900,,production,OP
2010-12-21,15/9-F-14,24.000,241.977,105.735,40.494,100.000,2079.200,318232.760,3595.400,,production,OP
2010-12-22,15/9-F-14,24.000,241.794,105.725,40.392,100.000,2086.320,318294.950,3603.240,,production,OP
2010-12-23,15/9-F-14,24.000,241.509,105.713,40.081,100.000,2109.870,319502.670,3617.550,,production,OP
2010-12-24,15/9-F-14,24.000,241.256,105.704,39.763,100.000,2106.600,320301.500,3636.070,,production,OP
2010-12-25,15/9-F-14,24.000,241.302,105.695,39.736,100.000,2097.910,319735.810,3655.740,,production,OP
2010-12-26,15/9-F-14,24.000,241.384,105.683,39.701,100.000,2091.690,319699.340,3645.390,,production,OP
2010-12-27,15/9-F-14,24.000,241.378,105.680,39.474,100.000,2083.390,319246.100,3647.230,,production,OP
2010-12-28,15/9-F-14,23.000,244.945,105.642,42.465,89.210,1941.400,293372.410,3534.920,,production,OP
2010-12-29,15/9-F-14,24.000,242.108,105.630,40.382,91.199,2028.000,309309.320,3714.230,,production,OP
2010-12-30,15/9-F-14,24.000,240.980,105.630,39.509,97.917,2060.710,314737.230,3491.470,,production,OP
2010-12-31,15/9-F-14,24.000,241.385,105.628,39.527,97.917,2064.610,316180.870,3661.470,,production,OP
2011-01-01,15/9-F-14,24.000,241.612,105.619,39.561,97.917,2074.200,316503.370,3563.260,,production,OP
2011-01-02,15/9-F-14,24.000,241.635,105.611,39.502,97.917,2026.850,309006.210,3580.970,,production,OP
2011-01-03,15/9-F-14,24.000,241.772,105.604,39.404,100.000,1995.720,305154.680,3519.100,,production,OP
2011-01-04,15/9-F-14,24.000,241.777,105.586,39.477,100.000,1965.310,300492.450,3455.940,,production,OP
2011-01-05,15/9-F-14,24.000,241.902,105.568,39.511,100.000,1976.970,302177.010,3460.170,,production,OP
2011-01-06,15/9-F-14,24.000,241.899,105.556,39.563,100.000,1974.180,301577.380,3462.840,,production,OP
2011-01-07,15/9-F-14,24.000,241.885,105.544,39.510,100.000,1982.030,301247.140,3469.730,,production,OP
2011-01-08,15/9-F-14,24.000,241.878,105.532,39.443,100.000,1980.510,301427.090,3467.740,,production,OP
2011-01-09,15/9-F-14,24.000,241.883,105.520,39.506,100.000,1976.990,301169.410,3647.240,,production,OP
2011-01-10,15/9-F-14,24.000,242.136,105.512,39.337,100.000,1965.280,298805.650,3689.360,,production,OP
2011-01-11,15/9-F-14,24.000,241.870,105.498,39.481,100.000,1961.370,298579.760,3724.290,,production,OP
2011-01-12,15/9-F-14,24.000,241.849,105.497,39.485,100.000,1997.750,299611.960,3528.610,,production,OP
2011-01-13,15/9-F-14,24.000,227.367,98.954,39.342,100.000,1956.240,297927.710,3491.860,,production,OP
2011-01-14,15/9-F-14,24.000,241.960,105.239,39.288,100.000,1971.120,300906.350,3512.190,,production,OP
2011-01-15,15/9-F-14,24.000,242.098,105.261,39.279,100.000,1966.710,299681.390,3533.480,,production,OP
2011-01-16,15/9-F-14,24.000,242.004,105.282,39.234,100.000,1961.400,298286.910,3513.040,,production,OP
2011-01-17,15/9-F-14,24.000,242.073,105.280,39.311,100.000,2013.490,307107.270,3650.520,,production,OP
2011-01-18,15/9-F-14,24.000,242.216,105.239,39.274,100.000,2005.160,306026.270,3654.310,,production,OP
2011-01-19,15/9-F-14,24.000,242.579,105.195,39.114,97.917,1989.600,303342.660,3639.680,,production,OP
2011-01-20,15/9-F-14,24.000,243.114,105.387,38.865,100.000,1972.240,300740.780,3625.430,,production,OP
2011-01-21,15/9-F-14,24.000,242.179,105.370,39.285,100.000,1998.810,304641.860,3669.410,,production,OP
2011-01-22,15/9-F-14,24.000,242.200,105.358,39.255,97.917,2005.830,306451.910,3636.450,,production,OP
2011-01-23,15/9-F-14,24.000,242.933,105.357,38.785,100.000,1963.730,299814.170,3621.810,,production,OP
2011-01-24,15/9-F-14,24.000,242.810,105.344,38.831,100.000,1965.350,300070.080,3626.840,,production,OP
2011-01-25,15/9-F-14,24.000,243.390,105.327,38.568,100.000,1945.090,297726.190,3616.850,,production,OP
2011-01-26,15/9-F-14,24.000,243.426,105.313,38.544,100.000,1949.070,297693.190,3613.560,,production,OP
2011-01-27,15/9-F-14,24.000,243.457,105.300,38.544,100.000,1941.730,296841.740,3612.150,,production,OP
2011-01-28,15/9-F-14,24.000,243.226,105.288,38.613,100.000,1947.380,297417.120,3624.000,,production,OP
2011-01-29,15/9-F-14,24.000,242.077,105.277,39.132,100.000,1976.340,302448.070,3672.830,,production,OP
2011-01-30,15/9-F-14,24.000,242.086,105.268,39.052,100.000,1974.710,301471.950,3665.110,,production,OP
2011-01-31,15/9-F-14,24.000,242.544,105.257,38.679,100.000,1947.290,298856.680,3619.250,,production,OP
2011-02-01,15/9-F-14,14.775,243.623,105.240,39.219,96.214,1178.940,186744.440,2366.930,,production,OP
2011-02-05,15/9-F-14,15.475,255.553,104.832,51.103,53.739,792.960,125619.510,1788.710,,production,OP
2011-02-06,15/9-F-14,22.500,245.822,105.126,43.672,77.900,1581.390,236216.850,3395.580,,production,OP
2011-02-07,15/9-F-14,24.000,240.863,105.165,38.652,98.990,1864.620,283733.220,3550.900,,production,OP
2011-02-08,15/9-F-14,24.000,240.159,105.163,38.566,100.000,1856.360,284391.600,3463.970,,production,OP
2011-02-09,15/9-F-14,24.000,238.970,105.136,38.694,97.329,1851.680,286525.580,3569.430,,production,OP
2011-02-10,15/9-F-14,24.000,237.677,105.111,38.657,98.318,1898.770,290264.120,3512.740,,production,OP
2011-02-11,15/9-F-14,24.000,237.330,105.100,38.520,100.000,1891.820,289292.470,3664.110,,production,OP
2011-02-12,15/9-F-14,24.000,237.142,105.085,38.302,100.000,1865.500,285857.060,3430.840,,production,OP
2011-02-13,15/9-F-14,22.000,243.619,105.019,43.406,80.047,1427.650,224793.510,2699.220,,production,OP
2011-02-14,15/9-F-14,8.333,242.543,104.944,41.283,83.530,638.360,133445.950,1213.500,,production,OP
2011-02-15,15/9-F-14,22.417,247.011,104.947,47.618,62.261,1498.320,223129.140,2002.690,,production,OP
2011-02-16,15/9-F-14,24.000,236.016,105.012,38.855,100.000,1875.210,286475.130,3640.710,,production,OP
2011-02-17,15/9-F-14,24.000,236.242,105.017,38.610,100.000,1978.550,307246.580,3347.980,,production,OP
2011-02-18,15/9-F-14,24.000,236.875,105.027,38.337,100.000,1965.190,306978.730,3187.920,,production,OP
2011-02-19,15/9-F-14,24.000,237.677,105.032,38.414,100.000,1971.630,307053.230,3237.670,,production,OP
2011-02-20,15/9-F-14,24.000,238.285,105.031,38.522,100.000,1972.830,306746.490,3429.240,,production,OP
2011-02-21,15/9-F-14,24.000,238.860,105.030,38.582,100.000,1973.070,306796.690,3301.830,,production,OP
2011-02-22,15/9-F-14,24.000,239.770,105.029,38.840,100.000,2021.330,315362.380,3469.930,,production,OP
2011-02-23,15/9-F-14,24.000,240.330,105.028,38.723,100.000,2022.070,315484.480,3517.130,,production,OP
2011-02-24,15/9-F-14,24.000,241.204,105.035,38.697,100.000,2007.920,312588.710,3547.690,,production,OP
2011-02-25,15/9-F-14,24.000,241.513,105.022,38.687,100.000,2002.210,308300.050,3554.310,,production,OP
2011-02-26,15/9-F-14,24.000,242.422,105.006,38.377,100.000,1984.990,303632.300,3523.090,,production,OP
2011-02-27,15/9-F-14,24.000,242.981,104.982,38.196,100.000,1975.890,302037.350,3531.890,,production,OP
2011-02-28,15/9-F-14,24.000,243.139,104.965,38.226,100.000,1969.050,301394.020,3544.120,,production,OP
2011-03-01,15/9-F-14,24.000,243.270,104.951,38.192,100.000,1977.110,302408.830,3576.970,,production,OP
2011-03-02,15/9-F-14,24.000,243.386,104.938,38.105,100.000,1960.050,300075.870,3567.720,,production,OP
2011-03-03,15/9-F-14,24.000,243.495,104.925,38.192,100.000,1946.720,298967.440,3551.980,,production,OP
2011-03-04,15/9-F-14,24.000,243.545,104.911,38.149,100.000,1958.950,299614.680,3592.840,,production,OP
2011-03-05,15/9-F-14,24.000,243.588,104.898,38.118,100.000,1943.110,298037.690,3579.450,,production,OP
2011-03-06,15/9-F-14,24.000,243.495,104.883,38.036,100.000,1943.130,295061.300,3595.100,,production,OP
2011-03-07,15/9-F-14,24.000,243.304,104.866,37.934,100.000,1933.780,296266.260,3553.070,,production,OP
2011-03-08,15/9-F-14,24.000,243.367,104.854,37.911,100.000,1920.030,300193.480,3595.970,,production,OP
2011-03-09,15/9-F-14,24.000,243.295,104.841,37.939,100.000,1919.200,296592.620,3574.250,,production,OP
2011-03-10,15/9-F-14,24.000,243.389,104.830,37.945,100.000,1932.010,298150.370,3578.110,,production,OP
2011-03-11,15/9-F-14,24.000,243.453,104.820,37.948,97.917,1897.760,291333.840,3938.670,,production,OP
2011-03-12,15/9-F-14,24.000,243.438,104.807,37.952,100.000,1907.260,292083.710,3931.200,,production,OP
2011-03-13,15/9-F-14,24.000,242.895,104.800,38.246,100.000,1905.520,293816.250,3938.260,,production,OP
2011-03-14,15/9-F-14,24.000,242.863,104.790,38.280,90.000,1902.300,292527.220,4109.120,,production,OP
2011-03-15,15/9-F-14,24.000,242.924,104.774,38.952,85.911,1876.250,289165.090,4056.380,,production,OP
2011-03-16,15/9-F-14,24.000,243.356,104.763,38.825,82.952,1856.210,287358.060,4027.200,,production,OP
2011-03-17,15/9-F-14,13.500,252.907,104.550,46.109,62.000,807.590,125626.190,1987.910,,production,OP
2011-03-18,15/9-F-14,24.000,243.256,104.719,39.560,74.915,1718.610,263950.680,3951.570,,production,OP
2011-03-19,15/9-F-14,24.000,243.079,104.716,39.500,75.557,1762.740,270927.830,3983.270,,production,OP
2011-03-20,15/9-F-14,24.000,243.087,104.705,39.453,73.982,1751.680,269857.230,3989.610,,production,OP
2011-03-21,15/9-F-14,24.000,243.478,104.691,39.817,70.584,1728.130,267251.080,3854.960,,production,OP
2011-03-22,15/9-F-14,24.000,243.900,104.673,40.285,65.536,1818.100,279686.770,3986.830,,production,OP
2011-03-23,15/9-F-14,24.000,244.269,104.657,40.534,64.265,1845.760,284751.110,3969.610,,production,OP
2011-03-24,15/9-F-14,24.000,244.444,104.647,40.664,63.935,1841.650,285172.360,4085.220,,production,OP
2011-03-25,15/9-F-14,24.000,244.605,104.631,40.908,63.934,1837.950,284627.190,4047.080,,production,OP
2011-03-26,15/9-F-14,24.000,244.774,104.622,40.926,63.767,1837.780,283683.250,3991.320,,production,OP
2011-03-27,15/9-F-14,23.000,244.910,104.607,40.938,63.384,1752.620,270325.010,3909.810,,production,OP
2011-03-28,15/9-F-14,24.000,244.846,104.597,40.899,64.798,1821.720,281525.200,4038.890,,production,OP
2011-03-29,15/9-F-14,24.000,244.905,104.581,40.864,64.787,1813.410,278860.460,4018.230,,production,OP
2011-03-30,15/9-F-14,24.000,244.845,104.567,40.711,64.871,1801.040,279023.250,4026.970,,production,OP
2011-03-31,15/9-F-14,24.000,233.737,100.153,38.791,62.028,1791.790,276834.650,3890.660,,production,OP
2011-04-01,15/9-F-14,24.000,244.742,104.540,40.654,64.832,1801.410,278001.820,4027.030,,production,OP
2011-04-02,15/9-F-14,24.000,244.770,104.527,40.608,64.842,1793.120,277767.440,4021.950,,production,OP
2011-04-03,15/9-F-14,24.000,244.816,104.516,40.595,64.866,1787.310,277092.970,4028.760,,production,OP
2011-04-04,15/9-F-14,24.000,244.838,104.504,40.592,64.837,1782.230,276537.470,4028.260,,production,OP
2011-04-05,15/9-F-14,23.167,247.342,104.477,42.641,58.632,1554.730,243316.180,4156.580,,production,OP
2011-04-06,15/9-F-14,24.000,244.796,104.479,40.509,64.961,1769.380,273190.050,4158.670,,production,OP
2011-04-07,15/9-F-14,24.000,244.687,104.465,40.472,65.124,1775.880,275633.780,3950.360,,production,OP
2011-04-08,15/9-F-14,24.000,244.879,104.453,40.464,65.133,1772.750,279171.510,4071.110,,production,OP
2011-04-09,15/9-F-14,24.000,245.009,104.443,40.506,65.257,1787.350,277157.640,4085.750,,production,OP
2011-04-10,15/9-F-14,24.000,244.819,104.423,40.454,65.325,1784.000,278647.410,4198.550,,production,OP
2011-04-11,15/9-F-14,24.000,245.153,104.414,40.651,65.228,1789.310,279350.850,4229.380,,production,OP
2011-04-12,15/9-F-14,24.000,245.137,104.405,40.652,65.212,1790.300,278959.880,4125.880,,production,OP
2011-04-13,15/9-F-14,22.500,247.885,104.376,42.402,59.950,1532.810,239902.210,4053.230,,production,OP
2011-04-14,15/9-F-14,24.000,245.156,104.390,40.456,65.553,1760.510,269990.780,4113.860,,production,OP
2011-04-15,15/9-F-14,24.000,245.496,104.377,40.741,63.736,1746.440,269282.330,4078.420,,production,OP
2011-04-16,15/9-F-14,24.000,245.881,104.361,41.071,62.240,1732.670,267457.320,4043.110,,production,OP
2011-04-17,15/9-F-14,24.000,246.143,104.346,41.290,61.344,1724.090,266253.890,4027.540,,production,OP
2011-04-18,15/9-F-14,24.000,246.100,104.300,41.300,61.340,1714.290,266383.400,4094.080,,production,OP
2011-04-19,15/9-F-14,24.000,246.100,104.300,41.300,61.340,1710.140,266087.250,3983.860,,production,OP
2011-04-20,15/9-F-14,24.000,246.200,104.300,41.400,61.200,1708.400,265226.890,3973.960,,production,OP
2011-04-21,15/9-F-14,24.000,246.200,104.300,41.400,61.200,1705.610,263081.830,4047.400,,production,OP
2011-04-22,15/9-F-14,24.000,246.100,104.300,41.100,61.200,1702.660,265462.570,4023.170,,production,OP
2011-04-23,15/9-F-14,24.000,246.100,104.300,41.100,61.200,1699.760,266005.260,4023.870,,production,OP
2011-04-24,15/9-F-14,24.000,246.200,104.300,41.400,61.200,1699.930,264833.510,4031.980,,production,OP
2011-04-25,15/9-F-14,24.000,246.200,104.300,41.400,61.200,1696.200,264062.140,4038.710,,production,OP
2011-04-26,15/9-F-14,24.000,246.211,104.300,41.106,61.116,1689.960,263580.180,4046.200,,production,OP
2011-04-27,15/9-F-14,24.000,246.224,104.222,41.079,61.078,1690.960,263461.070,4048.910,,production,OP
2011-04-28,15/9-F-14,24.000,246.507,104.208,41.293,60.448,1707.750,265879.480,4121.040,,production,OP
2011-04-29,15/9-F-14,24.000,246.615,104.195,41.367,60.231,1704.120,265403.230,4110.050,,production,OP
2011-04-30,15/9-F-14,24.000,246.636,104.185,41.374,60.173,1700.170,265062.540,4111.930,,production,OP
2011-05-01,15/9-F-14,24.000,246.620,104.173,41.321,60.206,1698.760,264664.490,4110.740,,production,OP
2011-05-02,15/9-F-14,24.000,246.604,104.163,41.202,60.295,1697.940,264431.340,4111.290,,production,OP
2011-05-03,15/9-F-14,24.000,246.695,104.153,41.293,60.210,1691.620,263837.750,4033.350,,production,OP
2011-05-04,15/9-F-14,24.000,246.513,104.145,41.076,60.885,1701.610,264620.500,4126.610,,production,OP
2011-05-05,15/9-F-14,24.000,246.497,104.134,40.985,61.179,1699.070,264523.490,4141.630,,production,OP
2011-05-06,15/9-F-14,24.000,246.450,104.124,40.852,61.202,1695.610,266274.330,4142.270,,production,OP
2011-05-07,15/9-F-14,24.000,246.445,104.113,40.797,61.174,1694.580,264902.070,4136.890,,production,OP
2011-05-08,15/9-F-14,24.000,246.431,104.102,40.741,61.163,1695.530,263880.550,4132.170,,production,OP
2011-05-09,15/9-F-14,24.000,246.432,104.091,40.698,61.318,1689.130,264022.180,4139.950,,production,OP
2011-05-10,15/9-F-14,24.000,246.468,104.080,40.703,61.313,1686.760,264022.340,4139.850,,production,OP
2011-05-11,15/9-F-14,23.333,248.518,104.054,42.335,57.014,1670.640,262635.560,4301.280,,production,OP
2011-05-12,15/9-F-14,24.000,246.532,104.056,40.624,61.203,1712.790,266995.160,4343.520,,production,OP
2011-05-13,15/9-F-14,24.000,246.579,104.051,40.728,61.291,1650.960,257624.330,4176.510,,production,OP
2011-05-14,15/9-F-14,24.000,246.796,104.039,40.970,60.936,1650.790,257259.230,4179.270,,production,OP
2011-05-15,15/9-F-14,24.000,246.980,104.025,41.154,60.209,1649.090,256717.400,4161.330,,production,OP
2011-05-16,15/9-F-14,24.000,246.928,104.019,41.024,60.247,1650.330,258979.980,4157.130,,production,OP
2011-05-17,15/9-F-14,24.000,246.941,104.011,40.983,60.200,1648.370,258568.230,4159.700,,production,OP
2011-05-18,15/9-F-14,24.000,247.313,104.000,40.757,60.224,1647.740,258670.070,4259.340,,production,OP
2011-05-19,15/9-F-14,21.917,252.482,103.950,44.879,50.207,1312.110,208411.760,4326.770,,production,OP
2011-05-20,15/9-F-14,24.000,246.264,103.980,39.777,69.668,1604.940,254783.830,4330.650,,production,OP
2011-05-21,15/9-F-14,24.000,246.010,103.986,38.572,74.266,1680.390,259555.030,4355.120,,production,OP
2011-05-22,15/9-F-14,24.000,246.167,103.963,38.941,71.225,1662.470,259143.020,4309.070,,production,OP
2011-05-23,15/9-F-14,24.000,246.899,103.945,39.490,66.532,1630.070,255213.140,4114.770,,production,OP
2011-05-24,15/9-F-14,24.000,247.359,103.935,39.807,65.139,1630.700,251314.400,4101.370,,production,OP
2011-05-25,15/9-F-14,24.000,247.378,103.925,39.835,65.123,1632.560,251643.730,4113.330,,production,OP
2011-05-26,15/9-F-14,24.000,247.365,103.915,39.773,65.180,1623.820,252976.940,4116.220,,production,OP
2011-05-27,15/9-F-14,24.000,247.450,103.904,39.874,65.112,1620.580,252540.110,4111.360,,production,OP
2011-05-28,15/9-F-14,24.000,247.528,103.893,39.856,65.125,1619.000,252523.920,4115.270,,production,OP
2011-05-29,15/9-F-14,24.000,247.560,103.882,39.853,65.118,1624.050,250917.280,4123.770,,production,OP
2011-05-30,15/9-F-14,24.000,247.559,103.872,39.829,65.183,1626.740,250931.630,4128.710,,production,OP
2011-05-31,15/9-F-14,24.000,247.538,103.860,39.883,65.101,1622.870,250343.890,4132.620,,production,OP
2011-06-01,15/9-F-14,24.000,247.343,103.850,39.595,63.808,1631.520,251862.370,4150.830,,production,OP
2011-06-02,15/9-F-14,21.500,248.812,103.822,40.471,61.686,1359.530,209110.510,2771.940,,production,OP
2011-06-03,15/9-F-14,24.000,246.452,103.830,38.718,70.093,1547.210,242896.830,4277.820,,production,OP
2011-06-04,15/9-F-14,24.000,246.438,103.826,38.761,70.160,1577.170,247544.600,4285.880,,production,OP
2011-06-05,15/9-F-14,24.000,246.489,103.817,38.768,70.149,1588.290,248624.440,4294.510,,production,OP
2011-06-06,15/9-F-14,24.000,246.525,103.808,38.755,68.714,1617.420,253098.310,4292.590,,production,OP
2011-06-07,15/9-F-14,24.000,246.621,103.798,38.800,69.939,1615.640,252550.170,4285.430,,production,OP
2011-06-08,15/9-F-14,24.000,246.713,103.786,38.758,69.668,1608.440,252044.360,4257.000,,production,OP
2011-06-09,15/9-F-14,24.000,246.743,103.776,38.780,69.653,1614.410,252281.340,4257.830,,production,OP
2011-06-10,15/9-F-14,24.000,246.739,103.765,38.851,69.594,1615.370,252053.780,4268.050,,production,OP
2011-06-11,15/9-F-14,24.000,246.742,103.754,38.866,69.564,1616.160,252651.350,4269.210,,production,OP
2011-06-12,15/9-F-14,24.000,246.699,103.743,38.818,69.632,1625.510,252531.850,4259.800,,production,OP
2011-06-13,15/9-F-14,24.000,246.669,103.733,38.707,69.680,1630.180,252764.280,4260.120,,production,OP
2011-06-14,15/9-F-14,24.000,246.923,103.720,39.030,68.193,1621.780,252235.910,4239.790,,production,OP
2011-06-15,15/9-F-14,24.000,247.020,103.707,39.069,67.704,1616.630,251188.390,4232.400,,production,OP
2011-06-16,15/9-F-14,24.000,248.249,103.683,40.242,67.743,1564.690,240681.170,4164.440,,production,OP
2011-06-17,15/9-F-14,24.000,247.932,103.671,40.028,67.686,1582.420,245234.010,4269.390,,production,OP
2011-06-18,15/9-F-14,24.000,247.061,103.675,39.103,67.647,1617.290,252795.390,4238.670,,production,OP
2011-06-19,15/9-F-14,24.000,247.087,103.666,39.135,67.612,1616.680,252440.380,4247.260,,production,OP
2011-06-20,15/9-F-14,11.675,248.500,103.659,40.580,63.231,928.170,121322.710,1935.810,,production,OP
2011-06-24,15/9-F-14,0.000,291.478,100.127,108.846,,0.000,0.000,0.000,,production,OP
2011-06-28,15/9-F-14,0.000,291.478,100.124,108.949,,0.000,0.000,0.000,,production,OP
2011-07-01,15/9-F-14,24.000,247.451,103.494,44.519,62.873,1344.490,208900.300,3658.720,,production,OP
2011-07-02,15/9-F-14,7.675,245.537,103.602,42.692,65.263,545.720,75539.210,1205.150,,production,OP
2011-07-03,15/9-F-14,8.492,250.385,103.368,45.189,54.085,400.990,79342.660,1145.410,,production,OP
2011-07-04,15/9-F-14,8.842,244.934,103.529,42.522,64.484,645.930,93788.530,1416.160,,production,OP
2011-07-05,15/9-F-14,0.000,291.375,100.403,100.879,,0.000,0.000,0.000,,production,OP
2011-07-07,15/9-F-14,8.158,251.597,103.318,48.691,51.548,513.960,89700.600,1337.890,,production,OP
2011-07-08,15/9-F-14,16.175,242.648,103.567,41.256,64.611,1263.320,188460.620,2654.790,,production,OP
2011-07-09,15/9-F-14,1.575,283.184,102.023,71.343,10.228,19.480,6610.680,163.650,,production,OP
2011-07-10,15/9-F-14,23.000,247.672,103.467,44.844,57.549,1831.940,286417.430,4417.060,,production,OP
2011-07-11,15/9-F-14,18.008,242.705,103.536,41.442,65.734,1508.010,218369.720,3115.070,,production,OP
2011-07-13,15/9-F-14,0.000,291.264,100.124,106.633,,0.000,0.000,0.000,,production,OP
2011-07-14,15/9-F-14,0.000,291.693,99.723,115.332,,0.000,0.000,0.000,,production,OP
2011-07-15,15/9-F-14,2.992,272.778,102.784,70.851,20.342,141.260,13405.710,177.760,,production,OP
2011-07-16,15/9-F-14,11.175,244.119,103.473,44.159,60.092,815.040,129292.060,1824.770,,production,OP
2011-07-17,15/9-F-14,0.000,291.175,100.146,105.148,,0.000,0.000,0.000,,production,OP
2011-07-18,15/9-F-14,0.000,292.415,99.611,115.227,,0.000,0.000,0.000,,production,OP
2011-07-20,15/9-F-14,21.492,244.754,103.393,46.564,56.821,1791.460,273791.520,3423.350,,production,OP
2011-07-21,15/9-F-14,24.000,240.888,103.475,42.266,63.986,2197.540,336051.800,4215.310,,production,OP
2011-07-22,15/9-F-14,7.008,243.145,103.498,43.801,58.511,697.530,96200.720,1163.160,,production,OP
2011-07-23,15/9-F-14,0.000,291.461,100.334,104.421,,0.000,0.000,0.000,,production,OP
2011-07-24,15/9-F-14,0.000,291.565,99.733,111.831,,0.000,0.000,0.000,,production,OP
2011-07-25,15/9-F-14,17.742,245.310,103.330,46.897,56.876,1417.300,217027.560,2827.390,,production,OP
2011-07-26,15/9-F-14,20.842,241.418,103.481,43.578,60.992,1989.870,290164.240,3539.190,,production,OP
2011-07-27,15/9-F-14,0.000,290.926,101.008,101.881,,0.000,0.000,0.000,,production,OP
2011-07-28,15/9-F-14,6.992,250.462,103.244,49.948,46.751,580.820,88657.780,1224.200,,production,OP
2011-07-29,15/9-F-14,24.000,240.332,103.482,42.724,63.549,2240.520,341849.760,4126.530,,production,OP
2011-07-30,15/9-F-14,2.342,249.808,103.488,50.433,46.968,266.130,30995.030,376.570,,production,OP
2011-07-31,15/9-F-14,0.000,291.426,100.155,105.254,,0.000,0.000,0.000,,production,OP
2011-08-01,15/9-F-14,0.000,291.793,99.662,115.017,,0.000,0.000,0.000,,production,OP
2011-08-02,15/9-F-14,0.000,298.718,99.707,124.077,,0.000,0.000,0.000,,production,OP
2011-08-03,15/9-F-14,0.000,300.262,99.624,125.719,,0.000,0.000,0.000,,production,OP
2011-08-04,15/9-F-14,7.825,245.493,103.225,48.721,56.546,707.980,106399.360,1258.100,,production,OP
2011-08-05,15/9-F-14,24.000,238.618,103.428,43.040,65.507,2390.380,361028.080,4100.150,,production,OP
2011-08-06,15/9-F-14,22.333,241.969,103.431,44.088,58.707,2082.570,317415.740,4804.770,,production,OP
2011-08-07,15/9-F-14,24.000,241.516,103.490,43.989,58.921,2241.050,344364.630,3978.720,,production,OP
2011-08-08,15/9-F-14,24.000,242.954,103.497,44.741,55.849,2159.350,331705.500,3953.930,,production,OP
2011-08-09,15/9-F-14,24.000,243.608,103.507,45.185,54.473,2110.260,324079.520,3969.660,,production,OP
2011-08-10,15/9-F-14,24.000,244.564,103.494,45.798,52.608,1993.980,306286.960,3826.540,,production,OP
2011-08-11,15/9-F-14,24.000,245.213,103.483,46.052,51.853,1934.100,298095.760,3812.520,,production,OP
2011-08-12,15/9-F-14,24.000,245.414,103.482,45.852,51.967,1906.750,293605.940,3842.460,,production,OP
2011-08-13,15/9-F-14,24.000,245.855,103.474,45.774,52.227,1876.970,289899.010,3860.490,,production,OP
2011-08-14,15/9-F-14,24.000,246.108,103.464,45.670,52.183,1850.030,285818.740,3875.980,,production,OP
2011-08-15,15/9-F-14,24.000,246.354,103.449,45.594,52.035,1822.570,283878.270,3887.440,,production,OP
2011-08-16,15/9-F-14,24.000,247.365,103.427,46.150,50.728,1779.020,275440.970,3861.970,,production,OP
2011-08-17,15/9-F-14,24.000,247.799,103.406,46.384,50.053,1749.340,271770.490,3858.850,,production,OP
2011-08-18,15/9-F-14,24.000,247.910,103.390,46.233,50.050,1736.790,270589.910,3876.810,,production,OP
2011-08-19,15/9-F-14,24.000,248.022,103.373,46.042,50.051,1725.810,266529.860,3899.150,,production,OP
2011-08-20,15/9-F-14,24.000,248.071,103.357,45.761,50.069,1709.910,264776.730,3907.670,,production,OP
2011-08-21,15/9-F-14,24.000,248.225,103.341,45.651,50.058,1693.900,262725.910,3918.840,,production,OP
2011-08-22,15/9-F-14,24.000,248.374,103.328,45.622,50.007,1681.070,260328.280,3931.830,,production,OP
2011-08-23,15/9-F-14,24.000,248.045,103.323,45.094,50.845,1677.950,260476.000,3957.310,,production,OP
2011-08-24,15/9-F-14,24.000,248.312,103.316,45.010,51.290,1657.250,257809.180,3971.180,,production,OP
2011-08-25,15/9-F-14,23.158,248.750,103.304,45.176,50.278,1573.400,244735.790,3926.720,,production,OP
2011-08-26,15/9-F-14,23.008,253.056,103.251,47.998,45.598,1352.490,211795.050,3614.510,,production,OP
2011-08-27,15/9-F-14,24.000,248.234,103.287,44.206,51.986,1619.610,251644.880,4113.890,,production,OP
2011-08-28,15/9-F-14,24.000,248.127,103.278,44.054,52.036,1626.860,253629.790,4128.250,,production,OP
2011-08-29,15/9-F-14,24.000,247.360,103.276,43.320,54.145,1660.560,258456.030,4202.780,,production,OP
2011-08-30,15/9-F-14,24.000,246.191,103.283,42.232,58.204,1708.860,264699.750,4302.930,,production,OP
2011-08-31,15/9-F-14,24.000,246.302,103.278,42.344,58.194,1701.470,263621.760,4291.320,,production,OP
2011-09-01,15/9-F-14,24.000,246.087,103.275,42.127,58.541,1698.770,263925.370,4305.670,,production,OP
2011-09-02,15/9-F-14,24.000,245.584,103.279,41.514,60.335,1715.430,267729.590,4361.990,,production,OP
2011-09-03,15/9-F-14,24.000,245.659,103.279,41.552,60.313,1712.950,267232.450,4363.970,,production,OP
2011-09-04,15/9-F-14,24.000,245.716,103.281,41.642,60.240,1710.990,265997.320,4360.840,,production,OP
2011-09-05,15/9-F-14,24.000,245.418,103.285,41.273,61.667,1714.870,268194.340,4384.140,,production,OP
2011-09-06,15/9-F-14,24.000,245.430,103.285,41.167,62.312,1712.360,271403.050,4392.310,,production,OP
2011-09-07,15/9-F-14,24.000,245.105,103.288,40.850,63.362,1708.360,270532.040,4272.100,,production,OP
2011-09-08,15/9-F-14,24.000,244.788,103.290,40.476,64.958,1714.580,272010.090,4318.700,,production,OP
2011-09-09,15/9-F-14,24.000,244.878,103.288,40.453,66.108,1718.270,271462.000,4321.940,,production,OP
2011-09-10,15/9-F-14,24.000,244.947,103.284,40.355,66.114,1706.640,268694.850,4333.700,,production,OP
2011-09-11,15/9-F-14,24.000,244.995,103.280,40.275,66.129,1700.340,266849.890,4336.750,,production,OP
2011-09-12,15/9-F-14,24.000,244.767,103.279,39.978,67.643,1709.930,267697.860,4360.640,,production,OP
2011-09-13,15/9-F-14,12.000,252.274,103.119,45.778,54.203,944.170,145355.280,5691.770,,production,OP
2011-09-14,15/9-F-14,24.000,244.751,103.275,39.360,70.159,1567.690,246952.990,5267.370,,production,OP
2011-09-15,15/9-F-14,24.000,243.693,103.257,39.285,71.736,1611.040,253206.060,4727.770,,production,OP
2011-09-16,15/9-F-14,24.000,243.390,103.254,39.047,74.135,1731.830,272150.890,4400.190,,production,OP
2011-09-17,15/9-F-14,24.000,242.738,103.244,38.682,76.155,1748.280,275021.080,4346.260,,production,OP
2011-09-18,15/9-F-14,24.000,242.706,103.243,38.667,76.302,1754.970,278475.370,4528.110,,production,OP
2011-09-19,15/9-F-14,24.000,242.706,103.243,38.667,76.302,1765.280,278686.810,4268.940,,production,OP
2011-09-20,15/9-F-14,24.000,243.301,103.240,38.795,77.805,1776.070,280185.970,4339.970,,production,OP
2011-09-21,15/9-F-14,24.000,244.662,103.244,38.141,79.139,1758.960,278027.990,4359.760,,production,OP
2011-09-22,15/9-F-14,24.000,244.421,103.246,37.357,92.633,1789.520,281530.180,4478.370,,production,OP
2011-09-23,15/9-F-14,24.000,244.172,103.245,37.015,100.000,1808.700,283237.910,4530.020,,production,OP
2011-09-24,15/9-F-14,24.000,244.189,103.240,36.931,100.000,1804.220,283201.700,4525.490,,production,OP
2011-09-25,15/9-F-14,24.000,244.257,103.234,36.895,100.000,1804.120,283162.870,4535.280,,production,OP
2011-09-26,15/9-F-14,24.000,244.237,103.230,36.854,100.000,1803.450,282765.600,4545.820,,production,OP
2011-09-27,15/9-F-14,24.000,244.285,103.225,36.796,100.000,1797.790,281959.390,4550.590,,production,OP
2011-09-28,15/9-F-14,24.000,244.353,103.219,36.779,100.000,1685.260,264623.980,4197.740,,production,OP
2011-09-29,15/9-F-14,24.000,244.420,103.213,35.920,98.090,1700.150,267135.220,4298.010,,production,OP
2011-09-30,15/9-F-14,24.000,244.382,103.204,36.679,100.000,1678.140,263976.040,4253.400,,production,OP
2011-10-01,15/9-F-14,24.000,244.227,103.192,36.666,100.000,1672.210,262906.820,4229.110,,production,OP
2011-10-02,15/9-F-14,24.000,244.377,103.185,36.718,100.000,1661.500,262094.160,4211.790,,production,OP
2011-10-03,15/9-F-14,24.000,244.522,103.178,36.653,100.000,1656.960,261354.400,4223.130,,production,OP
2011-10-04,15/9-F-14,24.000,244.643,103.171,36.635,100.000,1650.250,260480.930,4229.600,,production,OP
2011-10-05,15/9-F-14,24.000,244.709,103.162,36.617,100.000,1646.680,260039.670,4237.760,,production,OP
2011-10-06,15/9-F-14,24.000,244.769,103.153,36.623,100.000,1644.210,259681.280,4235.140,,production,OP
2011-10-07,15/9-F-14,12.992,246.756,103.143,38.498,50.679,1127.720,152242.350,2464.900,,production,OP
2011-10-08,15/9-F-14,13.508,252.825,102.946,43.125,42.918,680.020,111801.930,2340.560,,production,OP
2011-10-09,15/9-F-14,24.000,246.207,103.095,38.283,91.937,1500.570,238555.040,4159.240,,production,OP
2011-10-10,15/9-F-14,24.000,246.924,103.082,38.831,87.723,1480.370,235543.060,3943.730,,production,OP
2011-10-11,15/9-F-14,24.000,244.786,103.102,36.522,99.968,1538.000,243720.870,4044.320,,production,OP
2011-10-12,15/9-F-14,24.000,244.869,103.094,36.526,100.000,1551.830,244870.310,4048.740,,production,OP
2011-10-13,15/9-F-14,24.000,244.890,103.082,36.555,100.000,1566.750,244864.120,4049.790,,production,OP
2011-10-14,15/9-F-14,20.417,249.940,103.020,40.142,73.767,1218.730,194540.890,3260.740,,production,OP
2011-10-15,15/9-F-14,16.158,246.266,103.033,37.483,60.208,1211.430,173642.570,2809.320,,production,OP
2011-10-19,15/9-F-14,0.000,291.884,99.706,109.561,1.174,0.000,0.000,0.000,,production,OP
2011-10-20,15/9-F-14,0.000,293.926,99.649,116.763,1.195,0.000,0.000,0.000,,production,OP
2011-10-21,15/9-F-14,0.000,300.014,99.700,122.902,0.987,0.000,0.000,0.000,,production,OP
2011-10-22,15/9-F-14,0.000,300.652,99.629,123.825,0.992,0.000,0.000,0.000,,production,OP
2011-10-23,15/9-F-14,0.000,300.629,99.562,123.090,0.992,0.000,0.000,0.000,,production,OP
2011-10-24,15/9-F-14,0.000,292.018,96.670,119.233,0.983,0.000,0.000,0.000,,production,OP
2011-10-26,15/9-F-14,0.000,300.568,99.381,122.156,1.066,0.000,0.000,0.000,,production,OP
2011-10-27,15/9-F-14,0.000,300.572,99.373,122.225,1.074,0.000,0.000,0.000,,production,OP
2011-10-28,15/9-F-14,0.000,300.572,99.373,122.225,1.074,0.000,0.000,0.000,,production,OP
2011-10-29,15/9-F-14,0.000,300.572,99.373,122.225,1.074,0.000,0.000,0.000,,production,OP
2011-10-30,15/9-F-14,0.000,300.555,99.325,122.149,1.049,0.000,0.000,0.000,,production,OP
2011-10-31,15/9-F-14,0.000,300.498,99.153,121.639,1.998,0.000,0.000,0.000,,production,OP
2011-11-01,15/9-F-14,0.000,300.503,99.119,48.575,1.657,0.000,0.000,0.000,,production,OP
2011-11-02,15/9-F-14,0.000,300.428,99.138,110.132,1.157,0.000,0.000,0.000,,production,OP
2011-11-03,15/9-F-14,0.000,300.507,99.087,107.605,1.157,0.000,0.000,0.000,,production,OP
2011-11-04,15/9-F-14,0.000,300.489,99.045,107.613,1.035,0.000,0.000,0.000,,production,OP
2011-11-05,15/9-F-14,6.500,268.143,101.817,74.222,13.818,502.210,74294.290,955.750,,production,OP
2011-11-06,15/9-F-14,24.000,242.164,102.810,43.361,65.831,1734.070,262627.100,3637.710,,production,OP
2011-11-07,15/9-F-14,24.000,241.709,102.918,41.725,67.644,1806.740,277814.200,3727.310,,production,OP
2011-11-08,15/9-F-14,24.000,241.262,103.038,41.131,70.332,1864.940,287161.140,3793.420,,production,OP
2011-11-09,15/9-F-14,24.000,240.475,103.041,40.401,71.061,1893.190,291761.540,3817.420,,production,OP
2011-11-10,15/9-F-14,24.000,239.901,103.041,40.331,71.212,1931.640,297132.720,3805.190,,production,OP
2011-11-11,15/9-F-14,11.808,240.863,103.039,41.060,34.861,1093.950,151082.660,1821.200,,production,OP
2011-11-12,15/9-F-14,15.358,249.864,102.856,46.864,35.681,960.370,153287.540,2179.840,,production,OP
2011-11-13,15/9-F-14,24.000,240.220,102.997,40.525,71.053,1895.600,288083.420,3758.980,,production,OP
2011-11-14,15/9-F-14,24.000,240.422,103.016,40.380,70.976,1893.600,289159.730,3780.240,,production,OP
2011-11-15,15/9-F-14,24.000,240.589,103.003,40.049,72.596,1880.970,288997.000,3800.540,,production,OP
2011-11-16,15/9-F-14,24.000,240.886,102.979,39.842,73.147,1873.210,288459.130,3840.080,,production,OP
2011-11-17,15/9-F-14,24.000,241.105,102.965,39.773,73.285,1861.880,287046.550,3851.640,,production,OP
2011-11-18,15/9-F-14,24.000,241.280,102.959,39.616,73.869,1847.310,285690.620,3874.200,,production,OP
2011-11-19,15/9-F-14,24.000,241.519,102.954,39.503,74.130,1829.940,283047.930,3887.070,,production,OP
2011-11-20,15/9-F-14,24.000,241.753,102.949,39.360,74.183,1810.860,279575.620,3896.250,,production,OP
2011-11-21,15/9-F-14,24.000,241.979,102.943,39.232,74.267,1792.950,277465.680,3900.770,,production,OP
2011-11-22,15/9-F-14,24.000,242.256,102.933,39.144,74.238,1774.760,275091.680,3916.080,,production,OP
2011-11-23,15/9-F-14,24.000,242.337,102.819,39.041,74.186,1754.190,272090.190,3926.090,,production,OP
2011-11-24,15/9-F-14,23.475,242.957,102.917,39.103,75.183,1690.630,262323.680,3868.310,,production,OP
2011-11-28,15/9-F-14,23.167,249.644,102.740,44.182,59.951,1350.880,209045.160,3548.300,,production,OP
2011-12-02,15/9-F-14,20.525,245.100,102.727,41.879,60.469,1348.690,208439.770,3221.060,,production,OP
2011-12-05,15/9-F-14,18.033,247.313,102.719,44.151,50.111,1358.540,207924.180,3187.570,,production,OP
2011-12-06,15/9-F-14,4.808,245.137,102.837,42.242,15.159,568.330,72624.450,1225.230,,production,OP
2011-12-07,15/9-F-14,19.000,244.092,102.716,40.807,57.377,1374.580,213538.760,3120.710,,production,OP
2011-12-08,15/9-F-14,14.642,242.327,102.817,39.713,46.773,1270.000,183147.170,2587.900,,production,OP
2011-12-10,15/9-F-14,6.192,248.872,102.545,44.604,16.386,566.610,87868.170,1766.000,,production,OP
2011-12-11,15/9-F-14,24.000,240.888,102.780,39.377,77.854,1859.520,278392.770,3944.160,,production,OP
2011-12-12,15/9-F-14,24.000,240.585,102.801,39.142,79.788,1939.640,294987.940,4059.460,,production,OP
2011-12-13,15/9-F-14,4.308,243.766,102.815,41.840,14.024,571.400,74695.820,1221.230,,production,OP
2011-12-15,15/9-F-14,24.000,241.047,102.770,39.808,75.086,1814.390,276549.740,3862.120,,production,OP
2011-12-16,15/9-F-14,24.000,240.515,102.792,39.572,76.520,1944.210,295511.870,3982.970,,production,OP
2011-12-17,15/9-F-14,21.142,241.076,102.824,39.724,67.408,1826.720,262323.110,3468.380,,production,OP
2011-12-18,15/9-F-14,15.192,244.162,102.732,41.559,45.048,1157.440,180738.370,2662.650,,production,OP
2011-12-19,15/9-F-14,24.000,240.830,102.808,39.270,77.388,1904.270,290172.400,3998.820,,production,OP
2011-12-20,15/9-F-14,24.000,241.019,102.818,39.199,77.240,1898.200,290035.840,4017.800,,production,OP
2011-12-21,15/9-F-14,24.000,241.236,102.826,39.091,77.377,1893.130,289912.230,4072.330,,production,OP
2011-12-22,15/9-F-14,24.000,241.481,102.828,39.025,77.395,1866.930,285753.510,4053.570,,production,OP
2011-12-23,15/9-F-14,24.000,241.746,102.825,38.972,77.433,1854.960,283645.580,4051.350,,production,OP
2011-12-24,15/9-F-14,17.975,242.277,102.820,39.270,58.226,1550.390,219806.060,3144.900,,production,OP
2011-12-26,15/9-F-14,0.000,291.460,100.098,92.396,0.727,0.000,56.380,45.120,,production,OP
2011-12-27,15/9-F-14,17.500,249.356,102.671,44.915,43.740,1035.840,162228.580,2634.700,,production,OP
2011-12-28,15/9-F-14,10.475,244.039,102.799,41.066,31.122,897.820,117223.520,1675.500,,production,OP
2011-12-29,15/9-F-14,2.858,265.318,102.293,56.079,4.824,159.070,24066.310,549.130,,production,OP
2011-12-30,15/9-F-14,24.000,242.342,102.752,39.741,77.697,1727.340,269703.080,3932.460,,production,OP
2011-12-31,15/9-F-14,24.000,241.916,102.778,38.956,80.190,1778.380,273624.110,3957.780,,production,OP
2012-01-01,15/9-F-14,24.000,242.184,102.779,38.826,81.170,1771.690,272014.820,3983.870,,production,OP
2012-01-02,15/9-F-14,23.808,242.730,102.772,39.341,81.061,1777.210,271077.820,3954.250,,production,OP
2012-01-14,15/9-F-14,2.500,287.805,100.328,96.511,3.973,108.080,16656.110,223.520,,production,OP
2012-01-15,15/9-F-14,24.000,238.790,102.673,40.257,78.930,1931.140,291203.460,3794.980,,production,OP
2012-01-16,15/9-F-14,24.000,238.763,102.736,39.472,79.516,1983.540,300765.050,3898.980,,production,OP
2012-01-17,15/9-F-14,24.000,239.454,102.779,38.986,83.053,1984.970,301995.350,4060.360,,production,OP
2012-01-18,15/9-F-14,24.000,239.278,102.789,38.982,85.406,2004.730,304736.390,4339.410,,production,OP
2012-01-19,15/9-F-14,24.000,238.964,102.798,39.198,84.417,2024.630,307154.830,4205.600,,production,OP
2012-01-20,15/9-F-14,24.000,239.157,102.802,39.323,79.359,1999.830,305096.970,3981.250,,production,OP
2012-01-21,15/9-F-14,13.175,240.270,102.800,39.944,42.442,1246.640,180904.210,2565.180,,production,OP
2012-01-22,15/9-F-14,19.492,246.623,102.680,43.947,56.323,1478.510,231355.400,3523.550,,production,OP
2012-01-23,15/9-F-14,24.000,239.853,102.782,38.983,81.913,1865.290,285954.060,3954.260,,production,OP
2012-01-24,15/9-F-14,24.000,240.263,102.785,38.731,83.551,1851.560,286235.840,3941.270,,production,OP
2012-01-25,15/9-F-14,16.342,240.995,102.783,38.516,62.279,1456.870,208452.390,2887.310,,production,OP
2012-01-27,15/9-F-14,14.000,264.586,101.817,49.154,48.655,996.090,155500.950,2532.500,,production,OP
2012-01-28,15/9-F-14,24.000,244.864,102.710,42.192,74.744,1721.180,262935.420,3806.830,,production,OP
2012-01-29,15/9-F-14,5.508,257.012,102.625,53.017,9.948,94.960,15813.520,230.310,,production,OP
2012-01-30,15/9-F-14,4.992,271.584,104.278,81.066,2.486,20.000,3330.060,47.280,,production,OP
2012-01-31,15/9-F-14,24.000,239.262,105.954,67.430,21.618,992.310,154976.070,1587.670,,production,OP
2012-02-01,15/9-F-14,24.000,221.251,106.110,48.198,32.701,1298.840,202811.820,2540.500,,production,OP
2012-02-02,15/9-F-14,24.000,222.701,105.861,47.365,32.607,1360.830,207543.810,1530.360,,production,OP
2012-02-03,15/9-F-14,24.000,223.381,105.722,47.139,32.580,1342.410,205900.560,1539.830,,production,OP
2012-02-04,15/9-F-14,24.000,224.642,105.594,47.022,32.557,1311.870,201907.220,1553.220,,production,OP
2012-02-05,15/9-F-14,24.000,225.063,105.484,46.716,32.488,1283.470,197268.270,1561.570,,production,OP
2012-02-06,15/9-F-14,24.000,222.808,105.415,44.965,34.123,1301.740,198119.170,1583.760,,production,OP
2012-02-07,15/9-F-14,24.000,220.129,105.364,42.886,36.723,1269.470,193285.860,1645.300,,production,OP
2012-02-08,15/9-F-14,24.000,220.218,105.289,42.697,36.905,1271.310,194159.720,1669.160,,production,OP
2012-02-09,15/9-F-14,20.667,226.547,105.120,45.706,29.479,1053.200,160477.100,1504.720,,production,OP
2012-02-10,15/9-F-14,24.000,218.856,105.222,41.251,37.441,1247.140,196069.530,2790.230,,production,OP
2012-02-11,15/9-F-14,24.000,219.715,105.153,41.466,37.314,1276.120,159326.230,2292.730,,production,OP
2012-02-12,15/9-F-14,24.000,219.596,105.106,41.241,39.046,1301.470,197783.150,1768.240,,production,OP
2012-02-13,15/9-F-14,24.000,219.191,105.074,40.595,40.090,1283.330,195938.290,1955.340,,production,OP
2012-02-14,15/9-F-14,24.000,219.093,105.031,40.238,40.714,1299.870,199084.080,1863.680,,production,OP
2012-02-15,15/9-F-14,24.000,219.160,104.987,39.951,41.239,1294.810,198512.880,1871.520,,production,OP
2012-02-16,15/9-F-14,24.000,219.167,104.948,39.662,41.727,1295.530,197998.620,1877.070,,production,OP
2012-02-17,15/9-F-14,24.000,219.387,104.910,39.542,41.856,1285.700,197060.340,1884.100,,production,OP
2012-02-18,15/9-F-14,24.000,219.286,104.878,39.289,42.322,1275.180,195169.810,1885.610,,production,OP
2012-02-19,15/9-F-14,24.000,219.130,104.849,39.103,42.805,1263.410,194966.980,1886.410,,production,OP
2012-02-20,15/9-F-14,24.000,218.950,104.820,38.901,43.097,1252.540,192011.230,1986.950,,production,OP
2012-02-21,15/9-F-14,24.000,219.022,104.788,38.847,43.211,1247.260,191105.760,1990.650,,production,OP
2012-02-22,15/9-F-14,24.000,219.229,104.754,38.844,42.266,1246.470,190019.290,1983.520,,production,OP
2012-02-23,15/9-F-14,24.000,219.087,104.723,38.601,43.739,1249.370,190518.230,2001.820,,production,OP
2012-02-24,15/9-F-14,24.000,219.144,104.690,38.548,44.047,1248.610,190288.070,2005.380,,production,OP
2012-02-25,15/9-F-14,24.000,219.178,104.657,38.460,44.537,1250.390,190598.610,2019.020,,production,OP
2012-02-26,15/9-F-14,24.000,219.285,104.623,38.366,44.720,1248.860,190356.430,1991.160,,production,OP
2012-02-27,15/9-F-14,24.000,219.321,104.592,38.305,44.981,1247.610,190389.680,2028.990,,production,OP
2012-02-28,15/9-F-14,24.000,219.280,104.561,38.162,45.225,1247.750,190194.050,2031.900,,production,OP
2012-02-29,15/9-F-14,24.000,219.487,104.529,38.163,45.193,1243.100,189694.140,2033.100,,production,OP
2012-03-01,15/9-F-14,24.000,219.469,104.498,38.035,45.567,1237.670,188912.960,2031.390,,production,OP
2012-03-02,15/9-F-14,24.000,219.126,104.474,37.692,46.444,1244.070,190954.060,2051.970,,production,OP
2012-03-03,15/9-F-14,24.000,219.360,104.443,37.585,46.283,1237.000,191193.280,2050.510,,production,OP
2012-03-04,15/9-F-14,24.000,219.191,104.417,37.345,48.009,1246.930,192474.970,2078.800,,production,OP
2012-03-05,15/9-F-14,24.000,219.323,104.387,37.306,48.962,1248.950,192592.540,2094.190,,production,OP
2012-03-06,15/9-F-14,24.000,219.313,104.359,37.003,49.710,1249.250,193223.910,2106.580,,production,OP
2012-03-07,15/9-F-14,24.000,219.300,104.332,36.851,50.458,1251.910,193143.560,2119.100,,production,OP
2012-03-08,15/9-F-14,24.000,219.453,104.304,36.862,50.465,1246.710,192369.200,2123.500,,production,OP
2012-03-09,15/9-F-14,24.000,219.577,104.274,36.845,50.456,1244.240,191982.600,2121.620,,production,OP
2012-03-10,15/9-F-14,24.000,218.975,104.106,36.556,51.399,1244.190,191913.920,2125.230,,production,OP
2012-03-11,15/9-F-14,24.000,219.325,104.230,36.473,52.237,1236.490,191588.370,2129.620,,production,OP
2012-03-12,15/9-F-14,24.000,219.495,104.203,36.470,52.630,1237.530,191156.650,2131.520,,production,OP
2012-03-13,15/9-F-14,22.583,222.221,104.141,37.272,47.901,1081.880,175172.990,1963.920,,production,OP
2012-03-14,15/9-F-14,24.000,219.445,104.165,36.120,51.665,1221.750,184731.070,2145.770,,production,OP
2012-03-15,15/9-F-14,23.250,222.644,104.096,37.743,47.934,1076.120,168689.920,1964.580,,production,OP
2012-03-16,15/9-F-14,24.000,219.763,104.111,36.170,52.746,1202.910,184793.570,2096.170,,production,OP
2012-03-17,15/9-F-14,24.000,219.524,104.086,36.014,54.728,1215.320,187128.340,2111.500,,production,OP
2012-03-18,15/9-F-14,24.000,219.560,104.060,35.960,54.281,1220.050,188434.490,2118.550,,production,OP
2012-03-19,15/9-F-14,24.000,219.585,104.028,35.816,57.577,1224.730,189710.590,2123.160,,production,OP
2012-03-20,15/9-F-14,24.000,219.479,103.997,35.664,59.070,1234.650,190598.940,2211.100,,production,OP
2012-03-21,15/9-F-14,24.000,219.708,103.968,35.677,59.782,1241.700,191392.480,2229.630,,production,OP
2012-03-22,15/9-F-14,24.000,219.748,103.941,35.585,61.206,1246.380,192055.560,2241.790,,production,OP
2012-03-23,15/9-F-14,24.000,233.431,103.718,42.818,46.969,1031.180,161138.880,1933.840,,production,OP
2012-03-24,15/9-F-14,24.000,272.541,103.038,68.078,8.208,239.260,38069.480,406.030,,production,OP
2012-03-25,15/9-F-14,23.000,273.430,103.050,70.461,7.975,370.830,59035.620,681.410,,production,OP
2012-03-26,15/9-F-14,24.000,272.829,103.076,70.596,7.958,391.640,62379.500,711.880,,production,OP
2012-03-27,15/9-F-14,24.000,253.878,103.372,58.872,24.545,690.780,107296.980,1102.250,,production,OP
2012-03-28,15/9-F-14,24.000,220.639,103.903,36.127,58.879,1268.240,195976.770,2201.400,,production,OP
2012-03-29,15/9-F-14,24.000,219.530,103.843,35.603,64.160,1272.000,197476.540,2202.210,,production,OP
2012-03-30,15/9-F-14,24.000,219.235,103.803,35.134,73.160,1293.040,200875.320,2295.580,,production,OP
2012-03-31,15/9-F-14,24.000,219.047,103.783,34.813,88.129,1298.190,201725.610,2321.110,,production,OP
2012-04-01,15/9-F-14,24.000,218.952,103.766,34.634,100.000,1301.050,202263.390,2337.510,,production,OP
2012-04-02,15/9-F-14,24.000,218.989,103.748,34.632,100.000,1309.040,202883.540,2352.090,,production,OP
2012-04-03,15/9-F-14,24.000,219.052,103.740,34.597,100.000,1305.860,201340.850,2336.550,,production,OP
2012-04-04,15/9-F-14,24.000,219.209,103.730,34.621,100.000,1301.890,199037.630,2355.080,,production,OP
2012-04-05,15/9-F-14,24.000,219.466,103.716,34.583,100.000,1299.730,199347.180,2378.330,,production,OP
2012-04-06,15/9-F-14,24.000,219.723,103.696,34.606,100.000,1294.630,198638.550,2380.010,,production,OP
2012-04-07,15/9-F-14,24.000,220.041,103.673,34.555,100.000,1289.540,197622.390,2384.490,,production,OP
2012-04-08,15/9-F-14,24.000,220.407,103.644,34.465,100.000,1279.750,196898.620,2391.240,,production,OP
2012-04-09,15/9-F-14,24.000,220.733,103.614,34.489,100.000,1276.840,196019.070,2390.960,,production,OP
2012-04-10,15/9-F-14,24.000,220.980,103.584,34.497,100.000,1251.350,192483.760,2403.910,,production,OP
2012-04-11,15/9-F-14,24.000,221.351,103.552,34.506,100.000,1241.470,190706.810,2395.700,,production,OP
2012-04-12,15/9-F-14,24.000,221.561,103.521,34.472,100.000,1234.710,189845.280,2393.940,,production,OP
2012-04-13,15/9-F-14,24.000,221.682,103.494,34.436,100.000,1214.180,186862.520,2420.620,,production,OP
2012-04-14,15/9-F-14,24.000,221.823,103.470,34.434,100.000,1208.850,186045.530,2419.680,,production,OP
2012-04-15,15/9-F-14,24.000,222.108,103.443,34.398,100.000,1200.950,185252.410,2421.240,,production,OP
2012-04-16,15/9-F-14,24.000,222.423,103.415,34.398,100.000,1198.340,184550.390,2425.890,,production,OP
2012-04-17,15/9-F-14,24.000,222.641,103.391,34.280,100.000,1193.740,183868.890,2423.970,,production,OP
2012-04-18,15/9-F-14,24.000,222.858,103.368,34.315,100.000,1179.100,185333.380,2431.060,,production,OP
2012-04-19,15/9-F-14,24.000,222.990,103.343,34.252,100.000,1177.260,184910.910,2455.100,,production,OP
2012-04-20,15/9-F-14,24.000,223.143,103.317,34.235,100.000,1175.130,184934.060,2432.800,,production,OP
2012-04-21,15/9-F-14,24.000,221.623,103.313,33.263,100.000,1191.850,186408.990,2472.620,,production,OP
2012-04-22,15/9-F-14,24.000,220.676,103.298,32.681,100.000,1192.680,186444.080,2449.190,,production,OP
2012-04-23,15/9-F-14,24.000,220.878,103.277,32.670,100.000,1185.210,185384.930,2457.570,,production,OP
2012-04-24,15/9-F-14,24.000,221.059,103.258,32.661,100.000,1182.720,184934.790,2459.370,,production,OP
2012-04-25,15/9-F-14,24.000,221.075,103.236,32.642,100.000,1181.920,184670.150,2484.430,,production,OP
2012-04-26,15/9-F-14,24.000,221.076,103.210,32.597,100.000,1178.220,184594.050,2453.490,,production,OP
2012-04-27,15/9-F-14,24.000,221.334,103.190,32.646,100.000,1170.750,183924.060,2461.740,,production,OP
2012-04-28,15/9-F-14,24.000,221.570,103.174,32.665,100.000,1187.910,192213.760,2798.150,,production,OP
2012-04-29,15/9-F-14,24.000,221.734,103.152,32.640,100.000,1030.300,163885.560,2416.390,,production,OP
2012-04-30,15/9-F-14,24.000,221.770,103.127,32.636,97.917,1074.820,171924.290,2428.120,,production,OP
2012-05-01,15/9-F-14,24.000,222.006,103.108,32.664,100.000,1092.160,171038.290,2441.250,,production,OP
2012-05-02,15/9-F-14,24.000,222.362,103.087,32.693,100.000,1096.640,172412.120,2468.340,,production,OP
2012-05-03,15/9-F-14,24.000,222.476,103.068,32.684,100.000,1116.230,174939.050,2607.860,,production,OP
2012-05-04,15/9-F-14,24.000,222.449,103.039,32.655,100.000,1123.240,175857.680,2599.270,,production,OP
2012-05-05,15/9-F-14,24.000,223.898,102.984,32.701,100.000,1126.070,177869.060,2599.030,,production,OP
2012-05-06,15/9-F-14,24.000,224.316,102.955,32.728,100.000,1129.000,176252.090,2592.810,,production,OP
2012-05-07,15/9-F-14,24.000,224.836,102.927,32.757,100.000,1179.460,184287.350,2702.550,,production,OP
2012-05-08,15/9-F-14,24.000,226.402,102.855,32.827,100.000,1189.930,186150.650,2733.530,,production,OP
2012-05-09,15/9-F-14,24.000,226.419,102.827,32.865,100.000,1189.840,185580.610,2752.120,,production,OP
2012-05-10,15/9-F-14,24.000,226.662,102.806,32.887,100.000,1185.930,185502.850,2739.100,,production,OP
2012-05-11,15/9-F-14,24.000,226.651,102.791,32.862,100.000,1184.220,185266.370,2699.350,,production,OP
2012-05-12,15/9-F-14,24.000,226.929,102.769,32.900,100.000,1166.430,182547.600,2669.790,,production,OP
2012-05-13,15/9-F-14,24.000,226.814,102.755,32.775,100.000,1166.500,182281.750,2665.140,,production,OP
2012-05-14,15/9-F-14,24.000,226.973,102.738,32.803,100.000,1166.230,182208.620,2655.300,,production,OP
2012-05-15,15/9-F-14,24.000,227.019,102.726,32.826,100.000,1163.170,181791.290,2638.670,,production,OP
2012-05-16,15/9-F-14,24.000,227.082,102.715,32.809,100.000,1160.680,182065.950,2645.710,,production,OP
2012-05-17,15/9-F-14,24.000,227.074,102.705,32.802,100.000,1162.850,182065.950,2649.320,,production,OP
2012-05-18,15/9-F-14,24.000,227.138,102.695,32.817,100.000,1162.850,182168.700,2852.110,,production,OP
2012-05-19,15/9-F-14,24.000,226.990,102.681,32.774,100.000,1164.670,182519.510,3030.300,,production,OP
2012-05-20,15/9-F-14,24.000,226.816,102.664,32.748,100.000,1141.370,178759.480,2658.850,,production,OP
2012-05-21,15/9-F-14,24.000,226.997,102.646,32.744,100.000,1141.930,178180.900,2719.570,,production,OP
2012-05-22,15/9-F-14,21.083,236.504,102.518,37.962,70.913,868.700,141286.310,2407.190,,production,OP
2012-05-23,15/9-F-14,24.000,227.666,102.617,32.822,99.814,1059.440,167945.480,2704.320,,production,OP
2012-05-24,15/9-F-14,24.000,227.997,102.608,32.888,100.000,1087.940,172529.890,2668.210,,production,OP
2012-05-25,15/9-F-14,24.000,228.637,102.571,33.401,100.000,1095.560,172033.250,2624.720,,production,OP
2012-05-26,15/9-F-14,24.000,228.230,102.556,33.241,100.000,1105.910,173349.880,2706.470,,production,OP
2012-05-27,15/9-F-14,24.000,227.502,102.561,32.707,100.000,1116.860,174678.260,2729.330,,production,OP
2012-05-28,15/9-F-14,24.000,227.617,102.551,32.716,100.000,1126.570,175582.730,2733.190,,production,OP
2012-05-29,15/9-F-14,24.000,227.590,102.536,32.710,100.000,1131.350,176146.540,2724.110,,production,OP
2012-05-30,15/9-F-14,24.000,227.498,102.520,32.700,100.000,1124.790,176022.500,2726.490,,production,OP
2012-05-31,15/9-F-14,24.000,227.607,102.510,32.695,100.000,1125.440,176067.220,2733.310,,production,OP
2012-06-01,15/9-F-14,24.000,227.668,102.499,32.680,100.000,1124.750,176408.100,2740.540,,production,OP
2012-06-02,15/9-F-14,24.000,227.504,102.481,32.644,100.000,1122.990,176394.280,2723.090,,production,OP
2012-06-03,15/9-F-14,24.000,227.579,102.472,32.639,100.000,1117.510,175581.930,2725.800,,production,OP
2012-06-04,15/9-F-14,24.000,227.694,102.465,32.633,100.000,1115.890,175567.380,2734.250,,production,OP
2012-06-05,15/9-F-14,24.000,228.078,102.455,32.828,100.000,1111.910,174756.440,2743.990,,production,OP
2012-06-06,15/9-F-14,24.000,227.761,102.445,32.611,100.000,1117.100,175553.860,2745.060,,production,OP
2012-06-07,15/9-F-14,24.000,227.677,102.429,32.551,100.000,1101.770,172735.060,2666.070,,production,OP
2012-06-08,15/9-F-14,24.000,227.810,102.422,32.531,100.000,1097.850,172165.670,2670.290,,production,OP
2012-06-09,15/9-F-14,24.000,227.964,102.415,32.622,100.000,1097.360,172667.680,2678.650,,production,OP
2012-06-10,15/9-F-14,24.000,228.056,102.407,32.648,100.000,1102.010,172657.850,2706.740,,production,OP
2012-06-11,15/9-F-14,24.000,228.304,102.385,32.842,100.000,1086.480,170859.440,2696.100,,production,OP
2012-06-12,15/9-F-14,24.000,227.991,102.380,32.583,100.000,1095.900,172278.010,2707.100,,production,OP
2012-06-13,15/9-F-14,23.167,231.279,102.336,34.408,100.000,935.420,149159.790,2447.880,,production,OP
2012-06-14,15/9-F-14,24.000,228.276,102.370,32.633,100.000,1055.050,165692.630,2696.750,,production,OP
2012-06-15,15/9-F-14,24.000,228.368,102.364,32.637,100.000,1068.470,167934.290,2717.160,,production,OP
2012-06-16,15/9-F-14,24.000,228.234,102.343,32.608,100.000,1077.270,169539.490,2710.550,,production,OP
2012-06-17,15/9-F-14,24.000,228.190,102.327,32.590,100.000,1081.030,169387.320,2695.540,,production,OP
2012-06-18,15/9-F-14,24.000,228.261,102.324,32.570,100.000,1079.280,169100.620,2704.610,,production,OP
2012-06-19,15/9-F-14,24.000,228.497,102.319,32.543,100.000,1081.430,169659.390,2711.830,,production,OP
2012-06-20,15/9-F-14,16.000,254.154,101.996,50.230,58.871,633.920,100150.560,1945.820,,production,OP
2012-06-21,15/9-F-14,24.000,229.672,102.277,32.867,99.937,946.090,149789.310,2848.810,,production,OP
2012-06-22,15/9-F-14,24.000,229.709,102.275,32.786,100.000,991.710,155826.830,2681.110,,production,OP
2012-06-23,15/9-F-14,24.000,229.433,102.257,32.561,100.000,1011.500,159373.620,2679.360,,production,OP
2012-06-24,15/9-F-14,24.000,229.463,102.237,32.555,100.000,1019.080,160337.440,2643.490,,production,OP
2012-06-25,15/9-F-14,24.000,229.216,102.228,32.542,100.000,1023.480,161151.800,2573.050,,production,OP
2012-06-26,15/9-F-14,24.000,229.174,102.223,32.546,100.000,1023.480,161526.510,2637.210,,production,OP
2012-06-27,15/9-F-14,24.000,229.378,102.216,32.625,100.000,1080.530,170336.110,2642.700,,production,OP
2012-06-28,15/9-F-14,24.000,229.526,102.210,32.589,100.000,1085.600,170651.450,2649.720,,production,OP
2012-06-29,15/9-F-14,24.000,229.707,102.203,32.540,100.000,1090.180,171276.320,2819.530,,production,OP
2012-06-30,15/9-F-14,24.000,229.823,102.195,32.518,100.000,1090.510,171892.100,2841.400,,production,OP
2012-07-01,15/9-F-14,24.000,229.771,102.181,32.540,100.000,1099.010,172098.710,2624.540,,production,OP
2012-07-02,15/9-F-14,24.000,229.628,102.172,32.521,100.000,1081.790,169592.570,2846.530,,production,OP
2012-07-03,15/9-F-14,24.000,229.882,102.166,32.565,100.000,1080.990,169387.370,2764.580,,production,OP
2012-07-04,15/9-F-14,24.000,230.024,102.160,32.529,100.000,1080.380,169834.630,2772.210,,production,OP
2012-07-05,15/9-F-14,24.000,230.125,102.150,32.574,100.000,1080.860,170605.470,2774.140,,production,OP
2012-07-06,15/9-F-14,24.000,229.789,102.142,32.579,100.000,1080.380,170708.450,2747.110,,production,OP
2012-07-07,15/9-F-14,24.000,229.613,102.132,32.560,100.000,1083.620,170635.030,2726.800,,production,OP
2012-07-08,15/9-F-14,24.000,229.576,102.121,32.505,100.000,1081.460,170148.340,2716.990,,production,OP
2012-07-09,15/9-F-14,24.000,229.709,102.116,32.535,100.000,1056.840,166572.470,2674.470,,production,OP
2012-07-10,15/9-F-14,24.000,229.852,102.113,32.537,100.000,1053.770,166024.900,2679.820,,production,OP
2012-07-11,15/9-F-14,24.000,229.918,102.107,32.537,100.000,1053.630,166312.120,2699.870,,production,OP
2012-07-12,15/9-F-14,24.000,229.848,102.095,32.520,100.000,1056.680,166920.100,2685.000,,production,OP
2012-07-13,15/9-F-14,24.000,229.800,102.083,32.501,100.000,1060.810,167338.200,2667.040,,production,OP
2012-07-14,15/9-F-14,24.000,229.899,102.076,32.522,100.000,1059.330,166374.490,2680.850,,production,OP
2012-07-15,15/9-F-14,24.000,230.091,102.070,32.489,100.000,1059.120,165819.470,2690.480,,production,OP
2012-07-16,15/9-F-14,24.000,230.256,102.065,32.522,100.000,1059.440,165790.460,2694.000,,production,OP
2012-07-17,15/9-F-14,24.000,230.364,102.054,32.506,100.000,1060.070,166065.910,2690.670,,production,OP
2012-07-18,15/9-F-14,24.000,230.307,102.044,32.510,100.000,1059.380,166864.320,2687.080,,production,OP
2012-07-19,15/9-F-14,24.000,229.967,101.908,32.482,97.917,1060.100,167131.620,2680.270,,production,OP
2012-07-20,15/9-F-14,24.000,230.193,102.026,32.473,100.000,1058.660,166622.860,2695.500,,production,OP
2012-07-21,15/9-F-14,24.000,230.286,102.021,32.465,100.000,1058.520,165281.740,2691.620,,production,OP
2012-07-22,15/9-F-14,24.000,230.467,102.017,32.390,100.000,1057.060,165624.500,2701.030,,production,OP
2012-07-23,15/9-F-14,24.000,230.555,102.008,32.404,100.000,1059.170,165953.170,2702.690,,production,OP
2012-07-24,15/9-F-14,24.000,230.499,101.996,32.415,100.000,1059.560,165978.810,2716.640,,production,OP
2012-07-25,15/9-F-14,24.000,230.394,101.986,32.468,100.000,1056.780,165679.880,2714.800,,production,OP
2012-07-26,15/9-F-14,24.000,230.275,101.977,32.457,100.000,1056.140,165248.040,2708.040,,production,OP
2012-07-27,15/9-F-14,24.000,230.184,101.968,32.364,100.000,1052.550,165339.760,2693.400,,production,OP
2012-07-28,15/9-F-14,24.000,230.269,101.963,32.364,100.000,1049.120,165199.990,2670.870,,production,OP
2012-07-29,15/9-F-14,24.000,230.269,101.972,32.392,100.000,1052.960,166101.250,2680.920,,production,OP
2012-07-30,15/9-F-14,24.000,230.454,101.977,32.487,100.000,1043.580,164565.480,2743.550,,production,OP
2012-07-31,15/9-F-14,24.000,230.175,101.972,32.568,100.000,1048.940,165442.370,2748.050,,production,OP
2012-08-01,15/9-F-14,24.000,230.353,101.956,32.448,100.000,1045.630,161893.610,2751.150,,production,OP
2012-08-02,15/9-F-14,24.000,230.245,101.943,32.419,100.000,1043.620,163625.930,2744.620,,production,OP
2012-08-03,15/9-F-14,24.000,230.168,101.932,32.390,100.000,1042.260,163484.530,2726.490,,production,OP
2012-08-04,15/9-F-14,24.000,230.510,101.930,32.476,100.000,1035.790,164001.710,2718.410,,production,OP
2012-08-05,15/9-F-14,24.000,230.855,101.936,32.497,100.000,1030.970,164001.710,2741.780,,production,OP
2012-08-06,15/9-F-14,24.000,230.841,101.941,32.549,100.000,1038.320,163614.280,2788.230,,production,OP
2012-08-07,15/9-F-14,24.000,230.841,101.929,32.537,100.000,1041.040,163534.700,2802.180,,production,OP
2012-08-08,15/9-F-14,24.000,230.754,101.918,32.501,100.000,1041.040,168966.680,2800.360,,production,OP
2012-08-09,15/9-F-14,24.000,230.662,101.907,32.460,100.000,1036.490,162599.990,2792.590,,production,OP
2012-08-10,15/9-F-14,24.000,230.406,101.899,32.325,100.000,1042.490,163591.180,2806.200,,production,OP
2012-08-11,15/9-F-14,24.000,230.293,101.895,32.211,100.000,1047.300,166423.310,2804.140,,production,OP
2012-08-12,15/9-F-14,24.000,230.831,101.894,32.344,99.999,1042.360,164741.770,2840.360,,production,OP
2012-08-13,15/9-F-14,0.625,252.892,101.887,46.153,7.778,202.530,3754.120,-59.190,,production,OP
2012-08-15,15/9-F-14,0.000,294.166,99.710,3.765,1.147,0.000,0.000,0.000,,production,OP
2012-08-16,15/9-F-14,0.000,294.139,99.551,3.368,1.175,0.000,0.000,0.000,,production,OP
2012-08-17,15/9-F-14,0.000,294.108,99.447,3.139,1.250,0.000,0.000,0.000,,production,OP
2012-08-19,15/9-F-14,0.000,294.047,99.298,2.970,1.133,0.000,0.000,0.000,,production,OP
2012-08-20,15/9-F-14,0.000,294.017,99.223,2.924,1.217,0.000,0.000,0.000,,production,OP
2012-08-21,15/9-F-14,0.000,293.988,99.156,2.896,1.178,0.000,0.000,0.000,,production,OP
2012-08-22,15/9-F-14,0.000,293.959,99.096,2.874,1.163,0.000,0.000,0.000,,production,OP
2012-08-23,15/9-F-14,0.000,293.933,99.044,2.846,1.167,0.000,0.000,0.000,,production,OP
2012-08-24,15/9-F-14,0.000,293.908,98.995,2.851,1.183,0.000,0.000,0.000,,production,OP
2012-08-25,15/9-F-14,0.000,293.882,98.950,2.844,1.143,0.000,0.000,0.000,,production,OP
2012-08-26,15/9-F-14,0.000,293.860,98.907,2.828,1.066,0.000,0.000,0.000,,production,OP
2012-08-27,15/9-F-14,0.000,293.838,98.869,2.772,0.915,0.000,0.000,0.000,,production,OP
2012-08-28,15/9-F-14,0.000,293.818,98.831,2.821,0.928,0.000,0.000,0.000,,production,OP
2012-08-29,15/9-F-14,0.000,293.800,98.795,2.828,1.091,0.000,0.000,0.000,,production,OP
2012-08-30,15/9-F-14,0.000,293.999,98.771,2.745,1.134,0.000,0.000,0.000,,production,OP
2012-08-31,15/9-F-14,0.000,294.909,98.760,2.718,1.150,0.000,0.000,0.000,,production,OP
2012-09-01,15/9-F-14,0.000,295.855,98.737,2.728,0.987,0.000,0.000,0.000,,production,OP
2012-09-02,15/9-F-14,0.000,123.515,41.171,2.721,0.816,0.000,0.000,0.000,,production,OP
2012-09-03,15/9-F-14,0.000,0.000,0.000,2.752,0.841,0.000,0.000,0.000,,production,OP
2012-09-07,15/9-F-14,0.000,302.422,98.635,1.501,0.187,0.000,0.000,0.000,,production,OP
2012-09-11,15/9-F-14,0.000,302.186,98.568,7.907,0.276,0.000,0.000,0.000,,production,OP
2012-09-15,15/9-F-14,0.958,292.539,99.357,96.868,1.305,0.000,0.000,0.000,,production,OP
2012-09-16,15/9-F-14,0.000,294.038,98.470,103.516,1.215,0.000,0.000,0.000,,production,OP
2012-09-17,15/9-F-14,0.000,293.891,98.402,105.931,1.228,0.000,0.000,0.000,,production,OP
2012-09-19,15/9-F-14,0.000,297.452,98.466,110.733,1.217,0.000,0.000,0.000,,production,OP
2012-09-21,15/9-F-14,0.000,301.759,98.449,115.473,1.246,0.000,0.000,0.000,,production,OP
2012-09-23,15/9-F-14,0.000,298.578,98.951,110.882,1.389,0.000,0.000,0.000,,production,OP
2012-09-25,15/9-F-14,0.000,301.479,98.488,117.458,1.088,0.000,0.000,0.000,,production,OP
2012-09-26,15/9-F-14,0.000,303.002,98.453,118.997,0.936,0.000,0.000,0.000,,production,OP
2012-09-27,15/9-F-14,0.000,303.082,98.441,119.164,1.022,0.000,0.000,0.000,,production,OP
2012-09-29,15/9-F-14,5.825,234.562,101.431,58.088,15.688,416.680,56054.110,555.450,,production,OP
2012-09-30,15/9-F-14,24.000,215.333,102.432,35.477,99.989,1238.400,189926.920,2362.740,,production,OP
2012-10-01,15/9-F-14,24.000,217.527,102.483,33.976,100.000,1200.190,183977.420,2587.120,,production,OP
2012-10-02,15/9-F-14,24.000,216.941,102.439,34.259,100.000,1409.910,213712.850,2378.380,,production,OP
2012-10-03,15/9-F-14,24.000,217.832,102.370,33.911,100.000,1405.200,211887.250,2444.910,,production,OP
2012-10-04,15/9-F-14,24.000,217.561,102.402,34.055,100.000,1458.200,218131.420,2451.030,,production,OP
2012-10-05,15/9-F-14,24.000,217.514,102.434,34.081,100.000,1604.200,240499.460,2466.560,,production,OP
2012-10-06,15/9-F-14,24.000,218.200,102.440,34.043,100.000,1599.060,241134.620,2475.570,,production,OP
2012-10-07,15/9-F-14,24.000,218.804,102.439,33.940,100.000,1584.570,240174.100,2484.210,,production,OP
2012-10-08,15/9-F-14,24.000,219.214,102.434,33.881,100.000,1577.900,238842.760,2478.450,,production,OP
2012-10-09,15/9-F-14,24.000,219.838,102.434,33.786,100.000,1556.200,236657.750,2474.080,,production,OP
2012-10-10,15/9-F-14,24.000,220.763,102.429,33.833,100.000,1510.570,230969.490,2521.610,,production,OP
2012-10-11,15/9-F-14,24.000,223.385,102.370,34.156,100.000,1534.800,232416.940,2588.480,,production,OP
2012-10-12,15/9-F-14,24.000,232.194,102.174,37.725,75.136,1324.730,201006.770,2018.640,,production,OP
2012-10-13,15/9-F-14,22.000,255.206,101.904,52.688,33.574,549.570,86497.430,864.000,,production,OP
2012-10-14,15/9-F-14,5.175,240.904,102.059,43.532,11.264,205.630,22184.210,146.470,,production,OP
2012-10-19,15/9-F-14,7.000,264.889,100.606,68.175,22.000,187.550,31348.090,374.420,,production,OP
2012-10-20,15/9-F-14,24.000,239.366,102.176,44.131,46.015,891.560,134483.500,1309.260,,production,OP
2012-10-21,15/9-F-14,24.000,238.989,102.104,42.422,48.063,943.690,143054.210,1394.950,,production,OP
2012-10-22,15/9-F-14,24.000,239.113,102.009,42.734,47.914,1370.220,208314.790,2786.250,,production,OP
2012-10-23,15/9-F-14,24.000,240.670,101.903,43.398,47.228,1368.180,208974.110,2674.420,,production,OP
2012-10-24,15/9-F-14,24.000,240.702,101.812,43.392,47.148,1374.620,208463.180,2676.020,,production,OP
2012-10-25,15/9-F-14,24.000,240.580,101.780,43.192,47.254,1360.570,207551.240,2677.310,,production,OP
2012-10-26,15/9-F-14,24.000,239.073,101.775,42.195,48.125,1344.800,206033.080,2636.770,,production,OP
2012-10-27,15/9-F-14,24.000,237.371,101.782,40.918,49.801,1345.200,205168.370,2606.060,,production,OP
2012-10-28,15/9-F-14,24.000,235.823,101.779,39.658,51.419,1384.850,212120.950,2652.040,,production,OP
2012-10-29,15/9-F-14,24.000,234.877,101.770,38.929,53.080,1315.010,201153.080,2552.490,,production,OP
2012-10-30,15/9-F-14,24.000,234.598,101.760,38.423,54.051,1274.530,195614.420,2668.470,,production,OP
2012-10-31,15/9-F-14,24.000,234.362,101.742,37.816,55.742,1262.510,194686.360,2673.410,,production,OP
2012-11-01,15/9-F-14,24.000,234.481,101.714,37.497,57.065,1254.440,193423.500,2679.330,,production,OP
2012-11-02,15/9-F-14,24.000,234.295,101.700,37.252,57.351,1237.460,191191.700,2829.040,,production,OP
2012-11-03,15/9-F-14,24.000,233.935,101.684,36.897,58.603,1230.310,189772.610,2827.690,,production,OP
2012-11-04,15/9-F-14,24.000,234.446,101.649,36.912,59.116,1221.890,188770.050,2838.800,,production,OP
2012-11-05,15/9-F-14,24.000,235.749,101.617,37.447,56.960,1204.860,190634.330,2792.140,,production,OP
2012-11-06,15/9-F-14,24.000,237.192,101.608,37.998,55.207,1182.330,187678.520,2803.860,,production,OP
2012-11-07,15/9-F-14,24.000,237.520,101.610,37.822,56.132,1186.890,188217.720,2846.560,,production,OP
2012-11-08,15/9-F-14,24.000,237.913,101.615,37.828,56.507,1191.540,188764.440,2875.470,,production,OP
2012-11-09,15/9-F-14,24.000,239.890,101.593,38.709,53.501,1176.470,188933.750,2890.390,,production,OP
2012-11-10,15/9-F-14,24.000,242.283,101.569,40.128,49.844,1166.550,184401.140,2909.030,,production,OP
2012-11-11,15/9-F-14,24.000,242.981,101.559,40.604,49.117,1163.630,182116.810,2936.110,,production,OP
2012-11-12,15/9-F-14,24.000,242.967,101.558,40.578,49.224,1167.890,182830.160,2938.970,,production,OP
2012-11-13,15/9-F-14,24.000,243.108,101.557,40.583,49.051,1168.800,183292.190,2934.080,,production,OP
2012-11-14,15/9-F-14,24.000,243.096,101.560,40.630,48.961,1169.130,182577.340,2929.330,,production,OP
2012-11-15,15/9-F-14,24.000,243.291,101.557,40.657,49.006,1170.960,183157.260,2941.850,,production,OP
2012-11-16,15/9-F-14,24.000,243.452,101.555,40.608,48.141,1180.100,184773.800,2975.420,,production,OP
2012-11-17,15/9-F-14,24.000,243.464,101.561,40.666,49.052,1167.930,182807.060,2874.110,,production,OP
2012-11-18,15/9-F-14,24.000,243.628,101.562,40.725,48.915,1163.830,182112.310,2929.460,,production,OP
2012-11-19,15/9-F-14,24.000,243.662,101.569,40.505,49.211,1159.980,182752.580,2942.660,,production,OP
2012-11-20,15/9-F-14,24.000,243.756,101.574,40.474,49.106,1157.190,182015.840,2943.550,,production,OP
2012-11-21,15/9-F-14,24.000,243.996,101.563,40.505,49.096,1157.200,181277.280,2914.280,,production,OP
2012-11-22,15/9-F-14,24.000,244.017,101.555,40.378,49.141,1147.420,180752.620,2911.820,,production,OP
2012-11-23,15/9-F-14,24.000,243.917,101.552,40.309,49.066,1143.520,180055.370,2905.420,,production,OP
2012-11-24,15/9-F-14,24.000,243.940,101.545,40.271,48.057,1144.660,179114.440,2923.330,,production,OP
2012-11-25,15/9-F-14,24.000,243.153,101.551,39.594,50.401,1134.680,178773.040,2907.470,,production,OP
2012-11-26,15/9-F-14,24.000,243.453,101.548,39.485,51.095,1135.030,179806.730,2917.740,,production,OP
2012-11-27,15/9-F-14,24.000,243.664,101.485,39.479,51.133,1102.770,174307.740,3011.140,,production,OP
2012-11-28,15/9-F-14,24.000,244.497,101.563,39.589,50.624,1090.230,172320.060,3044.270,,production,OP
2012-11-29,15/9-F-14,24.000,244.753,101.559,39.580,50.228,1081.380,170148.180,3041.640,,production,OP
2012-11-30,15/9-F-14,24.000,244.864,101.548,39.474,50.301,1072.590,168906.740,3011.680,,production,OP
2012-12-01,15/9-F-14,24.000,244.529,101.542,39.104,50.866,1066.900,169702.530,3052.220,,production,OP
2012-12-02,15/9-F-14,24.000,244.022,101.539,38.578,52.011,1061.330,169619.330,3033.300,,production,OP
2012-12-03,15/9-F-14,24.000,243.357,101.534,37.864,54.060,1054.370,169304.540,3004.620,,production,OP
2012-12-04,15/9-F-14,24.000,243.523,101.528,37.777,54.197,1056.650,168469.750,3013.330,,production,OP
2012-12-05,15/9-F-14,24.000,243.221,101.528,37.390,55.198,1084.080,172523.380,3247.610,,production,OP
2012-12-06,15/9-F-14,24.000,242.943,101.531,36.927,57.218,1054.220,167848.950,3110.130,,production,OP
2012-12-07,15/9-F-14,24.000,242.660,101.535,36.544,58.725,1056.740,166730.150,3133.730,,production,OP
2012-12-08,15/9-F-14,24.000,242.818,101.535,36.455,59.020,1053.230,167185.470,3157.130,,production,OP
2012-12-09,15/9-F-14,24.000,243.032,101.533,36.516,58.965,1051.230,166834.110,3186.300,,production,OP
2012-12-10,15/9-F-14,24.000,242.513,101.533,36.219,59.809,1052.290,166767.330,3174.310,,production,OP
2012-12-11,15/9-F-14,23.333,247.278,101.478,39.273,51.928,902.000,147278.130,2881.040,,production,OP
2012-12-12,15/9-F-14,11.292,243.961,101.524,37.129,27.283,425.980,70994.130,1261.470,,production,OP
2012-12-13,15/9-F-14,15.208,255.024,101.332,41.786,28.521,420.570,69463.450,1810.630,,production,OP
2012-12-14,15/9-F-14,23.458,242.193,101.558,35.412,61.105,891.260,143308.600,3022.630,,production,OP
2012-12-15,15/9-F-14,13.708,250.889,101.435,39.947,27.740,478.050,77281.620,1732.080,,production,OP
2012-12-16,15/9-F-14,24.000,240.948,101.526,34.506,66.018,972.110,157318.590,3169.760,,production,OP
2012-12-17,15/9-F-14,24.000,240.356,101.529,34.313,68.046,987.770,159979.320,3171.920,,production,OP
2012-12-18,15/9-F-14,24.000,240.374,101.493,34.319,68.140,992.030,160916.200,3147.650,,production,OP
2012-12-19,15/9-F-14,24.000,240.103,101.488,34.272,68.225,999.010,162253.560,3140.340,,production,OP
2012-12-20,15/9-F-14,24.000,240.091,101.483,34.283,68.215,1036.590,167953.020,3090.150,,production,OP
2012-12-21,15/9-F-14,24.000,240.598,101.473,34.404,68.238,1037.920,168678.010,3097.350,,production,OP
2012-12-22,15/9-F-14,24.000,241.020,101.467,34.438,68.258,1041.770,168798.130,3127.950,,production,OP
2012-12-23,15/9-F-14,24.000,241.717,101.459,34.734,66.043,1040.310,168482.760,3056.350,,production,OP
2012-12-24,15/9-F-14,24.000,242.118,101.449,35.148,62.930,1039.180,168092.060,3371.100,,production,OP
2012-12-25,15/9-F-14,24.000,241.846,101.441,35.048,62.989,1043.800,168340.590,3347.810,,production,OP
2012-12-26,15/9-F-14,24.000,241.646,101.433,35.007,63.092,1040.770,167861.610,3328.250,,production,OP
2012-12-27,15/9-F-14,24.000,241.636,101.418,34.966,63.233,1039.240,167658.310,3322.350,,production,OP
2012-12-28,15/9-F-14,24.000,241.736,101.402,34.791,63.258,1034.830,168293.290,3325.920,,production,OP
2012-12-29,15/9-F-14,24.000,241.907,101.393,34.802,63.134,1038.650,169379.960,3290.560,,production,OP
2012-12-30,15/9-F-14,24.000,242.000,101.402,34.701,64.487,1034.910,168974.680,3334.860,,production,OP
2012-12-31,15/9-F-14,24.000,242.232,101.405,34.638,65.214,1035.100,168597.480,3380.610,,production,OP
2013-01-01,15/9-F-14,24.000,242.398,101.389,34.723,65.199,1030.100,166914.840,3386.830,,production,OP
2013-01-02,15/9-F-14,24.000,242.784,101.367,34.915,65.204,1005.130,164073.570,3350.080,,production,OP
2013-01-03,15/9-F-14,24.000,242.162,101.365,34.537,65.229,1038.140,167757.340,3337.350,,production,OP
2013-01-04,15/9-F-14,24.000,241.912,101.358,34.396,65.783,985.250,159033.760,3201.460,,production,OP
2013-01-05,15/9-F-14,24.000,241.372,101.353,33.936,68.983,988.970,160441.970,3189.420,,production,OP
2013-01-06,15/9-F-14,24.000,241.231,101.357,33.689,71.911,984.480,161396.180,3210.040,,production,OP
2013-01-07,15/9-F-14,24.000,234.607,98.497,33.551,75.159,987.230,160843.030,3225.760,,production,OP
2013-01-08,15/9-F-14,24.000,241.641,101.355,33.592,73.705,990.400,160154.000,3315.080,,production,OP
2013-01-09,15/9-F-14,24.000,241.802,101.333,33.638,75.320,991.650,160039.150,3299.180,,production,OP
2013-01-10,15/9-F-14,24.000,241.841,101.319,33.585,75.308,987.960,160249.240,3280.560,,production,OP
2013-01-11,15/9-F-14,24.000,242.329,101.300,33.907,75.260,964.480,156952.500,3250.930,,production,OP
2013-01-12,15/9-F-14,24.000,241.791,101.297,33.521,75.335,977.720,159380.640,3259.460,,production,OP
2013-01-13,15/9-F-14,24.000,241.539,101.283,33.401,75.454,973.700,159458.000,3281.210,,production,OP
2013-01-14,15/9-F-14,24.000,241.334,101.265,33.331,75.518,975.980,158237.800,3180.380,,production,OP
2013-01-15,15/9-F-14,24.000,241.711,101.260,33.541,75.513,958.450,156113.230,3189.620,,production,OP
2013-01-16,15/9-F-14,24.000,241.869,101.257,33.475,75.519,965.560,167491.250,3206.360,,production,OP
2013-01-17,15/9-F-14,24.000,242.009,101.255,33.351,76.163,959.840,152150.420,3291.770,,production,OP
2013-01-18,15/9-F-14,24.000,242.146,101.255,33.316,77.336,963.720,151120.970,3297.430,,production,OP
2013-01-19,15/9-F-14,24.000,242.116,101.257,33.243,77.215,954.500,149673.480,3210.300,,production,OP
2013-01-20,15/9-F-14,24.000,242.214,101.257,33.236,77.447,951.880,149278.310,3233.540,,production,OP
2013-01-21,15/9-F-14,24.000,242.466,101.247,33.345,77.305,950.380,149287.120,3231.190,,production,OP
2013-01-22,15/9-F-14,24.000,242.151,101.243,33.138,77.331,956.770,150295.200,3058.990,,production,OP
2013-01-23,15/9-F-14,24.000,242.361,101.230,33.224,77.297,959.480,151841.320,3088.430,,production,OP
2013-01-24,15/9-F-14,24.000,242.369,101.221,33.227,77.176,960.510,150485.460,3131.020,,production,OP
2013-01-25,15/9-F-14,24.000,242.343,101.213,33.077,77.235,960.390,150245.330,3086.980,,production,OP
2013-01-26,15/9-F-14,24.000,242.399,101.206,33.123,77.219,956.420,149822.090,3514.400,,production,OP
2013-01-27,15/9-F-14,24.000,242.462,101.199,33.112,77.117,954.530,148848.160,3077.590,,production,OP
2013-01-28,15/9-F-14,24.000,242.522,101.192,33.111,77.040,956.260,149034.580,3069.100,,production,OP
2013-01-29,15/9-F-14,24.000,242.317,101.189,32.947,80.319,956.870,150964.290,3069.770,,production,OP
2013-01-30,15/9-F-14,24.000,242.050,101.186,32.702,85.410,965.220,152504.400,3126.270,,production,OP
2013-01-31,15/9-F-14,24.000,242.014,101.181,32.688,87.363,972.830,150629.570,3133.930,,production,OP
2013-02-01,15/9-F-14,24.000,241.871,101.178,32.611,89.368,971.790,152749.560,3128.760,,production,OP
2013-02-02,15/9-F-14,24.000,241.816,101.173,32.537,89.982,961.400,151088.070,3165.730,,production,OP
2013-02-03,15/9-F-14,24.000,241.740,101.168,32.486,90.002,962.890,149201.050,3151.750,,production,OP
2013-02-04,15/9-F-14,24.000,241.777,101.159,32.461,90.101,963.190,148030.440,3149.620,,production,OP
2013-02-05,15/9-F-14,24.000,241.761,101.152,32.444,91.274,960.920,147975.070,3146.830,,production,OP
2013-02-06,15/9-F-14,24.000,241.551,101.150,32.306,96.719,962.060,149137.350,3287.060,,production,OP
2013-02-07,15/9-F-14,24.000,241.619,101.150,32.279,98.985,1004.480,147593.530,3348.100,,production,OP
2013-02-08,15/9-F-14,24.000,241.817,101.146,32.318,99.131,978.090,151361.310,3362.480,,production,OP
2013-02-09,15/9-F-14,24.000,241.968,101.140,32.247,97.196,979.910,154020.950,3390.370,,production,OP
2013-02-10,15/9-F-14,24.000,241.868,101.130,32.179,99.181,966.220,151560.480,3372.780,,production,OP
2013-02-11,15/9-F-14,24.000,241.795,101.117,32.129,99.059,964.430,145350.060,3363.420,,production,OP
2013-02-12,15/9-F-14,24.000,241.795,101.109,32.165,99.052,961.130,148446.000,3344.210,,production,OP
2013-02-13,15/9-F-14,24.000,241.924,101.109,32.130,96.982,952.070,151376.500,3347.270,,production,OP
2013-02-14,15/9-F-14,24.000,242.160,101.109,32.127,96.975,953.140,151676.130,3375.270,,production,OP
2013-02-15,15/9-F-14,24.000,242.325,101.098,32.197,96.964,958.710,154866.470,3382.980,,production,OP
2013-02-16,15/9-F-14,24.000,242.206,101.088,32.145,99.025,964.490,154609.840,3386.160,,production,OP
2013-02-17,15/9-F-14,24.000,242.091,101.079,32.125,96.946,964.230,154694.230,3310.270,,production,OP
2013-02-18,15/9-F-14,24.000,242.066,101.070,32.184,98.993,967.260,153914.130,3359.580,,production,OP
2013-02-19,15/9-F-14,24.000,242.397,101.066,32.246,99.001,956.380,152840.460,3350.440,,production,OP
2013-02-20,15/9-F-14,24.000,244.244,101.041,33.392,99.033,912.600,146305.320,3283.430,,production,OP
2013-02-21,15/9-F-14,24.000,242.732,101.061,32.353,99.039,958.550,152534.450,3383.450,,production,OP
2013-02-22,15/9-F-14,19.917,248.290,100.994,35.736,72.037,710.960,121900.740,2611.770,,production,OP
2013-02-23,15/9-F-14,24.000,244.200,101.022,33.231,100.000,922.730,148240.490,3312.590,,production,OP
2013-02-24,15/9-F-14,24.000,242.664,101.041,32.293,99.922,944.090,151901.700,3358.310,,production,OP
2013-02-25,15/9-F-14,24.000,242.269,101.029,32.105,99.999,951.340,151700.100,3360.290,,production,OP
2013-02-26,15/9-F-14,24.000,242.287,101.012,32.109,100.000,952.210,151415.090,3350.670,,production,OP
2013-02-27,15/9-F-14,24.000,242.297,101.020,32.127,100.000,945.980,150920.320,3365.360,,production,OP
2013-02-28,15/9-F-14,24.000,242.268,101.027,32.124,100.000,944.280,150922.010,3371.640,,production,OP
2013-03-01,15/9-F-14,24.000,242.454,101.022,32.165,100.000,936.310,151345.550,3411.780,,production,OP
2013-03-02,15/9-F-14,24.000,242.260,101.004,32.111,100.000,940.320,151580.440,3374.270,,production,OP
2013-03-03,15/9-F-14,24.000,242.472,101.001,32.134,100.000,936.860,151079.120,3386.290,,production,OP
2013-03-04,15/9-F-14,24.000,242.573,101.004,32.091,100.000,939.950,151102.050,3383.410,,production,OP
2013-03-05,15/9-F-14,24.000,242.832,100.994,32.120,100.000,940.990,151794.590,3292.250,,production,OP
2013-03-06,15/9-F-14,24.000,242.961,100.985,32.234,100.000,925.750,151062.160,3241.130,,production,OP
2013-03-07,15/9-F-14,2.192,249.733,100.967,37.963,9.234,43.380,7643.370,146.140,,production,OP
2013-03-10,15/9-F-14,10.975,259.160,100.772,41.234,20.508,186.670,32261.530,1046.260,,production,OP
2013-03-11,15/9-F-14,15.192,243.204,101.020,33.002,55.351,511.700,86098.920,2666.460,,production,OP
2013-03-13,15/9-F-14,19.975,251.075,100.928,37.213,49.600,539.620,92381.000,1924.730,,production,OP
2013-03-14,15/9-F-14,15.692,243.694,100.993,33.290,63.659,536.710,72956.230,2084.610,,production,OP
2013-03-15,15/9-F-14,16.808,250.760,100.887,37.303,39.823,504.170,87861.950,2185.310,,production,OP
2013-03-16,15/9-F-14,12.025,242.800,101.046,33.736,48.376,446.390,69150.110,1768.080,,production,OP
2013-03-17,15/9-F-14,10.475,255.387,100.840,40.284,20.303,294.090,49992.150,1249.360,,production,OP
2013-03-18,15/9-F-14,24.000,241.856,101.072,32.893,92.497,923.350,92377.390,3572.190,,production,OP
2013-03-19,15/9-F-14,24.000,241.144,101.046,32.396,100.000,927.570,85093.270,3381.570,,production,OP
2013-03-20,15/9-F-14,2.160,245.559,101.021,33.728,10.678,89.540,10542.930,202.410,,production,OP
2013-03-21,15/9-F-14,0.000,293.906,99.342,89.994,1.136,0.000,0.000,0.000,,production,OP
2013-03-22,15/9-F-14,17.975,249.484,100.927,38.983,42.347,613.220,82587.500,2198.720,,production,OP
2013-03-23,15/9-F-14,24.000,240.045,101.126,32.612,99.990,991.440,104641.750,3390.580,,production,OP
2013-03-24,15/9-F-14,24.000,241.046,101.045,32.545,100.000,953.700,97662.680,3415.580,,production,OP
2013-03-25,15/9-F-14,11.000,248.651,100.971,37.720,38.580,437.640,68256.590,1670.330,,production,OP
2013-03-26,15/9-F-14,24.000,240.124,101.105,33.046,97.741,885.360,142455.060,3429.240,,production,OP
2013-03-27,15/9-F-14,24.000,240.508,101.065,32.959,100.000,918.690,148242.310,3467.780,,production,OP
2013-03-28,15/9-F-14,14.833,244.183,101.018,35.013,58.933,593.670,95880.390,2323.050,,production,OP
2013-03-29,15/9-F-14,24.000,243.021,101.053,34.485,86.066,908.780,147354.510,3574.020,,production,OP
2013-03-30,15/9-F-14,24.000,240.420,101.098,33.040,97.917,970.860,155500.700,3542.810,,production,OP
2013-03-31,15/9-F-14,23.000,241.712,101.076,33.709,79.779,919.790,146888.540,3290.360,,production,OP
2013-04-01,15/9-F-14,21.692,242.670,101.081,34.124,66.723,878.510,140621.980,3124.960,,production,OP
2013-04-03,15/9-F-14,14.475,253.093,100.947,40.601,30.305,473.810,75415.010,1760.020,,production,OP
2013-04-04,15/9-F-14,24.000,241.902,101.141,33.974,75.712,982.100,150745.830,3299.390,,production,OP
2013-04-05,15/9-F-14,12.525,242.864,101.110,34.310,39.962,463.050,76681.670,2125.540,,production,OP
2013-04-09,15/9-F-14,0.000,298.422,98.886,96.903,1.188,0.000,0.000,0.000,,production,OP
2013-04-10,15/9-F-14,6.308,261.572,100.808,44.989,11.467,93.540,17513.550,393.390,,production,OP
2013-04-11,15/9-F-14,24.000,243.227,101.145,36.480,59.114,934.080,148427.100,3333.680,,production,OP
2013-04-12,15/9-F-14,24.000,242.803,101.204,29.122,66.201,963.010,153882.810,3405.740,,production,OP
2013-04-13,15/9-F-14,24.000,242.411,101.157,34.364,71.858,999.280,158799.890,3454.130,,production,OP
2013-04-14,15/9-F-14,24.000,242.498,101.188,34.492,70.369,1023.150,162631.110,3470.110,,production,OP
2013-04-15,15/9-F-14,23.999,242.573,101.135,34.250,72.810,1028.770,163352.640,3478.380,,production,OP
2013-04-16,15/9-F-14,22.334,247.821,101.048,37.818,57.519,897.680,185569.170,3135.060,,production,OP
2013-04-17,15/9-F-14,24.000,237.361,98.937,34.396,70.151,1043.240,165551.970,3413.390,,production,OP
2013-04-18,15/9-F-14,24.000,242.470,101.075,34.332,70.210,1039.900,164156.910,3391.980,,production,OP
2013-04-19,15/9-F-14,24.000,242.652,101.067,34.383,70.245,1029.290,163366.490,3408.460,,production,OP
2013-04-20,15/9-F-14,24.000,242.647,101.057,34.068,73.675,1035.270,163267.860,3431.250,,production,OP
2013-04-21,15/9-F-14,24.000,242.262,101.062,33.517,79.406,1031.170,163156.230,3456.230,,production,OP
2013-04-22,15/9-F-14,24.000,242.447,101.061,33.359,82.020,1025.280,162084.080,3471.840,,production,OP
2013-04-23,15/9-F-14,24.000,242.640,101.059,33.237,85.251,1021.590,161047.160,3501.490,,production,OP
2013-04-24,15/9-F-14,24.000,242.863,101.042,33.065,88.663,1010.540,160706.990,3533.050,,production,OP
2013-04-25,15/9-F-14,24.000,242.368,101.037,32.721,94.699,1011.170,160744.880,3541.410,,production,OP
2013-04-26,15/9-F-14,24.000,242.197,101.024,32.579,100.000,1013.130,159708.350,3553.300,,production,OP
2013-04-27,15/9-F-14,24.000,242.262,101.007,32.513,100.000,1003.840,160084.910,3530.950,,production,OP
2013-04-28,15/9-F-14,24.000,242.595,101.000,32.486,100.000,1014.920,159576.900,3504.810,,production,OP
2013-04-29,15/9-F-14,24.000,242.612,100.989,32.570,99.999,977.420,155870.290,3508.740,,production,OP
2013-04-30,15/9-F-14,24.000,247.075,100.910,35.726,66.091,881.680,143293.170,3222.960,,production,OP
2013-05-01,15/9-F-14,24.000,242.724,100.979,32.328,100.000,944.520,153530.400,3513.020,,production,OP
2013-05-02,15/9-F-14,24.000,243.156,100.980,32.404,100.000,945.700,152444.860,3545.950,,production,OP
2013-05-03,15/9-F-14,24.000,243.305,100.980,32.360,100.000,944.530,151248.010,3571.480,,production,OP
2013-05-04,15/9-F-14,24.000,243.461,100.976,32.352,100.000,942.560,152919.310,3501.770,,production,OP
2013-05-05,15/9-F-14,24.000,243.831,100.962,32.378,100.000,948.910,153774.460,3456.580,,production,OP
2013-05-06,15/9-F-14,24.000,243.937,100.960,32.333,100.000,945.750,153536.180,3496.590,,production,OP
2013-05-07,15/9-F-14,24.000,244.093,100.954,32.352,100.000,941.460,153076.450,3538.950,,production,OP
2013-05-08,15/9-F-14,24.000,244.440,100.941,32.385,100.000,936.590,153541.730,3588.760,,production,OP
2013-05-09,15/9-F-14,24.000,244.497,100.937,32.365,100.000,938.700,153411.050,3575.450,,production,OP
2013-05-10,15/9-F-14,24.000,244.529,100.934,32.361,100.000,934.270,152935.730,3571.660,,production,OP
2013-05-11,15/9-F-14,24.000,244.601,100.929,32.327,100.000,934.810,153248.720,3581.930,,production,OP
2013-05-12,15/9-F-14,24.000,244.681,100.926,32.373,97.917,937.700,152982.220,3620.380,,production,OP
2013-05-13,15/9-F-14,24.000,244.731,100.921,32.347,97.917,935.600,153135.160,3646.270,,production,OP
2013-05-14,15/9-F-14,16.333,223.558,92.011,34.492,64.291,642.940,106938.220,2844.910,,production,OP
2013-05-15,15/9-F-14,24.000,96.609,39.769,34.031,100.000,844.520,138409.000,3877.130,,production,OP
2013-05-16,15/9-F-14,24.000,245.033,100.911,32.198,99.706,866.050,141334.030,3427.060,,production,OP
2013-05-17,15/9-F-14,21.167,249.858,100.842,35.279,71.361,706.380,117755.140,3049.430,,production,OP
2013-05-18,15/9-F-14,24.000,244.794,100.883,32.566,100.000,871.100,144221.560,3531.460,,production,OP
2013-05-19,15/9-F-14,24.000,244.152,100.902,32.264,100.000,885.740,146643.010,3545.330,,production,OP
2013-05-20,15/9-F-14,24.000,244.166,100.884,32.349,97.917,898.840,147529.500,4083.250,,production,OP
2013-05-21,15/9-F-14,24.000,244.237,100.882,32.303,100.000,897.070,148011.670,4280.070,,production,OP
2013-05-22,15/9-F-14,24.000,243.668,100.859,32.221,100.000,903.880,148294.520,3509.060,,production,OP
2013-05-23,15/9-F-14,24.000,243.106,100.815,32.420,100.000,888.780,146571.540,3443.020,,production,OP
2013-05-24,15/9-F-14,24.000,241.724,100.825,31.950,100.000,886.330,145965.950,3358.320,,production,OP
2013-05-25,15/9-F-14,24.000,242.416,100.822,32.163,100.000,874.980,143285.370,3381.370,,production,OP
2013-05-26,15/9-F-14,24.000,242.623,100.827,32.072,100.000,876.790,143215.630,3416.710,,production,OP
2013-05-27,15/9-F-14,24.000,242.965,100.833,32.026,100.000,875.260,144123.150,3452.480,,production,OP
2013-05-28,15/9-F-14,24.000,243.256,100.844,32.061,100.000,876.370,143892.710,3494.430,,production,OP
2013-05-29,15/9-F-14,24.000,244.796,100.832,32.990,100.000,851.080,141276.650,3484.400,,production,OP
2013-05-30,15/9-F-14,24.000,243.834,100.849,32.241,100.000,891.660,144015.760,3578.880,,production,OP
2013-05-31,15/9-F-14,24.000,244.003,100.851,32.244,100.000,892.660,144664.430,3587.100,,production,OP
2013-06-01,15/9-F-14,24.000,244.190,100.852,32.244,100.000,894.150,145512.310,3604.800,,production,OP
2013-06-02,15/9-F-14,24.000,244.340,100.856,32.289,100.000,895.880,145879.930,3623.080,,production,OP
2013-06-03,15/9-F-14,24.000,244.340,100.862,32.291,100.000,898.650,146014.880,3547.570,,production,OP
2013-06-04,15/9-F-14,24.000,244.562,100.861,32.479,100.000,879.890,145685.620,3585.780,,production,OP
2013-06-05,15/9-F-14,24.000,245.356,100.838,32.963,83.891,885.750,155463.470,3678.670,,production,OP
2013-06-06,15/9-F-14,24.000,244.726,100.799,32.977,83.696,889.370,156726.370,3643.360,,production,OP
2013-06-07,15/9-F-14,24.000,243.797,100.810,32.240,100.000,873.880,147616.610,3482.140,,production,OP
2013-06-08,15/9-F-14,24.000,243.578,100.838,32.098,100.000,863.370,146148.760,3501.990,,production,OP
2013-06-09,15/9-F-14,24.000,244.365,100.826,32.211,100.000,882.710,151051.650,3712.750,,production,OP
2013-06-10,15/9-F-14,24.000,244.347,100.816,32.211,100.000,795.810,134589.170,3589.140,,production,OP
2013-06-11,15/9-F-14,24.000,244.443,100.813,32.224,100.000,825.650,138454.770,3541.830,,production,OP
2013-06-12,15/9-F-14,24.000,244.605,100.812,32.196,100.000,833.770,139442.770,3444.830,,production,OP
2013-06-13,15/9-F-14,24.000,244.557,100.809,32.209,100.000,847.020,141326.780,3440.010,,production,OP
2013-06-14,15/9-F-14,24.000,244.590,100.805,32.159,100.000,852.280,142270.670,3446.210,,production,OP
2013-06-15,15/9-F-14,24.000,244.763,100.798,32.218,100.000,851.680,141693.990,3489.160,,production,OP
2013-06-16,15/9-F-14,24.000,244.659,100.795,32.173,100.000,860.870,143783.160,3466.720,,production,OP
2013-06-17,15/9-F-14,24.000,244.811,100.790,32.226,100.000,877.010,143556.860,3499.670,,production,OP
2013-06-18,15/9-F-14,24.000,244.700,100.781,32.104,100.000,878.210,143961.990,3537.210,,production,OP
2013-06-19,15/9-F-14,24.000,244.596,100.770,32.095,100.000,879.480,145073.810,3524.260,,production,OP
2013-06-20,15/9-F-14,24.000,244.728,100.769,32.096,100.000,876.420,139008.770,3555.190,,production,OP
2013-06-21,15/9-F-14,21.758,245.403,100.773,32.038,100.000,787.800,125101.660,3191.620,,production,OP
2013-06-22,15/9-F-14,15.158,251.893,100.677,35.550,75.494,421.260,60352.300,1114.580,,production,OP
2013-06-23,15/9-F-14,2.508,248.803,100.771,31.095,14.450,75.580,11552.920,384.810,,production,OP
2013-06-26,15/9-F-14,22.492,249.586,100.708,35.766,64.957,696.240,108966.600,3743.670,,production,OP
2013-06-27,15/9-F-14,17.508,246.370,100.809,32.091,73.727,566.520,64362.450,2477.780,,production,OP
2013-06-28,15/9-F-14,22.658,250.013,100.694,35.047,78.063,762.490,124734.230,4439.410,,production,OP
2013-06-29,15/9-F-14,24.000,244.792,100.779,32.548,100.000,821.870,128994.870,3593.490,,production,OP
2013-06-30,15/9-F-14,24.000,245.238,100.812,32.752,100.000,824.650,135415.520,3553.510,,production,OP
2013-07-01,15/9-F-14,24.000,245.367,100.771,32.749,100.000,842.560,135091.920,3541.490,,production,OP
2013-07-02,15/9-F-14,24.000,244.672,100.772,32.431,100.000,863.900,135140.550,3556.350,,production,OP
2013-07-03,15/9-F-14,24.000,244.962,100.775,32.543,100.000,865.770,140501.810,3619.110,,production,OP
2013-07-04,15/9-F-14,24.000,245.025,100.772,32.486,100.000,875.540,140279.370,3775.850,,production,OP
2013-07-05,15/9-F-14,24.000,244.332,100.743,32.471,100.000,891.600,137045.770,3941.120,,production,OP
2013-07-06,15/9-F-14,17.167,250.103,100.653,36.039,55.100,583.750,99453.130,2964.150,,production,OP
2013-07-07,15/9-F-14,24.000,244.463,100.731,32.484,99.995,948.800,154693.660,4858.070,,production,OP
2013-07-08,15/9-F-14,24.000,211.486,87.025,32.540,100.000,852.380,132899.950,3609.610,,production,OP
2013-07-09,15/9-F-14,24.000,245.381,100.709,32.681,100.000,857.610,135787.020,3659.240,,production,OP
2013-07-10,15/9-F-14,24.000,245.329,100.725,32.501,100.000,867.730,137900.070,3709.380,,production,OP
2013-07-11,15/9-F-14,24.000,245.711,100.730,32.651,100.000,850.370,140230.430,3714.360,,production,OP
2013-07-12,15/9-F-14,24.000,245.445,100.707,32.487,100.000,872.740,137325.760,3501.910,,production,OP
2013-07-13,15/9-F-14,24.000,245.662,100.717,32.520,100.000,860.380,137651.960,3442.970,,production,OP
2013-07-14,15/9-F-14,24.000,245.668,100.716,32.496,100.000,863.130,137505.930,3372.910,,production,OP
2013-07-15,15/9-F-14,24.000,245.647,100.714,32.384,100.000,837.400,129858.550,2999.080,,production,OP
2013-07-16,15/9-F-14,24.000,245.721,100.710,32.390,100.000,827.690,130458.830,2932.170,,production,OP
2013-07-17,15/9-F-14,24.000,245.730,100.706,32.365,100.000,824.010,129581.050,2866.970,,production,OP
2013-07-18,15/9-F-14,24.000,245.809,100.698,32.365,100.000,822.860,129191.610,2946.250,,production,OP
2013-07-19,15/9-F-14,24.000,245.902,100.690,32.350,100.000,818.020,128257.760,3019.330,,production,OP
2013-07-20,15/9-F-14,24.000,245.868,100.683,32.342,100.000,818.740,128639.510,3140.900,,production,OP
2013-07-21,15/9-F-14,24.000,245.819,100.674,32.306,100.000,816.600,127690.750,3175.160,,production,OP
2013-07-22,15/9-F-14,4.500,262.985,100.454,42.179,13.484,105.650,20320.590,566.090,,production,OP
2013-07-23,15/9-F-14,24.000,248.252,100.656,33.118,88.855,745.710,128866.470,3304.090,,production,OP
2013-07-24,15/9-F-14,24.000,246.418,100.217,32.559,100.000,770.670,115815.480,3589.000,,production,OP
2013-07-25,15/9-F-14,24.000,246.838,100.563,32.380,100.000,695.390,101120.500,3691.700,,production,OP
2013-07-26,15/9-F-14,24.000,246.446,100.653,32.195,100.000,776.090,110690.580,3263.550,,production,OP
2013-07-27,15/9-F-14,24.000,245.998,100.670,32.272,100.000,779.720,114593.170,3292.870,,production,OP
2013-07-28,15/9-F-14,0.842,260.622,100.653,31.074,3.154,7.180,1118.540,43.540,,production,OP
2013-07-29,15/9-F-14,5.992,268.554,100.389,44.760,9.001,65.680,9664.820,329.190,,production,OP
2013-07-30,15/9-F-14,24.000,246.952,100.678,33.659,82.649,670.400,97949.850,2818.950,,production,OP
2013-07-31,15/9-F-14,8.342,248.480,100.658,32.222,38.997,324.710,48071.160,1344.090,,production,OP
2013-08-01,15/9-F-14,0.000,298.169,99.245,0.580,0.000,0.000,0.000,0.000,,production,OP
2013-08-02,15/9-F-14,0.000,298.163,98.971,0.482,0.000,0.000,0.000,0.000,,production,OP
2013-08-03,15/9-F-14,15.825,255.752,100.566,38.804,35.177,318.640,46367.820,1400.630,,production,OP
2013-08-04,15/9-F-14,24.000,245.314,100.686,32.725,95.744,736.950,107818.450,3138.050,,production,OP
2013-08-05,15/9-F-14,24.000,244.929,100.697,32.333,97.917,769.730,112669.200,3222.370,,production,OP
2013-08-06,15/9-F-14,24.000,244.830,100.699,32.473,100.000,777.230,113092.010,3224.770,,production,OP
2013-08-07,15/9-F-14,24.000,244.723,100.726,32.538,100.000,788.240,114235.750,3232.510,,production,OP
2013-08-08,15/9-F-14,24.000,245.210,100.696,32.477,100.000,783.120,113784.880,3255.620,,production,OP
2013-08-09,15/9-F-14,24.000,245.340,100.684,32.391,100.000,775.860,113390.930,3247.760,,production,OP
2013-08-10,15/9-F-14,24.000,245.268,100.684,32.474,100.000,777.260,113851.240,3250.600,,production,OP
2013-08-11,15/9-F-14,24.000,245.591,100.678,32.778,99.908,764.870,112420.020,3219.760,,production,OP
2013-08-12,15/9-F-14,24.000,245.765,100.659,32.940,100.000,758.250,112361.190,3229.290,,production,OP
2013-08-13,15/9-F-14,24.000,245.189,100.656,32.452,100.000,765.060,112807.390,3215.250,,production,OP
2013-08-14,15/9-F-14,24.000,245.258,100.644,32.309,100.000,768.650,112878.790,3197.420,,production,OP
2013-08-15,15/9-F-14,24.000,245.866,100.624,32.233,100.000,763.750,112481.080,3207.780,,production,OP
2013-08-16,15/9-F-14,24.000,246.128,100.614,32.285,100.000,777.620,113615.800,3211.900,,production,OP
2013-08-17,15/9-F-14,24.000,246.329,100.604,32.187,100.000,765.660,112524.280,3229.740,,production,OP
2013-08-18,15/9-F-14,24.000,246.506,100.595,32.231,100.000,767.880,112972.280,3221.760,,production,OP
2013-08-19,15/9-F-14,24.000,246.699,100.586,32.240,100.000,795.060,116512.430,3205.500,,production,OP
2013-08-20,15/9-F-14,24.000,246.797,100.581,32.215,100.000,783.490,115550.860,3209.420,,production,OP
2013-08-21,15/9-F-14,24.000,246.941,100.570,32.117,100.000,768.840,113402.900,3112.630,,production,OP
2013-08-22,15/9-F-14,24.000,246.970,100.559,32.151,100.000,775.820,113949.320,3301.530,,production,OP
2013-08-23,15/9-F-14,24.000,247.075,100.545,32.042,100.000,762.290,112954.800,3108.340,,production,OP
2013-08-24,15/9-F-14,24.000,247.211,100.535,32.001,100.000,759.950,112801.200,3199.800,,production,OP
2013-08-25,15/9-F-14,24.000,247.279,100.533,31.997,100.000,756.320,111830.970,3195.620,,production,OP
2013-08-26,15/9-F-14,24.000,247.430,100.525,32.009,100.000,750.960,111023.360,3196.300,,production,OP
2013-08-27,15/9-F-14,24.000,247.275,100.388,32.128,100.000,813.180,122663.650,3195.110,,production,OP
2013-08-28,15/9-F-14,24.000,247.081,100.171,32.124,100.000,701.650,121222.430,3345.070,,production,OP
2013-08-29,15/9-F-14,24.000,247.600,100.506,31.973,100.000,705.380,122578.370,3206.380,,production,OP
2013-08-30,15/9-F-14,24.000,247.651,100.500,31.976,100.000,714.740,123518.380,3248.690,,production,OP
2013-08-31,15/9-F-14,24.000,247.462,100.497,31.859,100.000,720.450,124283.770,3223.570,,production,OP
2013-09-01,15/9-F-14,24.000,247.564,100.494,31.892,100.000,720.930,124783.580,3168.170,,production,OP
2013-09-02,15/9-F-14,24.000,248.042,100.482,32.192,100.000,748.740,127464.540,3146.360,,production,OP
2013-09-03,15/9-F-14,24.000,247.881,100.479,32.032,100.000,754.750,113767.920,3098.700,,production,OP
2013-09-04,15/9-F-14,24.000,248.013,100.474,31.976,100.000,759.660,114563.540,3236.230,,production,OP
2013-09-05,15/9-F-14,24.000,248.047,100.466,31.915,100.000,773.900,115981.610,3456.270,,production,OP
2013-09-06,15/9-F-14,24.000,248.072,100.458,32.021,100.000,767.820,113533.640,3877.390,,production,OP
2013-09-07,15/9-F-14,24.000,247.963,100.453,31.866,100.000,764.480,113007.240,3900.990,,production,OP
2013-09-08,15/9-F-14,24.000,247.974,100.453,31.904,100.000,760.030,111888.610,3889.880,,production,OP
2013-09-09,15/9-F-14,24.000,247.953,100.454,31.917,100.000,764.550,112897.660,3883.330,,production,OP
2013-09-10,15/9-F-14,24.000,247.925,100.453,31.853,100.000,749.170,110518.630,3875.740,,production,OP
2013-09-11,15/9-F-14,24.000,247.883,100.452,31.827,100.000,737.770,109107.940,3856.980,,production,OP
2013-09-12,15/9-F-14,18.642,248.278,100.449,31.729,77.730,586.500,88642.070,2948.200,,production,OP
2013-09-13,15/9-F-14,10.658,260.187,100.303,37.795,46.252,218.490,34720.620,1249.320,,production,OP
2013-09-14,15/9-F-14,6.858,268.894,100.191,43.706,10.986,27.930,3874.340,309.120,,production,OP
2013-09-15,15/9-F-14,24.000,249.593,100.421,33.317,79.947,545.870,80990.790,2768.340,,production,OP
2013-09-16,15/9-F-14,22.333,254.877,100.371,35.996,71.479,479.480,71612.400,2741.600,,production,OP
2013-09-17,15/9-F-14,24.000,248.325,100.424,32.489,99.973,628.310,94025.160,3412.960,,production,OP
2013-09-18,15/9-F-14,10.642,250.017,100.386,32.906,43.662,284.010,43390.510,1583.220,,production,OP
2013-09-20,15/9-F-14,17.025,256.749,100.338,36.679,39.670,326.590,47449.050,2440.950,,production,OP
2013-09-21,15/9-F-14,19.833,250.638,100.437,33.612,82.063,655.170,100328.190,3502.510,,production,OP
2013-09-22,15/9-F-14,24.000,250.524,100.413,33.715,84.979,574.570,85308.670,3630.330,,production,OP
2013-09-23,15/9-F-14,24.000,248.052,100.411,32.422,100.000,625.990,92983.670,3438.740,,production,OP
2013-09-24,15/9-F-14,24.000,247.718,100.460,32.483,100.000,656.480,97891.340,3682.400,,production,OP
2013-09-25,15/9-F-14,24.000,247.644,100.487,32.492,100.000,659.550,98515.900,3681.470,,production,OP
2013-09-26,15/9-F-14,24.000,247.787,100.484,32.463,100.000,661.930,98839.060,3691.260,,production,OP
2013-09-27,15/9-F-14,16.833,186.941,73.569,36.104,52.943,491.730,78722.080,2729.000,,production,OP
2013-09-28,15/9-F-14,24.000,0.000,0.000,32.239,99.228,799.200,121313.610,4035.420,,production,OP
2013-09-29,15/9-F-14,24.000,135.626,54.760,32.486,100.000,665.700,99793.640,3783.790,,production,OP
2013-09-30,15/9-F-14,24.000,247.959,100.159,32.477,100.000,681.420,101940.260,3658.380,,production,OP
2013-10-01,15/9-F-14,24.000,248.577,100.420,32.437,100.000,681.020,101738.910,4416.940,,production,OP
2013-10-02,15/9-F-14,24.000,248.572,100.424,32.437,100.000,711.350,106402.530,3896.040,,production,OP
2013-10-03,15/9-F-14,24.000,248.774,100.414,32.432,100.000,707.630,106276.040,3623.190,,production,OP
2013-10-04,15/9-F-14,24.000,248.957,100.397,32.420,100.000,705.900,105906.770,3531.960,,production,OP
2013-10-05,15/9-F-14,24.000,248.933,100.383,32.467,100.000,714.350,106241.030,3571.880,,production,OP
2013-10-06,15/9-F-14,24.000,248.909,100.368,32.398,100.000,718.460,106719.520,3499.550,,production,OP
2013-10-07,15/9-F-14,24.000,249.032,100.361,32.399,97.917,714.080,106585.720,3627.850,,production,OP
2013-10-08,15/9-F-14,24.000,249.163,100.353,32.384,100.000,709.590,105852.320,3628.730,,production,OP
2013-10-09,15/9-F-14,24.000,249.324,100.347,32.390,100.000,702.190,105030.920,3519.170,,production,OP
2013-10-10,15/9-F-14,24.000,249.468,100.340,32.358,100.000,703.990,104879.910,3560.330,,production,OP
2013-10-11,15/9-F-14,12.142,250.389,100.338,32.334,53.568,311.950,46636.000,1511.820,,production,OP
2013-10-12,15/9-F-14,9.358,272.770,100.103,45.849,13.895,44.930,7028.940,276.150,,production,OP
2013-10-13,15/9-F-14,24.000,250.801,100.311,33.036,89.057,615.540,92193.990,3345.970,,production,OP
2013-10-14,15/9-F-14,24.000,249.915,100.312,32.206,100.000,671.850,100989.620,3554.360,,production,OP
2013-10-15,15/9-F-14,24.000,249.584,100.306,32.286,100.000,683.090,102203.650,3592.570,,production,OP
2013-10-16,15/9-F-14,24.000,249.859,100.295,32.269,100.000,680.850,101911.180,3585.660,,production,OP
2013-10-17,15/9-F-14,24.000,249.686,100.324,32.311,100.000,692.360,103933.270,3618.610,,production,OP
2013-10-18,15/9-F-14,24.000,249.751,100.336,32.336,100.000,685.230,102487.920,3632.460,,production,OP
2013-10-19,15/9-F-14,24.000,249.934,100.323,32.226,100.000,679.920,101650.610,3613.250,,production,OP
2013-10-20,15/9-F-14,24.000,249.798,100.311,32.165,100.000,691.960,104476.240,3600.300,,production,OP
2013-10-21,15/9-F-14,24.000,249.522,100.300,32.085,100.000,678.860,102674.600,3601.710,,production,OP
2013-10-22,15/9-F-14,24.000,249.572,100.300,32.136,100.000,686.850,102817.720,3607.800,,production,OP
2013-10-23,15/9-F-14,24.000,249.613,100.300,32.140,100.000,687.360,102605.070,3614.060,,production,OP
2013-10-24,15/9-F-14,24.000,249.629,100.295,32.193,97.917,686.110,102293.650,3594.310,,production,OP
2013-10-25,15/9-F-14,24.000,249.592,100.286,32.146,100.000,687.650,102619.380,3580.240,,production,OP
2013-10-26,15/9-F-14,24.000,249.713,100.279,32.170,100.000,685.920,102078.330,3596.090,,production,OP
2013-10-27,15/9-F-14,24.308,250.213,100.271,32.074,95.811,675.020,100863.310,3592.560,,production,OP
2013-10-28,15/9-F-14,0.000,297.372,99.437,2.388,1.137,0.000,0.000,0.000,,production,OP
2013-10-29,15/9-F-14,0.000,296.286,98.992,1.617,1.358,0.000,0.000,0.000,,production,OP
2013-10-30,15/9-F-14,12.858,262.407,100.160,39.411,24.492,193.530,28018.360,950.620,,production,OP
2013-10-31,15/9-F-14,24.000,249.526,100.234,32.307,100.000,633.570,94019.670,3409.390,,production,OP
2013-11-01,15/9-F-14,24.000,249.731,100.243,32.042,100.000,677.680,100622.080,3542.290,,production,OP
2013-11-02,15/9-F-14,3.225,251.692,100.239,34.225,14.657,11.090,1587.120,62.890,,production,OP
2013-11-03,15/9-F-14,6.025,270.483,99.911,44.447,9.051,5.750,856.020,31.690,,production,OP
2013-11-04,15/9-F-14,24.000,249.555,100.193,32.728,100.000,565.180,81180.400,3662.270,,production,OP
2013-11-05,15/9-F-14,24.000,248.603,100.242,31.658,99.973,678.850,93705.270,3637.890,,production,OP
2013-11-06,15/9-F-14,24.000,257.220,100.214,38.280,77.481,647.620,90581.460,3684.220,,production,OP
2013-11-07,15/9-F-14,24.000,249.771,100.230,32.587,100.000,623.900,91689.080,4449.920,,production,OP
2013-11-08,15/9-F-14,24.000,249.218,100.259,32.280,99.989,670.560,99144.910,3661.000,,production,OP
2013-11-09,15/9-F-14,24.000,249.247,100.286,32.330,99.998,661.810,98047.630,3630.100,,production,OP
2013-11-10,15/9-F-14,24.000,249.362,100.273,32.319,100.000,659.870,98393.970,3685.490,,production,OP
2013-11-11,15/9-F-14,24.000,249.304,100.262,32.187,100.000,673.100,98850.990,3804.540,,production,OP
2013-11-12,15/9-F-14,24.000,249.578,100.255,32.473,100.000,707.480,104181.960,3701.390,,production,OP
2013-11-13,15/9-F-14,24.000,249.268,100.254,32.322,100.000,699.290,103417.770,3672.500,,production,OP
2013-11-14,15/9-F-14,24.000,248.990,100.246,32.300,100.000,707.270,105510.910,3623.510,,production,OP
2013-11-15,15/9-F-14,24.000,249.344,100.235,32.297,100.000,714.350,106211.690,3557.830,,production,OP
2013-11-16,15/9-F-14,24.000,249.484,100.226,32.284,100.000,721.600,106473.240,3556.080,,production,OP
2013-11-17,15/9-F-14,24.000,249.633,100.220,32.277,100.000,701.500,104176.080,3541.040,,production,OP
2013-11-18,15/9-F-14,24.000,249.769,100.210,32.238,100.000,701.070,104686.170,3522.210,,production,OP
2013-11-19,15/9-F-14,24.000,249.934,100.203,32.232,100.000,688.240,103139.220,3563.010,,production,OP
2013-11-20,15/9-F-14,24.000,250.357,100.189,32.203,100.000,705.480,105803.840,3522.390,,production,OP
2013-11-21,15/9-F-14,24.000,250.568,100.179,32.241,100.000,706.160,105307.970,3627.070,,production,OP
2013-11-22,15/9-F-14,24.000,250.725,100.179,32.295,100.000,715.300,106522.100,3740.280,,production,OP
2013-11-23,15/9-F-14,24.000,250.912,100.175,32.283,100.000,705.390,104714.540,3748.140,,production,OP
2013-11-24,15/9-F-14,24.000,250.979,100.169,32.235,100.000,699.920,105358.890,3769.210,,production,OP
2013-11-25,15/9-F-14,24.000,251.083,100.163,32.233,100.000,700.290,105549.370,3772.510,,production,OP
2013-11-26,15/9-F-14,24.000,251.126,100.158,32.189,100.000,702.390,105967.930,3769.380,,production,OP
2013-11-27,15/9-F-14,24.000,250.218,99.432,32.188,100.000,701.550,105482.420,3885.610,,production,OP
2013-11-28,15/9-F-14,24.000,251.225,100.149,32.169,100.000,700.530,105637.070,3753.930,,production,OP
2013-11-29,15/9-F-14,24.000,251.378,100.149,32.166,100.000,696.450,105346.830,3769.310,,production,OP
2013-11-30,15/9-F-14,24.000,251.492,100.147,32.162,100.000,698.990,105432.770,3790.170,,production,OP
2013-12-01,15/9-F-14,24.000,251.460,100.140,32.146,100.000,700.130,105229.650,3759.650,,production,OP
2013-12-02,15/9-F-14,24.000,251.503,100.136,32.136,100.000,644.520,96702.640,4057.690,,production,OP
2013-12-03,15/9-F-14,24.000,251.399,100.128,32.102,100.000,642.920,95817.700,3776.600,,production,OP
2013-12-04,15/9-F-14,24.000,251.430,100.125,32.074,100.000,623.260,92088.630,3784.080,,production,OP
2013-12-05,15/9-F-14,23.558,251.944,100.119,32.525,96.367,609.470,91440.020,3598.970,,production,OP
2013-12-06,15/9-F-14,15.775,257.077,100.050,34.536,55.060,321.160,49921.440,2533.670,,production,OP
2013-12-07,15/9-F-14,24.000,252.038,100.092,31.982,99.946,577.460,87739.170,3693.450,,production,OP
2013-12-08,15/9-F-14,24.000,252.075,100.108,31.985,99.912,605.970,91773.120,3696.270,,production,OP
2013-12-09,15/9-F-14,13.500,258.296,100.026,34.951,54.541,308.670,47086.170,1880.090,,production,OP
2013-12-10,15/9-F-14,6.058,257.169,100.093,34.128,18.189,37.170,5352.350,341.390,,production,OP
2013-12-11,15/9-F-14,0.000,298.549,98.947,1.654,1.277,0.000,0.000,0.000,,production,OP
2013-12-12,15/9-F-14,9.942,263.680,100.016,38.519,18.995,56.350,8686.770,454.730,,production,OP
2013-12-13,15/9-F-14,7.808,255.553,100.092,34.134,20.870,111.550,18119.610,869.240,,production,OP
2013-12-14,15/9-F-14,22.275,256.821,100.029,34.665,100.000,460.840,69337.060,3250.650,,production,OP
2013-12-15,15/9-F-14,22.833,255.865,100.075,34.281,83.826,552.540,83611.860,3932.970,,production,OP
2013-12-16,15/9-F-14,24.000,252.114,100.099,32.677,92.349,627.430,93754.020,4192.450,,production,OP
2013-12-17,15/9-F-14,24.000,251.896,100.096,32.249,100.000,649.170,96419.400,3788.630,,production,OP
2013-12-18,15/9-F-14,24.000,251.594,100.158,32.183,100.000,629.000,94082.090,3815.130,,production,OP
2013-12-19,15/9-F-14,24.000,251.798,100.176,32.246,100.000,628.240,93880.700,3820.520,,production,OP
2013-12-20,15/9-F-14,17.333,257.211,100.107,35.157,62.557,388.080,54982.600,2817.860,,production,OP
2013-12-21,15/9-F-14,24.000,252.790,100.138,32.488,93.129,589.050,89470.900,3800.570,,production,OP
2013-12-22,15/9-F-14,24.000,252.075,100.144,32.219,100.000,632.500,94748.640,3845.310,,production,OP
2013-12-23,15/9-F-14,24.000,252.114,100.148,32.192,100.000,628.710,94181.560,3874.470,,production,OP
2013-12-24,15/9-F-14,24.000,252.064,100.135,32.178,100.000,628.160,94070.840,3968.180,,production,OP
2013-12-25,15/9-F-14,24.000,252.105,100.130,32.200,100.000,646.650,96719.370,3862.560,,production,OP
2013-12-26,15/9-F-14,20.975,252.743,100.127,32.712,86.786,534.960,81128.130,3245.910,,production,OP
2013-12-27,15/9-F-14,15.525,260.520,100.032,37.193,49.122,262.780,41596.870,1859.180,,production,OP
2013-12-28,15/9-F-14,24.000,252.879,100.086,32.446,100.000,615.330,92927.170,3824.650,,production,OP
2013-12-29,15/9-F-14,24.000,252.757,100.102,32.244,100.000,627.720,94025.460,3867.430,,production,OP
2013-12-30,15/9-F-14,24.000,252.658,100.085,32.152,100.000,626.640,94000.880,3853.450,,production,OP
2013-12-31,15/9-F-14,22.500,257.345,100.026,34.996,81.125,529.540,81629.170,3241.570,,production,OP
2014-01-01,15/9-F-14,24.000,253.116,100.077,32.547,93.470,604.440,91618.130,3844.670,,production,OP
2014-01-02,15/9-F-14,24.000,252.686,100.089,32.138,100.000,631.610,94681.540,3943.130,,production,OP
2014-01-03,15/9-F-14,24.000,252.506,100.097,31.995,100.000,619.460,93415.040,3940.400,,production,OP
2014-01-04,15/9-F-14,14.142,253.690,100.084,32.577,58.851,358.710,53975.960,2044.940,,production,OP
2014-01-05,15/9-F-14,6.358,268.097,99.917,39.991,12.167,32.570,5066.410,322.780,,production,OP
2014-01-06,15/9-F-14,24.000,254.447,100.050,33.052,82.563,523.110,78815.260,3495.990,,production,OP
2014-01-07,15/9-F-14,24.000,252.579,99.876,32.133,100.000,620.740,93904.680,3754.330,,production,OP
2014-01-08,15/9-F-14,24.000,252.471,100.039,32.176,100.000,647.630,96731.300,3872.190,,production,OP
2014-01-09,15/9-F-14,24.000,252.130,100.014,32.147,100.000,632.210,94759.570,3815.770,,production,OP
2014-01-10,15/9-F-14,24.000,252.116,100.038,32.157,100.000,633.440,94515.540,3812.780,,production,OP
2014-01-11,15/9-F-14,24.000,252.080,100.055,32.189,100.000,630.810,94043.520,3748.410,,production,OP
2014-01-12,15/9-F-14,24.000,252.019,100.053,32.141,100.000,628.080,93976.560,3654.900,,production,OP
2014-01-13,15/9-F-14,24.000,252.095,100.036,32.062,100.000,633.900,95208.480,3771.950,,production,OP
2014-01-14,15/9-F-14,24.000,252.145,100.021,32.046,100.000,618.130,92634.900,3887.390,,production,OP
2014-01-15,15/9-F-14,24.000,251.973,100.017,31.878,100.000,600.530,90464.520,3816.140,,production,OP
2014-01-16,15/9-F-14,24.000,252.177,100.015,31.934,97.917,604.430,87303.080,3631.860,,production,OP
2014-01-17,15/9-F-14,24.000,252.480,100.007,32.220,97.917,619.140,88958.230,3753.180,,production,OP
2014-01-18,15/9-F-14,24.000,252.247,100.011,31.980,100.000,593.680,86887.020,4154.280,,production,OP
2014-01-19,15/9-F-14,24.000,252.425,100.026,31.862,100.000,568.990,80709.570,3588.000,,production,OP
2014-01-20,15/9-F-14,24.000,252.627,100.036,31.916,97.917,580.120,80339.030,3641.230,,production,OP
2014-01-21,15/9-F-14,24.000,252.752,100.044,31.959,100.000,570.780,78543.410,4108.540,,production,OP
2014-01-22,15/9-F-14,24.000,252.919,100.055,31.978,100.000,597.450,80910.210,3948.040,,production,OP
2014-01-23,15/9-F-14,24.000,253.101,100.064,32.021,100.000,623.720,85314.330,3957.720,,production,OP
2014-01-24,15/9-F-14,24.000,253.206,100.072,32.023,100.000,594.990,82866.570,4316.530,,production,OP
2014-01-25,15/9-F-14,24.000,253.354,100.078,32.068,100.000,651.770,93104.580,4176.890,,production,OP
2014-01-26,15/9-F-14,24.000,253.445,100.083,32.048,100.000,527.700,73055.500,4106.520,,production,OP
2014-01-27,15/9-F-14,24.000,253.646,100.089,32.058,100.000,526.020,70252.810,3779.710,,production,OP
2014-01-28,15/9-F-14,24.000,253.656,100.095,32.011,100.000,555.860,77747.870,3922.250,,production,OP
2014-01-29,15/9-F-14,7.975,254.372,100.092,32.696,34.703,241.010,34306.270,1207.680,,production,OP
2014-01-31,15/9-F-14,20.775,261.371,100.017,36.562,100.000,415.550,62643.320,2707.540,,production,OP
2014-02-01,15/9-F-14,24.000,254.325,100.038,32.419,100.000,563.550,83086.550,4073.900,,production,OP
2014-02-02,15/9-F-14,24.000,254.370,100.080,32.401,100.000,578.730,83535.750,4112.640,,production,OP
2014-02-03,15/9-F-14,24.000,253.949,100.036,32.371,100.000,581.160,83408.780,4044.060,,production,OP
2014-02-04,15/9-F-14,24.000,253.701,100.041,32.301,100.000,578.400,83062.090,4044.660,,production,OP
2014-02-05,15/9-F-14,24.000,253.355,100.063,32.370,100.000,580.140,83171.180,4014.640,,production,OP
2014-02-06,15/9-F-14,8.000,256.164,100.030,33.412,34.794,195.270,28935.740,1005.360,,production,OP
2014-02-08,15/9-F-14,20.942,260.070,99.980,36.675,54.808,506.830,71856.610,2026.110,,production,OP
2014-02-09,15/9-F-14,24.000,252.357,99.993,32.158,100.000,562.950,81684.800,3778.270,,production,OP
2014-02-10,15/9-F-14,12.000,258.663,99.964,35.699,47.269,299.480,46472.480,2355.360,,production,OP
2014-02-11,15/9-F-14,15.392,254.438,99.998,33.474,64.981,308.340,47953.300,2533.370,,production,OP
2014-02-12,15/9-F-14,21.942,258.228,99.927,36.350,69.542,433.550,63979.530,3055.390,,production,OP
2014-02-13,15/9-F-14,24.000,252.851,100.032,32.656,100.000,597.340,87583.600,3887.900,,production,OP
2014-02-14,15/9-F-14,24.000,252.768,100.059,32.635,100.000,607.850,88910.790,3962.090,,production,OP
2014-02-15,15/9-F-14,24.000,252.729,100.044,32.387,100.000,600.910,87445.820,3956.090,,production,OP
2014-02-16,15/9-F-14,24.000,253.253,100.044,32.645,100.000,609.600,88776.080,3965.120,,production,OP
2014-02-17,15/9-F-14,24.000,253.374,100.061,32.666,100.000,616.600,91075.170,3986.730,,production,OP
2014-02-18,15/9-F-14,16.333,259.434,100.002,35.747,52.364,332.490,50938.580,2197.020,,production,OP
2014-02-19,15/9-F-14,24.000,253.684,100.061,32.830,97.279,597.130,87791.860,4009.050,,production,OP
2014-02-20,15/9-F-14,24.000,253.672,100.068,32.570,100.000,624.900,91560.670,3949.620,,production,OP
2014-02-21,15/9-F-14,24.000,253.756,100.059,32.568,100.000,631.460,92681.250,4042.400,,production,OP
2014-02-22,15/9-F-14,24.000,253.513,100.033,32.532,100.000,640.730,93454.270,4136.370,,production,OP
2014-02-23,15/9-F-14,24.000,253.213,100.011,32.385,100.000,629.140,92621.740,4060.200,,production,OP
2014-02-24,15/9-F-14,24.000,253.078,100.000,32.354,100.000,631.650,92193.400,3848.470,,production,OP
2014-02-25,15/9-F-14,24.000,252.351,99.169,32.340,100.000,615.860,90148.970,3834.620,,production,OP
2014-02-26,15/9-F-14,24.000,253.448,100.000,32.322,100.000,615.020,89678.310,3863.800,,production,OP
2014-02-27,15/9-F-14,24.000,253.611,99.999,32.284,100.000,609.920,89335.890,3846.090,,production,OP
2014-02-28,15/9-F-14,24.000,253.838,99.993,32.310,100.000,617.130,89928.360,3840.950,,production,OP
2014-03-01,15/9-F-14,24.000,253.981,99.989,32.304,100.000,600.870,87857.650,3856.480,,production,OP
2014-03-02,15/9-F-14,24.000,254.083,99.980,32.364,100.000,600.820,88857.050,3864.110,,production,OP
2014-03-03,15/9-F-14,24.000,253.791,99.972,32.138,97.917,616.360,90479.840,3835.290,,production,OP
2014-03-04,15/9-F-14,24.000,253.713,99.963,32.122,100.000,604.970,89042.790,3989.390,,production,OP
2014-03-05,15/9-F-14,24.000,253.860,99.959,32.170,100.000,609.490,89290.860,3757.120,,production,OP
2014-03-06,15/9-F-14,24.000,254.066,99.959,32.162,100.000,613.410,89162.980,3758.300,,production,OP
2014-03-07,15/9-F-14,24.000,254.222,99.959,32.189,100.000,595.480,87807.900,3781.920,,production,OP
2014-03-08,15/9-F-14,24.000,254.331,99.959,32.108,100.000,591.150,85603.080,3777.770,,production,OP
2014-03-09,15/9-F-14,24.000,254.484,99.959,32.178,100.000,594.860,86389.510,3782.900,,production,OP
2014-03-10,15/9-F-14,24.000,254.604,99.959,32.247,100.000,534.840,77918.280,3756.390,,production,OP
2014-03-11,15/9-F-14,24.000,254.730,99.959,32.180,100.000,529.990,77112.020,3758.020,,production,OP
2014-03-12,15/9-F-14,24.000,255.230,99.955,32.463,100.000,526.600,76409.630,3726.180,,production,OP
2014-03-13,15/9-F-14,24.000,254.872,99.960,32.205,97.917,543.990,79129.060,4033.790,,production,OP
2014-03-14,15/9-F-14,24.000,254.767,99.958,32.143,100.000,542.980,79386.110,3680.280,,production,OP
2014-03-15,15/9-F-14,24.000,254.762,99.953,32.137,100.000,543.600,78710.690,3737.650,,production,OP
2014-03-16,15/9-F-14,24.000,254.809,99.950,32.112,100.000,538.680,78763.490,3809.790,,production,OP
2014-03-17,15/9-F-14,24.000,255.083,99.950,32.289,100.000,541.750,78661.220,3814.560,,production,OP
2014-03-18,15/9-F-14,24.000,255.139,99.948,32.318,100.000,535.240,78783.090,3742.520,,production,OP
2014-03-19,15/9-F-14,24.000,254.680,99.952,31.843,100.000,539.100,78104.860,3573.170,,production,OP
2014-03-20,15/9-F-14,24.000,255.368,99.949,32.196,100.000,547.510,79880.640,3618.060,,production,OP
2014-03-21,15/9-F-14,24.000,255.330,99.953,32.249,100.000,540.700,79307.700,3594.240,,production,OP
2014-03-22,15/9-F-14,14.167,259.884,99.906,34.869,53.800,302.510,44815.770,1822.180,,production,OP
2014-03-23,15/9-F-14,24.000,258.315,99.921,33.499,85.928,432.100,65172.820,3226.240,,production,OP
2014-03-24,15/9-F-14,6.225,257.298,99.922,31.467,27.234,106.910,17772.830,696.140,,production,OP
2014-03-25,15/9-F-14,6.608,276.315,99.697,44.786,10.146,9.810,1368.430,122.300,,production,OP
2014-03-26,15/9-F-14,24.000,258.184,99.917,33.720,81.123,486.840,71112.750,3122.640,,production,OP
2014-03-27,15/9-F-14,12.500,261.342,99.867,35.296,47.047,164.780,24635.460,1509.830,,production,OP
2014-03-28,15/9-F-14,24.000,260.621,99.885,35.507,89.792,401.020,64425.390,3475.350,,production,OP
2014-03-29,15/9-F-14,14.667,268.293,99.816,40.152,36.159,140.740,21942.420,1170.580,,production,OP
2014-03-30,15/9-F-14,23.000,255.795,99.932,32.492,94.863,487.120,70640.780,3430.130,,production,OP
2014-03-31,15/9-F-14,24.000,255.801,99.971,32.385,100.000,530.620,77837.920,3677.860,,production,OP
2014-04-01,15/9-F-14,24.000,255.781,99.996,32.427,100.000,528.320,77254.380,3694.080,,production,OP
2014-04-02,15/9-F-14,24.000,255.697,100.000,32.385,100.000,529.680,77203.240,3708.420,,production,OP
2014-04-03,15/9-F-14,24.000,255.810,100.002,32.358,100.000,531.580,77501.900,3725.350,,production,OP
2014-04-04,15/9-F-14,24.000,255.896,100.013,32.311,100.000,539.140,79469.380,3280.280,,production,OP
2014-04-05,15/9-F-14,24.000,255.934,100.023,32.348,97.917,539.200,79101.660,3249.450,,production,OP
2014-04-06,15/9-F-14,18.225,256.697,100.028,32.500,74.972,401.100,60024.390,2293.010,,production,OP
2014-04-07,15/9-F-14,18.942,260.684,99.985,35.110,59.631,428.030,64858.120,3101.810,,production,OP
2014-04-08,15/9-F-14,24.000,255.671,100.006,32.239,100.000,543.960,80802.220,3614.910,,production,OP
2014-04-09,15/9-F-14,24.000,255.926,100.024,32.390,100.000,573.630,84289.970,3612.100,,production,OP
2014-04-10,15/9-F-14,16.292,261.779,99.956,35.779,60.394,294.400,46395.190,1824.070,,production,OP
2014-04-11,15/9-F-14,24.000,255.917,99.988,32.517,100.000,585.500,85785.410,3624.790,,production,OP
2014-04-12,15/9-F-14,24.000,256.133,100.004,32.456,100.000,584.550,85746.620,3619.350,,production,OP
2014-04-13,15/9-F-14,24.000,256.171,100.008,32.487,100.000,577.190,85016.700,3649.330,,production,OP
2014-04-14,15/9-F-14,24.000,256.281,100.000,32.494,97.917,584.550,85832.380,3632.110,,production,OP
2014-04-15,15/9-F-14,24.000,256.424,100.000,32.492,100.000,577.680,84864.460,3667.070,,production,OP
2014-04-16,15/9-F-14,24.000,255.866,99.736,32.405,100.000,576.690,85259.920,3668.250,,production,OP
2014-04-17,15/9-F-14,24.000,256.676,100.009,32.467,100.000,583.620,85487.810,3663.090,,production,OP
2014-04-18,15/9-F-14,24.000,256.746,100.012,32.474,100.000,578.000,85145.700,3668.670,,production,OP
2014-04-19,15/9-F-14,24.000,256.841,100.014,32.411,100.000,578.950,84773.720,3679.370,,production,OP
2014-04-20,15/9-F-14,24.000,256.913,100.014,32.433,100.000,574.740,84198.590,3676.400,,production,OP
2014-04-21,15/9-F-14,24.000,256.307,100.019,31.993,100.000,575.450,86417.940,3397.910,,production,OP
2014-04-22,15/9-F-14,24.000,256.045,100.030,31.607,100.000,555.350,76972.110,3080.940,,production,OP
2014-04-23,15/9-F-14,24.000,256.261,100.030,31.571,100.000,581.400,79936.040,3427.950,,production,OP
2014-04-24,15/9-F-14,24.000,256.392,100.030,31.580,100.000,714.490,98914.090,3955.910,,production,OP
2014-04-25,15/9-F-14,24.000,256.345,100.030,31.638,100.000,589.960,81414.330,3829.020,,production,OP
2014-04-26,15/9-F-14,24.000,256.493,100.030,31.585,100.000,583.710,80844.420,3805.510,,production,OP
2014-04-27,15/9-F-14,24.000,256.616,100.020,31.669,100.000,584.820,81564.720,3690.760,,production,OP
2014-04-28,15/9-F-14,24.000,256.707,100.018,31.687,100.000,582.580,80823.420,3671.320,,production,OP
2014-04-29,15/9-F-14,24.000,256.812,100.018,31.649,100.000,554.650,77569.240,3675.440,,production,OP
2014-04-30,15/9-F-14,24.000,256.966,100.018,31.660,100.000,539.320,75420.020,3675.620,,production,OP
2014-05-01,15/9-F-14,24.000,257.111,100.018,31.639,100.000,532.620,74202.460,3669.330,,production,OP
2014-05-02,15/9-F-14,24.000,257.399,100.017,31.756,100.000,530.320,74002.050,3651.300,,production,OP
2014-05-03,15/9-F-14,24.000,257.390,100.022,31.619,100.000,529.070,72536.090,3678.100,,production,OP
2014-05-04,15/9-F-14,24.000,257.540,100.029,31.517,100.000,523.920,72838.740,3681.090,,production,OP
2014-05-05,15/9-F-14,24.000,257.712,100.032,31.486,100.000,544.380,78815.720,3551.180,,production,OP
2014-05-06,15/9-F-14,24.000,257.928,100.039,31.517,100.000,535.800,77444.870,3556.100,,production,OP
2014-05-07,15/9-F-14,24.000,258.960,100.033,32.182,100.000,533.970,77904.440,3532.360,,production,OP
2014-05-08,15/9-F-14,15.492,260.699,100.019,33.573,63.679,262.960,36706.420,2018.080,,production,OP
2014-05-09,15/9-F-14,0.000,302.269,99.078,71.820,1.285,0.000,0.000,0.000,,production,OP
2014-05-10,15/9-F-14,14.008,272.112,99.924,39.733,24.506,107.310,5928.540,1485.530,,production,OP
2014-05-11,15/9-F-14,24.000,258.478,99.977,31.827,93.839,469.420,67117.180,3232.520,,production,OP
2014-05-12,15/9-F-14,24.000,257.484,99.926,31.490,100.000,479.160,69310.170,3133.210,,production,OP
2014-05-13,15/9-F-14,24.000,256.336,99.905,31.212,97.917,481.150,69589.900,3038.390,,production,OP
2014-05-14,15/9-F-14,24.000,254.712,99.854,30.770,97.917,487.450,70311.890,2951.340,,production,OP
2014-05-15,15/9-F-14,24.000,254.794,99.843,30.637,97.917,456.340,65489.280,3159.150,,production,OP
2014-05-16,15/9-F-14,24.000,255.722,99.863,31.019,97.917,450.380,64160.860,3055.210,,production,OP
2014-05-17,15/9-F-14,24.000,255.773,99.901,30.999,100.000,455.790,64087.570,3087.100,,production,OP
2014-05-18,15/9-F-14,24.000,255.486,99.927,30.568,97.917,455.570,64071.170,3177.820,,production,OP
2014-05-19,15/9-F-14,24.000,255.659,99.938,30.630,97.917,450.860,62598.530,3194.700,,production,OP
2014-05-20,15/9-F-14,24.000,255.822,99.952,30.674,100.000,454.020,63408.640,3213.030,,production,OP
2014-05-21,15/9-F-14,24.000,255.950,99.965,30.685,100.000,454.450,64151.740,3212.340,,production,OP
2014-05-22,15/9-F-14,24.000,256.512,100.002,30.870,100.000,459.040,66861.500,3321.190,,production,OP
2014-05-23,15/9-F-14,24.000,257.264,100.046,31.013,100.000,463.910,67492.260,3509.660,,production,OP
2014-05-24,15/9-F-14,24.000,257.939,100.080,31.221,100.000,468.000,67946.620,3791.490,,production,OP
2014-05-25,15/9-F-14,24.000,258.217,100.101,31.332,100.000,469.680,66212.000,3807.020,,production,OP
2014-05-26,15/9-F-14,24.000,258.414,100.110,31.422,97.917,448.280,65655.420,3215.740,,production,OP
2014-05-27,15/9-F-14,24.000,258.503,100.119,31.522,100.000,449.190,66421.740,3443.920,,production,OP
2014-05-28,15/9-F-14,24.000,257.568,99.352,31.525,100.000,416.030,61206.440,3584.500,,production,OP
2014-05-29,15/9-F-14,24.000,258.734,100.125,31.555,100.000,418.280,61549.680,3592.570,,production,OP
2014-05-30,15/9-F-14,24.000,258.889,100.119,31.586,100.000,420.800,62143.020,3625.550,,production,OP
2014-05-31,15/9-F-14,24.000,259.013,100.119,31.597,100.000,428.870,63354.430,3681.690,,production,OP
2014-06-01,15/9-F-14,24.000,259.133,100.119,31.588,100.000,431.470,63769.130,3712.490,,production,OP
2014-06-02,15/9-F-14,22.000,265.382,100.051,35.804,72.323,325.750,48357.950,2547.440,,production,OP
2014-06-03,15/9-F-14,24.000,259.452,100.103,31.741,96.176,411.550,60351.970,3614.060,,production,OP
2014-06-04,15/9-F-14,24.000,259.469,100.092,31.603,99.185,421.750,62196.830,3702.080,,production,OP
2014-06-05,15/9-F-14,24.000,259.602,100.093,31.655,99.139,445.160,65409.270,3706.650,,production,OP
2014-06-06,15/9-F-14,24.000,259.669,100.083,31.643,99.190,445.360,64412.730,3702.680,,production,OP
2014-06-07,15/9-F-14,24.000,259.744,100.076,31.609,99.269,448.720,64827.120,3705.140,,production,OP
2014-06-08,15/9-F-14,24.000,259.796,100.069,31.532,100.000,452.130,65433.600,3719.260,,production,OP
2014-06-09,15/9-F-14,24.000,259.920,100.069,31.500,100.000,509.650,74629.210,3746.070,,production,OP
2014-06-10,15/9-F-14,24.000,260.003,100.069,31.483,100.000,451.410,66453.080,3686.590,,production,OP
2014-06-11,15/9-F-14,24.000,260.026,100.063,31.502,100.000,452.560,66006.510,3559.600,,production,OP
2014-06-12,15/9-F-14,24.000,260.037,100.060,31.551,100.000,451.890,65441.270,3561.530,,production,OP
2014-06-13,15/9-F-14,24.000,260.090,100.051,31.514,100.000,503.100,73913.970,3655.300,,production,OP
2014-06-14,15/9-F-14,24.000,260.123,100.048,31.483,100.000,495.050,73111.330,3608.910,,production,OP
2014-06-15,15/9-F-14,24.000,260.135,100.040,31.462,100.000,496.100,73237.620,3609.220,,production,OP
2014-06-16,15/9-F-14,24.000,260.144,100.039,31.444,100.000,500.940,73512.860,3595.030,,production,OP
2014-06-17,15/9-F-14,24.000,260.165,100.031,31.441,100.000,489.910,72189.450,3582.770,,production,OP
2014-06-18,15/9-F-14,24.000,260.187,100.028,31.430,100.000,486.900,71596.880,3617.520,,production,OP
2014-06-19,15/9-F-14,24.000,260.255,100.020,31.409,100.000,483.720,71567.310,3754.860,,production,OP
2014-06-20,15/9-F-14,24.000,260.334,100.018,31.409,100.000,482.360,71178.240,3620.340,,production,OP
2014-06-21,15/9-F-14,24.000,260.368,100.013,31.396,100.000,478.490,70388.770,3576.710,,production,OP
2014-06-22,15/9-F-14,24.000,260.457,100.009,31.407,100.000,474.220,69113.500,3658.100,,production,OP
2014-06-23,15/9-F-14,24.000,260.923,100.004,31.708,100.000,466.360,68561.960,3632.750,,production,OP
2014-06-24,15/9-F-14,24.000,260.597,100.009,31.424,100.000,440.960,64744.140,3432.940,,production,OP
2014-06-25,15/9-F-14,24.000,260.687,100.009,31.423,100.000,462.730,68309.530,3449.480,,production,OP
2014-06-26,15/9-F-14,16.500,174.793,66.574,36.351,51.030,183.670,27523.850,1383.830,,production,OP
2014-06-27,15/9-F-14,23.500,147.201,54.638,35.443,74.268,296.830,44840.610,2273.920,,production,OP
2014-06-28,15/9-F-14,24.000,260.671,99.962,31.606,91.183,394.590,59087.180,3325.230,,production,OP
2014-06-29,15/9-F-14,24.000,260.588,99.961,31.292,97.917,432.020,64677.420,3343.150,,production,OP
2014-06-30,15/9-F-14,24.000,260.656,99.957,31.281,97.917,442.640,66483.190,3337.320,,production,OP
2014-07-01,15/9-F-14,24.000,260.617,99.950,31.311,100.000,439.060,65717.080,3321.270,,production,OP
2014-07-02,15/9-F-14,24.000,260.680,99.950,31.288,100.000,439.090,65650.530,3317.030,,production,OP
2014-07-03,15/9-F-14,24.000,260.737,99.950,31.300,100.000,439.500,65605.420,3322.060,,production,OP
2014-07-04,15/9-F-14,24.000,260.790,99.953,31.215,100.000,435.950,65101.360,3330.960,,production,OP
2014-07-05,15/9-F-14,24.000,260.817,99.959,31.251,100.000,435.230,64782.330,3343.670,,production,OP
2014-07-06,15/9-F-14,24.000,260.875,99.961,31.323,100.000,434.670,64695.870,3354.790,,production,OP
2014-07-07,15/9-F-14,24.000,260.895,99.967,31.314,100.000,442.680,66018.140,3298.060,,production,OP
2014-07-08,15/9-F-14,24.000,260.927,99.968,31.348,100.000,445.320,66275.090,3283.380,,production,OP
2014-07-09,15/9-F-14,24.000,260.919,99.972,31.368,100.000,443.920,66216.240,3281.420,,production,OP
2014-07-10,15/9-F-14,24.000,260.691,99.974,31.310,100.000,450.920,67331.700,3206.690,,production,OP
2014-07-11,15/9-F-14,24.000,260.546,99.965,31.280,100.000,452.350,67059.630,3816.240,,production,OP
2014-07-12,15/9-F-14,24.000,260.247,99.952,31.189,100.000,443.730,65989.390,3034.570,,production,OP
2014-07-13,15/9-F-14,24.000,259.998,99.935,31.102,100.000,442.050,65643.400,3004.770,,production,OP
2014-07-14,15/9-F-14,24.000,259.853,99.923,31.114,100.000,436.100,64788.430,3127.010,,production,OP
2014-07-15,15/9-F-14,24.000,259.940,99.921,31.073,100.000,444.230,65730.800,3129.020,,production,OP
2014-07-16,15/9-F-14,24.000,259.855,99.929,31.035,100.000,441.150,65583.240,3133.490,,production,OP
2014-07-17,15/9-F-14,24.000,259.914,99.929,31.077,100.000,440.900,65441.040,3125.260,,production,OP
2014-07-18,15/9-F-14,24.000,260.024,99.929,31.133,100.000,437.730,65140.970,3119.810,,production,OP
2014-07-19,15/9-F-14,24.000,260.234,99.929,31.101,100.000,436.950,65306.120,3119.110,,production,OP
2014-07-20,15/9-F-14,23.083,263.870,99.897,33.752,84.318,380.770,58801.970,2477.870,,production,OP
2014-07-21,15/9-F-14,24.000,260.728,99.925,31.409,93.478,414.840,62112.310,2957.420,,production,OP
2014-07-22,15/9-F-14,24.000,260.518,99.920,31.237,100.000,446.270,65968.580,3134.420,,production,OP
2014-07-23,15/9-F-14,24.000,260.536,99.922,31.245,100.000,442.190,66426.820,3097.700,,production,OP
2014-07-24,15/9-F-14,24.000,260.608,99.925,31.256,100.000,447.690,66918.840,3030.520,,production,OP
2014-07-25,15/9-F-14,24.000,260.706,99.920,31.275,100.000,444.290,66265.460,3035.000,,production,OP
2014-07-26,15/9-F-14,24.000,261.192,99.913,31.634,100.000,441.500,66220.280,3287.650,,production,OP
2014-07-27,15/9-F-14,24.000,261.490,99.908,31.833,100.000,444.280,66172.870,3407.490,,production,OP
2014-07-28,15/9-F-14,24.000,261.518,99.908,31.897,100.000,440.930,65792.150,3516.020,,production,OP
2014-07-29,15/9-F-14,24.000,261.520,99.908,31.871,100.000,437.530,65319.750,3500.690,,production,OP
2014-07-30,15/9-F-14,24.000,261.001,99.918,31.415,100.000,418.680,61830.190,3097.220,,production,OP
2014-07-31,15/9-F-14,24.000,260.797,99.920,31.274,100.000,355.480,53006.640,3554.510,,production,OP
2014-08-01,15/9-F-14,24.000,260.845,99.920,31.237,100.000,357.690,53315.180,3552.230,,production,OP
2014-08-02,15/9-F-14,24.000,260.863,99.920,31.237,100.000,359.240,53296.050,3552.420,,production,OP
2014-08-03,15/9-F-14,24.000,260.659,99.911,31.154,100.000,357.550,53590.720,3472.740,,production,OP
2014-08-04,15/9-F-14,24.000,260.644,99.908,31.125,100.000,363.530,53847.060,3417.870,,production,OP
2014-08-05,15/9-F-14,24.000,260.692,99.904,31.223,100.000,350.830,51874.620,3402.110,,production,OP
2014-08-06,15/9-F-14,24.000,260.751,99.899,31.139,100.000,350.440,52008.390,3390.290,,production,OP
2014-08-07,15/9-F-14,24.000,260.757,99.899,31.183,97.917,334.330,49637.530,3385.630,,production,OP
2014-08-08,15/9-F-14,24.000,260.785,99.899,31.187,97.917,332.250,49355.000,3424.480,,production,OP
2014-08-09,15/9-F-14,24.000,260.849,99.891,31.128,100.000,330.840,49392.060,3495.130,,production,OP
2014-08-10,15/9-F-14,24.000,260.926,99.888,31.122,97.917,326.080,48668.730,3489.800,,production,OP
2014-08-11,15/9-F-14,24.000,261.070,99.887,31.107,97.917,336.920,50734.170,3493.330,,production,OP
2014-08-12,15/9-F-14,24.000,260.952,99.887,31.133,100.000,340.720,53215.900,3525.540,,production,OP
2014-08-13,15/9-F-14,24.000,260.907,99.888,31.117,100.000,339.330,53959.740,3538.010,,production,OP
2014-08-14,15/9-F-14,24.000,260.929,99.888,31.192,100.000,341.090,54025.410,3531.550,,production,OP
2014-08-15,15/9-F-14,24.000,260.801,99.885,31.145,100.000,342.150,53465.500,3524.990,,production,OP
2014-08-16,15/9-F-14,24.000,260.762,99.879,31.127,100.000,340.590,50847.230,3503.420,,production,OP
2014-08-17,15/9-F-14,24.000,260.754,99.879,31.073,100.000,340.720,50907.060,3514.420,,production,OP
2014-08-18,15/9-F-14,24.000,260.702,99.877,31.021,100.000,338.400,50853.000,3519.960,,production,OP
2014-08-19,15/9-F-14,1.658,265.717,99.887,31.408,11.011,4.300,1030.090,55.700,,production,OP
2014-08-20,15/9-F-14,0.000,302.098,98.769,0.342,1.231,0.000,0.000,0.000,,production,OP
2014-08-21,15/9-F-14,0.000,302.464,98.940,0.355,1.283,0.000,0.000,0.000,,production,OP
2014-08-22,15/9-F-14,0.000,302.464,98.940,0.355,1.283,0.000,0.000,0.000,,production,OP
2014-08-23,15/9-F-14,0.000,302.464,98.940,0.355,1.283,0.000,0.000,0.000,,production,OP
2014-08-24,15/9-F-14,0.000,302.464,98.940,0.355,1.283,0.000,0.000,0.000,,production,OP
2014-08-25,15/9-F-14,22.625,267.621,99.875,35.095,51.867,155.580,26303.210,2117.230,,production,OP
2014-08-26,15/9-F-14,24.000,260.410,99.529,31.397,91.706,332.730,58014.120,3031.480,,production,OP
2014-08-27,15/9-F-14,24.000,260.281,99.548,30.920,99.809,358.230,63995.080,3080.710,,production,OP
2014-08-28,15/9-F-14,23.500,164.074,62.441,33.816,76.428,290.240,50596.190,2400.190,,production,OP
2014-08-29,15/9-F-14,24.000,177.674,68.206,30.814,99.291,374.020,67084.420,3095.610,,production,OP
2014-08-30,15/9-F-14,24.000,260.126,99.750,30.897,99.999,368.610,66085.960,3081.580,,production,OP
2014-08-31,15/9-F-14,24.000,259.814,99.818,30.881,100.000,377.320,67664.220,3219.420,,production,OP
2014-09-01,15/9-F-14,24.000,259.728,99.867,31.028,100.000,369.580,66720.780,3454.720,,production,OP
2014-09-02,15/9-F-14,24.000,259.916,99.868,31.161,100.000,419.290,71816.670,3462.160,,production,OP
2014-09-03,15/9-F-14,22.167,263.528,99.825,33.182,76.389,305.750,49870.820,2706.890,,production,OP
2014-09-04,15/9-F-14,24.000,260.825,99.864,31.448,96.038,327.300,52285.690,3299.040,,production,OP
2014-09-05,15/9-F-14,24.000,260.559,99.867,31.094,100.000,335.430,54505.410,3329.980,,production,OP
2014-09-06,15/9-F-14,24.000,260.564,99.873,31.159,97.917,333.780,54343.610,3336.800,,production,OP
2014-09-07,15/9-F-14,24.000,260.468,99.878,31.143,100.000,333.500,54398.170,3366.520,,production,OP
2014-09-08,15/9-F-14,24.000,260.328,99.879,31.163,100.000,333.060,54175.250,3375.110,,production,OP
2014-09-09,15/9-F-14,24.000,260.259,99.875,31.172,100.000,331.540,53774.190,3343.730,,production,OP
2014-09-10,15/9-F-14,24.000,260.236,99.868,31.202,100.000,332.390,53987.830,3323.010,,production,OP
2014-09-11,15/9-F-14,24.000,260.265,99.859,31.199,100.000,326.650,52391.250,3471.840,,production,OP
2014-09-12,15/9-F-14,24.000,260.322,99.853,31.206,100.000,338.030,49320.790,3467.350,,production,OP
2014-09-13,15/9-F-14,24.000,260.386,99.846,31.197,100.000,336.760,49117.700,3491.790,,production,OP
2014-09-14,15/9-F-14,24.000,260.468,99.839,31.206,100.000,331.910,48875.130,3440.920,,production,OP
2014-09-15,15/9-F-14,24.000,260.530,99.828,31.168,100.000,339.410,50554.100,3429.700,,production,OP
2014-09-16,15/9-F-14,24.000,260.720,99.818,31.187,100.000,335.780,50481.130,3426.750,,production,OP
2014-09-17,15/9-F-14,24.000,260.681,99.808,31.092,97.917,333.270,50234.400,3414.670,,production,OP
2014-09-18,15/9-F-14,24.000,260.753,99.800,31.090,97.917,333.090,49690.240,3469.470,,production,OP
2014-09-19,15/9-F-14,24.000,260.852,99.793,31.112,97.917,331.240,49848.460,3463.800,,production,OP
2014-09-20,15/9-F-14,24.000,260.921,99.787,31.194,97.917,340.080,50906.870,3468.020,,production,OP
2014-09-21,15/9-F-14,24.000,261.043,99.778,31.162,97.917,333.290,50107.000,3485.000,,production,OP
2014-09-22,15/9-F-14,24.000,261.119,99.772,31.197,97.917,333.160,50057.880,3535.710,,production,OP
2014-09-23,15/9-F-14,24.000,261.180,99.768,31.200,100.000,338.890,50994.210,3576.590,,production,OP
2014-09-24,15/9-F-14,24.000,261.191,99.757,31.198,100.000,337.740,51265.540,3621.290,,production,OP
2014-09-25,15/9-F-14,24.000,261.200,99.748,31.164,100.000,338.790,51462.600,3621.750,,production,OP
2014-09-26,15/9-F-14,24.000,261.214,99.740,31.121,100.000,338.800,51493.290,3604.310,,production,OP
2014-09-27,15/9-F-14,24.000,261.264,99.734,31.139,100.000,335.820,51349.310,3614.080,,production,OP
2014-09-28,15/9-F-14,24.000,261.286,99.728,31.137,100.000,334.710,51080.510,3587.470,,production,OP
2014-09-29,15/9-F-14,1.258,269.570,99.718,32.910,10.411,5.420,1236.400,66.170,,production,OP
2014-09-30,15/9-F-14,18.242,267.470,99.663,34.756,43.945,157.750,40359.140,1686.730,,production,OP
2014-10-01,15/9-F-14,24.000,261.340,99.671,31.041,100.000,323.170,52469.260,3603.320,,production,OP
2014-10-02,15/9-F-14,24.000,261.680,99.678,31.057,100.000,341.360,54409.020,3562.520,,production,OP
2014-10-03,15/9-F-14,24.000,262.317,99.641,31.451,100.000,311.300,48637.540,3466.390,,production,OP
2014-10-04,15/9-F-14,24.000,261.483,99.647,31.072,100.000,325.860,49961.290,3511.200,,production,OP
2014-10-05,15/9-F-14,24.000,261.664,99.648,31.160,100.000,322.320,49369.920,3555.910,,production,OP
2014-10-06,15/9-F-14,24.000,261.723,99.660,31.062,100.000,320.670,49050.430,3540.850,,production,OP
2014-10-07,15/9-F-14,24.000,261.427,99.684,31.027,100.000,323.600,48374.000,3403.560,,production,OP
2014-10-08,15/9-F-14,24.000,261.532,99.689,31.096,100.000,320.460,49994.700,3492.760,,production,OP
2014-10-09,15/9-F-14,24.000,261.362,99.684,31.077,100.000,326.800,50614.710,3485.830,,production,OP
2014-10-10,15/9-F-14,24.000,261.264,99.680,31.069,100.000,330.910,51158.010,3326.320,,production,OP
2014-10-11,15/9-F-14,24.000,261.349,99.680,31.036,100.000,326.950,50457.800,3319.740,,production,OP
2014-10-12,15/9-F-14,24.000,261.391,99.678,31.075,100.000,325.640,50216.050,3318.180,,production,OP
2014-10-13,15/9-F-14,24.000,261.266,99.680,31.078,100.000,323.250,50001.530,3423.770,,production,OP
2014-10-14,15/9-F-14,24.000,261.326,99.680,31.084,100.000,322.940,49962.980,3442.810,,production,OP
2014-10-15,15/9-F-14,24.000,261.418,99.680,31.092,100.000,323.280,49843.790,3400.140,,production,OP
2014-10-16,15/9-F-14,24.000,261.389,99.680,31.034,100.000,321.240,49473.700,3342.450,,production,OP
2014-10-17,15/9-F-14,24.000,261.406,99.679,31.008,100.000,320.170,49469.200,3330.600,,production,OP
2014-10-18,15/9-F-14,24.000,261.423,99.670,30.969,100.000,321.630,49812.030,3327.510,,production,OP
2014-10-19,15/9-F-14,24.000,261.445,99.668,31.001,100.000,323.000,50014.100,3321.010,,production,OP
2014-10-20,15/9-F-14,24.000,261.455,99.667,31.052,100.000,319.880,49667.380,3315.850,,production,OP
2014-10-21,15/9-F-14,24.000,261.474,99.660,31.019,100.000,326.360,50120.570,3307.730,,production,OP
2014-10-22,15/9-F-14,24.000,261.493,99.659,31.053,100.000,324.910,50143.950,3368.490,,production,OP
2014-10-23,15/9-F-14,24.000,261.536,99.654,31.025,100.000,324.890,50321.440,3313.790,,production,OP
2014-10-24,15/9-F-14,24.000,261.567,99.650,31.076,100.000,325.660,50374.460,3342.400,,production,OP
2014-10-25,15/9-F-14,24.000,261.572,99.650,31.003,100.000,328.900,50980.830,3359.030,,production,OP
2014-10-26,15/9-F-14,25.000,261.603,99.645,31.001,100.000,344.970,53208.230,3380.430,,production,OP
2014-10-27,15/9-F-14,24.000,261.927,99.635,31.274,100.000,329.710,50969.260,3348.380,,production,OP
2014-10-28,15/9-F-14,24.000,262.409,99.629,31.639,100.000,329.270,50777.970,3302.370,,production,OP
2014-10-29,15/9-F-14,24.000,262.071,99.632,30.794,100.000,318.000,48823.370,3249.990,,production,OP
2014-10-30,15/9-F-14,24.000,261.291,99.631,30.963,100.000,327.230,50153.780,3303.550,,production,OP
2014-10-31,15/9-F-14,24.000,261.222,99.629,30.917,97.917,321.890,49962.940,3196.520,,production,OP
2014-11-01,15/9-F-14,24.000,261.205,99.629,30.920,100.000,326.630,50612.250,3244.490,,production,OP
2014-11-02,15/9-F-14,24.000,261.203,99.629,30.913,97.917,324.420,50256.180,3234.510,,production,OP
2014-11-03,15/9-F-14,24.000,261.235,99.621,30.906,100.000,340.800,52747.210,3400.270,,production,OP
2014-11-04,15/9-F-14,24.000,261.272,99.618,30.991,100.000,335.940,52115.360,3420.740,,production,OP
2014-11-05,15/9-F-14,24.000,261.292,99.618,30.984,100.000,331.120,51497.810,3420.500,,production,OP
2014-11-06,15/9-F-14,24.000,261.321,99.613,30.882,100.000,331.300,51498.850,3418.520,,production,OP
2014-11-07,15/9-F-14,24.000,261.127,99.612,30.698,100.000,339.200,52350.960,3410.550,,production,OP
2014-11-08,15/9-F-14,24.000,259.119,99.641,29.099,100.000,338.530,52879.080,3619.140,,production,OP
2014-11-09,15/9-F-14,24.000,258.694,99.641,28.666,100.000,335.860,52868.380,3664.150,,production,OP
2014-11-10,15/9-F-14,24.000,258.914,99.636,28.853,100.000,349.090,56794.200,3879.210,,production,OP
2014-11-11,15/9-F-14,24.000,258.752,99.638,28.646,100.000,363.010,57466.090,3968.820,,production,OP
2014-11-12,15/9-F-14,24.000,258.818,99.637,28.640,100.000,364.460,57045.820,3811.930,,production,OP
2014-11-13,15/9-F-14,24.000,258.987,99.629,28.694,100.000,359.370,56408.190,3742.450,,production,OP
2014-11-14,15/9-F-14,24.000,258.938,99.629,28.659,100.000,358.970,56225.160,3742.950,,production,OP
2014-11-15,15/9-F-14,24.000,258.963,99.626,28.657,100.000,362.590,56635.460,3729.430,,production,OP
2014-11-16,15/9-F-14,24.000,258.949,99.622,28.681,100.000,357.730,55908.380,3787.260,,production,OP
2014-11-17,15/9-F-14,24.000,258.777,99.613,28.669,100.000,353.080,54254.620,3862.750,,production,OP
2014-11-18,15/9-F-14,24.000,258.511,99.599,28.580,100.000,363.030,55449.110,3820.540,,production,OP
2014-11-19,15/9-F-14,24.000,260.268,99.554,30.090,100.000,353.980,54159.960,3732.560,,production,OP
2014-11-20,15/9-F-14,24.000,260.305,99.540,30.279,100.000,358.380,54958.800,3691.120,,production,OP
2014-11-21,15/9-F-14,24.000,259.316,99.537,29.524,100.000,356.360,54880.140,3670.120,,production,OP
2014-11-22,15/9-F-14,24.000,259.365,99.529,29.464,100.000,355.820,54631.540,3668.000,,production,OP
2014-11-23,15/9-F-14,24.000,259.213,99.408,29.563,100.000,343.600,53719.160,3662.960,,production,OP
2014-11-24,15/9-F-14,24.000,260.321,99.509,30.254,100.000,357.140,54391.280,3859.600,,production,OP
2014-11-25,15/9-F-14,24.000,260.959,99.423,30.751,100.000,340.370,50269.610,3331.480,,production,OP
2014-11-26,15/9-F-14,24.000,261.056,98.965,31.494,100.000,305.370,56252.360,3253.470,,production,OP
2014-11-27,15/9-F-14,24.000,261.899,99.478,31.472,100.000,321.380,54039.740,3256.730,,production,OP
2014-11-28,15/9-F-14,22.058,266.176,99.438,35.044,70.646,400.770,62459.420,2280.200,,production,OP
2014-11-29,15/9-F-14,14.942,273.241,99.378,38.546,45.260,336.440,56293.490,762.020,,production,OP
2014-11-30,15/9-F-14,23.500,266.427,99.423,34.992,70.687,321.670,64024.130,3038.400,,production,OP
2014-12-01,15/9-F-14,24.000,263.723,99.458,33.168,82.461,198.350,42635.450,2938.330,,production,OP
2014-12-02,15/9-F-14,24.000,262.048,99.488,31.688,100.000,253.040,49673.200,3187.590,,production,OP
2014-12-03,15/9-F-14,24.000,261.984,99.478,31.715,100.000,262.770,51377.570,3188.740,,production,OP
2014-12-04,15/9-F-14,23.333,267.564,99.442,36.419,72.492,282.430,47107.630,2937.050,,production,OP
2014-12-05,15/9-F-14,24.000,265.190,99.458,34.834,73.690,483.940,76809.870,3202.930,,production,OP
2014-12-06,15/9-F-14,24.000,261.700,99.510,31.754,100.000,339.060,55289.580,3270.060,,production,OP
2014-12-07,15/9-F-14,24.000,261.790,99.531,31.767,100.000,310.030,50566.990,3196.870,,production,OP
2014-12-08,15/9-F-14,24.000,261.781,99.554,31.789,100.000,295.370,48160.850,3200.630,,production,OP
2014-12-09,15/9-F-14,24.000,261.736,99.568,31.755,100.000,302.900,49353.400,3219.620,,production,OP
2014-12-10,15/9-F-14,24.000,261.693,99.574,31.767,100.000,313.840,51178.480,3237.350,,production,OP
2014-12-11,15/9-F-14,24.000,261.679,99.581,31.786,100.000,281.740,45920.570,3198.840,,production,OP
2014-12-12,15/9-F-14,24.000,261.510,99.582,31.794,97.917,331.510,54061.340,2910.740,,production,OP
2014-12-13,15/9-F-14,24.000,261.513,99.590,31.794,97.917,277.880,45252.890,2816.120,,production,OP
2014-12-14,15/9-F-14,24.000,261.470,99.599,31.733,97.917,328.130,53522.460,3276.460,,production,OP
2014-12-15,15/9-F-14,24.000,261.468,99.606,31.806,97.917,306.760,49979.690,3368.410,,production,OP
2014-12-16,15/9-F-14,24.000,261.488,99.609,31.809,100.000,324.630,52884.990,3340.560,,production,OP
2014-12-17,15/9-F-14,24.000,261.525,99.609,31.797,100.000,333.970,54459.620,3318.030,,production,OP
2014-12-18,15/9-F-14,22.333,264.648,99.575,34.067,75.489,278.730,45423.710,2952.450,,production,OP
2014-12-19,15/9-F-14,23.667,264.441,99.588,34.140,80.431,278.820,45469.630,3071.210,,production,OP
2014-12-20,15/9-F-14,24.000,261.622,99.609,31.893,97.917,329.270,53685.460,3334.150,,production,OP
2014-12-21,15/9-F-14,24.000,261.669,99.615,31.903,100.000,319.650,52118.180,3315.760,,production,OP
2014-12-22,15/9-F-14,24.000,261.728,99.618,31.884,97.917,305.350,49814.820,3300.420,,production,OP
2014-12-23,15/9-F-14,24.000,261.728,99.618,31.905,100.000,312.700,51012.620,3314.530,,production,OP
2014-12-24,15/9-F-14,24.000,261.759,99.620,31.971,100.000,312.550,50966.510,3326.060,,production,OP
2014-12-25,15/9-F-14,24.000,261.792,99.627,31.995,100.000,318.560,51915.180,3342.880,,production,OP
2014-12-26,15/9-F-14,24.000,261.844,99.629,31.995,100.000,326.730,53256.860,3331.610,,production,OP
2014-12-27,15/9-F-14,24.000,261.914,99.629,31.913,100.000,314.020,51228.210,3380.340,,production,OP
2014-12-28,15/9-F-14,24.000,262.020,99.631,32.000,100.000,319.750,52094.610,3423.040,,production,OP
2014-12-29,15/9-F-14,23.500,265.045,99.582,34.089,83.284,292.710,47696.330,3322.860,,production,OP
2014-12-30,15/9-F-14,24.000,262.766,99.569,32.110,100.000,376.060,61315.680,3548.790,,production,OP
2014-12-31,15/9-F-14,24.000,262.468,99.556,32.022,100.000,353.860,57717.920,3482.510,,production,OP
2015-01-01,15/9-F-14,24.000,262.292,99.563,31.787,100.000,488.210,87150.630,3288.660,,production,OP
2015-01-02,15/9-F-14,24.000,261.933,99.573,31.308,100.000,324.900,48848.540,3365.410,,production,OP
2015-01-03,15/9-F-14,24.000,262.428,99.568,31.573,100.000,343.850,55748.200,3367.160,,production,OP
2015-01-04,15/9-F-14,24.000,262.334,99.568,31.370,100.000,337.580,49464.900,3367.250,,production,OP
2015-01-05,15/9-F-14,24.000,262.629,99.562,31.510,100.000,331.430,48419.260,3339.130,,production,OP
2015-01-06,15/9-F-14,24.000,262.443,99.568,31.198,100.000,324.450,47160.330,3346.230,,production,OP
2015-01-07,15/9-F-14,24.000,262.630,99.569,31.257,100.000,333.910,48860.140,3315.570,,production,OP
2015-01-08,15/9-F-14,24.000,262.838,99.567,31.378,100.000,322.410,46760.490,3262.310,,production,OP
2015-01-09,15/9-F-14,18.000,267.462,99.511,34.428,56.220,189.480,27487.800,2284.570,,production,OP
2015-01-10,15/9-F-14,20.750,268.064,99.494,35.896,65.140,231.000,33496.790,2582.680,,production,OP
2015-01-11,15/9-F-14,24.000,264.864,99.535,32.965,84.247,282.480,40767.510,3227.890,,production,OP
2015-01-12,15/9-F-14,24.000,264.006,99.549,31.942,100.000,312.710,45323.390,3324.360,,production,OP
2015-01-13,15/9-F-14,24.000,263.736,99.549,31.702,100.000,315.500,45929.350,3337.390,,production,OP
2015-01-14,15/9-F-14,24.000,263.920,99.535,31.861,100.000,282.100,41372.750,3227.440,,production,OP
2015-01-15,15/9-F-14,24.000,263.912,99.522,31.759,100.000,301.020,43716.640,3267.210,,production,OP
2015-01-16,15/9-F-14,24.000,263.867,99.519,31.785,100.000,305.230,43379.950,3139.860,,production,OP
2015-01-17,15/9-F-14,24.000,263.861,99.519,31.790,100.000,282.310,41462.710,2991.100,,production,OP
2015-01-18,15/9-F-14,24.000,263.861,99.519,31.790,100.000,297.940,43574.900,2991.960,,production,OP
2015-01-19,15/9-F-14,24.000,263.861,99.519,31.790,100.000,301.420,43941.900,3020.070,,production,OP
2015-01-20,15/9-F-14,22.000,268.366,99.464,34.978,69.244,215.180,31472.860,2601.260,,production,OP
2015-01-21,15/9-F-14,24.000,263.144,99.505,31.115,91.830,298.540,43829.290,3328.000,,production,OP
2015-01-22,15/9-F-14,24.000,262.878,99.499,30.791,100.000,314.320,46464.340,3335.210,,production,OP
2015-01-23,15/9-F-14,24.000,262.870,99.501,30.784,100.000,309.830,45952.370,3246.390,,production,OP
2015-01-24,15/9-F-14,24.000,262.791,99.498,30.809,100.000,308.190,45481.240,3210.500,,production,OP
2015-01-25,15/9-F-14,24.000,262.706,99.493,30.779,100.000,303.930,45263.080,3208.450,,production,OP
2015-01-26,15/9-F-14,22.000,263.718,99.480,31.215,100.000,277.440,41260.510,2913.040,,production,OP
2015-01-27,15/9-F-14,16.442,266.668,99.444,33.404,53.837,118.820,17461.650,1575.160,,production,OP
2015-01-28,15/9-F-14,24.000,263.124,99.466,31.324,100.000,309.900,45589.730,3117.160,,production,OP
2015-01-29,15/9-F-14,24.000,263.262,99.468,31.317,100.000,308.960,45810.140,3099.820,,production,OP
2015-01-30,15/9-F-14,24.000,263.207,99.476,31.278,100.000,277.580,40898.980,3120.110,,production,OP
2015-01-31,15/9-F-14,18.942,265.061,99.451,32.057,77.321,170.360,24782.230,2223.500,,production,OP
2015-02-01,15/9-F-14,21.058,264.845,99.446,32.301,72.403,183.950,27129.250,2391.100,,production,OP
2015-02-02,15/9-F-14,24.000,262.527,99.450,31.095,100.000,270.250,39885.280,3093.280,,production,OP
2015-02-03,15/9-F-14,15.942,262.964,99.452,31.101,76.408,139.660,20705.870,2729.820,,production,OP
2015-02-04,15/9-F-14,18.058,265.605,99.426,32.583,56.678,106.750,17013.490,2064.140,,production,OP
2015-02-05,15/9-F-14,24.000,261.749,99.432,30.881,100.000,338.000,55893.040,3071.020,,production,OP
2015-02-06,15/9-F-14,24.000,261.075,99.436,30.392,100.000,206.710,31370.360,2964.450,,production,OP
2015-02-07,15/9-F-14,24.000,261.628,99.466,30.424,100.000,249.260,38556.500,3096.490,,production,OP
2015-02-08,15/9-F-14,24.000,262.094,99.474,30.608,100.000,255.650,41048.470,3156.670,,production,OP
2015-02-09,15/9-F-14,24.000,261.794,99.472,30.563,100.000,293.780,47989.120,3179.100,,production,OP
2015-02-10,15/9-F-14,24.000,262.199,99.496,30.648,100.000,250.890,38569.430,3173.080,,production,OP
2015-02-11,15/9-F-14,24.000,262.623,99.520,30.734,100.000,272.560,41698.130,3265.930,,production,OP
2015-02-12,15/9-F-14,24.000,262.994,99.542,30.815,100.000,268.000,40884.380,3227.010,,production,OP
2015-02-13,15/9-F-14,24.000,261.052,98.705,30.588,98.466,271.960,41431.500,3232.170,,production,OP
2015-02-14,15/9-F-14,24.000,263.464,99.595,30.848,100.000,270.780,41177.890,3290.360,,production,OP
2015-02-15,15/9-F-14,24.000,261.683,98.814,30.652,97.912,269.970,40943.320,3267.130,,production,OP
2015-02-16,15/9-F-14,24.000,264.084,99.640,30.965,100.000,269.670,40964.810,3546.170,,production,OP
2015-02-17,15/9-F-14,24.000,264.400,99.659,31.142,93.478,260.650,40026.140,3553.390,,production,OP
2015-02-18,15/9-F-14,24.000,264.504,99.668,31.130,100.000,274.900,41093.680,3434.840,,production,OP
2015-02-19,15/9-F-14,24.000,264.422,99.668,31.098,100.000,278.070,41359.570,3501.670,,production,OP
2015-02-20,15/9-F-14,24.000,264.504,99.659,31.295,100.000,271.560,40594.170,3971.370,,production,OP
2015-02-21,15/9-F-14,24.000,264.161,99.657,31.071,100.000,265.580,39656.260,3797.580,,production,OP
2015-02-22,15/9-F-14,24.000,264.239,99.659,30.987,100.000,276.000,41180.250,3723.790,,production,OP
2015-02-23,15/9-F-14,24.000,264.307,99.659,30.968,100.000,275.590,41454.560,3502.560,,production,OP
2015-02-24,15/9-F-14,24.000,264.613,99.655,31.166,100.000,269.610,40049.230,3587.670,,production,OP
2015-02-25,15/9-F-14,24.000,264.518,99.656,31.062,100.000,272.170,39869.670,3620.460,,production,OP
2015-02-26,15/9-F-14,24.000,264.481,99.651,30.946,100.000,271.870,39911.400,3298.670,,production,OP
2015-02-27,15/9-F-14,24.000,264.451,99.650,30.961,100.000,273.250,40631.390,3557.330,,production,OP
2015-02-28,15/9-F-14,24.000,264.497,99.649,30.849,100.000,271.710,41483.880,3547.210,,production,OP
2015-03-01,15/9-F-14,24.000,264.839,99.642,31.103,100.000,271.850,41265.100,3512.700,,production,OP
2015-03-02,15/9-F-14,24.000,265.349,99.636,31.565,100.000,270.420,40978.900,3495.200,,production,OP
2015-03-03,15/9-F-14,24.000,265.305,99.638,31.554,100.000,271.120,40881.460,3458.920,,production,OP
2015-03-04,15/9-F-14,24.000,263.490,98.806,31.308,100.000,282.910,42711.710,3514.270,,production,OP
2015-03-05,15/9-F-14,24.000,264.986,99.645,31.176,100.000,270.270,40908.890,3476.180,,production,OP
2015-03-06,15/9-F-14,24.000,264.731,99.650,30.825,100.000,261.960,39442.790,3472.880,,production,OP
2015-03-07,15/9-F-14,24.000,264.800,99.650,30.792,100.000,259.790,39391.030,3475.140,,production,OP
2015-03-08,15/9-F-14,24.000,264.841,99.650,30.864,97.917,258.510,39158.410,3462.890,,production,OP
2015-03-09,15/9-F-14,24.000,264.895,99.650,30.792,100.000,263.440,39567.060,3489.090,,production,OP
2015-03-10,15/9-F-14,24.000,264.933,99.653,30.823,100.000,261.710,38863.690,3474.290,,production,OP
2015-03-11,15/9-F-14,24.000,264.982,99.656,30.751,100.000,261.220,38705.690,3486.140,,production,OP
2015-03-12,15/9-F-14,24.000,264.926,99.654,30.768,100.000,260.650,38671.330,3589.140,,production,OP
2015-03-13,15/9-F-14,24.000,264.943,99.650,30.708,100.000,257.260,38618.480,3475.690,,production,OP
2015-03-14,15/9-F-14,24.000,265.002,99.650,30.721,100.000,258.790,38583.830,3477.860,,production,OP
2015-03-15,15/9-F-14,24.000,265.066,99.653,30.742,100.000,256.560,37868.180,3485.970,,production,OP
2015-03-16,15/9-F-14,24.000,265.104,99.654,30.705,100.000,259.200,38085.630,3540.450,,production,OP
2015-03-17,15/9-F-14,24.000,265.181,99.650,30.683,100.000,262.190,38190.610,3461.460,,production,OP
2015-03-18,15/9-F-14,24.000,265.280,99.649,30.848,100.000,263.830,38355.180,3454.060,,production,OP
2015-03-19,15/9-F-14,24.000,265.242,99.649,30.811,100.000,264.350,38692.820,3462.680,,production,OP
2015-03-20,15/9-F-14,24.000,265.218,99.640,30.767,100.000,271.470,39567.360,3749.960,,production,OP
2015-03-21,15/9-F-14,24.000,265.192,99.638,30.754,100.000,274.320,39882.430,3525.190,,production,OP
2015-03-22,15/9-F-14,24.000,265.240,99.637,30.755,100.000,257.660,39059.290,3476.030,,production,OP
2015-03-23,15/9-F-14,24.000,265.140,99.641,30.723,99.994,229.500,35767.270,3196.620,,production,OP
2015-03-24,15/9-F-14,24.000,265.875,99.642,31.444,79.223,195.300,30082.670,2999.250,,production,OP
2015-03-25,15/9-F-14,24.000,265.985,99.652,31.567,81.290,250.480,37831.770,3438.370,,production,OP
2015-03-26,15/9-F-14,24.000,266.732,99.648,32.134,100.000,269.700,39629.470,3566.240,,production,OP
2015-03-27,15/9-F-14,24.000,265.556,99.661,31.099,100.000,273.870,39429.060,3493.550,,production,OP
2015-03-28,15/9-F-14,24.000,265.454,99.659,30.814,100.000,261.250,34983.550,3476.320,,production,OP
2015-03-29,15/9-F-14,24.000,265.451,99.658,30.881,97.826,250.310,35982.960,3310.680,,production,OP
2015-03-30,15/9-F-14,24.000,265.694,99.646,31.065,97.917,257.610,37200.360,3494.890,,production,OP
2015-03-31,15/9-F-14,24.000,265.436,99.647,30.821,100.000,261.540,37167.270,3462.220,,production,OP
2015-04-01,15/9-F-14,24.000,265.444,99.635,30.792,100.000,251.240,36784.440,3426.240,,production,OP
2015-04-02,15/9-F-14,24.000,265.512,99.629,30.760,100.000,256.090,37323.390,3426.190,,production,OP
2015-04-03,15/9-F-14,24.000,265.563,99.627,30.791,100.000,254.140,36480.090,3405.120,,production,OP
2015-04-04,15/9-F-14,24.000,265.495,99.620,30.713,100.000,253.430,36856.850,3397.620,,production,OP
2015-04-05,15/9-F-14,24.000,265.446,99.619,30.676,100.000,252.160,36772.070,3373.030,,production,OP
2015-04-06,15/9-F-14,24.000,265.324,99.618,30.663,100.000,252.070,36654.210,3418.690,,production,OP
2015-04-07,15/9-F-14,24.000,265.097,99.496,30.581,100.000,250.490,36391.810,3176.070,,production,OP
2015-04-08,15/9-F-14,24.000,265.079,99.599,30.533,100.000,251.630,36481.100,3186.560,,production,OP
2015-04-09,15/9-F-14,24.000,265.088,99.599,30.475,100.000,250.800,36394.660,3177.180,,production,OP
2015-04-10,15/9-F-14,24.000,265.066,99.599,30.454,100.000,248.180,36319.350,3189.910,,production,OP
2015-04-11,15/9-F-14,24.000,265.053,99.599,30.446,100.000,249.160,36177.030,3176.450,,production,OP
2015-04-12,15/9-F-14,24.000,265.086,99.599,30.501,100.000,249.640,36522.060,3173.630,,production,OP
2015-04-13,15/9-F-14,24.000,265.543,99.614,30.552,100.000,249.200,37369.450,3217.630,,production,OP
2015-04-14,15/9-F-14,24.000,265.971,99.636,30.671,100.000,250.230,37532.020,3333.890,,production,OP
2015-04-15,15/9-F-14,24.000,266.361,99.655,30.784,97.917,249.890,37039.670,3375.200,,production,OP
2015-04-16,15/9-F-14,24.000,266.540,99.667,30.848,100.000,252.440,37472.550,3460.380,,production,OP
2015-04-17,15/9-F-14,24.000,266.760,99.674,30.912,97.917,254.670,37879.690,3484.440,,production,OP
2015-04-18,15/9-F-14,24.000,267.134,99.688,30.968,97.917,252.320,37571.890,3550.230,,production,OP
2015-04-19,15/9-F-14,24.000,267.191,99.697,30.984,97.917,254.680,36786.200,3584.510,,production,OP
2015-04-20,15/9-F-14,24.000,267.032,99.690,30.982,100.000,255.710,37126.860,3592.750,,production,OP
2015-04-21,15/9-F-14,24.000,266.937,99.688,30.967,100.000,257.810,37945.220,3413.320,,production,OP
2015-04-22,15/9-F-14,24.000,266.836,99.682,30.931,100.000,257.920,37733.620,3488.720,,production,OP
2015-04-23,15/9-F-14,24.000,266.739,99.680,30.882,100.000,269.390,38970.110,3450.880,,production,OP
2015-04-24,15/9-F-14,24.000,266.621,99.680,30.814,100.000,268.140,38810.720,3442.740,,production,OP
2015-04-25,15/9-F-14,24.000,266.575,99.680,30.806,100.000,265.670,38446.470,3483.440,,production,OP
2015-04-26,15/9-F-14,24.000,266.536,99.674,30.783,100.000,265.190,38335.960,3424.630,,production,OP
2015-04-27,15/9-F-14,24.000,266.511,99.668,30.740,100.000,266.540,38420.550,3438.380,,production,OP
2015-04-28,15/9-F-14,24.000,266.482,99.663,30.663,100.000,265.580,38221.540,3406.960,,production,OP
2015-04-29,15/9-F-14,24.000,266.478,99.659,30.691,100.000,265.860,38132.970,3334.590,,production,OP
2015-04-30,15/9-F-14,24.000,266.590,99.653,30.856,100.000,266.930,38283.950,3293.680,,production,OP
2015-05-01,15/9-F-14,24.000,266.430,99.649,30.733,100.000,266.770,38059.970,3291.320,,production,OP
2015-05-02,15/9-F-14,24.000,266.389,99.641,30.694,100.000,264.650,37706.630,3278.550,,production,OP
2015-05-03,15/9-F-14,24.000,266.317,99.638,30.577,100.000,261.210,37646.760,3268.610,,production,OP
2015-05-04,15/9-F-14,24.000,266.288,99.631,30.555,100.000,256.300,37262.040,3292.790,,production,OP
2015-05-05,15/9-F-14,24.000,266.279,99.626,30.558,100.000,256.050,37457.900,3284.530,,production,OP
2015-05-06,15/9-F-14,24.000,266.274,99.618,30.500,100.000,251.220,36700.180,3284.730,,production,OP
2015-05-07,15/9-F-14,24.000,266.239,99.616,30.584,100.000,251.830,36547.250,3272.780,,production,OP
2015-05-08,15/9-F-14,24.000,266.229,99.609,30.573,100.000,248.810,37109.760,3270.460,,production,OP
2015-05-09,15/9-F-14,24.000,266.206,99.607,30.512,100.000,249.540,36304.490,3277.830,,production,OP
2015-05-10,15/9-F-14,24.000,266.193,99.600,30.503,100.000,249.520,36396.680,3270.310,,production,OP
2015-05-11,15/9-F-14,24.000,266.157,99.598,30.449,100.000,249.570,36359.070,3255.980,,production,OP
2015-05-12,15/9-F-14,24.000,266.140,99.589,30.442,100.000,249.170,36248.950,3250.770,,production,OP
2015-05-13,15/9-F-14,24.000,266.434,99.583,30.765,100.000,247.010,35872.740,3230.430,,production,OP
2015-05-14,15/9-F-14,24.000,266.665,99.576,31.038,100.000,218.910,31744.290,3241.860,,production,OP
2015-05-15,15/9-F-14,24.000,266.656,99.570,31.038,100.000,218.850,31669.440,3229.750,,production,OP
2015-05-16,15/9-F-14,24.000,266.654,99.570,31.031,100.000,220.180,31763.160,3226.070,,production,OP
2015-05-17,15/9-F-14,24.000,266.663,99.566,31.030,100.000,219.570,31790.610,3221.220,,production,OP
2015-05-18,15/9-F-14,24.000,266.646,99.559,30.899,100.000,218.220,31783.850,3217.350,,production,OP
2015-05-19,15/9-F-14,24.000,266.601,99.558,31.009,100.000,219.360,31727.630,3210.160,,production,OP
2015-05-20,15/9-F-14,24.000,266.574,99.554,31.017,100.000,219.120,31639.950,3202.960,,production,OP
2015-05-21,15/9-F-14,24.000,266.550,99.550,30.963,100.000,216.110,31600.980,3245.340,,production,OP
2015-05-22,15/9-F-14,24.000,266.320,99.552,30.806,100.000,213.400,31156.530,3553.580,,production,OP
2015-05-23,15/9-F-14,24.000,265.901,99.551,30.446,100.000,202.340,30665.590,3230.270,,production,OP
2015-05-24,15/9-F-14,24.000,266.180,99.543,30.683,100.000,216.490,31777.820,3638.850,,production,OP
2015-05-25,15/9-F-14,24.000,265.816,99.543,30.458,100.000,204.020,30027.030,3391.070,,production,OP
2015-05-26,15/9-F-14,24.000,265.736,99.540,30.410,100.000,210.600,30953.540,3350.030,,production,OP
2015-05-27,15/9-F-14,24.000,265.655,99.537,30.330,97.917,205.590,30105.920,3334.370,,production,OP
2015-05-28,15/9-F-14,24.000,265.601,99.529,30.323,97.917,209.540,30888.270,3695.190,,production,OP
2015-05-29,15/9-F-14,24.000,265.556,99.528,30.322,100.000,212.970,31325.270,3495.860,,production,OP
2015-05-30,15/9-F-14,24.000,265.527,99.523,30.343,100.000,211.210,31172.180,3626.250,,production,OP
2015-05-31,15/9-F-14,24.000,265.500,99.519,30.253,97.917,209.660,31042.340,3288.200,,production,OP
2015-06-01,15/9-F-14,24.000,265.502,99.519,30.255,100.000,212.130,31604.860,3575.050,,production,OP
2015-06-02,15/9-F-14,24.000,265.522,99.516,30.241,100.000,211.860,31656.120,3575.710,,production,OP
2015-06-03,15/9-F-14,24.000,265.472,99.509,30.291,100.000,210.380,31240.330,3522.270,,production,OP
2015-06-04,15/9-F-14,24.000,265.448,99.508,30.272,100.000,209.980,31051.190,3407.310,,production,OP
2015-06-05,15/9-F-14,24.000,265.445,99.508,30.167,100.000,209.930,30587.580,3275.370,,production,OP
2015-06-06,15/9-F-14,24.000,265.492,99.506,30.186,100.000,209.420,30498.590,3276.710,,production,OP
2015-06-07,15/9-F-14,22.817,268.385,99.472,32.264,74.928,158.340,23689.640,2934.010,,production,OP
2015-06-08,15/9-F-14,24.000,265.590,99.496,30.408,98.830,207.560,30190.150,3289.010,,production,OP
2015-06-09,15/9-F-14,24.000,265.699,99.490,30.389,100.000,208.950,30361.390,3241.030,,production,OP
2015-06-10,15/9-F-14,24.000,265.727,99.498,30.360,100.000,207.440,30120.030,3171.390,,production,OP
2015-06-11,15/9-F-14,24.000,265.742,99.499,30.356,100.000,205.450,29899.700,3447.260,,production,OP
2015-06-12,15/9-F-14,24.000,265.770,99.494,30.341,100.000,205.930,30045.380,3176.580,,production,OP
2015-06-13,15/9-F-14,24.000,265.642,99.484,30.370,100.000,203.360,29321.700,3151.830,,production,OP
2015-06-14,15/9-F-14,24.000,265.588,99.478,30.319,100.000,199.600,29051.150,3311.590,,production,OP
2015-06-15,15/9-F-14,24.000,265.563,99.478,30.332,100.000,200.250,29019.820,3228.860,,production,OP
2015-06-16,15/9-F-14,24.000,265.541,99.471,30.292,100.000,198.290,28719.780,3276.150,,production,OP
2015-06-17,15/9-F-14,24.000,265.501,99.469,30.292,100.000,197.290,28851.130,3293.200,,production,OP
2015-06-18,15/9-F-14,24.000,265.884,99.463,30.617,100.000,197.150,28681.120,3229.550,,production,OP
2015-06-19,15/9-F-14,24.000,266.289,99.473,30.800,100.000,194.100,28806.640,3147.100,,production,OP
2015-06-20,15/9-F-14,24.000,266.153,99.496,30.449,100.000,199.560,29526.790,3243.680,,production,OP
2015-06-21,15/9-F-14,24.000,266.455,99.512,30.429,100.000,197.870,29476.070,3315.390,,production,OP
2015-06-22,15/9-F-14,24.000,266.717,99.524,30.573,100.000,202.060,29887.050,3358.870,,production,OP
2015-06-23,15/9-F-14,24.000,267.008,99.537,30.643,100.000,199.630,29530.830,3402.250,,production,OP
2015-06-24,15/9-F-14,24.000,267.257,99.545,30.698,100.000,200.270,29484.370,3439.040,,production,OP
2015-06-25,15/9-F-14,24.000,267.513,99.553,30.779,100.000,199.690,29406.130,3512.970,,production,OP
2015-06-26,15/9-F-14,24.000,267.744,99.564,30.720,100.000,195.500,28608.420,3499.550,,production,OP
2015-06-27,15/9-F-14,24.000,268.113,99.569,30.998,100.000,198.100,28936.490,3549.180,,production,OP
2015-06-28,15/9-F-14,24.000,267.749,99.566,30.747,100.000,209.520,30633.420,3638.320,,production,OP
2015-06-29,15/9-F-14,24.000,267.861,99.554,31.033,100.000,209.130,30058.550,3490.050,,production,OP
2015-06-30,15/9-F-14,24.000,267.500,99.554,30.718,100.000,211.190,30111.440,3387.790,,production,OP
2015-07-01,15/9-F-14,24.000,267.346,99.552,30.578,100.000,195.170,28873.600,3608.080,,production,OP
2015-07-02,15/9-F-14,24.000,267.277,99.556,30.553,100.000,238.650,35232.920,3357.760,,production,OP
2015-07-03,15/9-F-14,24.000,267.157,99.549,30.679,100.000,237.700,35008.010,3357.830,,production,OP
2015-07-04,15/9-F-14,24.000,267.005,99.544,30.600,100.000,233.920,34378.920,3309.160,,production,OP
2015-07-05,15/9-F-14,24.000,266.963,99.540,30.545,100.000,232.490,34232.010,3209.770,,production,OP
2015-07-06,15/9-F-14,24.000,266.952,99.540,30.588,100.000,230.420,33895.510,3210.420,,production,OP
2015-07-07,15/9-F-14,24.000,266.918,99.540,30.504,100.000,229.250,33579.420,3292.790,,production,OP
2015-07-08,15/9-F-14,24.000,266.913,99.540,30.520,100.000,226.430,33360.620,3071.600,,production,OP
2015-07-09,15/9-F-14,24.000,266.902,99.537,30.495,100.000,224.740,32997.350,2958.660,,production,OP
2015-07-10,15/9-F-14,24.000,266.886,99.532,30.481,97.917,217.630,31908.450,2934.340,,production,OP
2015-07-11,15/9-F-14,24.000,266.867,99.529,30.413,97.917,214.000,31738.650,2895.520,,production,OP
2015-07-12,15/9-F-14,24.000,266.855,99.528,30.429,100.000,217.930,32053.210,2913.970,,production,OP
2015-07-13,15/9-F-14,24.000,266.823,99.528,30.466,100.000,230.040,33920.520,3030.430,,production,OP
2015-07-14,15/9-F-14,24.000,266.827,99.528,30.461,100.000,226.320,33375.550,2997.060,,production,OP
2015-07-15,15/9-F-14,24.000,266.831,99.528,30.479,100.000,223.370,32999.870,2939.280,,production,OP
2015-07-16,15/9-F-14,24.000,266.816,99.528,30.469,100.000,220.640,32595.510,2927.520,,production,OP
2015-07-17,15/9-F-14,24.000,266.792,99.528,30.380,100.000,218.990,32368.030,2925.900,,production,OP
2015-07-18,15/9-F-14,24.000,266.798,99.521,30.391,100.000,218.660,32686.870,3122.750,,production,OP
2015-07-19,15/9-F-14,24.000,266.831,99.519,30.421,100.000,215.450,32332.280,3157.190,,production,OP
2015-07-20,15/9-F-14,24.000,266.865,99.519,30.401,100.000,213.780,31982.690,3133.240,,production,OP
2015-07-21,15/9-F-14,24.000,266.883,99.519,30.392,100.000,215.670,32366.680,3152.340,,production,OP
2015-07-22,15/9-F-14,24.000,266.913,99.519,30.453,100.000,217.600,33091.830,3155.300,,production,OP
2015-07-23,15/9-F-14,24.000,266.917,99.515,30.423,100.000,217.680,32893.240,3150.120,,production,OP
2015-07-24,15/9-F-14,24.000,266.903,99.508,30.436,100.000,215.490,32454.350,3165.900,,production,OP
2015-07-25,15/9-F-14,24.000,266.906,99.508,30.450,100.000,213.270,32133.080,3151.350,,production,OP
2015-07-26,15/9-F-14,24.000,266.903,99.506,30.432,100.000,210.610,31633.500,3141.380,,production,OP
2015-07-27,15/9-F-14,24.000,266.886,99.499,30.435,100.000,208.910,31383.360,3143.590,,production,OP
2015-07-28,15/9-F-14,24.000,266.886,99.499,30.431,100.000,205.320,31034.470,3109.920,,production,OP
2015-07-29,15/9-F-14,21.042,268.370,99.479,31.246,81.423,143.980,21709.000,2432.790,,production,OP
2015-07-30,15/9-F-14,24.000,267.073,99.493,30.432,100.000,205.340,30788.780,3134.320,,production,OP
2015-07-31,15/9-F-14,24.000,267.137,99.485,30.416,100.000,201.290,30133.960,3134.260,,production,OP
2015-08-01,15/9-F-14,24.000,267.124,99.490,30.372,100.000,200.380,29941.250,3129.410,,production,OP
2015-08-02,15/9-F-14,24.000,267.115,99.487,30.425,100.000,200.320,29808.920,3134.870,,production,OP
2015-08-03,15/9-F-14,24.000,267.101,99.478,30.296,100.000,198.270,29771.940,3131.770,,production,OP
2015-08-04,15/9-F-14,24.000,267.067,99.471,30.295,100.000,199.080,29974.880,3133.920,,production,OP
2015-08-05,15/9-F-14,24.000,267.117,99.468,30.346,100.000,199.660,29381.580,3123.120,,production,OP
2015-08-06,15/9-F-14,24.000,267.039,99.468,30.337,100.000,196.530,29227.280,3137.670,,production,OP
2015-08-07,15/9-F-14,24.000,267.009,99.461,30.420,100.000,194.380,29681.470,3136.960,,production,OP
2015-08-08,15/9-F-14,24.000,266.981,99.460,30.372,100.000,190.880,29603.160,3140.540,,production,OP
2015-08-09,15/9-F-14,24.000,266.946,99.457,30.312,100.000,192.440,29487.550,3135.610,,production,OP
2015-08-10,15/9-F-14,24.000,266.921,99.451,30.292,100.000,191.280,29325.520,3135.280,,production,OP
2015-08-11,15/9-F-14,24.000,266.872,99.448,30.328,100.000,188.450,29222.060,2981.010,,production,OP
2015-08-12,15/9-F-14,24.000,266.872,99.448,30.353,100.000,190.090,29089.950,3099.930,,production,OP
2015-08-13,15/9-F-14,24.000,266.890,99.448,30.318,100.000,188.640,29071.200,3091.400,,production,OP
2015-08-14,15/9-F-14,24.000,266.860,99.448,30.269,100.000,189.000,29056.740,3091.560,,production,OP
2015-08-15,15/9-F-14,24.000,266.874,99.448,30.288,100.000,188.940,28736.850,3095.800,,production,OP
2015-08-16,15/9-F-14,24.000,266.899,99.448,30.389,100.000,188.470,28325.830,3036.110,,production,OP
2015-08-17,15/9-F-14,24.000,266.880,99.448,30.375,100.000,186.140,28198.920,3032.230,,production,OP
2015-08-18,15/9-F-14,24.000,266.821,99.448,30.273,100.000,187.290,28190.440,2926.290,,production,OP
2015-08-19,15/9-F-14,24.000,266.815,99.448,30.244,97.917,184.810,27827.560,3181.170,,production,OP
2015-08-20,15/9-F-14,24.000,266.809,99.448,30.254,100.000,188.930,28367.400,3148.360,,production,OP
2015-08-21,15/9-F-14,24.000,266.809,99.448,30.251,100.000,187.310,28213.840,3070.070,,production,OP
2015-08-22,15/9-F-14,24.000,266.808,99.453,30.234,100.000,187.040,27947.990,3030.900,,production,OP
2015-08-23,15/9-F-14,24.000,266.576,99.445,30.215,100.000,182.720,27160.260,3091.950,,production,OP
2015-08-24,15/9-F-14,24.000,266.357,99.429,30.189,100.000,182.300,27276.640,3061.300,,production,OP
2015-08-25,15/9-F-14,24.000,266.452,99.437,30.239,100.000,181.850,27121.240,3045.590,,production,OP
2015-08-26,15/9-F-14,15.150,267.040,99.438,30.206,61.820,83.330,12685.210,1565.890,,production,OP
2015-08-27,15/9-F-14,0.000,294.847,98.627,0.327,1.291,0.000,0.000,0.000,,production,OP
2015-08-28,15/9-F-14,0.000,294.124,98.415,0.234,1.285,0.000,0.000,0.000,,production,OP
2015-08-29,15/9-F-14,0.000,218.191,73.269,0.166,1.271,0.000,0.000,0.000,,production,OP
2015-08-30,15/9-F-14,0.000,0.000,0.000,0.148,1.249,0.000,0.000,0.000,,production,OP
2015-08-31,15/9-F-14,14.242,273.725,99.328,34.455,25.529,27.780,4808.850,707.930,,production,OP
2015-09-01,15/9-F-14,24.000,267.210,99.504,30.468,90.288,157.030,25270.510,2900.800,,production,OP
2015-09-02,15/9-F-14,24.000,266.859,99.401,30.454,100.000,167.010,25630.820,3004.800,,production,OP
2015-09-03,15/9-F-14,24.000,269.275,99.415,32.463,93.209,149.360,23607.110,2802.460,,production,OP
2015-09-04,15/9-F-14,24.000,271.566,99.369,33.928,78.194,116.500,18074.910,2356.830,,production,OP
2015-09-05,15/9-F-14,24.000,266.971,99.414,30.281,98.937,194.210,29378.510,2983.410,,production,OP
2015-09-06,15/9-F-14,24.000,267.040,99.393,30.289,100.000,189.750,28482.940,2748.150,,production,OP
2015-09-07,15/9-F-14,24.000,267.024,99.389,30.300,100.000,188.420,28214.410,2876.860,,production,OP
2015-09-08,15/9-F-14,24.000,266.984,99.374,30.328,100.000,186.890,28018.820,2924.270,,production,OP
2015-09-09,15/9-F-14,24.000,266.945,99.360,30.331,100.000,187.000,27949.580,2931.080,,production,OP
2015-09-10,15/9-F-14,24.000,266.834,99.361,30.284,100.000,186.390,27862.360,2995.110,,production,OP
2015-09-11,15/9-F-14,24.000,266.700,99.368,30.233,100.000,187.000,28136.210,2994.490,,production,OP
2015-09-12,15/9-F-14,24.000,266.543,99.379,30.214,100.000,189.520,28104.700,2966.980,,production,OP
2015-09-13,15/9-F-14,24.000,266.431,99.389,30.256,100.000,187.910,27812.030,2970.300,,production,OP
2015-09-14,15/9-F-14,24.000,266.322,99.398,30.279,100.000,182.960,27446.470,2957.700,,production,OP
2015-09-15,15/9-F-14,24.000,266.249,99.407,30.268,100.000,189.430,28069.490,2944.750,,production,OP
2015-09-16,15/9-F-14,24.000,266.200,99.409,30.258,100.000,191.270,28213.520,2932.140,,production,OP
2015-09-17,15/9-F-14,24.000,266.182,99.409,30.339,100.000,189.420,28135.580,2954.500,,production,OP
2015-09-18,15/9-F-14,24.000,266.166,99.410,30.332,100.000,197.040,28827.010,2753.000,,production,OP
2015-09-19,15/9-F-14,24.000,266.226,99.409,30.406,100.000,191.340,27919.980,2700.500,,production,OP
2015-09-20,15/9-F-14,24.000,266.302,99.409,30.464,100.000,183.180,27523.640,2557.290,,production,OP
2015-09-21,15/9-F-14,24.000,266.174,99.409,30.259,100.000,193.910,29224.310,2650.470,,production,OP
2015-09-22,15/9-F-14,23.075,257.284,94.192,35.413,58.896,99.340,15525.090,1370.180,,production,OP
2015-09-23,15/9-F-14,24.000,266.435,99.402,30.798,97.547,190.370,28705.600,2789.040,,production,OP
2015-09-24,15/9-F-14,24.000,266.564,99.391,30.742,100.000,194.610,29333.480,2901.840,,production,OP
2015-09-25,15/9-F-14,24.000,266.661,99.405,30.798,100.000,169.330,25840.680,3001.960,,production,OP
2015-09-26,15/9-F-14,24.000,266.717,99.416,30.828,100.000,169.800,25650.440,2991.380,,production,OP
2015-09-27,15/9-F-14,24.000,266.753,99.418,30.804,100.000,167.650,25650.070,2987.550,,production,OP
2015-09-28,15/9-F-14,24.000,266.744,99.419,30.732,100.000,167.020,25399.560,2972.610,,production,OP
2015-09-29,15/9-F-14,24.000,266.743,99.423,30.686,97.917,165.390,25209.290,2819.840,,production,OP
2015-09-30,15/9-F-14,24.000,266.736,99.428,30.741,97.917,171.360,26017.740,2771.020,,production,OP
2015-10-01,15/9-F-14,24.000,265.371,99.448,29.578,100.000,175.340,26670.990,2884.150,,production,OP
2015-10-02,15/9-F-14,24.000,263.069,99.478,27.525,100.000,191.420,29069.880,3111.740,,production,OP
2015-10-03,15/9-F-14,24.000,263.145,99.488,27.531,100.000,189.770,28901.370,3203.790,,production,OP
2015-10-04,15/9-F-14,24.000,263.129,99.490,27.527,97.917,187.110,28320.490,3136.550,,production,OP
2015-10-05,15/9-F-14,24.000,263.121,99.490,27.429,100.000,187.630,28600.250,3186.810,,production,OP
2015-10-06,15/9-F-14,24.000,263.123,99.492,27.387,100.000,186.650,28510.120,3181.960,,production,OP
2015-10-07,15/9-F-14,24.000,263.135,99.499,27.388,100.000,187.210,28401.450,3162.960,,production,OP
2015-10-08,15/9-F-14,24.000,263.191,99.499,27.475,100.000,184.470,28204.410,3158.000,,production,OP
2015-10-09,15/9-F-14,24.000,263.339,99.502,27.659,100.000,192.530,29098.550,3108.050,,production,OP
2015-10-10,15/9-F-14,24.000,263.292,99.507,27.550,100.000,191.960,29066.590,3128.610,,production,OP
2015-10-11,15/9-F-14,24.000,263.349,99.508,27.519,100.000,192.560,29140.960,3124.550,,production,OP
2015-10-12,15/9-F-14,24.000,263.411,99.508,27.556,100.000,190.380,29018.310,3129.870,,production,OP
2015-10-13,15/9-F-14,23.167,265.919,99.482,29.352,79.450,151.500,23326.060,2759.360,,production,OP
2015-10-14,15/9-F-14,24.000,264.150,99.488,28.330,99.817,186.200,27997.950,3167.010,,production,OP
2015-10-15,15/9-F-14,24.000,265.562,99.467,29.527,100.000,185.500,28358.140,3120.420,,production,OP
2015-10-16,15/9-F-14,24.000,263.566,99.498,27.848,100.000,190.930,28813.990,3282.100,,production,OP
2015-10-17,15/9-F-14,24.000,263.496,99.493,27.808,100.000,188.910,28359.690,3205.760,,production,OP
2015-10-18,15/9-F-14,24.000,263.260,99.488,27.658,100.000,189.640,28222.390,3185.180,,production,OP
2015-10-19,15/9-F-14,24.000,263.483,99.478,27.840,100.000,183.800,27593.220,3136.260,,production,OP
2015-10-20,15/9-F-14,24.000,263.556,99.474,27.874,100.000,184.120,27609.320,3041.930,,production,OP
2015-10-21,15/9-F-14,24.000,263.423,99.473,27.686,100.000,182.830,27417.310,3104.920,,production,OP
2015-10-22,15/9-F-14,24.000,263.434,99.469,27.665,100.000,182.730,27338.280,2952.420,,production,OP
2015-10-23,15/9-F-14,24.000,263.426,99.465,27.604,100.000,180.530,27168.120,3035.700,,production,OP
2015-10-24,15/9-F-14,24.000,263.700,99.459,27.816,100.000,178.360,27020.670,3255.370,,production,OP
2015-10-25,15/9-F-14,24.000,263.616,99.457,27.786,100.000,188.520,28177.720,3271.540,,production,OP
2015-10-26,15/9-F-14,24.000,263.381,99.458,27.515,100.000,164.940,27046.030,3243.670,,production,OP
2015-10-27,15/9-F-14,24.000,263.535,99.459,27.633,100.000,164.860,26963.760,3278.680,,production,OP
2015-10-28,15/9-F-14,24.000,263.773,99.459,27.827,100.000,179.020,28765.200,3452.060,,production,OP
2015-10-29,15/9-F-14,22.750,270.887,99.412,32.803,68.459,151.690,23371.720,3023.880,,production,OP
2015-10-30,15/9-F-14,24.000,268.617,99.418,31.398,76.152,156.280,24487.880,3026.460,,production,OP
2015-10-31,15/9-F-14,24.000,263.890,99.471,27.881,100.000,187.470,32189.460,3805.210,,production,OP
2015-11-01,15/9-F-14,24.000,264.215,99.477,28.006,100.000,189.240,32003.610,3652.150,,production,OP
2015-11-02,15/9-F-14,23.500,266.089,99.460,29.545,83.813,166.890,28104.060,2815.360,,production,OP
2015-11-03,15/9-F-14,24.000,264.504,99.451,28.530,100.000,181.250,28100.080,3078.310,,production,OP
2015-11-04,15/9-F-14,24.000,265.007,99.435,28.802,100.000,187.600,28448.880,3101.530,,production,OP
2015-11-05,15/9-F-14,24.000,266.468,99.404,29.966,77.819,167.760,25171.360,2809.160,,production,OP
2015-11-06,15/9-F-14,24.000,264.713,99.423,28.409,100.000,174.960,26748.090,3216.410,,production,OP
2015-11-07,15/9-F-14,24.000,264.971,99.432,28.416,100.000,172.150,26457.630,3203.880,,production,OP
2015-11-08,15/9-F-14,24.000,265.390,99.457,28.438,100.000,167.460,25749.980,3246.040,,production,OP
2015-11-09,15/9-F-14,24.000,265.717,99.475,28.512,100.000,154.900,23794.710,3223.860,,production,OP
2015-11-10,15/9-F-14,24.000,265.797,99.492,28.442,100.000,153.470,23708.730,3259.650,,production,OP
2015-11-11,15/9-F-14,24.000,265.296,99.515,27.797,100.000,161.540,24524.120,3353.740,,production,OP
2015-11-12,15/9-F-14,24.000,265.556,99.525,27.821,100.000,189.390,28885.900,3395.490,,production,OP
2015-11-13,15/9-F-14,24.000,266.068,99.534,28.149,100.000,188.060,28745.670,3361.000,,production,OP
2015-11-14,15/9-F-14,24.000,265.976,99.554,27.928,100.000,192.090,29406.120,3405.980,,production,OP
2015-11-15,15/9-F-14,24.000,266.253,99.560,28.201,100.000,193.100,29099.410,3607.470,,production,OP
2015-11-16,15/9-F-14,24.000,266.298,99.552,28.318,97.917,191.320,28880.410,3378.430,,production,OP
2015-11-17,15/9-F-14,24.000,266.120,99.551,28.266,100.000,191.780,28942.810,3283.060,,production,OP
2015-11-18,15/9-F-14,24.000,265.635,99.559,27.972,100.000,189.750,29390.600,3289.670,,production,OP
2015-11-19,15/9-F-14,24.000,265.179,99.570,27.767,100.000,195.580,30212.160,3299.000,,production,OP
2015-11-20,15/9-F-14,24.000,265.854,99.559,28.385,100.000,187.250,28888.570,3228.620,,production,OP
2015-11-21,15/9-F-14,24.000,266.649,99.546,29.144,100.000,192.440,29590.590,3161.570,,production,OP
2015-11-22,15/9-F-14,24.000,266.718,99.544,29.283,100.000,187.210,28673.960,3210.340,,production,OP
2015-11-23,15/9-F-14,24.000,266.453,99.545,29.053,100.000,187.690,28558.680,3222.810,,production,OP
2015-11-24,15/9-F-14,24.000,266.467,99.540,29.124,100.000,186.030,28186.770,3087.850,,production,OP
2015-11-25,15/9-F-14,24.000,266.464,99.540,29.114,100.000,184.010,27960.800,3049.590,,production,OP
2015-11-26,15/9-F-14,24.000,266.278,99.540,28.983,100.000,182.780,27848.470,3082.440,,production,OP
2015-11-27,15/9-F-14,24.000,266.461,99.529,29.134,100.000,181.380,27420.720,3035.120,,production,OP
2015-11-28,15/9-F-14,24.000,266.361,99.528,29.055,100.000,179.870,27588.520,3017.630,,production,OP
2015-11-29,15/9-F-14,24.000,266.297,99.528,29.022,100.000,178.020,27140.430,3012.180,,production,OP
2015-11-30,15/9-F-14,24.000,266.170,99.525,28.939,100.000,176.590,26876.580,2972.740,,production,OP
2015-12-01,15/9-F-14,24.000,266.168,99.519,28.899,100.000,174.050,26636.330,2940.460,,production,OP
2015-12-02,15/9-F-14,24.000,266.373,99.515,29.069,100.000,173.300,26322.850,2935.180,,production,OP
2015-12-03,15/9-F-14,24.000,266.417,99.512,29.101,100.000,173.840,26509.260,2950.260,,production,OP
2015-12-04,15/9-F-14,24.000,266.027,99.538,28.529,100.000,170.820,27216.840,3045.060,,production,OP
2015-12-05,15/9-F-14,24.000,266.451,99.553,28.634,100.000,178.490,27523.120,3115.760,,production,OP
2015-12-06,15/9-F-14,24.000,266.711,99.568,28.719,100.000,175.990,27069.120,3180.420,,production,OP
2015-12-07,15/9-F-14,24.000,267.191,99.578,28.918,100.000,177.610,27393.270,3227.370,,production,OP
2015-12-08,15/9-F-14,24.000,267.691,99.582,29.120,100.000,176.950,27260.830,3241.170,,production,OP
2015-12-09,15/9-F-14,20.500,273.233,99.520,33.119,53.297,96.230,15003.330,2249.760,,production,OP
2015-12-10,15/9-F-14,24.000,268.265,99.568,29.839,58.169,138.110,20790.180,2692.570,,production,OP
2015-12-11,15/9-F-14,24.000,267.346,99.565,29.119,77.474,163.140,24844.600,2997.320,,production,OP
2015-12-12,15/9-F-14,24.000,266.489,99.579,28.428,100.000,181.720,27559.400,3185.180,,production,OP
2015-12-13,15/9-F-14,24.000,266.334,99.572,28.323,100.000,178.830,27064.650,3119.970,,production,OP
2015-12-14,15/9-F-14,24.000,266.196,99.559,28.183,100.000,177.310,26908.070,3123.600,,production,OP
2015-12-15,15/9-F-14,24.000,266.021,99.553,28.032,100.000,176.310,26691.910,3221.920,,production,OP
2015-12-16,15/9-F-14,24.000,265.910,99.549,27.953,100.000,173.960,26495.540,3195.150,,production,OP
2015-12-17,15/9-F-14,24.000,265.803,99.546,27.939,100.000,175.400,26554.730,3194.100,,production,OP
2015-12-18,15/9-F-14,24.000,265.697,99.541,27.924,100.000,172.750,26279.980,3197.190,,production,OP
2015-12-19,15/9-F-14,24.000,265.576,99.540,27.812,100.000,171.450,26038.850,3146.260,,production,OP
2015-12-20,15/9-F-14,24.000,265.424,99.539,27.762,100.000,168.920,25787.900,3127.930,,production,OP
2015-12-21,15/9-F-14,24.000,265.346,99.535,27.736,100.000,168.060,25565.080,3108.170,,production,OP
2015-12-22,15/9-F-14,24.000,265.326,99.531,27.742,100.000,166.230,25329.230,3093.370,,production,OP
2015-12-23,15/9-F-14,24.000,264.965,99.536,27.468,97.917,164.490,25186.090,3096.180,,production,OP
2015-12-24,15/9-F-14,24.000,264.845,99.535,27.346,100.000,164.400,25272.630,3086.150,,production,OP
2015-12-25,15/9-F-14,24.000,264.810,99.534,27.403,100.000,163.950,25025.820,3059.080,,production,OP
2015-12-26,15/9-F-14,24.000,264.746,99.531,27.376,100.000,162.360,24957.580,3065.180,,production,OP
2015-12-27,15/9-F-14,24.000,264.847,99.529,27.458,100.000,158.710,24815.950,3002.450,,production,OP
2015-12-28,15/9-F-14,24.000,264.700,99.529,27.265,97.917,158.770,24475.260,3007.790,,production,OP
2015-12-29,15/9-F-14,24.000,264.674,99.529,27.244,100.000,159.120,24611.040,3008.700,,production,OP
2015-12-30,15/9-F-14,24.000,264.656,99.529,27.235,100.000,159.040,24539.490,2988.940,,production,OP
2015-12-31,15/9-F-14,24.000,264.632,99.530,27.262,100.000,157.780,24402.430,2991.110,,production,OP
2016-01-01,15/9-F-14,24.000,264.618,99.532,27.310,100.000,157.200,24192.670,2980.120,,production,OP
2016-01-02,15/9-F-14,24.000,264.810,99.531,27.403,100.000,153.880,23889.120,2949.440,,production,OP
2016-01-03,15/9-F-14,21.500,271.910,99.394,37.109,71.017,96.030,14848.190,1919.420,,production,OP
2016-01-04,15/9-F-14,24.000,269.268,99.441,32.149,68.275,104.680,16982.970,2470.150,,production,OP
2016-01-05,15/9-F-14,24.000,264.529,99.532,27.332,100.000,155.560,25128.010,3224.390,,production,OP
2016-01-06,15/9-F-14,24.000,265.193,99.550,27.516,100.000,153.430,24977.980,3470.800,,production,OP
2016-01-07,15/9-F-14,24.000,265.559,99.580,27.504,100.000,154.180,24949.370,3227.000,,production,OP
2016-01-08,15/9-F-14,24.000,266.049,99.588,27.807,100.000,155.280,24855.820,3280.510,,production,OP
2016-01-09,15/9-F-14,24.000,266.326,99.589,27.868,100.000,155.810,24953.980,3283.170,,production,OP
2016-01-10,15/9-F-14,24.000,266.563,99.599,27.940,100.000,156.290,25059.650,3309.670,,production,OP
2016-01-11,15/9-F-14,24.000,266.940,99.606,28.149,100.000,157.860,25218.300,3326.320,,production,OP
2016-01-12,15/9-F-14,24.000,267.213,99.615,28.356,100.000,158.650,25290.170,3394.470,,production,OP
2016-01-13,15/9-F-14,23.333,268.935,99.592,29.739,85.209,132.990,21208.200,3115.610,,production,OP
2016-01-14,15/9-F-14,24.000,267.071,99.597,28.543,100.000,160.150,24701.740,3476.980,,production,OP
2016-01-15,15/9-F-14,24.000,266.628,99.588,28.226,100.000,160.070,24923.180,3658.210,,production,OP
2016-01-16,15/9-F-14,24.000,266.322,99.588,28.038,100.000,159.170,24704.970,3486.620,,production,OP
2016-01-17,15/9-F-14,24.000,266.089,99.588,27.899,100.000,157.520,24443.730,3372.080,,production,OP
2016-01-18,15/9-F-14,24.000,266.070,99.581,27.910,100.000,156.340,24340.250,3497.910,,production,OP
2016-01-19,15/9-F-14,24.000,266.217,99.575,28.138,100.000,151.670,23541.010,3517.220,,production,OP
2016-01-20,15/9-F-14,20.833,268.707,99.536,29.855,70.712,110.370,17902.890,2766.790,,production,OP
2016-01-21,15/9-F-14,24.000,267.704,99.543,29.483,93.681,141.280,21943.410,3346.260,,production,OP
2016-01-22,15/9-F-14,24.000,267.096,99.549,28.866,100.000,149.940,23637.220,3012.480,,production,OP
2016-01-23,15/9-F-14,24.000,266.295,99.566,28.215,100.000,154.650,24044.100,3106.770,,production,OP
2016-01-24,15/9-F-14,24.000,265.572,99.579,27.550,100.000,156.470,24215.970,3098.970,,production,OP
2016-01-25,15/9-F-14,22.667,268.914,99.541,30.266,72.449,153.240,20360.920,2648.300,,production,OP
2016-01-26,15/9-F-14,24.000,268.825,99.512,30.346,80.354,138.820,22037.090,2831.310,,production,OP
2016-01-27,15/9-F-14,24.000,265.307,99.553,27.559,100.000,159.120,24555.340,3106.700,,production,OP
2016-01-28,15/9-F-14,24.000,265.368,99.553,27.477,100.000,151.830,23738.930,3085.850,,production,OP
2016-01-29,15/9-F-14,24.000,265.341,99.558,27.426,100.000,152.550,23702.580,3083.140,,production,OP
2016-01-30,15/9-F-14,24.000,265.353,99.552,27.456,100.000,151.740,23548.820,3068.340,,production,OP
2016-01-31,15/9-F-14,24.000,265.320,99.549,27.492,100.000,149.530,23227.290,3032.720,,production,OP
2016-02-01,15/9-F-14,24.000,265.346,99.546,27.454,100.000,148.070,23135.460,3035.090,,production,OP
2016-02-02,15/9-F-14,24.000,265.399,99.541,27.519,100.000,148.140,23002.030,3016.280,,production,OP
2016-02-03,15/9-F-14,24.000,265.449,99.540,27.610,100.000,145.610,22835.600,2978.860,,production,OP
2016-02-04,15/9-F-14,23.583,269.155,99.504,30.685,80.934,123.990,19531.130,2614.910,,production,OP
2016-02-05,15/9-F-14,24.000,265.966,99.529,28.023,88.063,143.410,22613.560,2984.920,,production,OP
2016-02-06,15/9-F-14,24.000,265.232,99.541,27.456,100.000,146.600,22719.970,3029.480,,production,OP
2016-02-07,15/9-F-14,24.000,265.393,99.544,27.503,100.000,143.300,22728.810,3006.180,,production,OP
2016-02-08,15/9-F-14,24.000,265.551,99.549,27.711,100.000,143.010,22720.850,2985.330,,production,OP
2016-02-09,15/9-F-14,24.000,265.726,99.543,27.884,100.000,143.710,22949.730,3004.350,,production,OP
2016-02-10,15/9-F-14,24.000,266.090,99.535,28.239,100.000,141.920,22009.950,2951.970,,production,OP
2016-02-11,15/9-F-14,24.000,266.695,99.525,28.768,100.000,143.840,22398.720,2893.900,,production,OP
2016-02-12,15/9-F-14,24.000,266.744,99.524,28.811,100.000,135.930,21069.690,2904.420,,production,OP
2016-02-13,15/9-F-14,24.000,266.785,99.520,28.903,100.000,131.980,20527.650,2899.810,,production,OP
2016-02-14,15/9-F-14,24.000,266.966,99.519,29.068,100.000,134.470,21085.830,2839.660,,production,OP
2016-02-15,15/9-F-14,24.000,266.896,99.519,28.997,100.000,134.020,20916.360,2829.450,,production,OP
2016-02-16,15/9-F-14,24.000,266.891,99.511,28.872,100.000,132.570,20786.490,2818.560,,production,OP
2016-02-17,15/9-F-14,24.000,266.987,99.508,28.962,100.000,132.180,20619.410,2788.250,,production,OP
2016-02-18,15/9-F-14,24.000,267.001,99.502,29.073,100.000,129.780,20406.180,2774.160,,production,OP
2016-02-19,15/9-F-14,24.000,266.757,99.502,28.749,100.000,125.460,19728.510,2828.690,,production,OP
2016-02-20,15/9-F-14,24.000,266.685,99.510,28.626,100.000,129.680,20150.400,2881.940,,production,OP
2016-02-21,15/9-F-14,24.000,267.033,99.525,28.719,100.000,123.460,19625.270,2902.280,,production,OP
2016-02-22,15/9-F-14,24.000,266.763,99.552,28.353,100.000,125.820,20186.730,2988.260,,production,OP
2016-02-23,15/9-F-14,24.000,267.139,99.566,28.476,100.000,125.710,20106.080,3017.270,,production,OP
2016-02-24,15/9-F-14,24.000,267.473,99.581,28.605,100.000,125.290,19949.110,3066.100,,production,OP
2016-02-25,15/9-F-14,24.000,268.147,99.587,29.050,100.000,127.940,20265.220,3128.270,,production,OP
2016-02-26,15/9-F-14,24.000,267.224,99.616,28.144,100.000,139.070,22471.110,3226.230,,production,OP
2016-02-27,15/9-F-14,24.000,267.769,99.622,28.356,100.000,138.200,22382.550,3233.130,,production,OP
2016-02-28,15/9-F-14,24.000,268.224,99.633,28.619,100.000,139.830,22436.450,3242.160,,production,OP
2016-02-29,15/9-F-14,24.000,268.425,99.644,28.588,100.000,138.780,22299.880,3487.940,,production,OP
2016-03-01,15/9-F-14,24.000,268.254,99.637,28.576,100.000,140.970,22203.350,3339.960,,production,OP
2016-03-02,15/9-F-14,24.000,268.083,99.630,28.643,100.000,138.930,21922.630,3333.070,,production,OP
2016-03-03,15/9-F-14,24.000,267.937,99.629,28.585,100.000,137.470,21836.380,3316.570,,production,OP
2016-03-04,15/9-F-14,24.000,267.808,99.629,28.481,100.000,136.450,21640.650,3288.940,,production,OP
2016-03-05,15/9-F-14,24.000,267.647,99.629,28.421,100.000,134.550,21418.910,3294.060,,production,OP
2016-03-06,15/9-F-14,24.000,267.572,99.629,28.403,100.000,134.340,21301.460,3286.860,,production,OP
2016-03-07,15/9-F-14,24.000,267.512,99.629,28.385,100.000,132.940,21157.040,3264.440,,production,OP
2016-03-08,15/9-F-14,24.000,267.521,99.629,28.346,100.000,131.430,21006.340,3241.290,,production,OP
2016-03-09,15/9-F-14,24.000,267.503,99.629,28.318,100.000,129.730,20772.770,3222.790,,production,OP
2016-03-10,15/9-F-14,24.000,267.465,99.629,28.294,100.000,129.670,20565.110,3210.510,,production,OP
2016-03-11,15/9-F-14,24.000,267.465,99.629,28.279,100.000,128.010,20437.460,3190.680,,production,OP
2016-03-12,15/9-F-14,18.667,270.283,99.594,30.188,60.974,78.860,12597.550,2086.840,,production,OP
2016-03-13,15/9-F-14,24.000,267.900,99.627,28.582,100.000,123.150,20011.150,3185.740,,production,OP
2016-03-14,15/9-F-14,24.000,266.962,99.634,27.800,100.000,126.680,20262.880,3254.580,,production,OP
2016-03-15,15/9-F-14,24.000,266.980,99.649,27.785,100.000,125.610,20144.330,3243.800,,production,OP
2016-03-16,15/9-F-14,24.000,266.972,99.649,27.774,100.000,127.050,20528.020,3230.290,,production,OP
2016-03-17,15/9-F-14,24.000,266.962,99.639,27.754,100.000,120.660,19397.800,3029.640,,production,OP
2016-03-18,15/9-F-14,24.000,267.132,99.638,27.892,100.000,118.920,19424.430,3203.300,,production,OP
2016-03-19,15/9-F-14,24.000,266.974,99.637,27.758,100.000,117.800,19356.700,3237.390,,production,OP
2016-03-20,15/9-F-14,24.000,267.081,99.635,27.868,100.000,118.580,19257.650,3228.330,,production,OP
2016-03-21,15/9-F-14,24.000,267.268,99.630,28.068,100.000,117.290,19166.000,3190.880,,production,OP
2016-03-22,15/9-F-14,24.000,267.210,99.629,28.040,100.000,113.590,18353.370,3166.420,,production,OP
2016-03-23,15/9-F-14,24.000,267.322,99.625,28.133,100.000,112.780,18106.600,3172.830,,production,OP
2016-03-24,15/9-F-14,24.000,267.330,99.620,28.127,100.000,113.550,18413.810,3178.210,,production,OP
2016-03-25,15/9-F-14,24.000,267.190,99.619,28.063,100.000,114.130,18607.590,3181.150,,production,OP
2016-03-26,15/9-F-14,24.000,267.389,99.618,28.159,100.000,111.920,18399.350,3137.070,,production,OP
2016-03-27,15/9-F-14,23.000,267.596,99.610,28.371,100.000,106.430,17693.970,2982.270,,production,OP
2016-03-28,15/9-F-14,24.000,267.630,99.609,28.428,100.000,109.310,18094.550,3100.020,,production,OP
2016-03-29,15/9-F-14,24.000,267.670,99.602,28.491,100.000,110.060,18031.960,3118.920,,production,OP
2016-03-30,15/9-F-14,24.000,267.690,99.600,28.465,100.000,107.520,17612.380,3121.410,,production,OP
2016-03-31,15/9-F-14,24.000,267.942,99.595,28.705,100.000,105.420,17188.970,3080.980,,production,OP
2016-04-01,15/9-F-14,24.000,268.001,99.588,28.664,100.000,103.590,16844.890,3065.330,,production,OP
2016-04-02,15/9-F-14,24.000,267.932,99.584,28.726,100.000,102.030,16799.800,3064.010,,production,OP
2016-04-03,15/9-F-14,24.000,267.798,99.580,28.559,100.000,102.690,16803.440,3060.460,,production,OP
2016-04-04,15/9-F-14,24.000,267.489,99.580,28.311,100.000,102.820,16703.240,3244.610,,production,OP
2016-04-05,15/9-F-14,24.000,267.325,99.582,28.121,100.000,102.440,16780.890,3108.260,,production,OP
2016-04-06,15/9-F-14,22.833,275.786,99.498,35.327,65.909,76.600,12888.860,2426.400,,production,OP
2016-04-07,15/9-F-14,24.000,269.384,99.550,29.966,76.538,94.060,15158.200,2972.230,,production,OP
2016-04-08,15/9-F-14,24.000,266.614,99.589,27.660,100.000,118.840,19607.400,3282.460,,production,OP
2016-04-09,15/9-F-14,24.000,266.660,99.590,27.512,100.000,115.850,19096.410,3246.690,,production,OP
2016-04-10,15/9-F-14,24.000,266.603,99.599,27.516,100.000,115.190,18799.030,3212.890,,production,OP
2016-04-11,15/9-F-14,24.000,266.555,99.590,27.548,100.000,112.580,18754.170,3203.700,,production,OP
2016-04-12,15/9-F-14,24.000,266.515,99.588,27.539,100.000,109.130,18147.300,3195.000,,production,OP
2016-04-13,15/9-F-14,24.000,266.470,99.590,27.539,100.000,108.940,18046.970,3167.130,,production,OP
2016-04-14,15/9-F-14,24.000,266.424,99.599,27.559,100.000,109.650,17906.050,3165.480,,production,OP
2016-04-15,15/9-F-14,24.000,266.373,99.599,27.547,100.000,106.580,17732.870,3158.980,,production,OP
2016-04-16,15/9-F-14,24.000,266.338,99.607,27.539,100.000,112.710,21902.220,3259.330,,production,OP
2016-04-17,15/9-F-14,24.000,265.892,99.620,27.185,100.000,116.790,21844.790,3284.310,,production,OP
2016-04-18,15/9-F-14,24.000,266.836,99.619,28.079,94.131,98.360,17562.020,3331.300,,production,OP
2016-04-19,15/9-F-14,24.000,268.529,99.596,29.728,78.290,112.190,18437.930,3025.780,,production,OP
2016-04-20,15/9-F-14,24.000,266.049,99.621,27.524,100.000,115.510,19842.040,3187.320,,production,OP
2016-04-21,15/9-F-14,24.000,266.024,99.626,27.522,100.000,111.870,17549.880,3173.770,,production,OP
2016-04-22,15/9-F-14,21.000,272.787,99.553,33.198,63.743,77.770,11703.470,2400.140,,production,OP
2016-04-23,15/9-F-14,24.000,265.753,99.643,27.551,100.000,110.550,17782.000,3284.210,,production,OP
2016-04-24,15/9-F-14,24.000,267.768,99.621,29.235,70.720,99.040,15991.930,3051.280,,production,OP
2016-04-25,15/9-F-14,24.000,269.728,99.605,30.889,46.487,96.430,15474.100,3037.190,,production,OP
2016-04-26,15/9-F-14,24.000,270.504,99.599,31.529,43.140,93.760,15009.640,2864.740,,production,OP
2016-04-27,15/9-F-14,24.000,270.545,99.599,31.550,43.037,92.300,14879.970,2814.120,,production,OP
2016-04-28,15/9-F-14,24.000,270.477,99.601,31.372,43.134,93.420,14692.890,2788.750,,production,OP
2016-04-29,15/9-F-14,24.000,270.526,99.609,31.385,43.164,100.390,15863.530,2941.330,,production,OP
2016-04-30,15/9-F-14,24.000,270.583,99.617,31.413,43.205,100.330,15808.490,2917.750,,production,OP
2016-05-01,15/9-F-14,24.000,270.691,99.621,31.390,43.150,97.690,15756.730,2886.760,,production,OP
2016-05-02,15/9-F-14,24.000,270.914,99.628,31.558,43.060,101.320,16340.090,2895.340,,production,OP
2016-05-03,15/9-F-14,24.000,271.089,99.633,31.783,42.967,111.050,17787.130,2917.560,,production,OP
2016-05-04,15/9-F-14,24.000,270.836,99.645,31.461,43.080,110.100,17547.900,2933.410,,production,OP
2016-05-05,15/9-F-14,24.000,270.698,99.657,31.320,43.068,110.780,17489.500,2946.910,,production,OP
2016-05-06,15/9-F-14,24.000,270.689,99.665,31.310,43.036,111.230,17468.210,2926.540,,production,OP
2016-05-07,15/9-F-14,24.000,270.684,99.675,31.387,42.958,110.710,17535.680,2920.690,,production,OP
2016-05-08,15/9-F-14,24.000,270.684,99.683,31.314,43.142,110.400,17405.180,2910.370,,production,OP
2016-05-09,15/9-F-14,24.000,270.628,99.692,31.260,43.093,108.960,17226.410,2930.570,,production,OP
2016-05-10,15/9-F-14,24.000,270.626,99.703,31.346,43.016,107.660,17029.670,3883.250,,production,OP
2016-05-11,15/9-F-14,24.000,270.711,99.712,31.451,43.292,107.360,17023.430,2860.200,,production,OP
2016-05-12,15/9-F-14,24.000,270.748,99.723,31.508,43.264,106.460,16917.580,2859.720,,production,OP
2016-05-13,15/9-F-14,24.000,270.792,99.734,31.541,43.191,105.690,16786.980,2860.300,,production,OP
2016-05-14,15/9-F-14,24.000,270.791,99.746,31.535,43.158,104.750,16664.880,2845.050,,production,OP
2016-05-15,15/9-F-14,18.000,274.244,99.727,34.020,30.140,71.020,11456.180,1943.510,,production,OP
2016-05-16,15/9-F-14,24.000,270.143,99.786,30.666,47.383,106.520,12281.250,2908.180,,production,OP
2016-05-17,15/9-F-14,24.000,270.746,99.779,31.523,43.202,103.840,16629.880,2832.530,,production,OP
2016-05-18,15/9-F-14,24.000,270.751,99.800,31.465,43.133,103.260,16593.060,2820.250,,production,OP
2016-05-19,15/9-F-14,24.000,270.666,99.822,31.432,43.244,102.320,16485.580,2811.240,,production,OP
2016-05-20,15/9-F-14,24.000,270.772,99.828,31.503,43.101,102.150,16243.090,2806.220,,production,OP
2016-05-21,15/9-F-14,24.000,270.636,99.828,31.377,43.127,100.700,15979.290,2840.150,,production,OP
2016-05-22,15/9-F-14,24.000,270.550,99.830,31.406,43.016,101.140,16108.070,2891.320,,production,OP
2016-05-23,15/9-F-14,24.000,270.513,99.842,31.407,43.083,101.570,16190.440,2897.940,,production,OP
2016-05-24,15/9-F-14,24.000,270.625,99.851,31.481,43.291,102.310,16300.540,2893.010,,production,OP
2016-05-25,15/9-F-14,24.000,270.604,99.860,31.490,43.191,102.710,16301.580,2877.820,,production,OP
2016-05-26,15/9-F-14,24.000,270.570,99.872,31.493,43.166,102.730,16309.030,2881.480,,production,OP
2016-05-27,15/9-F-14,24.000,270.497,99.882,31.444,43.190,101.760,16199.040,2877.570,,production,OP
2016-05-28,15/9-F-14,24.000,270.567,99.891,31.489,43.268,102.130,16268.230,2897.440,,production,OP
2016-05-29,15/9-F-14,24.000,270.597,99.901,31.500,43.159,101.120,16205.620,2901.880,,production,OP
2016-05-30,15/9-F-14,24.000,270.608,99.911,31.545,43.097,100.780,15984.090,2882.540,,production,OP
2016-05-31,15/9-F-14,24.000,270.517,99.922,31.474,43.163,102.740,16342.690,2875.800,,production,OP
2016-06-01,15/9-F-14,24.000,270.457,99.931,31.420,43.151,102.650,16128.540,2859.570,,production,OP
2016-06-02,15/9-F-14,24.000,270.420,99.939,31.385,43.120,101.830,16245.660,2882.580,,production,OP
2016-06-03,15/9-F-14,24.000,270.378,99.950,31.392,43.010,97.140,15591.820,2839.020,,production,OP
2016-06-04,15/9-F-14,24.000,270.325,99.959,31.335,43.035,102.590,16857.010,2885.870,,production,OP
2016-06-05,15/9-F-14,24.000,270.270,99.968,31.300,43.020,103.150,16827.740,2894.820,,production,OP
2016-06-06,15/9-F-14,24.000,270.236,99.979,31.260,43.025,103.300,16775.030,2904.850,,production,OP
2016-06-07,15/9-F-14,24.000,270.514,99.983,31.511,43.192,103.680,16887.000,2921.120,,production,OP
2016-06-08,15/9-F-14,22.417,273.159,99.971,33.360,37.862,91.570,14945.840,2554.320,,production,OP
2016-06-09,15/9-F-14,24.000,268.024,100.028,29.316,53.937,102.380,16629.160,3106.490,,production,OP
2016-06-10,15/9-F-14,24.000,267.922,100.042,29.247,56.411,105.780,17387.300,3063.590,,production,OP
2016-06-11,15/9-F-14,23.985,266.805,100.080,28.249,88.620,109.050,17640.760,3093.810,,production,OP
2016-06-12,15/9-F-14,21.681,274.113,99.976,34.183,58.295,91.460,14732.220,2574.890,,production,OP
2016-06-13,15/9-F-14,24.000,267.821,100.062,29.157,71.532,107.230,17395.700,3057.600,,production,OP
2016-06-14,15/9-F-14,24.000,269.681,100.038,30.820,45.042,104.480,16824.060,2968.090,,production,OP
2016-06-15,15/9-F-14,24.000,269.713,100.050,30.878,45.025,103.800,16745.980,2984.870,,production,OP
2016-06-16,15/9-F-14,24.000,269.709,100.051,30.875,45.035,104.630,16836.000,3004.530,,production,OP
2016-06-17,15/9-F-14,24.000,269.734,100.073,30.895,44.939,103.290,16456.740,2979.580,,production,OP
2016-06-18,15/9-F-14,24.000,269.683,100.081,30.824,44.992,103.440,16551.020,2972.750,,production,OP
2016-06-19,15/9-F-14,24.000,269.651,100.091,30.779,45.023,103.550,16524.520,2984.830,,production,OP
2016-06-20,15/9-F-14,24.000,269.604,99.808,30.726,44.902,103.750,16525.420,2978.420,,production,OP
2016-06-21,15/9-F-14,24.000,269.607,100.111,30.729,44.924,103.440,16508.090,2992.620,,production,OP
2016-06-22,15/9-F-14,24.000,269.584,100.121,30.626,44.946,103.210,16511.030,2993.410,,production,OP
2016-06-23,15/9-F-14,24.000,269.555,100.130,30.613,44.929,103.270,16566.180,3022.900,,production,OP
2016-06-24,15/9-F-14,24.000,269.568,100.140,30.723,44.797,103.370,16499.880,2980.020,,production,OP
2016-06-25,15/9-F-14,24.000,269.519,100.150,30.673,44.810,102.570,16434.670,2981.040,,production,OP
2016-06-26,15/9-F-14,24.000,269.485,100.159,30.645,44.859,102.850,16501.910,2983.480,,production,OP
2016-06-27,15/9-F-14,24.000,269.762,100.167,30.857,45.107,101.460,16274.310,2976.420,,production,OP
2016-06-28,15/9-F-14,24.000,269.877,100.173,30.969,45.126,102.260,16444.370,2973.660,,production,OP
2016-06-29,15/9-F-14,24.000,269.828,100.185,30.887,45.204,102.380,16458.560,2980.120,,production,OP
2016-06-30,15/9-F-14,24.000,269.827,100.195,30.933,45.155,101.470,16397.180,2985.450,,production,OP
2016-07-01,15/9-F-14,24.000,269.893,100.203,30.981,45.161,102.890,16369.860,2979.130,,production,OP
2016-07-02,15/9-F-14,24.000,269.794,100.217,30.926,45.175,101.580,16365.910,2992.000,,production,OP
2016-07-03,15/9-F-14,24.000,269.789,100.226,30.963,45.109,102.430,16269.740,2976.870,,production,OP
2016-07-04,15/9-F-14,24.000,269.780,100.235,30.961,45.084,100.670,16263.020,2990.100,,production,OP
2016-07-05,15/9-F-14,24.000,269.766,100.246,30.970,45.077,101.880,16284.480,2974.300,,production,OP
2016-07-06,15/9-F-14,24.000,269.599,100.257,30.805,45.857,98.300,16217.430,2994.840,,production,OP
2016-07-07,15/9-F-14,24.000,266.199,100.314,27.762,93.424,106.190,17427.780,3172.960,,production,OP
2016-07-08,15/9-F-14,24.000,266.038,100.328,27.563,100.000,106.300,17541.200,3187.950,,production,OP
2016-07-09,15/9-F-14,22.667,268.813,100.295,29.732,82.191,102.090,16681.290,2326.240,,production,OP
2016-07-10,15/9-F-14,24.000,265.923,100.338,27.524,100.000,113.380,18753.120,3185.470,,production,OP
2016-07-11,15/9-F-14,23.667,267.769,100.321,29.130,91.162,108.840,17979.280,3056.290,,production,OP
2016-07-12,15/9-F-14,24.000,266.002,100.346,27.729,100.000,113.840,18543.760,3148.910,,production,OP
2016-07-13,15/9-F-14,14.892,266.389,100.359,28.132,60.590,68.470,10591.650,1907.460,,production,OP
2016-07-14,15/9-F-14,0.000,298.779,99.084,63.204,1.076,0.000,0.000,0.000,,production,OP
2016-07-15,15/9-F-14,0.000,297.702,98.753,61.713,1.130,0.000,0.000,0.000,,production,OP
2016-07-16,15/9-F-14,0.000,296.611,98.593,60.531,1.105,0.000,0.000,0.000,,production,OP
2016-07-17,15/9-F-14,0.000,297.699,98.490,61.148,1.224,0.000,0.000,0.000,,production,OP
2016-07-18,15/9-F-14,0.000,296.699,98.406,60.186,1.041,0.000,0.000,0.000,,production,OP
2016-07-19,15/9-F-14,0.000,297.369,98.347,58.163,0.919,0.000,0.000,0.000,,production,OP
2016-07-20,15/9-F-14,0.000,298.660,98.294,9.066,1.234,0.000,0.000,0.000,,production,OP
2016-07-21,15/9-F-14,0.000,299.728,98.247,0.026,1.243,0.000,0.000,0.000,,production,OP
2016-07-22,15/9-F-14,0.000,298.785,98.205,0.000,1.158,0.000,0.000,0.000,,production,OP
2016-07-23,15/9-F-14,0.000,296.918,98.169,0.000,1.157,0.000,0.000,0.000,,production,OP
2016-07-24,15/9-F-14,0.000,297.192,98.139,0.000,1.244,0.000,0.000,0.000,,production,OP
2016-07-25,15/9-F-14,0.000,298.458,98.112,0.000,1.147,0.000,0.000,0.000,,production,OP
2016-07-26,15/9-F-14,0.000,299.430,98.085,0.047,1.241,0.000,0.000,0.000,,production,OP
2016-07-27,15/9-F-14,0.000,298.614,98.060,0.071,1.203,0.000,0.000,0.000,,production,OP
2016-07-28,15/9-F-14,0.000,298.925,98.040,0.073,1.120,0.000,0.000,0.000,,production,OP
2016-07-29,15/9-F-14,0.000,299.549,98.018,0.599,1.286,0.000,0.000,0.000,,production,OP
2016-07-30,15/9-F-14,0.000,302.878,90.783,16.280,1.199,0.000,0.000,0.000,,production,OP
2016-07-31,15/9-F-14,0.000,334.656,78.804,72.136,1.189,0.000,0.000,0.000,,production,OP
2016-08-01,15/9-F-14,0.000,140.075,43.908,7.215,1.321,0.000,0.000,0.000,,production,OP
2016-08-02,15/9-F-14,0.000,0.000,0.000,10.883,1.285,0.000,0.000,0.000,,production,OP
2016-08-03,15/9-F-14,0.000,0.000,0.000,10.883,1.291,0.000,0.000,0.000,,production,OP
2016-08-04,15/9-F-14,0.000,0.000,0.000,10.881,1.119,0.000,0.000,0.000,,production,OP
2016-08-05,15/9-F-14,0.000,0.000,0.000,10.883,0.985,0.000,0.000,0.000,,production,OP
2016-08-06,15/9-F-14,0.000,0.000,0.000,10.883,1.056,0.000,0.000,0.000,,production,OP
2016-08-07,15/9-F-14,0.000,0.000,0.000,10.883,1.221,0.000,0.000,0.000,,production,OP
2016-08-08,15/9-F-14,0.000,0.000,0.000,10.882,1.211,0.000,0.000,0.000,,production,OP
2016-08-09,15/9-F-14,0.000,0.000,0.000,10.882,1.312,0.000,0.000,0.000,,production,OP
2016-08-10,15/9-F-14,0.000,0.000,0.000,10.881,1.249,0.000,0.000,0.000,,production,OP
2016-08-11,15/9-F-14,0.000,0.000,0.000,10.878,1.303,0.000,0.000,0.000,,production,OP
2016-08-12,15/9-F-14,0.000,0.000,0.000,10.878,1.224,0.000,0.000,0.000,,production,OP
2016-08-13,15/9-F-14,0.000,0.000,0.000,10.875,1.201,0.000,0.000,0.000,,production,OP
2016-08-14,15/9-F-14,0.000,0.000,0.000,10.870,1.311,0.000,0.000,0.000,,production,OP
2016-08-15,15/9-F-14,0.000,0.000,0.000,10.880,1.106,0.000,0.000,0.000,,production,OP
2016-08-16,15/9-F-14,0.000,0.000,0.000,10.875,1.082,0.000,0.000,0.000,,production,OP
2016-08-17,15/9-F-14,0.000,0.000,0.000,10.883,1.135,0.000,0.000,0.000,,production,OP
2016-08-18,15/9-F-14,0.000,0.000,0.000,10.876,1.303,0.000,0.000,0.000,,production,OP
2016-08-19,15/9-F-14,0.000,0.000,0.000,10.880,1.114,0.000,0.000,0.000,,production,OP
2016-08-20,15/9-F-14,0.000,0.000,0.000,10.882,1.066,0.000,0.000,0.000,,production,OP
2016-08-21,15/9-F-14,0.000,0.000,0.000,10.880,1.063,0.000,0.000,0.000,,production,OP
2016-08-22,15/9-F-14,0.000,0.000,0.000,10.878,1.198,0.000,0.000,0.000,,production,OP
2016-08-23,15/9-F-14,0.000,0.000,0.000,10.880,1.288,0.000,0.000,0.000,,production,OP
2016-08-24,15/9-F-14,0.000,0.000,0.000,10.881,1.108,0.000,0.000,0.000,,production,OP
2016-08-25,15/9-F-14,0.000,0.000,0.000,10.878,1.130,0.000,0.000,0.000,,production,OP
2016-08-26,15/9-F-14,0.000,0.000,0.000,10.874,1.181,0.000,0.000,0.000,,production,OP
2016-08-27,15/9-F-14,0.000,0.000,0.000,10.874,1.216,0.000,0.000,0.000,,production,OP
2016-08-28,15/9-F-14,0.000,0.000,0.000,10.874,1.166,0.000,0.000,0.000,,production,OP
2016-08-29,15/9-F-14,0.000,0.000,0.000,10.882,1.118,0.000,0.000,0.000,,production,OP
2016-08-30,15/9-F-14,0.000,0.000,0.000,10.881,1.084,0.000,0.000,0.000,,production,OP
2016-08-31,15/9-F-14,0.000,0.000,0.000,10.880,1.190,0.000,0.000,0.000,,production,OP
2016-09-01,15/9-F-14,0.000,0.000,0.000,10.883,1.140,0.000,0.000,0.000,,production,OP
2016-09-02,15/9-F-14,0.000,0.000,0.000,10.883,1.066,0.000,0.000,0.000,,production,OP
2016-09-03,15/9-F-14,0.000,0.000,0.000,10.880,1.043,0.000,0.000,0.000,,production,OP
2016-09-04,15/9-F-14,0.000,0.000,0.000,10.881,1.288,0.000,0.000,0.000,,production,OP
2016-09-05,15/9-F-14,0.000,0.000,0.000,10.882,1.271,0.000,0.000,0.000,,production,OP
2016-09-06,15/9-F-14,0.000,0.000,0.000,10.881,1.221,0.000,0.000,0.000,,production,OP
2016-09-07,15/9-F-14,0.000,0.000,0.000,10.875,1.162,0.000,0.000,0.000,,production,OP
2016-09-08,15/9-F-14,0.000,0.000,0.000,10.876,1.072,0.000,0.000,0.000,,production,OP
2016-09-09,15/9-F-14,0.000,0.000,0.000,10.881,1.048,0.000,0.000,0.000,,production,OP
2016-09-10,15/9-F-14,0.000,0.000,0.000,10.878,1.119,0.000,0.000,0.000,,production,OP
2016-09-11,15/9-F-14,0.000,0.000,0.000,10.881,1.031,0.000,0.000,0.000,,production,OP
2016-09-12,15/9-F-14,0.000,0.000,0.000,10.877,0.981,0.000,0.000,0.000,,production,OP
2016-09-13,15/9-F-14,0.000,0.000,0.000,10.873,0.949,0.000,0.000,0.000,,production,OP
2016-09-14,15/9-F-14,0.000,0.000,0.000,10.877,1.115,0.000,0.000,0.000,,production,OP
2016-09-15,15/9-F-14,0.000,0.000,0.000,10.883,1.000,0.000,0.000,0.000,,production,OP
2016-09-16,15/9-F-14,0.000,0.000,0.000,10.879,1.161,0.000,0.000,0.000,,production,OP
2016-09-17,15/9-F-14,0.000,0.000,0.000,10.876,1.113,0.000,0.000,0.000,,production,OP
